Copyright 1986-2022 Xilinx, Inc. All Rights Reserved. Copyright 2022-2023 Advanced Micro Devices, Inc. All Rights Reserved.
------------------------------------------------------------------------------------------------------------------------------------------------------------------------------------------------------
| Tool Version : Vivado v.2023.2 (win64) Build 4029153 Fri Oct 13 20:14:34 MDT 2023
| Date         : Tue Jul 15 00:46:20 2025
| Host         : yetingqin running 64-bit major release  (build 9200)
| Command      : report_timing_summary -max_paths 10 -report_unconstrained -file top_timing_summary_routed.rpt -pb top_timing_summary_routed.pb -rpx top_timing_summary_routed.rpx -warn_on_violation
| Design       : top
| Device       : 7k325t-ffg900
| Speed File   : -2  PRODUCTION 1.12 2017-02-17
| Design State : Routed
------------------------------------------------------------------------------------------------------------------------------------------------------------------------------------------------------

Timing Summary Report

------------------------------------------------------------------------------------------------
| Timer Settings
| --------------
------------------------------------------------------------------------------------------------

  Enable Multi Corner Analysis               :  Yes
  Enable Pessimism Removal                   :  Yes
  Pessimism Removal Resolution               :  Nearest Common Node
  Enable Input Delay Default Clock           :  No
  Enable Preset / Clear Arcs                 :  No
  Disable Flight Delays                      :  No
  Ignore I/O Paths                           :  No
  Timing Early Launch at Borrowing Latches   :  No
  Borrow Time for Max Delay Exceptions       :  Yes
  Merge Timing Exceptions                    :  Yes
  Inter-SLR Compensation                     :  Conservative

  Corner  Analyze    Analyze    
  Name    Max Paths  Min Paths  
  ------  ---------  ---------  
  Slow    Yes        Yes        
  Fast    Yes        Yes        


------------------------------------------------------------------------------------------------
| Report Methodology
| ------------------
------------------------------------------------------------------------------------------------

Rule       Severity  Description                     Violations  
---------  --------  ------------------------------  ----------  
LUTAR-1    Warning   LUT drives async reset alert    1           
TIMING-20  Warning   Non-clocked latch               1           
LATCH-1    Advisory  Existing latches in the design  1           

Note: This report is based on the most recent report_methodology run and may not be up-to-date. Run report_methodology on the current design for the latest report.



check_timing report

Table of Contents
-----------------
1. checking no_clock (65)
2. checking constant_clock (0)
3. checking pulse_width_clock (0)
4. checking unconstrained_internal_endpoints (1)
5. checking no_input_delay (1)
6. checking no_output_delay (69)
7. checking multiple_clock (0)
8. checking generated_clocks (0)
9. checking loops (0)
10. checking partial_input_delay (0)
11. checking partial_output_delay (0)
12. checking latch_loops (0)

1. checking no_clock (65)
-------------------------
 There is 1 register/latch pin with no clock driven by root clock pin: student_top_inst/u_RISCV_CORE/INST_MEM_UNIT/mem_wr_buffer_inst/wr_addr_buffer_reg[0]/Q (HIGH)

 There is 1 register/latch pin with no clock driven by root clock pin: student_top_inst/u_RISCV_CORE/INST_MEM_UNIT/mem_wr_buffer_inst/wr_addr_buffer_reg[10]/Q (HIGH)

 There is 1 register/latch pin with no clock driven by root clock pin: student_top_inst/u_RISCV_CORE/INST_MEM_UNIT/mem_wr_buffer_inst/wr_addr_buffer_reg[11]/Q (HIGH)

 There is 1 register/latch pin with no clock driven by root clock pin: student_top_inst/u_RISCV_CORE/INST_MEM_UNIT/mem_wr_buffer_inst/wr_addr_buffer_reg[12]/Q (HIGH)

 There is 1 register/latch pin with no clock driven by root clock pin: student_top_inst/u_RISCV_CORE/INST_MEM_UNIT/mem_wr_buffer_inst/wr_addr_buffer_reg[13]/Q (HIGH)

 There is 1 register/latch pin with no clock driven by root clock pin: student_top_inst/u_RISCV_CORE/INST_MEM_UNIT/mem_wr_buffer_inst/wr_addr_buffer_reg[14]/Q (HIGH)

 There is 1 register/latch pin with no clock driven by root clock pin: student_top_inst/u_RISCV_CORE/INST_MEM_UNIT/mem_wr_buffer_inst/wr_addr_buffer_reg[15]/Q (HIGH)

 There is 1 register/latch pin with no clock driven by root clock pin: student_top_inst/u_RISCV_CORE/INST_MEM_UNIT/mem_wr_buffer_inst/wr_addr_buffer_reg[16]/Q (HIGH)

 There is 1 register/latch pin with no clock driven by root clock pin: student_top_inst/u_RISCV_CORE/INST_MEM_UNIT/mem_wr_buffer_inst/wr_addr_buffer_reg[17]/Q (HIGH)

 There is 1 register/latch pin with no clock driven by root clock pin: student_top_inst/u_RISCV_CORE/INST_MEM_UNIT/mem_wr_buffer_inst/wr_addr_buffer_reg[18]/Q (HIGH)

 There is 1 register/latch pin with no clock driven by root clock pin: student_top_inst/u_RISCV_CORE/INST_MEM_UNIT/mem_wr_buffer_inst/wr_addr_buffer_reg[19]/Q (HIGH)

 There is 1 register/latch pin with no clock driven by root clock pin: student_top_inst/u_RISCV_CORE/INST_MEM_UNIT/mem_wr_buffer_inst/wr_addr_buffer_reg[1]/Q (HIGH)

 There is 1 register/latch pin with no clock driven by root clock pin: student_top_inst/u_RISCV_CORE/INST_MEM_UNIT/mem_wr_buffer_inst/wr_addr_buffer_reg[20]/Q (HIGH)

 There is 1 register/latch pin with no clock driven by root clock pin: student_top_inst/u_RISCV_CORE/INST_MEM_UNIT/mem_wr_buffer_inst/wr_addr_buffer_reg[21]/Q (HIGH)

 There is 1 register/latch pin with no clock driven by root clock pin: student_top_inst/u_RISCV_CORE/INST_MEM_UNIT/mem_wr_buffer_inst/wr_addr_buffer_reg[22]/Q (HIGH)

 There is 1 register/latch pin with no clock driven by root clock pin: student_top_inst/u_RISCV_CORE/INST_MEM_UNIT/mem_wr_buffer_inst/wr_addr_buffer_reg[23]/Q (HIGH)

 There is 1 register/latch pin with no clock driven by root clock pin: student_top_inst/u_RISCV_CORE/INST_MEM_UNIT/mem_wr_buffer_inst/wr_addr_buffer_reg[24]/Q (HIGH)

 There is 1 register/latch pin with no clock driven by root clock pin: student_top_inst/u_RISCV_CORE/INST_MEM_UNIT/mem_wr_buffer_inst/wr_addr_buffer_reg[25]/Q (HIGH)

 There is 1 register/latch pin with no clock driven by root clock pin: student_top_inst/u_RISCV_CORE/INST_MEM_UNIT/mem_wr_buffer_inst/wr_addr_buffer_reg[26]/Q (HIGH)

 There is 1 register/latch pin with no clock driven by root clock pin: student_top_inst/u_RISCV_CORE/INST_MEM_UNIT/mem_wr_buffer_inst/wr_addr_buffer_reg[27]/Q (HIGH)

 There is 1 register/latch pin with no clock driven by root clock pin: student_top_inst/u_RISCV_CORE/INST_MEM_UNIT/mem_wr_buffer_inst/wr_addr_buffer_reg[28]/Q (HIGH)

 There is 1 register/latch pin with no clock driven by root clock pin: student_top_inst/u_RISCV_CORE/INST_MEM_UNIT/mem_wr_buffer_inst/wr_addr_buffer_reg[29]/Q (HIGH)

 There is 1 register/latch pin with no clock driven by root clock pin: student_top_inst/u_RISCV_CORE/INST_MEM_UNIT/mem_wr_buffer_inst/wr_addr_buffer_reg[2]/Q (HIGH)

 There is 1 register/latch pin with no clock driven by root clock pin: student_top_inst/u_RISCV_CORE/INST_MEM_UNIT/mem_wr_buffer_inst/wr_addr_buffer_reg[30]/Q (HIGH)

 There is 1 register/latch pin with no clock driven by root clock pin: student_top_inst/u_RISCV_CORE/INST_MEM_UNIT/mem_wr_buffer_inst/wr_addr_buffer_reg[31]/Q (HIGH)

 There is 1 register/latch pin with no clock driven by root clock pin: student_top_inst/u_RISCV_CORE/INST_MEM_UNIT/mem_wr_buffer_inst/wr_addr_buffer_reg[3]/Q (HIGH)

 There is 1 register/latch pin with no clock driven by root clock pin: student_top_inst/u_RISCV_CORE/INST_MEM_UNIT/mem_wr_buffer_inst/wr_addr_buffer_reg[4]/Q (HIGH)

 There is 1 register/latch pin with no clock driven by root clock pin: student_top_inst/u_RISCV_CORE/INST_MEM_UNIT/mem_wr_buffer_inst/wr_addr_buffer_reg[5]/Q (HIGH)

 There is 1 register/latch pin with no clock driven by root clock pin: student_top_inst/u_RISCV_CORE/INST_MEM_UNIT/mem_wr_buffer_inst/wr_addr_buffer_reg[6]/Q (HIGH)

 There is 1 register/latch pin with no clock driven by root clock pin: student_top_inst/u_RISCV_CORE/INST_MEM_UNIT/mem_wr_buffer_inst/wr_addr_buffer_reg[7]/Q (HIGH)

 There is 1 register/latch pin with no clock driven by root clock pin: student_top_inst/u_RISCV_CORE/INST_MEM_UNIT/mem_wr_buffer_inst/wr_addr_buffer_reg[8]/Q (HIGH)

 There is 1 register/latch pin with no clock driven by root clock pin: student_top_inst/u_RISCV_CORE/INST_MEM_UNIT/mem_wr_buffer_inst/wr_addr_buffer_reg[9]/Q (HIGH)

 There is 1 register/latch pin with no clock driven by root clock pin: student_top_inst/u_RISCV_CORE/INST_MEM_UNIT/mem_wr_buffer_inst/wr_data_buffer_reg[0]/Q (HIGH)

 There is 1 register/latch pin with no clock driven by root clock pin: student_top_inst/u_RISCV_CORE/INST_MEM_UNIT/mem_wr_buffer_inst/wr_data_buffer_reg[10]/Q (HIGH)

 There is 1 register/latch pin with no clock driven by root clock pin: student_top_inst/u_RISCV_CORE/INST_MEM_UNIT/mem_wr_buffer_inst/wr_data_buffer_reg[11]/Q (HIGH)

 There is 1 register/latch pin with no clock driven by root clock pin: student_top_inst/u_RISCV_CORE/INST_MEM_UNIT/mem_wr_buffer_inst/wr_data_buffer_reg[12]/Q (HIGH)

 There is 1 register/latch pin with no clock driven by root clock pin: student_top_inst/u_RISCV_CORE/INST_MEM_UNIT/mem_wr_buffer_inst/wr_data_buffer_reg[13]/Q (HIGH)

 There is 1 register/latch pin with no clock driven by root clock pin: student_top_inst/u_RISCV_CORE/INST_MEM_UNIT/mem_wr_buffer_inst/wr_data_buffer_reg[14]/Q (HIGH)

 There is 1 register/latch pin with no clock driven by root clock pin: student_top_inst/u_RISCV_CORE/INST_MEM_UNIT/mem_wr_buffer_inst/wr_data_buffer_reg[15]/Q (HIGH)

 There is 1 register/latch pin with no clock driven by root clock pin: student_top_inst/u_RISCV_CORE/INST_MEM_UNIT/mem_wr_buffer_inst/wr_data_buffer_reg[16]/Q (HIGH)

 There is 1 register/latch pin with no clock driven by root clock pin: student_top_inst/u_RISCV_CORE/INST_MEM_UNIT/mem_wr_buffer_inst/wr_data_buffer_reg[17]/Q (HIGH)

 There is 1 register/latch pin with no clock driven by root clock pin: student_top_inst/u_RISCV_CORE/INST_MEM_UNIT/mem_wr_buffer_inst/wr_data_buffer_reg[18]/Q (HIGH)

 There is 1 register/latch pin with no clock driven by root clock pin: student_top_inst/u_RISCV_CORE/INST_MEM_UNIT/mem_wr_buffer_inst/wr_data_buffer_reg[19]/Q (HIGH)

 There is 1 register/latch pin with no clock driven by root clock pin: student_top_inst/u_RISCV_CORE/INST_MEM_UNIT/mem_wr_buffer_inst/wr_data_buffer_reg[1]/Q (HIGH)

 There is 1 register/latch pin with no clock driven by root clock pin: student_top_inst/u_RISCV_CORE/INST_MEM_UNIT/mem_wr_buffer_inst/wr_data_buffer_reg[20]/Q (HIGH)

 There is 1 register/latch pin with no clock driven by root clock pin: student_top_inst/u_RISCV_CORE/INST_MEM_UNIT/mem_wr_buffer_inst/wr_data_buffer_reg[21]/Q (HIGH)

 There is 1 register/latch pin with no clock driven by root clock pin: student_top_inst/u_RISCV_CORE/INST_MEM_UNIT/mem_wr_buffer_inst/wr_data_buffer_reg[22]/Q (HIGH)

 There is 1 register/latch pin with no clock driven by root clock pin: student_top_inst/u_RISCV_CORE/INST_MEM_UNIT/mem_wr_buffer_inst/wr_data_buffer_reg[23]/Q (HIGH)

 There is 1 register/latch pin with no clock driven by root clock pin: student_top_inst/u_RISCV_CORE/INST_MEM_UNIT/mem_wr_buffer_inst/wr_data_buffer_reg[24]/Q (HIGH)

 There is 1 register/latch pin with no clock driven by root clock pin: student_top_inst/u_RISCV_CORE/INST_MEM_UNIT/mem_wr_buffer_inst/wr_data_buffer_reg[25]/Q (HIGH)

 There is 1 register/latch pin with no clock driven by root clock pin: student_top_inst/u_RISCV_CORE/INST_MEM_UNIT/mem_wr_buffer_inst/wr_data_buffer_reg[26]/Q (HIGH)

 There is 1 register/latch pin with no clock driven by root clock pin: student_top_inst/u_RISCV_CORE/INST_MEM_UNIT/mem_wr_buffer_inst/wr_data_buffer_reg[27]/Q (HIGH)

 There is 1 register/latch pin with no clock driven by root clock pin: student_top_inst/u_RISCV_CORE/INST_MEM_UNIT/mem_wr_buffer_inst/wr_data_buffer_reg[28]/Q (HIGH)

 There is 1 register/latch pin with no clock driven by root clock pin: student_top_inst/u_RISCV_CORE/INST_MEM_UNIT/mem_wr_buffer_inst/wr_data_buffer_reg[29]/Q (HIGH)

 There is 1 register/latch pin with no clock driven by root clock pin: student_top_inst/u_RISCV_CORE/INST_MEM_UNIT/mem_wr_buffer_inst/wr_data_buffer_reg[2]/Q (HIGH)

 There is 1 register/latch pin with no clock driven by root clock pin: student_top_inst/u_RISCV_CORE/INST_MEM_UNIT/mem_wr_buffer_inst/wr_data_buffer_reg[30]/Q (HIGH)

 There is 1 register/latch pin with no clock driven by root clock pin: student_top_inst/u_RISCV_CORE/INST_MEM_UNIT/mem_wr_buffer_inst/wr_data_buffer_reg[31]/Q (HIGH)

 There is 1 register/latch pin with no clock driven by root clock pin: student_top_inst/u_RISCV_CORE/INST_MEM_UNIT/mem_wr_buffer_inst/wr_data_buffer_reg[3]/Q (HIGH)

 There is 1 register/latch pin with no clock driven by root clock pin: student_top_inst/u_RISCV_CORE/INST_MEM_UNIT/mem_wr_buffer_inst/wr_data_buffer_reg[4]/Q (HIGH)

 There is 1 register/latch pin with no clock driven by root clock pin: student_top_inst/u_RISCV_CORE/INST_MEM_UNIT/mem_wr_buffer_inst/wr_data_buffer_reg[5]/Q (HIGH)

 There is 1 register/latch pin with no clock driven by root clock pin: student_top_inst/u_RISCV_CORE/INST_MEM_UNIT/mem_wr_buffer_inst/wr_data_buffer_reg[6]/Q (HIGH)

 There is 1 register/latch pin with no clock driven by root clock pin: student_top_inst/u_RISCV_CORE/INST_MEM_UNIT/mem_wr_buffer_inst/wr_data_buffer_reg[7]/Q (HIGH)

 There is 1 register/latch pin with no clock driven by root clock pin: student_top_inst/u_RISCV_CORE/INST_MEM_UNIT/mem_wr_buffer_inst/wr_data_buffer_reg[8]/Q (HIGH)

 There is 1 register/latch pin with no clock driven by root clock pin: student_top_inst/u_RISCV_CORE/INST_MEM_UNIT/mem_wr_buffer_inst/wr_data_buffer_reg[9]/Q (HIGH)

 There is 1 register/latch pin with no clock driven by root clock pin: student_top_inst/u_RISCV_CORE/INST_MEM_UNIT/mem_wr_buffer_inst/wr_en_buffer_reg/Q (HIGH)


2. checking constant_clock (0)
------------------------------
 There are 0 register/latch pins with constant_clock.


3. checking pulse_width_clock (0)
---------------------------------
 There are 0 register/latch pins which need pulse_width check


4. checking unconstrained_internal_endpoints (1)
------------------------------------------------
 There is 1 pin that is not constrained for maximum delay. (HIGH)

 There are 0 pins that are not constrained for maximum delay due to constant clock.


5. checking no_input_delay (1)
------------------------------
 There is 1 input port with no input delay specified. (HIGH)

 There are 0 input ports with no input delay but user has a false path constraint.


6. checking no_output_delay (69)
--------------------------------
 There are 69 ports with no output delay specified. (HIGH)

 There are 0 ports with no output delay but user has a false path constraint

 There are 0 ports with no output delay but with a timing clock defined on it or propagating through it


7. checking multiple_clock (0)
------------------------------
 There are 0 register/latch pins with multiple clocks.


8. checking generated_clocks (0)
--------------------------------
 There are 0 generated clocks that are not connected to a clock source.


9. checking loops (0)
---------------------
 There are 0 combinational loops in the design.


10. checking partial_input_delay (0)
------------------------------------
 There are 0 input ports with partial input delay specified.


11. checking partial_output_delay (0)
-------------------------------------
 There are 0 ports with partial output delay specified.


12. checking latch_loops (0)
----------------------------
 There are 0 combinational latch loops in the design through latch input



------------------------------------------------------------------------------------------------
| Design Timing Summary
| ---------------------
------------------------------------------------------------------------------------------------

    WNS(ns)      TNS(ns)  TNS Failing Endpoints  TNS Total Endpoints      WHS(ns)      THS(ns)  THS Failing Endpoints  THS Total Endpoints     WPWS(ns)     TPWS(ns)  TPWS Failing Endpoints  TPWS Total Endpoints  
    -------      -------  ---------------------  -------------------      -------      -------  ---------------------  -------------------     --------     --------  ----------------------  --------------------  
      0.865        0.000                      0                 8658        0.062        0.000                      0                 8658        1.100        0.000                       0                  4238  


All user specified timing constraints are met.


------------------------------------------------------------------------------------------------
| Clock Summary
| -------------
------------------------------------------------------------------------------------------------

Clock           Waveform(ns)         Period(ns)      Frequency(MHz)
-----           ------------         ----------      --------------
i_sys_clk_p     {0.000 2.500}        5.000           200.000         
  clk_out1_pll  {0.000 10.000}       20.000          50.000          
  clk_out2_pll  {0.000 3.333}        6.667           150.000         
  clkfbout_pll  {0.000 5.000}        10.000          100.000         


------------------------------------------------------------------------------------------------
| Intra Clock Table
| -----------------
------------------------------------------------------------------------------------------------

Clock               WNS(ns)      TNS(ns)  TNS Failing Endpoints  TNS Total Endpoints      WHS(ns)      THS(ns)  THS Failing Endpoints  THS Total Endpoints     WPWS(ns)     TPWS(ns)  TPWS Failing Endpoints  TPWS Total Endpoints  
-----               -------      -------  ---------------------  -------------------      -------      -------  ---------------------  -------------------     --------     --------  ----------------------  --------------------  
i_sys_clk_p                                                                                                                                                       1.100        0.000                       0                     1  
  clk_out1_pll       16.018        0.000                      0                  648        0.085        0.000                      0                  648        9.600        0.000                       0                   396  
  clk_out2_pll        0.865        0.000                      0                 7942        0.062        0.000                      0                 7942        2.565        0.000                       0                  3838  
  clkfbout_pll                                                                                                                                                    8.592        0.000                       0                     3  


------------------------------------------------------------------------------------------------
| Inter Clock Table
| -----------------
------------------------------------------------------------------------------------------------

From Clock    To Clock          WNS(ns)      TNS(ns)  TNS Failing Endpoints  TNS Total Endpoints      WHS(ns)      THS(ns)  THS Failing Endpoints  THS Total Endpoints  
----------    --------          -------      -------  ---------------------  -------------------      -------      -------  ---------------------  -------------------  
clk_out2_pll  clk_out1_pll        2.238        0.000                      0                   68        0.166        0.000                      0                   68  
clk_out1_pll  clk_out2_pll        1.835        0.000                      0                  128        0.203        0.000                      0                  128  


------------------------------------------------------------------------------------------------
| Other Path Groups Table
| -----------------------
------------------------------------------------------------------------------------------------

Path Group    From Clock    To Clock          WNS(ns)      TNS(ns)  TNS Failing Endpoints  TNS Total Endpoints      WHS(ns)      THS(ns)  THS Failing Endpoints  THS Total Endpoints  
----------    ----------    --------          -------      -------  ---------------------  -------------------      -------      -------  ---------------------  -------------------  


------------------------------------------------------------------------------------------------
| User Ignored Path Table
| -----------------------
------------------------------------------------------------------------------------------------

Path Group    From Clock    To Clock    
----------    ----------    --------    


------------------------------------------------------------------------------------------------
| Unconstrained Path Table
| ------------------------
------------------------------------------------------------------------------------------------

Path Group    From Clock    To Clock    
----------    ----------    --------    
(none)        clk_out1_pll                
(none)        clk_out2_pll                
(none)        clkfbout_pll                
(none)                      clk_out1_pll  


------------------------------------------------------------------------------------------------
| Timing Details
| --------------
------------------------------------------------------------------------------------------------


---------------------------------------------------------------------------------------------------
From Clock:  i_sys_clk_p
  To Clock:  i_sys_clk_p

Setup :           NA  Failing Endpoints,  Worst Slack           NA  ,  Total Violation           NA
Hold  :           NA  Failing Endpoints,  Worst Slack           NA  ,  Total Violation           NA
PW    :            0  Failing Endpoints,  Worst Slack        1.100ns,  Total Violation        0.000ns
---------------------------------------------------------------------------------------------------


Pulse Width Checks
--------------------------------------------------------------------------------------
Clock Name:         i_sys_clk_p
Waveform(ns):       { 0.000 2.500 }
Period(ns):         5.000
Sources:            { i_sys_clk_p }

Check Type        Corner  Lib Pin           Reference Pin  Required(ns)  Actual(ns)  Slack(ns)  Location        Pin
Min Period        n/a     PLLE2_ADV/CLKIN1  n/a            1.071         5.000       3.929      PLLE2_ADV_X1Y1  pll_inst/inst/plle2_adv_inst/CLKIN1
Max Period        n/a     PLLE2_ADV/CLKIN1  n/a            52.633        5.000       47.633     PLLE2_ADV_X1Y1  pll_inst/inst/plle2_adv_inst/CLKIN1
Low Pulse Width   Slow    PLLE2_ADV/CLKIN1  n/a            1.400         2.500       1.100      PLLE2_ADV_X1Y1  pll_inst/inst/plle2_adv_inst/CLKIN1
Low Pulse Width   Fast    PLLE2_ADV/CLKIN1  n/a            1.400         2.500       1.100      PLLE2_ADV_X1Y1  pll_inst/inst/plle2_adv_inst/CLKIN1
High Pulse Width  Slow    PLLE2_ADV/CLKIN1  n/a            1.400         2.500       1.100      PLLE2_ADV_X1Y1  pll_inst/inst/plle2_adv_inst/CLKIN1
High Pulse Width  Fast    PLLE2_ADV/CLKIN1  n/a            1.400         2.500       1.100      PLLE2_ADV_X1Y1  pll_inst/inst/plle2_adv_inst/CLKIN1



---------------------------------------------------------------------------------------------------
From Clock:  clk_out1_pll
  To Clock:  clk_out1_pll

Setup :            0  Failing Endpoints,  Worst Slack       16.018ns,  Total Violation        0.000ns
Hold  :            0  Failing Endpoints,  Worst Slack        0.085ns,  Total Violation        0.000ns
PW    :            0  Failing Endpoints,  Worst Slack        9.600ns,  Total Violation        0.000ns
---------------------------------------------------------------------------------------------------


Max Delay Paths
--------------------------------------------------------------------------------------
Slack (MET) :             16.018ns  (required time - arrival time)
  Source:                 uart_inst/rx_data_reg[0]/C
                            (rising edge-triggered cell FDCE clocked by clk_out1_pll  {rise@0.000ns fall@10.000ns period=20.000ns})
  Destination:            twin_controller_inst/sw_reg[51]/CE
                            (rising edge-triggered cell FDCE clocked by clk_out1_pll  {rise@0.000ns fall@10.000ns period=20.000ns})
  Path Group:             clk_out1_pll
  Path Type:              Setup (Max at Slow Process Corner)
  Requirement:            20.000ns  (clk_out1_pll rise@20.000ns - clk_out1_pll rise@0.000ns)
  Data Path Delay:        3.595ns  (logic 0.495ns (13.767%)  route 3.100ns (86.233%))
  Logic Levels:           3  (LUT2=1 LUT3=1 LUT5=1)
  Clock Path Skew:        -0.006ns (DCD - SCD + CPR)
    Destination Clock Delay (DCD):    -2.035ns = ( 17.965 - 20.000 ) 
    Source Clock Delay      (SCD):    -2.478ns
    Clock Pessimism Removal (CPR):    -0.450ns
  Clock Uncertainty:      0.086ns  ((TSJ^2 + DJ^2)^1/2) / 2 + PE
    Total System Jitter     (TSJ):    0.071ns
    Discrete Jitter          (DJ):    0.157ns
    Phase Error              (PE):    0.000ns

    Location             Delay type                Incr(ns)  Path(ns)    Netlist Resource(s)
  -------------------------------------------------------------------    -------------------
                         (clock clk_out1_pll rise edge)
                                                      0.000     0.000 r  
    AD12                                              0.000     0.000 r  i_sys_clk_p (IN)
                         net (fo=0)                   0.000     0.000    pll_inst/inst/clk_in1_p
    AD12                 IBUFDS (Prop_ibufds_I_O)     0.906     0.906 r  pll_inst/inst/clkin1_ibufgds/O
                         net (fo=1, routed)           1.098     2.004    pll_inst/inst/clk_in1_pll
    PLLE2_ADV_X1Y1       PLLE2_ADV (Prop_plle2_adv_CLKIN1_CLKOUT0)
                                                     -8.058    -6.054 r  pll_inst/inst/plle2_adv_inst/CLKOUT0
                         net (fo=1, routed)           2.128    -3.926    pll_inst/inst/clk_out1_pll
    BUFGCTRL_X0Y1        BUFG (Prop_bufg_I_O)         0.093    -3.833 r  pll_inst/inst/clkout1_buf/O
                         net (fo=394, routed)         1.355    -2.478    uart_inst/clk_out1
    SLICE_X6Y153         FDCE                                         r  uart_inst/rx_data_reg[0]/C
  -------------------------------------------------------------------    -------------------
    SLICE_X6Y153         FDCE (Prop_fdce_C_Q)         0.259    -2.219 f  uart_inst/rx_data_reg[0]/Q
                         net (fo=20, routed)          0.750    -1.470    uart_inst/rx_data[0]
    SLICE_X7Y149         LUT3 (Prop_lut3_I1_O)        0.043    -1.427 r  uart_inst/sw[63]_i_2/O
                         net (fo=59, routed)          1.368    -0.059    uart_inst/sw[63]_i_2_n_0
    SLICE_X6Y150         LUT5 (Prop_lut5_I3_O)        0.051    -0.008 f  uart_inst/sw[54]_i_2/O
                         net (fo=7, routed)           0.691     0.683    uart_inst/sw[54]_i_2_n_0
    SLICE_X11Y147        LUT2 (Prop_lut2_I1_O)        0.142     0.825 r  uart_inst/sw[51]_i_1/O
                         net (fo=1, routed)           0.292     1.117    twin_controller_inst/E[51]
    SLICE_X13Y148        FDCE                                         r  twin_controller_inst/sw_reg[51]/CE
  -------------------------------------------------------------------    -------------------

                         (clock clk_out1_pll rise edge)
                                                     20.000    20.000 r  
    AD12                                              0.000    20.000 r  i_sys_clk_p (IN)
                         net (fo=0)                   0.000    20.000    pll_inst/inst/clk_in1_p
    AD12                 IBUFDS (Prop_ibufds_I_O)     0.803    20.803 r  pll_inst/inst/clkin1_ibufgds/O
                         net (fo=1, routed)           1.001    21.804    pll_inst/inst/clk_in1_pll
    PLLE2_ADV_X1Y1       PLLE2_ADV (Prop_plle2_adv_CLKIN1_CLKOUT0)
                                                     -7.261    14.543 r  pll_inst/inst/plle2_adv_inst/CLKOUT0
                         net (fo=1, routed)           2.003    16.546    pll_inst/inst/clk_out1_pll
    BUFGCTRL_X0Y1        BUFG (Prop_bufg_I_O)         0.083    16.629 r  pll_inst/inst/clkout1_buf/O
                         net (fo=394, routed)         1.336    17.965    twin_controller_inst/CLK
    SLICE_X13Y148        FDCE                                         r  twin_controller_inst/sw_reg[51]/C
                         clock pessimism             -0.450    17.516    
                         clock uncertainty           -0.086    17.429    
    SLICE_X13Y148        FDCE (Setup_fdce_C_CE)      -0.294    17.135    twin_controller_inst/sw_reg[51]
  -------------------------------------------------------------------
                         required time                         17.135    
                         arrival time                          -1.117    
  -------------------------------------------------------------------
                         slack                                 16.018    

Slack (MET) :             16.036ns  (required time - arrival time)
  Source:                 uart_inst/rx_data_reg[0]/C
                            (rising edge-triggered cell FDCE clocked by clk_out1_pll  {rise@0.000ns fall@10.000ns period=20.000ns})
  Destination:            twin_controller_inst/sw_reg[50]/CE
                            (rising edge-triggered cell FDCE clocked by clk_out1_pll  {rise@0.000ns fall@10.000ns period=20.000ns})
  Path Group:             clk_out1_pll
  Path Type:              Setup (Max at Slow Process Corner)
  Requirement:            20.000ns  (clk_out1_pll rise@20.000ns - clk_out1_pll rise@0.000ns)
  Data Path Delay:        3.671ns  (logic 0.487ns (13.266%)  route 3.184ns (86.734%))
  Logic Levels:           3  (LUT2=1 LUT3=1 LUT5=1)
  Clock Path Skew:        -0.006ns (DCD - SCD + CPR)
    Destination Clock Delay (DCD):    -2.035ns = ( 17.965 - 20.000 ) 
    Source Clock Delay      (SCD):    -2.478ns
    Clock Pessimism Removal (CPR):    -0.450ns
  Clock Uncertainty:      0.086ns  ((TSJ^2 + DJ^2)^1/2) / 2 + PE
    Total System Jitter     (TSJ):    0.071ns
    Discrete Jitter          (DJ):    0.157ns
    Phase Error              (PE):    0.000ns

    Location             Delay type                Incr(ns)  Path(ns)    Netlist Resource(s)
  -------------------------------------------------------------------    -------------------
                         (clock clk_out1_pll rise edge)
                                                      0.000     0.000 r  
    AD12                                              0.000     0.000 r  i_sys_clk_p (IN)
                         net (fo=0)                   0.000     0.000    pll_inst/inst/clk_in1_p
    AD12                 IBUFDS (Prop_ibufds_I_O)     0.906     0.906 r  pll_inst/inst/clkin1_ibufgds/O
                         net (fo=1, routed)           1.098     2.004    pll_inst/inst/clk_in1_pll
    PLLE2_ADV_X1Y1       PLLE2_ADV (Prop_plle2_adv_CLKIN1_CLKOUT0)
                                                     -8.058    -6.054 r  pll_inst/inst/plle2_adv_inst/CLKOUT0
                         net (fo=1, routed)           2.128    -3.926    pll_inst/inst/clk_out1_pll
    BUFGCTRL_X0Y1        BUFG (Prop_bufg_I_O)         0.093    -3.833 r  pll_inst/inst/clkout1_buf/O
                         net (fo=394, routed)         1.355    -2.478    uart_inst/clk_out1
    SLICE_X6Y153         FDCE                                         r  uart_inst/rx_data_reg[0]/C
  -------------------------------------------------------------------    -------------------
    SLICE_X6Y153         FDCE (Prop_fdce_C_Q)         0.259    -2.219 f  uart_inst/rx_data_reg[0]/Q
                         net (fo=20, routed)          0.750    -1.470    uart_inst/rx_data[0]
    SLICE_X7Y149         LUT3 (Prop_lut3_I1_O)        0.043    -1.427 r  uart_inst/sw[63]_i_2/O
                         net (fo=59, routed)          1.368    -0.059    uart_inst/sw[63]_i_2_n_0
    SLICE_X6Y150         LUT5 (Prop_lut5_I3_O)        0.051    -0.008 f  uart_inst/sw[54]_i_2/O
                         net (fo=7, routed)           0.691     0.683    uart_inst/sw[54]_i_2_n_0
    SLICE_X11Y147        LUT2 (Prop_lut2_I1_O)        0.134     0.817 r  uart_inst/sw[50]_i_1/O
                         net (fo=1, routed)           0.375     1.193    twin_controller_inst/E[50]
    SLICE_X13Y147        FDCE                                         r  twin_controller_inst/sw_reg[50]/CE
  -------------------------------------------------------------------    -------------------

                         (clock clk_out1_pll rise edge)
                                                     20.000    20.000 r  
    AD12                                              0.000    20.000 r  i_sys_clk_p (IN)
                         net (fo=0)                   0.000    20.000    pll_inst/inst/clk_in1_p
    AD12                 IBUFDS (Prop_ibufds_I_O)     0.803    20.803 r  pll_inst/inst/clkin1_ibufgds/O
                         net (fo=1, routed)           1.001    21.804    pll_inst/inst/clk_in1_pll
    PLLE2_ADV_X1Y1       PLLE2_ADV (Prop_plle2_adv_CLKIN1_CLKOUT0)
                                                     -7.261    14.543 r  pll_inst/inst/plle2_adv_inst/CLKOUT0
                         net (fo=1, routed)           2.003    16.546    pll_inst/inst/clk_out1_pll
    BUFGCTRL_X0Y1        BUFG (Prop_bufg_I_O)         0.083    16.629 r  pll_inst/inst/clkout1_buf/O
                         net (fo=394, routed)         1.336    17.965    twin_controller_inst/CLK
    SLICE_X13Y147        FDCE                                         r  twin_controller_inst/sw_reg[50]/C
                         clock pessimism             -0.450    17.516    
                         clock uncertainty           -0.086    17.429    
    SLICE_X13Y147        FDCE (Setup_fdce_C_CE)      -0.201    17.228    twin_controller_inst/sw_reg[50]
  -------------------------------------------------------------------
                         required time                         17.228    
                         arrival time                          -1.193    
  -------------------------------------------------------------------
                         slack                                 16.036    

Slack (MET) :             16.048ns  (required time - arrival time)
  Source:                 uart_inst/rx_data_reg[0]/C
                            (rising edge-triggered cell FDCE clocked by clk_out1_pll  {rise@0.000ns fall@10.000ns period=20.000ns})
  Destination:            twin_controller_inst/sw_reg[54]/CE
                            (rising edge-triggered cell FDCE clocked by clk_out1_pll  {rise@0.000ns fall@10.000ns period=20.000ns})
  Path Group:             clk_out1_pll
  Path Type:              Setup (Max at Slow Process Corner)
  Requirement:            20.000ns  (clk_out1_pll rise@20.000ns - clk_out1_pll rise@0.000ns)
  Data Path Delay:        3.546ns  (logic 0.493ns (13.901%)  route 3.053ns (86.099%))
  Logic Levels:           3  (LUT3=1 LUT5=2)
  Clock Path Skew:        -0.025ns (DCD - SCD + CPR)
    Destination Clock Delay (DCD):    -2.150ns = ( 17.850 - 20.000 ) 
    Source Clock Delay      (SCD):    -2.478ns
    Clock Pessimism Removal (CPR):    -0.354ns
  Clock Uncertainty:      0.086ns  ((TSJ^2 + DJ^2)^1/2) / 2 + PE
    Total System Jitter     (TSJ):    0.071ns
    Discrete Jitter          (DJ):    0.157ns
    Phase Error              (PE):    0.000ns

    Location             Delay type                Incr(ns)  Path(ns)    Netlist Resource(s)
  -------------------------------------------------------------------    -------------------
                         (clock clk_out1_pll rise edge)
                                                      0.000     0.000 r  
    AD12                                              0.000     0.000 r  i_sys_clk_p (IN)
                         net (fo=0)                   0.000     0.000    pll_inst/inst/clk_in1_p
    AD12                 IBUFDS (Prop_ibufds_I_O)     0.906     0.906 r  pll_inst/inst/clkin1_ibufgds/O
                         net (fo=1, routed)           1.098     2.004    pll_inst/inst/clk_in1_pll
    PLLE2_ADV_X1Y1       PLLE2_ADV (Prop_plle2_adv_CLKIN1_CLKOUT0)
                                                     -8.058    -6.054 r  pll_inst/inst/plle2_adv_inst/CLKOUT0
                         net (fo=1, routed)           2.128    -3.926    pll_inst/inst/clk_out1_pll
    BUFGCTRL_X0Y1        BUFG (Prop_bufg_I_O)         0.093    -3.833 r  pll_inst/inst/clkout1_buf/O
                         net (fo=394, routed)         1.355    -2.478    uart_inst/clk_out1
    SLICE_X6Y153         FDCE                                         r  uart_inst/rx_data_reg[0]/C
  -------------------------------------------------------------------    -------------------
    SLICE_X6Y153         FDCE (Prop_fdce_C_Q)         0.259    -2.219 f  uart_inst/rx_data_reg[0]/Q
                         net (fo=20, routed)          0.750    -1.470    uart_inst/rx_data[0]
    SLICE_X7Y149         LUT3 (Prop_lut3_I1_O)        0.043    -1.427 r  uart_inst/sw[63]_i_2/O
                         net (fo=59, routed)          1.368    -0.059    uart_inst/sw[63]_i_2_n_0
    SLICE_X6Y150         LUT5 (Prop_lut5_I3_O)        0.051    -0.008 f  uart_inst/sw[54]_i_2/O
                         net (fo=7, routed)           0.471     0.463    uart_inst/sw[54]_i_2_n_0
    SLICE_X7Y150         LUT5 (Prop_lut5_I4_O)        0.140     0.603 r  uart_inst/sw[54]_i_1/O
                         net (fo=1, routed)           0.465     1.068    twin_controller_inst/E[54]
    SLICE_X7Y150         FDCE                                         r  twin_controller_inst/sw_reg[54]/CE
  -------------------------------------------------------------------    -------------------

                         (clock clk_out1_pll rise edge)
                                                     20.000    20.000 r  
    AD12                                              0.000    20.000 r  i_sys_clk_p (IN)
                         net (fo=0)                   0.000    20.000    pll_inst/inst/clk_in1_p
    AD12                 IBUFDS (Prop_ibufds_I_O)     0.803    20.803 r  pll_inst/inst/clkin1_ibufgds/O
                         net (fo=1, routed)           1.001    21.804    pll_inst/inst/clk_in1_pll
    PLLE2_ADV_X1Y1       PLLE2_ADV (Prop_plle2_adv_CLKIN1_CLKOUT0)
                                                     -7.261    14.543 r  pll_inst/inst/plle2_adv_inst/CLKOUT0
                         net (fo=1, routed)           2.003    16.546    pll_inst/inst/clk_out1_pll
    BUFGCTRL_X0Y1        BUFG (Prop_bufg_I_O)         0.083    16.629 r  pll_inst/inst/clkout1_buf/O
                         net (fo=394, routed)         1.221    17.850    twin_controller_inst/CLK
    SLICE_X7Y150         FDCE                                         r  twin_controller_inst/sw_reg[54]/C
                         clock pessimism             -0.354    17.497    
                         clock uncertainty           -0.086    17.410    
    SLICE_X7Y150         FDCE (Setup_fdce_C_CE)      -0.294    17.116    twin_controller_inst/sw_reg[54]
  -------------------------------------------------------------------
                         required time                         17.116    
                         arrival time                          -1.068    
  -------------------------------------------------------------------
                         slack                                 16.048    

Slack (MET) :             16.109ns  (required time - arrival time)
  Source:                 uart_inst/rx_data_reg[6]/C
                            (rising edge-triggered cell FDCE clocked by clk_out1_pll  {rise@0.000ns fall@10.000ns period=20.000ns})
  Destination:            twin_controller_inst/sw_reg[18]/CE
                            (rising edge-triggered cell FDCE clocked by clk_out1_pll  {rise@0.000ns fall@10.000ns period=20.000ns})
  Path Group:             clk_out1_pll
  Path Type:              Setup (Max at Slow Process Corner)
  Requirement:            20.000ns  (clk_out1_pll rise@20.000ns - clk_out1_pll rise@0.000ns)
  Data Path Delay:        3.597ns  (logic 0.403ns (11.203%)  route 3.194ns (88.797%))
  Logic Levels:           2  (LUT6=2)
  Clock Path Skew:        -0.006ns (DCD - SCD + CPR)
    Destination Clock Delay (DCD):    -2.035ns = ( 17.965 - 20.000 ) 
    Source Clock Delay      (SCD):    -2.478ns
    Clock Pessimism Removal (CPR):    -0.450ns
  Clock Uncertainty:      0.086ns  ((TSJ^2 + DJ^2)^1/2) / 2 + PE
    Total System Jitter     (TSJ):    0.071ns
    Discrete Jitter          (DJ):    0.157ns
    Phase Error              (PE):    0.000ns

    Location             Delay type                Incr(ns)  Path(ns)    Netlist Resource(s)
  -------------------------------------------------------------------    -------------------
                         (clock clk_out1_pll rise edge)
                                                      0.000     0.000 r  
    AD12                                              0.000     0.000 r  i_sys_clk_p (IN)
                         net (fo=0)                   0.000     0.000    pll_inst/inst/clk_in1_p
    AD12                 IBUFDS (Prop_ibufds_I_O)     0.906     0.906 r  pll_inst/inst/clkin1_ibufgds/O
                         net (fo=1, routed)           1.098     2.004    pll_inst/inst/clk_in1_pll
    PLLE2_ADV_X1Y1       PLLE2_ADV (Prop_plle2_adv_CLKIN1_CLKOUT0)
                                                     -8.058    -6.054 r  pll_inst/inst/plle2_adv_inst/CLKOUT0
                         net (fo=1, routed)           2.128    -3.926    pll_inst/inst/clk_out1_pll
    BUFGCTRL_X0Y1        BUFG (Prop_bufg_I_O)         0.093    -3.833 r  pll_inst/inst/clkout1_buf/O
                         net (fo=394, routed)         1.355    -2.478    uart_inst/clk_out1
    SLICE_X6Y153         FDCE                                         r  uart_inst/rx_data_reg[6]/C
  -------------------------------------------------------------------    -------------------
    SLICE_X6Y153         FDCE (Prop_fdce_C_Q)         0.236    -2.242 r  uart_inst/rx_data_reg[6]/Q
                         net (fo=74, routed)          2.165    -0.077    uart_inst/rx_data[6]
    SLICE_X8Y147         LUT6 (Prop_lut6_I4_O)        0.124     0.047 r  uart_inst/sw[58]_i_2/O
                         net (fo=8, routed)           0.728     0.775    uart_inst/sw[58]_i_2_n_0
    SLICE_X11Y143        LUT6 (Prop_lut6_I5_O)        0.043     0.818 r  uart_inst/sw[18]_i_1/O
                         net (fo=1, routed)           0.301     1.119    twin_controller_inst/E[18]
    SLICE_X11Y143        FDCE                                         r  twin_controller_inst/sw_reg[18]/CE
  -------------------------------------------------------------------    -------------------

                         (clock clk_out1_pll rise edge)
                                                     20.000    20.000 r  
    AD12                                              0.000    20.000 r  i_sys_clk_p (IN)
                         net (fo=0)                   0.000    20.000    pll_inst/inst/clk_in1_p
    AD12                 IBUFDS (Prop_ibufds_I_O)     0.803    20.803 r  pll_inst/inst/clkin1_ibufgds/O
                         net (fo=1, routed)           1.001    21.804    pll_inst/inst/clk_in1_pll
    PLLE2_ADV_X1Y1       PLLE2_ADV (Prop_plle2_adv_CLKIN1_CLKOUT0)
                                                     -7.261    14.543 r  pll_inst/inst/plle2_adv_inst/CLKOUT0
                         net (fo=1, routed)           2.003    16.546    pll_inst/inst/clk_out1_pll
    BUFGCTRL_X0Y1        BUFG (Prop_bufg_I_O)         0.083    16.629 r  pll_inst/inst/clkout1_buf/O
                         net (fo=394, routed)         1.336    17.965    twin_controller_inst/CLK
    SLICE_X11Y143        FDCE                                         r  twin_controller_inst/sw_reg[18]/C
                         clock pessimism             -0.450    17.516    
                         clock uncertainty           -0.086    17.429    
    SLICE_X11Y143        FDCE (Setup_fdce_C_CE)      -0.201    17.228    twin_controller_inst/sw_reg[18]
  -------------------------------------------------------------------
                         required time                         17.228    
                         arrival time                          -1.119    
  -------------------------------------------------------------------
                         slack                                 16.109    

Slack (MET) :             16.135ns  (required time - arrival time)
  Source:                 uart_inst/rx_data_reg[0]/C
                            (rising edge-triggered cell FDCE clocked by clk_out1_pll  {rise@0.000ns fall@10.000ns period=20.000ns})
  Destination:            twin_controller_inst/sw_reg[52]/CE
                            (rising edge-triggered cell FDCE clocked by clk_out1_pll  {rise@0.000ns fall@10.000ns period=20.000ns})
  Path Group:             clk_out1_pll
  Path Type:              Setup (Max at Slow Process Corner)
  Requirement:            20.000ns  (clk_out1_pll rise@20.000ns - clk_out1_pll rise@0.000ns)
  Data Path Delay:        3.626ns  (logic 0.487ns (13.430%)  route 3.139ns (86.571%))
  Logic Levels:           3  (LUT2=1 LUT3=1 LUT5=1)
  Clock Path Skew:        0.049ns (DCD - SCD + CPR)
    Destination Clock Delay (DCD):    -1.980ns = ( 18.020 - 20.000 ) 
    Source Clock Delay      (SCD):    -2.478ns
    Clock Pessimism Removal (CPR):    -0.450ns
  Clock Uncertainty:      0.086ns  ((TSJ^2 + DJ^2)^1/2) / 2 + PE
    Total System Jitter     (TSJ):    0.071ns
    Discrete Jitter          (DJ):    0.157ns
    Phase Error              (PE):    0.000ns

    Location             Delay type                Incr(ns)  Path(ns)    Netlist Resource(s)
  -------------------------------------------------------------------    -------------------
                         (clock clk_out1_pll rise edge)
                                                      0.000     0.000 r  
    AD12                                              0.000     0.000 r  i_sys_clk_p (IN)
                         net (fo=0)                   0.000     0.000    pll_inst/inst/clk_in1_p
    AD12                 IBUFDS (Prop_ibufds_I_O)     0.906     0.906 r  pll_inst/inst/clkin1_ibufgds/O
                         net (fo=1, routed)           1.098     2.004    pll_inst/inst/clk_in1_pll
    PLLE2_ADV_X1Y1       PLLE2_ADV (Prop_plle2_adv_CLKIN1_CLKOUT0)
                                                     -8.058    -6.054 r  pll_inst/inst/plle2_adv_inst/CLKOUT0
                         net (fo=1, routed)           2.128    -3.926    pll_inst/inst/clk_out1_pll
    BUFGCTRL_X0Y1        BUFG (Prop_bufg_I_O)         0.093    -3.833 r  pll_inst/inst/clkout1_buf/O
                         net (fo=394, routed)         1.355    -2.478    uart_inst/clk_out1
    SLICE_X6Y153         FDCE                                         r  uart_inst/rx_data_reg[0]/C
  -------------------------------------------------------------------    -------------------
    SLICE_X6Y153         FDCE (Prop_fdce_C_Q)         0.259    -2.219 f  uart_inst/rx_data_reg[0]/Q
                         net (fo=20, routed)          0.750    -1.470    uart_inst/rx_data[0]
    SLICE_X7Y149         LUT3 (Prop_lut3_I1_O)        0.043    -1.427 r  uart_inst/sw[63]_i_2/O
                         net (fo=59, routed)          1.368    -0.059    uart_inst/sw[63]_i_2_n_0
    SLICE_X6Y150         LUT5 (Prop_lut5_I3_O)        0.051    -0.008 f  uart_inst/sw[54]_i_2/O
                         net (fo=7, routed)           0.548     0.540    uart_inst/sw[54]_i_2_n_0
    SLICE_X7Y146         LUT2 (Prop_lut2_I1_O)        0.134     0.674 r  uart_inst/sw[52]_i_1/O
                         net (fo=1, routed)           0.474     1.148    twin_controller_inst/E[52]
    SLICE_X7Y146         FDCE                                         r  twin_controller_inst/sw_reg[52]/CE
  -------------------------------------------------------------------    -------------------

                         (clock clk_out1_pll rise edge)
                                                     20.000    20.000 r  
    AD12                                              0.000    20.000 r  i_sys_clk_p (IN)
                         net (fo=0)                   0.000    20.000    pll_inst/inst/clk_in1_p
    AD12                 IBUFDS (Prop_ibufds_I_O)     0.803    20.803 r  pll_inst/inst/clkin1_ibufgds/O
                         net (fo=1, routed)           1.001    21.804    pll_inst/inst/clk_in1_pll
    PLLE2_ADV_X1Y1       PLLE2_ADV (Prop_plle2_adv_CLKIN1_CLKOUT0)
                                                     -7.261    14.543 r  pll_inst/inst/plle2_adv_inst/CLKOUT0
                         net (fo=1, routed)           2.003    16.546    pll_inst/inst/clk_out1_pll
    BUFGCTRL_X0Y1        BUFG (Prop_bufg_I_O)         0.083    16.629 r  pll_inst/inst/clkout1_buf/O
                         net (fo=394, routed)         1.391    18.020    twin_controller_inst/CLK
    SLICE_X7Y146         FDCE                                         r  twin_controller_inst/sw_reg[52]/C
                         clock pessimism             -0.450    17.571    
                         clock uncertainty           -0.086    17.484    
    SLICE_X7Y146         FDCE (Setup_fdce_C_CE)      -0.201    17.283    twin_controller_inst/sw_reg[52]
  -------------------------------------------------------------------
                         required time                         17.283    
                         arrival time                          -1.148    
  -------------------------------------------------------------------
                         slack                                 16.135    

Slack (MET) :             16.206ns  (required time - arrival time)
  Source:                 uart_inst/rx_data_reg[0]/C
                            (rising edge-triggered cell FDCE clocked by clk_out1_pll  {rise@0.000ns fall@10.000ns period=20.000ns})
  Destination:            twin_controller_inst/sw_reg[49]/CE
                            (rising edge-triggered cell FDCE clocked by clk_out1_pll  {rise@0.000ns fall@10.000ns period=20.000ns})
  Path Group:             clk_out1_pll
  Path Type:              Setup (Max at Slow Process Corner)
  Requirement:            20.000ns  (clk_out1_pll rise@20.000ns - clk_out1_pll rise@0.000ns)
  Data Path Delay:        3.464ns  (logic 0.491ns (14.172%)  route 2.973ns (85.828%))
  Logic Levels:           3  (LUT2=1 LUT3=1 LUT5=1)
  Clock Path Skew:        0.049ns (DCD - SCD + CPR)
    Destination Clock Delay (DCD):    -1.980ns = ( 18.020 - 20.000 ) 
    Source Clock Delay      (SCD):    -2.478ns
    Clock Pessimism Removal (CPR):    -0.450ns
  Clock Uncertainty:      0.086ns  ((TSJ^2 + DJ^2)^1/2) / 2 + PE
    Total System Jitter     (TSJ):    0.071ns
    Discrete Jitter          (DJ):    0.157ns
    Phase Error              (PE):    0.000ns

    Location             Delay type                Incr(ns)  Path(ns)    Netlist Resource(s)
  -------------------------------------------------------------------    -------------------
                         (clock clk_out1_pll rise edge)
                                                      0.000     0.000 r  
    AD12                                              0.000     0.000 r  i_sys_clk_p (IN)
                         net (fo=0)                   0.000     0.000    pll_inst/inst/clk_in1_p
    AD12                 IBUFDS (Prop_ibufds_I_O)     0.906     0.906 r  pll_inst/inst/clkin1_ibufgds/O
                         net (fo=1, routed)           1.098     2.004    pll_inst/inst/clk_in1_pll
    PLLE2_ADV_X1Y1       PLLE2_ADV (Prop_plle2_adv_CLKIN1_CLKOUT0)
                                                     -8.058    -6.054 r  pll_inst/inst/plle2_adv_inst/CLKOUT0
                         net (fo=1, routed)           2.128    -3.926    pll_inst/inst/clk_out1_pll
    BUFGCTRL_X0Y1        BUFG (Prop_bufg_I_O)         0.093    -3.833 r  pll_inst/inst/clkout1_buf/O
                         net (fo=394, routed)         1.355    -2.478    uart_inst/clk_out1
    SLICE_X6Y153         FDCE                                         r  uart_inst/rx_data_reg[0]/C
  -------------------------------------------------------------------    -------------------
    SLICE_X6Y153         FDCE (Prop_fdce_C_Q)         0.259    -2.219 f  uart_inst/rx_data_reg[0]/Q
                         net (fo=20, routed)          0.750    -1.470    uart_inst/rx_data[0]
    SLICE_X7Y149         LUT3 (Prop_lut3_I1_O)        0.043    -1.427 r  uart_inst/sw[63]_i_2/O
                         net (fo=59, routed)          1.368    -0.059    uart_inst/sw[63]_i_2_n_0
    SLICE_X6Y150         LUT5 (Prop_lut5_I3_O)        0.051    -0.008 f  uart_inst/sw[54]_i_2/O
                         net (fo=7, routed)           0.670     0.662    uart_inst/sw[54]_i_2_n_0
    SLICE_X6Y146         LUT2 (Prop_lut2_I1_O)        0.138     0.800 r  uart_inst/sw[49]_i_1/O
                         net (fo=1, routed)           0.186     0.986    twin_controller_inst/E[49]
    SLICE_X5Y146         FDCE                                         r  twin_controller_inst/sw_reg[49]/CE
  -------------------------------------------------------------------    -------------------

                         (clock clk_out1_pll rise edge)
                                                     20.000    20.000 r  
    AD12                                              0.000    20.000 r  i_sys_clk_p (IN)
                         net (fo=0)                   0.000    20.000    pll_inst/inst/clk_in1_p
    AD12                 IBUFDS (Prop_ibufds_I_O)     0.803    20.803 r  pll_inst/inst/clkin1_ibufgds/O
                         net (fo=1, routed)           1.001    21.804    pll_inst/inst/clk_in1_pll
    PLLE2_ADV_X1Y1       PLLE2_ADV (Prop_plle2_adv_CLKIN1_CLKOUT0)
                                                     -7.261    14.543 r  pll_inst/inst/plle2_adv_inst/CLKOUT0
                         net (fo=1, routed)           2.003    16.546    pll_inst/inst/clk_out1_pll
    BUFGCTRL_X0Y1        BUFG (Prop_bufg_I_O)         0.083    16.629 r  pll_inst/inst/clkout1_buf/O
                         net (fo=394, routed)         1.391    18.020    twin_controller_inst/CLK
    SLICE_X5Y146         FDCE                                         r  twin_controller_inst/sw_reg[49]/C
                         clock pessimism             -0.450    17.571    
                         clock uncertainty           -0.086    17.484    
    SLICE_X5Y146         FDCE (Setup_fdce_C_CE)      -0.292    17.192    twin_controller_inst/sw_reg[49]
  -------------------------------------------------------------------
                         required time                         17.192    
                         arrival time                          -0.986    
  -------------------------------------------------------------------
                         slack                                 16.206    

Slack (MET) :             16.206ns  (required time - arrival time)
  Source:                 uart_inst/rx_data_reg[0]/C
                            (rising edge-triggered cell FDCE clocked by clk_out1_pll  {rise@0.000ns fall@10.000ns period=20.000ns})
  Destination:            twin_controller_inst/key_reg[4]/CE
                            (rising edge-triggered cell FDCE clocked by clk_out1_pll  {rise@0.000ns fall@10.000ns period=20.000ns})
  Path Group:             clk_out1_pll
  Path Type:              Setup (Max at Slow Process Corner)
  Requirement:            20.000ns  (clk_out1_pll rise@20.000ns - clk_out1_pll rise@0.000ns)
  Data Path Delay:        3.555ns  (logic 0.431ns (12.122%)  route 3.124ns (87.878%))
  Logic Levels:           4  (LUT2=1 LUT3=1 LUT5=1 LUT6=1)
  Clock Path Skew:        0.049ns (DCD - SCD + CPR)
    Destination Clock Delay (DCD):    -1.980ns = ( 18.020 - 20.000 ) 
    Source Clock Delay      (SCD):    -2.478ns
    Clock Pessimism Removal (CPR):    -0.450ns
  Clock Uncertainty:      0.086ns  ((TSJ^2 + DJ^2)^1/2) / 2 + PE
    Total System Jitter     (TSJ):    0.071ns
    Discrete Jitter          (DJ):    0.157ns
    Phase Error              (PE):    0.000ns

    Location             Delay type                Incr(ns)  Path(ns)    Netlist Resource(s)
  -------------------------------------------------------------------    -------------------
                         (clock clk_out1_pll rise edge)
                                                      0.000     0.000 r  
    AD12                                              0.000     0.000 r  i_sys_clk_p (IN)
                         net (fo=0)                   0.000     0.000    pll_inst/inst/clk_in1_p
    AD12                 IBUFDS (Prop_ibufds_I_O)     0.906     0.906 r  pll_inst/inst/clkin1_ibufgds/O
                         net (fo=1, routed)           1.098     2.004    pll_inst/inst/clk_in1_pll
    PLLE2_ADV_X1Y1       PLLE2_ADV (Prop_plle2_adv_CLKIN1_CLKOUT0)
                                                     -8.058    -6.054 r  pll_inst/inst/plle2_adv_inst/CLKOUT0
                         net (fo=1, routed)           2.128    -3.926    pll_inst/inst/clk_out1_pll
    BUFGCTRL_X0Y1        BUFG (Prop_bufg_I_O)         0.093    -3.833 r  pll_inst/inst/clkout1_buf/O
                         net (fo=394, routed)         1.355    -2.478    uart_inst/clk_out1
    SLICE_X6Y153         FDCE                                         r  uart_inst/rx_data_reg[0]/C
  -------------------------------------------------------------------    -------------------
    SLICE_X6Y153         FDCE (Prop_fdce_C_Q)         0.259    -2.219 r  uart_inst/rx_data_reg[0]/Q
                         net (fo=20, routed)          0.750    -1.470    uart_inst/rx_data[0]
    SLICE_X7Y149         LUT3 (Prop_lut3_I1_O)        0.043    -1.427 f  uart_inst/sw[63]_i_2/O
                         net (fo=59, routed)          1.368    -0.059    uart_inst/sw[63]_i_2_n_0
    SLICE_X6Y150         LUT5 (Prop_lut5_I3_O)        0.043    -0.016 r  uart_inst/key[7]_i_3/O
                         net (fo=5, routed)           0.347     0.331    uart_inst/key[7]_i_3_n_0
    SLICE_X4Y151         LUT2 (Prop_lut2_I1_O)        0.043     0.374 f  uart_inst/key[5]_i_2/O
                         net (fo=4, routed)           0.129     0.503    uart_inst/key[5]_i_2_n_0
    SLICE_X4Y151         LUT6 (Prop_lut6_I5_O)        0.043     0.546 r  uart_inst/key[4]_i_1/O
                         net (fo=1, routed)           0.531     1.077    twin_controller_inst/key_reg[7]_0[4]
    SLICE_X3Y142         FDCE                                         r  twin_controller_inst/key_reg[4]/CE
  -------------------------------------------------------------------    -------------------

                         (clock clk_out1_pll rise edge)
                                                     20.000    20.000 r  
    AD12                                              0.000    20.000 r  i_sys_clk_p (IN)
                         net (fo=0)                   0.000    20.000    pll_inst/inst/clk_in1_p
    AD12                 IBUFDS (Prop_ibufds_I_O)     0.803    20.803 r  pll_inst/inst/clkin1_ibufgds/O
                         net (fo=1, routed)           1.001    21.804    pll_inst/inst/clk_in1_pll
    PLLE2_ADV_X1Y1       PLLE2_ADV (Prop_plle2_adv_CLKIN1_CLKOUT0)
                                                     -7.261    14.543 r  pll_inst/inst/plle2_adv_inst/CLKOUT0
                         net (fo=1, routed)           2.003    16.546    pll_inst/inst/clk_out1_pll
    BUFGCTRL_X0Y1        BUFG (Prop_bufg_I_O)         0.083    16.629 r  pll_inst/inst/clkout1_buf/O
                         net (fo=394, routed)         1.391    18.020    twin_controller_inst/CLK
    SLICE_X3Y142         FDCE                                         r  twin_controller_inst/key_reg[4]/C
                         clock pessimism             -0.450    17.571    
                         clock uncertainty           -0.086    17.484    
    SLICE_X3Y142         FDCE (Setup_fdce_C_CE)      -0.201    17.283    twin_controller_inst/key_reg[4]
  -------------------------------------------------------------------
                         required time                         17.283    
                         arrival time                          -1.077    
  -------------------------------------------------------------------
                         slack                                 16.206    

Slack (MET) :             16.210ns  (required time - arrival time)
  Source:                 uart_inst/rx_data_reg[0]/C
                            (rising edge-triggered cell FDCE clocked by clk_out1_pll  {rise@0.000ns fall@10.000ns period=20.000ns})
  Destination:            twin_controller_inst/key_reg[5]/CE
                            (rising edge-triggered cell FDCE clocked by clk_out1_pll  {rise@0.000ns fall@10.000ns period=20.000ns})
  Path Group:             clk_out1_pll
  Path Type:              Setup (Max at Slow Process Corner)
  Requirement:            20.000ns  (clk_out1_pll rise@20.000ns - clk_out1_pll rise@0.000ns)
  Data Path Delay:        3.551ns  (logic 0.431ns (12.136%)  route 3.120ns (87.864%))
  Logic Levels:           4  (LUT2=1 LUT3=1 LUT5=1 LUT6=1)
  Clock Path Skew:        0.049ns (DCD - SCD + CPR)
    Destination Clock Delay (DCD):    -1.980ns = ( 18.020 - 20.000 ) 
    Source Clock Delay      (SCD):    -2.478ns
    Clock Pessimism Removal (CPR):    -0.450ns
  Clock Uncertainty:      0.086ns  ((TSJ^2 + DJ^2)^1/2) / 2 + PE
    Total System Jitter     (TSJ):    0.071ns
    Discrete Jitter          (DJ):    0.157ns
    Phase Error              (PE):    0.000ns

    Location             Delay type                Incr(ns)  Path(ns)    Netlist Resource(s)
  -------------------------------------------------------------------    -------------------
                         (clock clk_out1_pll rise edge)
                                                      0.000     0.000 r  
    AD12                                              0.000     0.000 r  i_sys_clk_p (IN)
                         net (fo=0)                   0.000     0.000    pll_inst/inst/clk_in1_p
    AD12                 IBUFDS (Prop_ibufds_I_O)     0.906     0.906 r  pll_inst/inst/clkin1_ibufgds/O
                         net (fo=1, routed)           1.098     2.004    pll_inst/inst/clk_in1_pll
    PLLE2_ADV_X1Y1       PLLE2_ADV (Prop_plle2_adv_CLKIN1_CLKOUT0)
                                                     -8.058    -6.054 r  pll_inst/inst/plle2_adv_inst/CLKOUT0
                         net (fo=1, routed)           2.128    -3.926    pll_inst/inst/clk_out1_pll
    BUFGCTRL_X0Y1        BUFG (Prop_bufg_I_O)         0.093    -3.833 r  pll_inst/inst/clkout1_buf/O
                         net (fo=394, routed)         1.355    -2.478    uart_inst/clk_out1
    SLICE_X6Y153         FDCE                                         r  uart_inst/rx_data_reg[0]/C
  -------------------------------------------------------------------    -------------------
    SLICE_X6Y153         FDCE (Prop_fdce_C_Q)         0.259    -2.219 r  uart_inst/rx_data_reg[0]/Q
                         net (fo=20, routed)          0.750    -1.470    uart_inst/rx_data[0]
    SLICE_X7Y149         LUT3 (Prop_lut3_I1_O)        0.043    -1.427 f  uart_inst/sw[63]_i_2/O
                         net (fo=59, routed)          1.368    -0.059    uart_inst/sw[63]_i_2_n_0
    SLICE_X6Y150         LUT5 (Prop_lut5_I3_O)        0.043    -0.016 r  uart_inst/key[7]_i_3/O
                         net (fo=5, routed)           0.347     0.331    uart_inst/key[7]_i_3_n_0
    SLICE_X4Y151         LUT2 (Prop_lut2_I1_O)        0.043     0.374 f  uart_inst/key[5]_i_2/O
                         net (fo=4, routed)           0.370     0.744    uart_inst/key[5]_i_2_n_0
    SLICE_X5Y151         LUT6 (Prop_lut6_I5_O)        0.043     0.787 r  uart_inst/key[5]_i_1/O
                         net (fo=1, routed)           0.286     1.073    twin_controller_inst/key_reg[7]_0[5]
    SLICE_X5Y148         FDCE                                         r  twin_controller_inst/key_reg[5]/CE
  -------------------------------------------------------------------    -------------------

                         (clock clk_out1_pll rise edge)
                                                     20.000    20.000 r  
    AD12                                              0.000    20.000 r  i_sys_clk_p (IN)
                         net (fo=0)                   0.000    20.000    pll_inst/inst/clk_in1_p
    AD12                 IBUFDS (Prop_ibufds_I_O)     0.803    20.803 r  pll_inst/inst/clkin1_ibufgds/O
                         net (fo=1, routed)           1.001    21.804    pll_inst/inst/clk_in1_pll
    PLLE2_ADV_X1Y1       PLLE2_ADV (Prop_plle2_adv_CLKIN1_CLKOUT0)
                                                     -7.261    14.543 r  pll_inst/inst/plle2_adv_inst/CLKOUT0
                         net (fo=1, routed)           2.003    16.546    pll_inst/inst/clk_out1_pll
    BUFGCTRL_X0Y1        BUFG (Prop_bufg_I_O)         0.083    16.629 r  pll_inst/inst/clkout1_buf/O
                         net (fo=394, routed)         1.391    18.020    twin_controller_inst/CLK
    SLICE_X5Y148         FDCE                                         r  twin_controller_inst/key_reg[5]/C
                         clock pessimism             -0.450    17.571    
                         clock uncertainty           -0.086    17.484    
    SLICE_X5Y148         FDCE (Setup_fdce_C_CE)      -0.201    17.283    twin_controller_inst/key_reg[5]
  -------------------------------------------------------------------
                         required time                         17.283    
                         arrival time                          -1.073    
  -------------------------------------------------------------------
                         slack                                 16.210    

Slack (MET) :             16.230ns  (required time - arrival time)
  Source:                 uart_inst/rx_data_reg[0]/C
                            (rising edge-triggered cell FDCE clocked by clk_out1_pll  {rise@0.000ns fall@10.000ns period=20.000ns})
  Destination:            twin_controller_inst/sw_reg[48]/CE
                            (rising edge-triggered cell FDCE clocked by clk_out1_pll  {rise@0.000ns fall@10.000ns period=20.000ns})
  Path Group:             clk_out1_pll
  Path Type:              Setup (Max at Slow Process Corner)
  Requirement:            20.000ns  (clk_out1_pll rise@20.000ns - clk_out1_pll rise@0.000ns)
  Data Path Delay:        3.554ns  (logic 0.487ns (13.701%)  route 3.067ns (86.299%))
  Logic Levels:           3  (LUT2=1 LUT3=1 LUT5=1)
  Clock Path Skew:        0.049ns (DCD - SCD + CPR)
    Destination Clock Delay (DCD):    -1.980ns = ( 18.020 - 20.000 ) 
    Source Clock Delay      (SCD):    -2.478ns
    Clock Pessimism Removal (CPR):    -0.450ns
  Clock Uncertainty:      0.086ns  ((TSJ^2 + DJ^2)^1/2) / 2 + PE
    Total System Jitter     (TSJ):    0.071ns
    Discrete Jitter          (DJ):    0.157ns
    Phase Error              (PE):    0.000ns

    Location             Delay type                Incr(ns)  Path(ns)    Netlist Resource(s)
  -------------------------------------------------------------------    -------------------
                         (clock clk_out1_pll rise edge)
                                                      0.000     0.000 r  
    AD12                                              0.000     0.000 r  i_sys_clk_p (IN)
                         net (fo=0)                   0.000     0.000    pll_inst/inst/clk_in1_p
    AD12                 IBUFDS (Prop_ibufds_I_O)     0.906     0.906 r  pll_inst/inst/clkin1_ibufgds/O
                         net (fo=1, routed)           1.098     2.004    pll_inst/inst/clk_in1_pll
    PLLE2_ADV_X1Y1       PLLE2_ADV (Prop_plle2_adv_CLKIN1_CLKOUT0)
                                                     -8.058    -6.054 r  pll_inst/inst/plle2_adv_inst/CLKOUT0
                         net (fo=1, routed)           2.128    -3.926    pll_inst/inst/clk_out1_pll
    BUFGCTRL_X0Y1        BUFG (Prop_bufg_I_O)         0.093    -3.833 r  pll_inst/inst/clkout1_buf/O
                         net (fo=394, routed)         1.355    -2.478    uart_inst/clk_out1
    SLICE_X6Y153         FDCE                                         r  uart_inst/rx_data_reg[0]/C
  -------------------------------------------------------------------    -------------------
    SLICE_X6Y153         FDCE (Prop_fdce_C_Q)         0.259    -2.219 f  uart_inst/rx_data_reg[0]/Q
                         net (fo=20, routed)          0.750    -1.470    uart_inst/rx_data[0]
    SLICE_X7Y149         LUT3 (Prop_lut3_I1_O)        0.043    -1.427 r  uart_inst/sw[63]_i_2/O
                         net (fo=59, routed)          1.368    -0.059    uart_inst/sw[63]_i_2_n_0
    SLICE_X6Y150         LUT5 (Prop_lut5_I3_O)        0.051    -0.008 f  uart_inst/sw[54]_i_2/O
                         net (fo=7, routed)           0.670     0.662    uart_inst/sw[54]_i_2_n_0
    SLICE_X6Y146         LUT2 (Prop_lut2_I1_O)        0.134     0.796 r  uart_inst/sw[48]_i_1/O
                         net (fo=1, routed)           0.280     1.076    twin_controller_inst/E[48]
    SLICE_X6Y145         FDCE                                         r  twin_controller_inst/sw_reg[48]/CE
  -------------------------------------------------------------------    -------------------

                         (clock clk_out1_pll rise edge)
                                                     20.000    20.000 r  
    AD12                                              0.000    20.000 r  i_sys_clk_p (IN)
                         net (fo=0)                   0.000    20.000    pll_inst/inst/clk_in1_p
    AD12                 IBUFDS (Prop_ibufds_I_O)     0.803    20.803 r  pll_inst/inst/clkin1_ibufgds/O
                         net (fo=1, routed)           1.001    21.804    pll_inst/inst/clk_in1_pll
    PLLE2_ADV_X1Y1       PLLE2_ADV (Prop_plle2_adv_CLKIN1_CLKOUT0)
                                                     -7.261    14.543 r  pll_inst/inst/plle2_adv_inst/CLKOUT0
                         net (fo=1, routed)           2.003    16.546    pll_inst/inst/clk_out1_pll
    BUFGCTRL_X0Y1        BUFG (Prop_bufg_I_O)         0.083    16.629 r  pll_inst/inst/clkout1_buf/O
                         net (fo=394, routed)         1.391    18.020    twin_controller_inst/CLK
    SLICE_X6Y145         FDCE                                         r  twin_controller_inst/sw_reg[48]/C
                         clock pessimism             -0.450    17.571    
                         clock uncertainty           -0.086    17.484    
    SLICE_X6Y145         FDCE (Setup_fdce_C_CE)      -0.178    17.306    twin_controller_inst/sw_reg[48]
  -------------------------------------------------------------------
                         required time                         17.306    
                         arrival time                          -1.076    
  -------------------------------------------------------------------
                         slack                                 16.230    

Slack (MET) :             16.234ns  (required time - arrival time)
  Source:                 uart_inst/rx_data_reg[0]/C
                            (rising edge-triggered cell FDCE clocked by clk_out1_pll  {rise@0.000ns fall@10.000ns period=20.000ns})
  Destination:            twin_controller_inst/sw_reg[53]/CE
                            (rising edge-triggered cell FDCE clocked by clk_out1_pll  {rise@0.000ns fall@10.000ns period=20.000ns})
  Path Group:             clk_out1_pll
  Path Type:              Setup (Max at Slow Process Corner)
  Requirement:            20.000ns  (clk_out1_pll rise@20.000ns - clk_out1_pll rise@0.000ns)
  Data Path Delay:        3.435ns  (logic 0.496ns (14.439%)  route 2.939ns (85.561%))
  Logic Levels:           3  (LUT2=1 LUT3=1 LUT5=1)
  Clock Path Skew:        0.049ns (DCD - SCD + CPR)
    Destination Clock Delay (DCD):    -1.980ns = ( 18.020 - 20.000 ) 
    Source Clock Delay      (SCD):    -2.478ns
    Clock Pessimism Removal (CPR):    -0.450ns
  Clock Uncertainty:      0.086ns  ((TSJ^2 + DJ^2)^1/2) / 2 + PE
    Total System Jitter     (TSJ):    0.071ns
    Discrete Jitter          (DJ):    0.157ns
    Phase Error              (PE):    0.000ns

    Location             Delay type                Incr(ns)  Path(ns)    Netlist Resource(s)
  -------------------------------------------------------------------    -------------------
                         (clock clk_out1_pll rise edge)
                                                      0.000     0.000 r  
    AD12                                              0.000     0.000 r  i_sys_clk_p (IN)
                         net (fo=0)                   0.000     0.000    pll_inst/inst/clk_in1_p
    AD12                 IBUFDS (Prop_ibufds_I_O)     0.906     0.906 r  pll_inst/inst/clkin1_ibufgds/O
                         net (fo=1, routed)           1.098     2.004    pll_inst/inst/clk_in1_pll
    PLLE2_ADV_X1Y1       PLLE2_ADV (Prop_plle2_adv_CLKIN1_CLKOUT0)
                                                     -8.058    -6.054 r  pll_inst/inst/plle2_adv_inst/CLKOUT0
                         net (fo=1, routed)           2.128    -3.926    pll_inst/inst/clk_out1_pll
    BUFGCTRL_X0Y1        BUFG (Prop_bufg_I_O)         0.093    -3.833 r  pll_inst/inst/clkout1_buf/O
                         net (fo=394, routed)         1.355    -2.478    uart_inst/clk_out1
    SLICE_X6Y153         FDCE                                         r  uart_inst/rx_data_reg[0]/C
  -------------------------------------------------------------------    -------------------
    SLICE_X6Y153         FDCE (Prop_fdce_C_Q)         0.259    -2.219 f  uart_inst/rx_data_reg[0]/Q
                         net (fo=20, routed)          0.750    -1.470    uart_inst/rx_data[0]
    SLICE_X7Y149         LUT3 (Prop_lut3_I1_O)        0.043    -1.427 r  uart_inst/sw[63]_i_2/O
                         net (fo=59, routed)          1.368    -0.059    uart_inst/sw[63]_i_2_n_0
    SLICE_X6Y150         LUT5 (Prop_lut5_I3_O)        0.051    -0.008 f  uart_inst/sw[54]_i_2/O
                         net (fo=7, routed)           0.548     0.540    uart_inst/sw[54]_i_2_n_0
    SLICE_X7Y146         LUT2 (Prop_lut2_I1_O)        0.143     0.683 r  uart_inst/sw[53]_i_1/O
                         net (fo=1, routed)           0.274     0.957    twin_controller_inst/E[53]
    SLICE_X7Y148         FDCE                                         r  twin_controller_inst/sw_reg[53]/CE
  -------------------------------------------------------------------    -------------------

                         (clock clk_out1_pll rise edge)
                                                     20.000    20.000 r  
    AD12                                              0.000    20.000 r  i_sys_clk_p (IN)
                         net (fo=0)                   0.000    20.000    pll_inst/inst/clk_in1_p
    AD12                 IBUFDS (Prop_ibufds_I_O)     0.803    20.803 r  pll_inst/inst/clkin1_ibufgds/O
                         net (fo=1, routed)           1.001    21.804    pll_inst/inst/clk_in1_pll
    PLLE2_ADV_X1Y1       PLLE2_ADV (Prop_plle2_adv_CLKIN1_CLKOUT0)
                                                     -7.261    14.543 r  pll_inst/inst/plle2_adv_inst/CLKOUT0
                         net (fo=1, routed)           2.003    16.546    pll_inst/inst/clk_out1_pll
    BUFGCTRL_X0Y1        BUFG (Prop_bufg_I_O)         0.083    16.629 r  pll_inst/inst/clkout1_buf/O
                         net (fo=394, routed)         1.391    18.020    twin_controller_inst/CLK
    SLICE_X7Y148         FDCE                                         r  twin_controller_inst/sw_reg[53]/C
                         clock pessimism             -0.450    17.571    
                         clock uncertainty           -0.086    17.484    
    SLICE_X7Y148         FDCE (Setup_fdce_C_CE)      -0.294    17.190    twin_controller_inst/sw_reg[53]
  -------------------------------------------------------------------
                         required time                         17.190    
                         arrival time                          -0.957    
  -------------------------------------------------------------------
                         slack                                 16.234    





Min Delay Paths
--------------------------------------------------------------------------------------
Slack (MET) :             0.085ns  (arrival time - required time)
  Source:                 twin_controller_inst/sw_reg[30]/C
                            (rising edge-triggered cell FDCE clocked by clk_out1_pll  {rise@0.000ns fall@10.000ns period=20.000ns})
  Destination:            twin_controller_inst/status_buffer_reg[9][6]/D
                            (rising edge-triggered cell FDCE clocked by clk_out1_pll  {rise@0.000ns fall@10.000ns period=20.000ns})
  Path Group:             clk_out1_pll
  Path Type:              Hold (Min at Fast Process Corner)
  Requirement:            0.000ns  (clk_out1_pll rise@0.000ns - clk_out1_pll rise@0.000ns)
  Data Path Delay:        0.266ns  (logic 0.100ns (37.526%)  route 0.166ns (62.474%))
  Logic Levels:           0  
  Clock Path Skew:        0.141ns (DCD - SCD - CPR)
    Destination Clock Delay (DCD):    -0.650ns
    Source Clock Delay      (SCD):    -0.389ns
    Clock Pessimism Removal (CPR):    -0.403ns

    Location             Delay type                Incr(ns)  Path(ns)    Netlist Resource(s)
  -------------------------------------------------------------------    -------------------
                         (clock clk_out1_pll rise edge)
                                                      0.000     0.000 r  
    AD12                                              0.000     0.000 r  i_sys_clk_p (IN)
                         net (fo=0)                   0.000     0.000    pll_inst/inst/clk_in1_p
    AD12                 IBUFDS (Prop_ibufds_I_O)     0.388     0.388 r  pll_inst/inst/clkin1_ibufgds/O
                         net (fo=1, routed)           0.503     0.891    pll_inst/inst/clk_in1_pll
    PLLE2_ADV_X1Y1       PLLE2_ADV (Prop_plle2_adv_CLKIN1_CLKOUT0)
                                                     -2.908    -2.017 r  pll_inst/inst/plle2_adv_inst/CLKOUT0
                         net (fo=1, routed)           0.958    -1.059    pll_inst/inst/clk_out1_pll
    BUFGCTRL_X0Y1        BUFG (Prop_bufg_I_O)         0.026    -1.033 r  pll_inst/inst/clkout1_buf/O
                         net (fo=394, routed)         0.644    -0.389    twin_controller_inst/CLK
    SLICE_X11Y149        FDCE                                         r  twin_controller_inst/sw_reg[30]/C
  -------------------------------------------------------------------    -------------------
    SLICE_X11Y149        FDCE (Prop_fdce_C_Q)         0.100    -0.289 r  twin_controller_inst/sw_reg[30]/Q
                         net (fo=2, routed)           0.166    -0.122    twin_controller_inst/Q[23]
    SLICE_X8Y152         FDCE                                         r  twin_controller_inst/status_buffer_reg[9][6]/D
  -------------------------------------------------------------------    -------------------

                         (clock clk_out1_pll rise edge)
                                                      0.000     0.000 r  
    AD12                                              0.000     0.000 r  i_sys_clk_p (IN)
                         net (fo=0)                   0.000     0.000    pll_inst/inst/clk_in1_p
    AD12                 IBUFDS (Prop_ibufds_I_O)     0.470     0.470 r  pll_inst/inst/clkin1_ibufgds/O
                         net (fo=1, routed)           0.554     1.024    pll_inst/inst/clk_in1_pll
    PLLE2_ADV_X1Y1       PLLE2_ADV (Prop_plle2_adv_CLKIN1_CLKOUT0)
                                                     -3.524    -2.500 r  pll_inst/inst/plle2_adv_inst/CLKOUT0
                         net (fo=1, routed)           1.027    -1.473    pll_inst/inst/clk_out1_pll
    BUFGCTRL_X0Y1        BUFG (Prop_bufg_I_O)         0.030    -1.443 r  pll_inst/inst/clkout1_buf/O
                         net (fo=394, routed)         0.793    -0.650    twin_controller_inst/CLK
    SLICE_X8Y152         FDCE                                         r  twin_controller_inst/status_buffer_reg[9][6]/C
                         clock pessimism              0.403    -0.248    
    SLICE_X8Y152         FDCE (Hold_fdce_C_D)         0.040    -0.208    twin_controller_inst/status_buffer_reg[9][6]
  -------------------------------------------------------------------
                         required time                          0.208    
                         arrival time                          -0.122    
  -------------------------------------------------------------------
                         slack                                  0.085    

Slack (MET) :             0.087ns  (arrival time - required time)
  Source:                 twin_controller_inst/sw_reg[47]/C
                            (rising edge-triggered cell FDCE clocked by clk_out1_pll  {rise@0.000ns fall@10.000ns period=20.000ns})
  Destination:            twin_controller_inst/status_buffer_reg[11][7]/D
                            (rising edge-triggered cell FDCE clocked by clk_out1_pll  {rise@0.000ns fall@10.000ns period=20.000ns})
  Path Group:             clk_out1_pll
  Path Type:              Hold (Min at Fast Process Corner)
  Requirement:            0.000ns  (clk_out1_pll rise@0.000ns - clk_out1_pll rise@0.000ns)
  Data Path Delay:        0.260ns  (logic 0.100ns (38.534%)  route 0.160ns (61.466%))
  Logic Levels:           0  
  Clock Path Skew:        0.141ns (DCD - SCD - CPR)
    Destination Clock Delay (DCD):    -0.650ns
    Source Clock Delay      (SCD):    -0.389ns
    Clock Pessimism Removal (CPR):    -0.403ns

    Location             Delay type                Incr(ns)  Path(ns)    Netlist Resource(s)
  -------------------------------------------------------------------    -------------------
                         (clock clk_out1_pll rise edge)
                                                      0.000     0.000 r  
    AD12                                              0.000     0.000 r  i_sys_clk_p (IN)
                         net (fo=0)                   0.000     0.000    pll_inst/inst/clk_in1_p
    AD12                 IBUFDS (Prop_ibufds_I_O)     0.388     0.388 r  pll_inst/inst/clkin1_ibufgds/O
                         net (fo=1, routed)           0.503     0.891    pll_inst/inst/clk_in1_pll
    PLLE2_ADV_X1Y1       PLLE2_ADV (Prop_plle2_adv_CLKIN1_CLKOUT0)
                                                     -2.908    -2.017 r  pll_inst/inst/plle2_adv_inst/CLKOUT0
                         net (fo=1, routed)           0.958    -1.059    pll_inst/inst/clk_out1_pll
    BUFGCTRL_X0Y1        BUFG (Prop_bufg_I_O)         0.026    -1.033 r  pll_inst/inst/clkout1_buf/O
                         net (fo=394, routed)         0.644    -0.389    twin_controller_inst/CLK
    SLICE_X9Y149         FDCE                                         r  twin_controller_inst/sw_reg[47]/C
  -------------------------------------------------------------------    -------------------
    SLICE_X9Y149         FDCE (Prop_fdce_C_Q)         0.100    -0.289 r  twin_controller_inst/sw_reg[47]/Q
                         net (fo=2, routed)           0.160    -0.129    twin_controller_inst/Q[33]
    SLICE_X9Y150         FDCE                                         r  twin_controller_inst/status_buffer_reg[11][7]/D
  -------------------------------------------------------------------    -------------------

                         (clock clk_out1_pll rise edge)
                                                      0.000     0.000 r  
    AD12                                              0.000     0.000 r  i_sys_clk_p (IN)
                         net (fo=0)                   0.000     0.000    pll_inst/inst/clk_in1_p
    AD12                 IBUFDS (Prop_ibufds_I_O)     0.470     0.470 r  pll_inst/inst/clkin1_ibufgds/O
                         net (fo=1, routed)           0.554     1.024    pll_inst/inst/clk_in1_pll
    PLLE2_ADV_X1Y1       PLLE2_ADV (Prop_plle2_adv_CLKIN1_CLKOUT0)
                                                     -3.524    -2.500 r  pll_inst/inst/plle2_adv_inst/CLKOUT0
                         net (fo=1, routed)           1.027    -1.473    pll_inst/inst/clk_out1_pll
    BUFGCTRL_X0Y1        BUFG (Prop_bufg_I_O)         0.030    -1.443 r  pll_inst/inst/clkout1_buf/O
                         net (fo=394, routed)         0.793    -0.650    twin_controller_inst/CLK
    SLICE_X9Y150         FDCE                                         r  twin_controller_inst/status_buffer_reg[11][7]/C
                         clock pessimism              0.403    -0.248    
    SLICE_X9Y150         FDCE (Hold_fdce_C_D)         0.032    -0.216    twin_controller_inst/status_buffer_reg[11][7]
  -------------------------------------------------------------------
                         required time                          0.216    
                         arrival time                          -0.129    
  -------------------------------------------------------------------
                         slack                                  0.087    

Slack (MET) :             0.120ns  (arrival time - required time)
  Source:                 uart_inst/tx_cnt_reg[4]/C
                            (rising edge-triggered cell FDCE clocked by clk_out1_pll  {rise@0.000ns fall@10.000ns period=20.000ns})
  Destination:            uart_inst/tx_cnt_reg[5]/D
                            (rising edge-triggered cell FDCE clocked by clk_out1_pll  {rise@0.000ns fall@10.000ns period=20.000ns})
  Path Group:             clk_out1_pll
  Path Type:              Hold (Min at Fast Process Corner)
  Requirement:            0.000ns  (clk_out1_pll rise@0.000ns - clk_out1_pll rise@0.000ns)
  Data Path Delay:        0.218ns  (logic 0.128ns (58.604%)  route 0.090ns (41.396%))
  Logic Levels:           1  (LUT5=1)
  Clock Path Skew:        0.011ns (DCD - SCD - CPR)
    Destination Clock Delay (DCD):    -0.619ns
    Source Clock Delay      (SCD):    -0.409ns
    Clock Pessimism Removal (CPR):    -0.222ns

    Location             Delay type                Incr(ns)  Path(ns)    Netlist Resource(s)
  -------------------------------------------------------------------    -------------------
                         (clock clk_out1_pll rise edge)
                                                      0.000     0.000 r  
    AD12                                              0.000     0.000 r  i_sys_clk_p (IN)
                         net (fo=0)                   0.000     0.000    pll_inst/inst/clk_in1_p
    AD12                 IBUFDS (Prop_ibufds_I_O)     0.388     0.388 r  pll_inst/inst/clkin1_ibufgds/O
                         net (fo=1, routed)           0.503     0.891    pll_inst/inst/clk_in1_pll
    PLLE2_ADV_X1Y1       PLLE2_ADV (Prop_plle2_adv_CLKIN1_CLKOUT0)
                                                     -2.908    -2.017 r  pll_inst/inst/plle2_adv_inst/CLKOUT0
                         net (fo=1, routed)           0.958    -1.059    pll_inst/inst/clk_out1_pll
    BUFGCTRL_X0Y1        BUFG (Prop_bufg_I_O)         0.026    -1.033 r  pll_inst/inst/clkout1_buf/O
                         net (fo=394, routed)         0.624    -0.409    uart_inst/clk_out1
    SLICE_X3Y154         FDCE                                         r  uart_inst/tx_cnt_reg[4]/C
  -------------------------------------------------------------------    -------------------
    SLICE_X3Y154         FDCE (Prop_fdce_C_Q)         0.100    -0.309 r  uart_inst/tx_cnt_reg[4]/Q
                         net (fo=6, routed)           0.090    -0.218    uart_inst/tx_cnt_reg_n_0_[4]
    SLICE_X2Y154         LUT5 (Prop_lut5_I3_O)        0.028    -0.190 r  uart_inst/tx_cnt[5]_i_1/O
                         net (fo=1, routed)           0.000    -0.190    uart_inst/tx_cnt[5]
    SLICE_X2Y154         FDCE                                         r  uart_inst/tx_cnt_reg[5]/D
  -------------------------------------------------------------------    -------------------

                         (clock clk_out1_pll rise edge)
                                                      0.000     0.000 r  
    AD12                                              0.000     0.000 r  i_sys_clk_p (IN)
                         net (fo=0)                   0.000     0.000    pll_inst/inst/clk_in1_p
    AD12                 IBUFDS (Prop_ibufds_I_O)     0.470     0.470 r  pll_inst/inst/clkin1_ibufgds/O
                         net (fo=1, routed)           0.554     1.024    pll_inst/inst/clk_in1_pll
    PLLE2_ADV_X1Y1       PLLE2_ADV (Prop_plle2_adv_CLKIN1_CLKOUT0)
                                                     -3.524    -2.500 r  pll_inst/inst/plle2_adv_inst/CLKOUT0
                         net (fo=1, routed)           1.027    -1.473    pll_inst/inst/clk_out1_pll
    BUFGCTRL_X0Y1        BUFG (Prop_bufg_I_O)         0.030    -1.443 r  pll_inst/inst/clkout1_buf/O
                         net (fo=394, routed)         0.824    -0.619    uart_inst/clk_out1
    SLICE_X2Y154         FDCE                                         r  uart_inst/tx_cnt_reg[5]/C
                         clock pessimism              0.222    -0.398    
    SLICE_X2Y154         FDCE (Hold_fdce_C_D)         0.087    -0.311    uart_inst/tx_cnt_reg[5]
  -------------------------------------------------------------------
                         required time                          0.311    
                         arrival time                          -0.190    
  -------------------------------------------------------------------
                         slack                                  0.120    

Slack (MET) :             0.123ns  (arrival time - required time)
  Source:                 student_top_inst/bridge_inst/counter_inst/cnt_ms_reg[27]/C
                            (rising edge-triggered cell FDRE clocked by clk_out1_pll  {rise@0.000ns fall@10.000ns period=20.000ns})
  Destination:            student_top_inst/bridge_inst/counter_inst/perip_rdata_reg[27]/D
                            (rising edge-triggered cell FDRE clocked by clk_out1_pll  {rise@0.000ns fall@10.000ns period=20.000ns})
  Path Group:             clk_out1_pll
  Path Type:              Hold (Min at Fast Process Corner)
  Requirement:            0.000ns  (clk_out1_pll rise@0.000ns - clk_out1_pll rise@0.000ns)
  Data Path Delay:        0.166ns  (logic 0.100ns (60.101%)  route 0.066ns (39.899%))
  Logic Levels:           0  
  Clock Path Skew:        0.011ns (DCD - SCD - CPR)
    Destination Clock Delay (DCD):    -0.549ns
    Source Clock Delay      (SCD):    -0.360ns
    Clock Pessimism Removal (CPR):    -0.201ns

    Location             Delay type                Incr(ns)  Path(ns)    Netlist Resource(s)
  -------------------------------------------------------------------    -------------------
                         (clock clk_out1_pll rise edge)
                                                      0.000     0.000 r  
    AD12                                              0.000     0.000 r  i_sys_clk_p (IN)
                         net (fo=0)                   0.000     0.000    pll_inst/inst/clk_in1_p
    AD12                 IBUFDS (Prop_ibufds_I_O)     0.388     0.388 r  pll_inst/inst/clkin1_ibufgds/O
                         net (fo=1, routed)           0.503     0.891    pll_inst/inst/clk_in1_pll
    PLLE2_ADV_X1Y1       PLLE2_ADV (Prop_plle2_adv_CLKIN1_CLKOUT0)
                                                     -2.908    -2.017 r  pll_inst/inst/plle2_adv_inst/CLKOUT0
                         net (fo=1, routed)           0.958    -1.059    pll_inst/inst/clk_out1_pll
    BUFGCTRL_X0Y1        BUFG (Prop_bufg_I_O)         0.026    -1.033 r  pll_inst/inst/clkout1_buf/O
                         net (fo=394, routed)         0.673    -0.360    student_top_inst/bridge_inst/counter_inst/cnt_ms_reg[31]_0
    SLICE_X5Y142         FDRE                                         r  student_top_inst/bridge_inst/counter_inst/cnt_ms_reg[27]/C
  -------------------------------------------------------------------    -------------------
    SLICE_X5Y142         FDRE (Prop_fdre_C_Q)         0.100    -0.260 r  student_top_inst/bridge_inst/counter_inst/cnt_ms_reg[27]/Q
                         net (fo=2, routed)           0.066    -0.193    student_top_inst/bridge_inst/counter_inst/cnt_ms[27]
    SLICE_X4Y142         FDRE                                         r  student_top_inst/bridge_inst/counter_inst/perip_rdata_reg[27]/D
  -------------------------------------------------------------------    -------------------

                         (clock clk_out1_pll rise edge)
                                                      0.000     0.000 r  
    AD12                                              0.000     0.000 r  i_sys_clk_p (IN)
                         net (fo=0)                   0.000     0.000    pll_inst/inst/clk_in1_p
    AD12                 IBUFDS (Prop_ibufds_I_O)     0.470     0.470 r  pll_inst/inst/clkin1_ibufgds/O
                         net (fo=1, routed)           0.554     1.024    pll_inst/inst/clk_in1_pll
    PLLE2_ADV_X1Y1       PLLE2_ADV (Prop_plle2_adv_CLKIN1_CLKOUT0)
                                                     -3.524    -2.500 r  pll_inst/inst/plle2_adv_inst/CLKOUT0
                         net (fo=1, routed)           1.027    -1.473    pll_inst/inst/clk_out1_pll
    BUFGCTRL_X0Y1        BUFG (Prop_bufg_I_O)         0.030    -1.443 r  pll_inst/inst/clkout1_buf/O
                         net (fo=394, routed)         0.894    -0.549    student_top_inst/bridge_inst/counter_inst/cnt_ms_reg[31]_0
    SLICE_X4Y142         FDRE                                         r  student_top_inst/bridge_inst/counter_inst/perip_rdata_reg[27]/C
                         clock pessimism              0.201    -0.349    
    SLICE_X4Y142         FDRE (Hold_fdre_C_D)         0.032    -0.317    student_top_inst/bridge_inst/counter_inst/perip_rdata_reg[27]
  -------------------------------------------------------------------
                         required time                          0.317    
                         arrival time                          -0.193    
  -------------------------------------------------------------------
                         slack                                  0.123    

Slack (MET) :             0.124ns  (arrival time - required time)
  Source:                 uart_inst/rx_shift_reg[0]/C
                            (rising edge-triggered cell FDCE clocked by clk_out1_pll  {rise@0.000ns fall@10.000ns period=20.000ns})
  Destination:            uart_inst/rx_data_reg[0]/D
                            (rising edge-triggered cell FDCE clocked by clk_out1_pll  {rise@0.000ns fall@10.000ns period=20.000ns})
  Path Group:             clk_out1_pll
  Path Type:              Hold (Min at Fast Process Corner)
  Requirement:            0.000ns  (clk_out1_pll rise@0.000ns - clk_out1_pll rise@0.000ns)
  Data Path Delay:        0.197ns  (logic 0.100ns (50.843%)  route 0.097ns (49.157%))
  Logic Levels:           0  
  Clock Path Skew:        0.014ns (DCD - SCD - CPR)
    Destination Clock Delay (DCD):    -0.620ns
    Source Clock Delay      (SCD):    -0.411ns
    Clock Pessimism Removal (CPR):    -0.224ns

    Location             Delay type                Incr(ns)  Path(ns)    Netlist Resource(s)
  -------------------------------------------------------------------    -------------------
                         (clock clk_out1_pll rise edge)
                                                      0.000     0.000 r  
    AD12                                              0.000     0.000 r  i_sys_clk_p (IN)
                         net (fo=0)                   0.000     0.000    pll_inst/inst/clk_in1_p
    AD12                 IBUFDS (Prop_ibufds_I_O)     0.388     0.388 r  pll_inst/inst/clkin1_ibufgds/O
                         net (fo=1, routed)           0.503     0.891    pll_inst/inst/clk_in1_pll
    PLLE2_ADV_X1Y1       PLLE2_ADV (Prop_plle2_adv_CLKIN1_CLKOUT0)
                                                     -2.908    -2.017 r  pll_inst/inst/plle2_adv_inst/CLKOUT0
                         net (fo=1, routed)           0.958    -1.059    pll_inst/inst/clk_out1_pll
    BUFGCTRL_X0Y1        BUFG (Prop_bufg_I_O)         0.026    -1.033 r  pll_inst/inst/clkout1_buf/O
                         net (fo=394, routed)         0.622    -0.411    uart_inst/clk_out1
    SLICE_X7Y154         FDCE                                         r  uart_inst/rx_shift_reg[0]/C
  -------------------------------------------------------------------    -------------------
    SLICE_X7Y154         FDCE (Prop_fdce_C_Q)         0.100    -0.311 r  uart_inst/rx_shift_reg[0]/Q
                         net (fo=1, routed)           0.097    -0.214    uart_inst/rx_shift[0]
    SLICE_X6Y153         FDCE                                         r  uart_inst/rx_data_reg[0]/D
  -------------------------------------------------------------------    -------------------

                         (clock clk_out1_pll rise edge)
                                                      0.000     0.000 r  
    AD12                                              0.000     0.000 r  i_sys_clk_p (IN)
                         net (fo=0)                   0.000     0.000    pll_inst/inst/clk_in1_p
    AD12                 IBUFDS (Prop_ibufds_I_O)     0.470     0.470 r  pll_inst/inst/clkin1_ibufgds/O
                         net (fo=1, routed)           0.554     1.024    pll_inst/inst/clk_in1_pll
    PLLE2_ADV_X1Y1       PLLE2_ADV (Prop_plle2_adv_CLKIN1_CLKOUT0)
                                                     -3.524    -2.500 r  pll_inst/inst/plle2_adv_inst/CLKOUT0
                         net (fo=1, routed)           1.027    -1.473    pll_inst/inst/clk_out1_pll
    BUFGCTRL_X0Y1        BUFG (Prop_bufg_I_O)         0.030    -1.443 r  pll_inst/inst/clkout1_buf/O
                         net (fo=394, routed)         0.823    -0.620    uart_inst/clk_out1
    SLICE_X6Y153         FDCE                                         r  uart_inst/rx_data_reg[0]/C
                         clock pessimism              0.224    -0.397    
    SLICE_X6Y153         FDCE (Hold_fdce_C_D)         0.059    -0.338    uart_inst/rx_data_reg[0]
  -------------------------------------------------------------------
                         required time                          0.338    
                         arrival time                          -0.214    
  -------------------------------------------------------------------
                         slack                                  0.124    

Slack (MET) :             0.127ns  (arrival time - required time)
  Source:                 uart_inst/rx_cnt_reg[3]/C
                            (rising edge-triggered cell FDCE clocked by clk_out1_pll  {rise@0.000ns fall@10.000ns period=20.000ns})
  Destination:            uart_inst/rx_cnt_reg[4]/D
                            (rising edge-triggered cell FDCE clocked by clk_out1_pll  {rise@0.000ns fall@10.000ns period=20.000ns})
  Path Group:             clk_out1_pll
  Path Type:              Hold (Min at Fast Process Corner)
  Requirement:            0.000ns  (clk_out1_pll rise@0.000ns - clk_out1_pll rise@0.000ns)
  Data Path Delay:        0.199ns  (logic 0.128ns (64.407%)  route 0.071ns (35.593%))
  Logic Levels:           1  (LUT6=1)
  Clock Path Skew:        0.011ns (DCD - SCD - CPR)
    Destination Clock Delay (DCD):    -0.624ns
    Source Clock Delay      (SCD):    -0.413ns
    Clock Pessimism Removal (CPR):    -0.223ns

    Location             Delay type                Incr(ns)  Path(ns)    Netlist Resource(s)
  -------------------------------------------------------------------    -------------------
                         (clock clk_out1_pll rise edge)
                                                      0.000     0.000 r  
    AD12                                              0.000     0.000 r  i_sys_clk_p (IN)
                         net (fo=0)                   0.000     0.000    pll_inst/inst/clk_in1_p
    AD12                 IBUFDS (Prop_ibufds_I_O)     0.388     0.388 r  pll_inst/inst/clkin1_ibufgds/O
                         net (fo=1, routed)           0.503     0.891    pll_inst/inst/clk_in1_pll
    PLLE2_ADV_X1Y1       PLLE2_ADV (Prop_plle2_adv_CLKIN1_CLKOUT0)
                                                     -2.908    -2.017 r  pll_inst/inst/plle2_adv_inst/CLKOUT0
                         net (fo=1, routed)           0.958    -1.059    pll_inst/inst/clk_out1_pll
    BUFGCTRL_X0Y1        BUFG (Prop_bufg_I_O)         0.026    -1.033 r  pll_inst/inst/clkout1_buf/O
                         net (fo=394, routed)         0.620    -0.413    uart_inst/clk_out1
    SLICE_X1Y164         FDCE                                         r  uart_inst/rx_cnt_reg[3]/C
  -------------------------------------------------------------------    -------------------
    SLICE_X1Y164         FDCE (Prop_fdce_C_Q)         0.100    -0.313 r  uart_inst/rx_cnt_reg[3]/Q
                         net (fo=9, routed)           0.071    -0.242    uart_inst/rx_cnt_reg_n_0_[3]
    SLICE_X0Y164         LUT6 (Prop_lut6_I1_O)        0.028    -0.214 r  uart_inst/rx_cnt[4]_i_1/O
                         net (fo=1, routed)           0.000    -0.214    uart_inst/rx_cnt[4]
    SLICE_X0Y164         FDCE                                         r  uart_inst/rx_cnt_reg[4]/D
  -------------------------------------------------------------------    -------------------

                         (clock clk_out1_pll rise edge)
                                                      0.000     0.000 r  
    AD12                                              0.000     0.000 r  i_sys_clk_p (IN)
                         net (fo=0)                   0.000     0.000    pll_inst/inst/clk_in1_p
    AD12                 IBUFDS (Prop_ibufds_I_O)     0.470     0.470 r  pll_inst/inst/clkin1_ibufgds/O
                         net (fo=1, routed)           0.554     1.024    pll_inst/inst/clk_in1_pll
    PLLE2_ADV_X1Y1       PLLE2_ADV (Prop_plle2_adv_CLKIN1_CLKOUT0)
                                                     -3.524    -2.500 r  pll_inst/inst/plle2_adv_inst/CLKOUT0
                         net (fo=1, routed)           1.027    -1.473    pll_inst/inst/clk_out1_pll
    BUFGCTRL_X0Y1        BUFG (Prop_bufg_I_O)         0.030    -1.443 r  pll_inst/inst/clkout1_buf/O
                         net (fo=394, routed)         0.819    -0.624    uart_inst/clk_out1
    SLICE_X0Y164         FDCE                                         r  uart_inst/rx_cnt_reg[4]/C
                         clock pessimism              0.223    -0.402    
    SLICE_X0Y164         FDCE (Hold_fdce_C_D)         0.061    -0.341    uart_inst/rx_cnt_reg[4]
  -------------------------------------------------------------------
                         required time                          0.341    
                         arrival time                          -0.214    
  -------------------------------------------------------------------
                         slack                                  0.127    

Slack (MET) :             0.131ns  (arrival time - required time)
  Source:                 twin_controller_inst/sw_reg[24]/C
                            (rising edge-triggered cell FDCE clocked by clk_out1_pll  {rise@0.000ns fall@10.000ns period=20.000ns})
  Destination:            twin_controller_inst/status_buffer_reg[9][0]/D
                            (rising edge-triggered cell FDCE clocked by clk_out1_pll  {rise@0.000ns fall@10.000ns period=20.000ns})
  Path Group:             clk_out1_pll
  Path Type:              Hold (Min at Fast Process Corner)
  Requirement:            0.000ns  (clk_out1_pll rise@0.000ns - clk_out1_pll rise@0.000ns)
  Data Path Delay:        0.209ns  (logic 0.100ns (47.898%)  route 0.109ns (52.102%))
  Logic Levels:           0  
  Clock Path Skew:        0.031ns (DCD - SCD - CPR)
    Destination Clock Delay (DCD):    -0.548ns
    Source Clock Delay      (SCD):    -0.357ns
    Clock Pessimism Removal (CPR):    -0.223ns

    Location             Delay type                Incr(ns)  Path(ns)    Netlist Resource(s)
  -------------------------------------------------------------------    -------------------
                         (clock clk_out1_pll rise edge)
                                                      0.000     0.000 r  
    AD12                                              0.000     0.000 r  i_sys_clk_p (IN)
                         net (fo=0)                   0.000     0.000    pll_inst/inst/clk_in1_p
    AD12                 IBUFDS (Prop_ibufds_I_O)     0.388     0.388 r  pll_inst/inst/clkin1_ibufgds/O
                         net (fo=1, routed)           0.503     0.891    pll_inst/inst/clk_in1_pll
    PLLE2_ADV_X1Y1       PLLE2_ADV (Prop_plle2_adv_CLKIN1_CLKOUT0)
                                                     -2.908    -2.017 r  pll_inst/inst/plle2_adv_inst/CLKOUT0
                         net (fo=1, routed)           0.958    -1.059    pll_inst/inst/clk_out1_pll
    BUFGCTRL_X0Y1        BUFG (Prop_bufg_I_O)         0.026    -1.033 r  pll_inst/inst/clkout1_buf/O
                         net (fo=394, routed)         0.676    -0.357    twin_controller_inst/CLK
    SLICE_X1Y145         FDCE                                         r  twin_controller_inst/sw_reg[24]/C
  -------------------------------------------------------------------    -------------------
    SLICE_X1Y145         FDCE (Prop_fdce_C_Q)         0.100    -0.257 r  twin_controller_inst/sw_reg[24]/Q
                         net (fo=2, routed)           0.109    -0.148    twin_controller_inst/Q[17]
    SLICE_X5Y145         FDCE                                         r  twin_controller_inst/status_buffer_reg[9][0]/D
  -------------------------------------------------------------------    -------------------

                         (clock clk_out1_pll rise edge)
                                                      0.000     0.000 r  
    AD12                                              0.000     0.000 r  i_sys_clk_p (IN)
                         net (fo=0)                   0.000     0.000    pll_inst/inst/clk_in1_p
    AD12                 IBUFDS (Prop_ibufds_I_O)     0.470     0.470 r  pll_inst/inst/clkin1_ibufgds/O
                         net (fo=1, routed)           0.554     1.024    pll_inst/inst/clk_in1_pll
    PLLE2_ADV_X1Y1       PLLE2_ADV (Prop_plle2_adv_CLKIN1_CLKOUT0)
                                                     -3.524    -2.500 r  pll_inst/inst/plle2_adv_inst/CLKOUT0
                         net (fo=1, routed)           1.027    -1.473    pll_inst/inst/clk_out1_pll
    BUFGCTRL_X0Y1        BUFG (Prop_bufg_I_O)         0.030    -1.443 r  pll_inst/inst/clkout1_buf/O
                         net (fo=394, routed)         0.895    -0.548    twin_controller_inst/CLK
    SLICE_X5Y145         FDCE                                         r  twin_controller_inst/status_buffer_reg[9][0]/C
                         clock pessimism              0.223    -0.326    
    SLICE_X5Y145         FDCE (Hold_fdce_C_D)         0.047    -0.279    twin_controller_inst/status_buffer_reg[9][0]
  -------------------------------------------------------------------
                         required time                          0.279    
                         arrival time                          -0.148    
  -------------------------------------------------------------------
                         slack                                  0.131    

Slack (MET) :             0.131ns  (arrival time - required time)
  Source:                 twin_controller_inst/key_reg[5]/C
                            (rising edge-triggered cell FDCE clocked by clk_out1_pll  {rise@0.000ns fall@10.000ns period=20.000ns})
  Destination:            twin_controller_inst/status_buffer_reg[5][5]/D
                            (rising edge-triggered cell FDCE clocked by clk_out1_pll  {rise@0.000ns fall@10.000ns period=20.000ns})
  Path Group:             clk_out1_pll
  Path Type:              Hold (Min at Fast Process Corner)
  Requirement:            0.000ns  (clk_out1_pll rise@0.000ns - clk_out1_pll rise@0.000ns)
  Data Path Delay:        0.208ns  (logic 0.100ns (47.972%)  route 0.108ns (52.028%))
  Logic Levels:           0  
  Clock Path Skew:        0.034ns (DCD - SCD - CPR)
    Destination Clock Delay (DCD):    -0.546ns
    Source Clock Delay      (SCD):    -0.358ns
    Clock Pessimism Removal (CPR):    -0.223ns

    Location             Delay type                Incr(ns)  Path(ns)    Netlist Resource(s)
  -------------------------------------------------------------------    -------------------
                         (clock clk_out1_pll rise edge)
                                                      0.000     0.000 r  
    AD12                                              0.000     0.000 r  i_sys_clk_p (IN)
                         net (fo=0)                   0.000     0.000    pll_inst/inst/clk_in1_p
    AD12                 IBUFDS (Prop_ibufds_I_O)     0.388     0.388 r  pll_inst/inst/clkin1_ibufgds/O
                         net (fo=1, routed)           0.503     0.891    pll_inst/inst/clk_in1_pll
    PLLE2_ADV_X1Y1       PLLE2_ADV (Prop_plle2_adv_CLKIN1_CLKOUT0)
                                                     -2.908    -2.017 r  pll_inst/inst/plle2_adv_inst/CLKOUT0
                         net (fo=1, routed)           0.958    -1.059    pll_inst/inst/clk_out1_pll
    BUFGCTRL_X0Y1        BUFG (Prop_bufg_I_O)         0.026    -1.033 r  pll_inst/inst/clkout1_buf/O
                         net (fo=394, routed)         0.675    -0.358    twin_controller_inst/CLK
    SLICE_X5Y148         FDCE                                         r  twin_controller_inst/key_reg[5]/C
  -------------------------------------------------------------------    -------------------
    SLICE_X5Y148         FDCE (Prop_fdce_C_Q)         0.100    -0.258 r  twin_controller_inst/key_reg[5]/Q
                         net (fo=2, routed)           0.108    -0.149    twin_controller_inst/virtual_key[5]
    SLICE_X3Y147         FDCE                                         r  twin_controller_inst/status_buffer_reg[5][5]/D
  -------------------------------------------------------------------    -------------------

                         (clock clk_out1_pll rise edge)
                                                      0.000     0.000 r  
    AD12                                              0.000     0.000 r  i_sys_clk_p (IN)
                         net (fo=0)                   0.000     0.000    pll_inst/inst/clk_in1_p
    AD12                 IBUFDS (Prop_ibufds_I_O)     0.470     0.470 r  pll_inst/inst/clkin1_ibufgds/O
                         net (fo=1, routed)           0.554     1.024    pll_inst/inst/clk_in1_pll
    PLLE2_ADV_X1Y1       PLLE2_ADV (Prop_plle2_adv_CLKIN1_CLKOUT0)
                                                     -3.524    -2.500 r  pll_inst/inst/plle2_adv_inst/CLKOUT0
                         net (fo=1, routed)           1.027    -1.473    pll_inst/inst/clk_out1_pll
    BUFGCTRL_X0Y1        BUFG (Prop_bufg_I_O)         0.030    -1.443 r  pll_inst/inst/clkout1_buf/O
                         net (fo=394, routed)         0.897    -0.546    twin_controller_inst/CLK
    SLICE_X3Y147         FDCE                                         r  twin_controller_inst/status_buffer_reg[5][5]/C
                         clock pessimism              0.223    -0.324    
    SLICE_X3Y147         FDCE (Hold_fdce_C_D)         0.043    -0.281    twin_controller_inst/status_buffer_reg[5][5]
  -------------------------------------------------------------------
                         required time                          0.281    
                         arrival time                          -0.149    
  -------------------------------------------------------------------
                         slack                                  0.131    

Slack (MET) :             0.137ns  (arrival time - required time)
  Source:                 uart_inst/tx_shift_reg[0]/C
                            (rising edge-triggered cell FDPE clocked by clk_out1_pll  {rise@0.000ns fall@10.000ns period=20.000ns})
  Destination:            uart_inst/tx_reg/D
                            (rising edge-triggered cell FDPE clocked by clk_out1_pll  {rise@0.000ns fall@10.000ns period=20.000ns})
  Path Group:             clk_out1_pll
  Path Type:              Hold (Min at Fast Process Corner)
  Requirement:            0.000ns  (clk_out1_pll rise@0.000ns - clk_out1_pll rise@0.000ns)
  Data Path Delay:        0.208ns  (logic 0.100ns (48.142%)  route 0.108ns (51.858%))
  Logic Levels:           0  
  Clock Path Skew:        0.031ns (DCD - SCD - CPR)
    Destination Clock Delay (DCD):    -0.620ns
    Source Clock Delay      (SCD):    -0.409ns
    Clock Pessimism Removal (CPR):    -0.243ns

    Location             Delay type                Incr(ns)  Path(ns)    Netlist Resource(s)
  -------------------------------------------------------------------    -------------------
                         (clock clk_out1_pll rise edge)
                                                      0.000     0.000 r  
    AD12                                              0.000     0.000 r  i_sys_clk_p (IN)
                         net (fo=0)                   0.000     0.000    pll_inst/inst/clk_in1_p
    AD12                 IBUFDS (Prop_ibufds_I_O)     0.388     0.388 r  pll_inst/inst/clkin1_ibufgds/O
                         net (fo=1, routed)           0.503     0.891    pll_inst/inst/clk_in1_pll
    PLLE2_ADV_X1Y1       PLLE2_ADV (Prop_plle2_adv_CLKIN1_CLKOUT0)
                                                     -2.908    -2.017 r  pll_inst/inst/plle2_adv_inst/CLKOUT0
                         net (fo=1, routed)           0.958    -1.059    pll_inst/inst/clk_out1_pll
    BUFGCTRL_X0Y1        BUFG (Prop_bufg_I_O)         0.026    -1.033 r  pll_inst/inst/clkout1_buf/O
                         net (fo=394, routed)         0.624    -0.409    uart_inst/clk_out1
    SLICE_X3Y153         FDPE                                         r  uart_inst/tx_shift_reg[0]/C
  -------------------------------------------------------------------    -------------------
    SLICE_X3Y153         FDPE (Prop_fdpe_C_Q)         0.100    -0.309 r  uart_inst/tx_shift_reg[0]/Q
                         net (fo=1, routed)           0.108    -0.201    uart_inst/tx_shift_reg_n_0_[0]
    SLICE_X4Y154         FDPE                                         r  uart_inst/tx_reg/D
  -------------------------------------------------------------------    -------------------

                         (clock clk_out1_pll rise edge)
                                                      0.000     0.000 r  
    AD12                                              0.000     0.000 r  i_sys_clk_p (IN)
                         net (fo=0)                   0.000     0.000    pll_inst/inst/clk_in1_p
    AD12                 IBUFDS (Prop_ibufds_I_O)     0.470     0.470 r  pll_inst/inst/clkin1_ibufgds/O
                         net (fo=1, routed)           0.554     1.024    pll_inst/inst/clk_in1_pll
    PLLE2_ADV_X1Y1       PLLE2_ADV (Prop_plle2_adv_CLKIN1_CLKOUT0)
                                                     -3.524    -2.500 r  pll_inst/inst/plle2_adv_inst/CLKOUT0
                         net (fo=1, routed)           1.027    -1.473    pll_inst/inst/clk_out1_pll
    BUFGCTRL_X0Y1        BUFG (Prop_bufg_I_O)         0.030    -1.443 r  pll_inst/inst/clkout1_buf/O
                         net (fo=394, routed)         0.823    -0.620    uart_inst/clk_out1
    SLICE_X4Y154         FDPE                                         r  uart_inst/tx_reg/C
                         clock pessimism              0.243    -0.378    
    SLICE_X4Y154         FDPE (Hold_fdpe_C_D)         0.040    -0.338    uart_inst/tx_reg
  -------------------------------------------------------------------
                         required time                          0.338    
                         arrival time                          -0.201    
  -------------------------------------------------------------------
                         slack                                  0.137    

Slack (MET) :             0.138ns  (arrival time - required time)
  Source:                 twin_controller_inst/sw_reg[0]/C
                            (rising edge-triggered cell FDCE clocked by clk_out1_pll  {rise@0.000ns fall@10.000ns period=20.000ns})
  Destination:            twin_controller_inst/status_buffer_reg[6][0]/D
                            (rising edge-triggered cell FDCE clocked by clk_out1_pll  {rise@0.000ns fall@10.000ns period=20.000ns})
  Path Group:             clk_out1_pll
  Path Type:              Hold (Min at Fast Process Corner)
  Requirement:            0.000ns  (clk_out1_pll rise@0.000ns - clk_out1_pll rise@0.000ns)
  Data Path Delay:        0.215ns  (logic 0.100ns (46.610%)  route 0.115ns (53.390%))
  Logic Levels:           0  
  Clock Path Skew:        0.034ns (DCD - SCD - CPR)
    Destination Clock Delay (DCD):    -0.547ns
    Source Clock Delay      (SCD):    -0.359ns
    Clock Pessimism Removal (CPR):    -0.223ns

    Location             Delay type                Incr(ns)  Path(ns)    Netlist Resource(s)
  -------------------------------------------------------------------    -------------------
                         (clock clk_out1_pll rise edge)
                                                      0.000     0.000 r  
    AD12                                              0.000     0.000 r  i_sys_clk_p (IN)
                         net (fo=0)                   0.000     0.000    pll_inst/inst/clk_in1_p
    AD12                 IBUFDS (Prop_ibufds_I_O)     0.388     0.388 r  pll_inst/inst/clkin1_ibufgds/O
                         net (fo=1, routed)           0.503     0.891    pll_inst/inst/clk_in1_pll
    PLLE2_ADV_X1Y1       PLLE2_ADV (Prop_plle2_adv_CLKIN1_CLKOUT0)
                                                     -2.908    -2.017 r  pll_inst/inst/plle2_adv_inst/CLKOUT0
                         net (fo=1, routed)           0.958    -1.059    pll_inst/inst/clk_out1_pll
    BUFGCTRL_X0Y1        BUFG (Prop_bufg_I_O)         0.026    -1.033 r  pll_inst/inst/clkout1_buf/O
                         net (fo=394, routed)         0.674    -0.359    twin_controller_inst/CLK
    SLICE_X4Y145         FDCE                                         r  twin_controller_inst/sw_reg[0]/C
  -------------------------------------------------------------------    -------------------
    SLICE_X4Y145         FDCE (Prop_fdce_C_Q)         0.100    -0.259 r  twin_controller_inst/sw_reg[0]/Q
                         net (fo=2, routed)           0.115    -0.144    twin_controller_inst/virtual_sw[0]
    SLICE_X3Y145         FDCE                                         r  twin_controller_inst/status_buffer_reg[6][0]/D
  -------------------------------------------------------------------    -------------------

                         (clock clk_out1_pll rise edge)
                                                      0.000     0.000 r  
    AD12                                              0.000     0.000 r  i_sys_clk_p (IN)
                         net (fo=0)                   0.000     0.000    pll_inst/inst/clk_in1_p
    AD12                 IBUFDS (Prop_ibufds_I_O)     0.470     0.470 r  pll_inst/inst/clkin1_ibufgds/O
                         net (fo=1, routed)           0.554     1.024    pll_inst/inst/clk_in1_pll
    PLLE2_ADV_X1Y1       PLLE2_ADV (Prop_plle2_adv_CLKIN1_CLKOUT0)
                                                     -3.524    -2.500 r  pll_inst/inst/plle2_adv_inst/CLKOUT0
                         net (fo=1, routed)           1.027    -1.473    pll_inst/inst/clk_out1_pll
    BUFGCTRL_X0Y1        BUFG (Prop_bufg_I_O)         0.030    -1.443 r  pll_inst/inst/clkout1_buf/O
                         net (fo=394, routed)         0.896    -0.547    twin_controller_inst/CLK
    SLICE_X3Y145         FDCE                                         r  twin_controller_inst/status_buffer_reg[6][0]/C
                         clock pessimism              0.223    -0.325    
    SLICE_X3Y145         FDCE (Hold_fdce_C_D)         0.043    -0.282    twin_controller_inst/status_buffer_reg[6][0]
  -------------------------------------------------------------------
                         required time                          0.282    
                         arrival time                          -0.144    
  -------------------------------------------------------------------
                         slack                                  0.138    





Pulse Width Checks
--------------------------------------------------------------------------------------
Clock Name:         clk_out1_pll
Waveform(ns):       { 0.000 10.000 }
Period(ns):         20.000
Sources:            { pll_inst/inst/plle2_adv_inst/CLKOUT0 }

Check Type        Corner  Lib Pin            Reference Pin  Required(ns)  Actual(ns)  Slack(ns)  Location        Pin
Min Period        n/a     BUFG/I             n/a            1.408         20.000      18.591     BUFGCTRL_X0Y1   pll_inst/inst/clkout1_buf/I
Min Period        n/a     PLLE2_ADV/CLKOUT0  n/a            1.071         20.000      18.929     PLLE2_ADV_X1Y1  pll_inst/inst/plle2_adv_inst/CLKOUT0
Min Period        n/a     FDRE/C             n/a            0.750         20.000      19.250     SLICE_X13Y145   student_top_inst/bridge_inst/counter_inst/cnt_1ms_reg[3]/C
Min Period        n/a     FDRE/C             n/a            0.750         20.000      19.250     SLICE_X14Y146   student_top_inst/bridge_inst/counter_inst/cnt_1ms_reg[9]/C
Min Period        n/a     FDRE/C             n/a            0.750         20.000      19.250     SLICE_X4Y140    student_top_inst/bridge_inst/counter_inst/perip_rdata_reg[17]/C
Min Period        n/a     FDRE/C             n/a            0.750         20.000      19.250     SLICE_X4Y140    student_top_inst/bridge_inst/counter_inst/perip_rdata_reg[18]/C
Min Period        n/a     FDRE/C             n/a            0.750         20.000      19.250     SLICE_X4Y140    student_top_inst/bridge_inst/counter_inst/perip_rdata_reg[19]/C
Min Period        n/a     FDRE/C             n/a            0.750         20.000      19.250     SLICE_X4Y141    student_top_inst/bridge_inst/counter_inst/perip_rdata_reg[6]/C
Min Period        n/a     FDRE/C             n/a            0.750         20.000      19.250     SLICE_X4Y142    student_top_inst/bridge_inst/counter_inst/perip_rdata_reg[7]/C
Min Period        n/a     FDCE/C             n/a            0.750         20.000      19.250     SLICE_X9Y152    twin_controller_inst/status_buffer_reg[14][6]/C
Max Period        n/a     PLLE2_ADV/CLKOUT0  n/a            160.000       20.000      140.000    PLLE2_ADV_X1Y1  pll_inst/inst/plle2_adv_inst/CLKOUT0
Low Pulse Width   Slow    FDRE/C             n/a            0.400         10.000      9.600      SLICE_X13Y145   student_top_inst/bridge_inst/counter_inst/cnt_1ms_reg[3]/C
Low Pulse Width   Fast    FDRE/C             n/a            0.400         10.000      9.600      SLICE_X13Y145   student_top_inst/bridge_inst/counter_inst/cnt_1ms_reg[3]/C
Low Pulse Width   Slow    FDRE/C             n/a            0.400         10.000      9.600      SLICE_X14Y146   student_top_inst/bridge_inst/counter_inst/cnt_1ms_reg[9]/C
Low Pulse Width   Fast    FDRE/C             n/a            0.400         10.000      9.600      SLICE_X14Y146   student_top_inst/bridge_inst/counter_inst/cnt_1ms_reg[9]/C
Low Pulse Width   Slow    FDRE/C             n/a            0.400         10.000      9.600      SLICE_X4Y140    student_top_inst/bridge_inst/counter_inst/perip_rdata_reg[17]/C
Low Pulse Width   Fast    FDRE/C             n/a            0.400         10.000      9.600      SLICE_X4Y140    student_top_inst/bridge_inst/counter_inst/perip_rdata_reg[17]/C
Low Pulse Width   Slow    FDRE/C             n/a            0.400         10.000      9.600      SLICE_X4Y140    student_top_inst/bridge_inst/counter_inst/perip_rdata_reg[18]/C
Low Pulse Width   Fast    FDRE/C             n/a            0.400         10.000      9.600      SLICE_X4Y140    student_top_inst/bridge_inst/counter_inst/perip_rdata_reg[18]/C
Low Pulse Width   Slow    FDRE/C             n/a            0.400         10.000      9.600      SLICE_X4Y140    student_top_inst/bridge_inst/counter_inst/perip_rdata_reg[19]/C
Low Pulse Width   Fast    FDRE/C             n/a            0.400         10.000      9.600      SLICE_X4Y140    student_top_inst/bridge_inst/counter_inst/perip_rdata_reg[19]/C
High Pulse Width  Slow    FDRE/C             n/a            0.350         10.000      9.650      SLICE_X12Y143   student_top_inst/bridge_inst/counter_inst/cnt_1ms_reg[0]/C
High Pulse Width  Fast    FDRE/C             n/a            0.350         10.000      9.650      SLICE_X12Y143   student_top_inst/bridge_inst/counter_inst/cnt_1ms_reg[0]/C
High Pulse Width  Slow    FDRE/C             n/a            0.350         10.000      9.650      SLICE_X14Y146   student_top_inst/bridge_inst/counter_inst/cnt_1ms_reg[10]/C
High Pulse Width  Fast    FDRE/C             n/a            0.350         10.000      9.650      SLICE_X14Y146   student_top_inst/bridge_inst/counter_inst/cnt_1ms_reg[10]/C
High Pulse Width  Slow    FDRE/C             n/a            0.350         10.000      9.650      SLICE_X13Y146   student_top_inst/bridge_inst/counter_inst/cnt_1ms_reg[11]/C
High Pulse Width  Fast    FDRE/C             n/a            0.350         10.000      9.650      SLICE_X13Y146   student_top_inst/bridge_inst/counter_inst/cnt_1ms_reg[11]/C
High Pulse Width  Slow    FDRE/C             n/a            0.350         10.000      9.650      SLICE_X13Y146   student_top_inst/bridge_inst/counter_inst/cnt_1ms_reg[12]/C
High Pulse Width  Fast    FDRE/C             n/a            0.350         10.000      9.650      SLICE_X13Y146   student_top_inst/bridge_inst/counter_inst/cnt_1ms_reg[12]/C
High Pulse Width  Slow    FDRE/C             n/a            0.350         10.000      9.650      SLICE_X13Y146   student_top_inst/bridge_inst/counter_inst/cnt_1ms_reg[13]/C
High Pulse Width  Fast    FDRE/C             n/a            0.350         10.000      9.650      SLICE_X13Y146   student_top_inst/bridge_inst/counter_inst/cnt_1ms_reg[13]/C



---------------------------------------------------------------------------------------------------
From Clock:  clk_out2_pll
  To Clock:  clk_out2_pll

Setup :            0  Failing Endpoints,  Worst Slack        0.865ns,  Total Violation        0.000ns
Hold  :            0  Failing Endpoints,  Worst Slack        0.062ns,  Total Violation        0.000ns
PW    :            0  Failing Endpoints,  Worst Slack        2.565ns,  Total Violation        0.000ns
---------------------------------------------------------------------------------------------------


Max Delay Paths
--------------------------------------------------------------------------------------
Slack (MET) :             0.865ns  (required time - arrival time)
  Source:                 student_top_inst/u_RISCV_CORE/INST_IF_UNIT/u_pc/pc_o_reg[10]/C
                            (rising edge-triggered cell FDCE clocked by clk_out2_pll  {rise@0.000ns fall@3.333ns period=6.667ns})
  Destination:            student_top_inst/Mem_IROM/U0/synth_options.dist_mem_inst/gen_rom.rom_inst/qspo_int_reg[11]/D
                            (rising edge-triggered cell FDRE clocked by clk_out2_pll  {rise@0.000ns fall@3.333ns period=6.667ns})
  Path Group:             clk_out2_pll
  Path Type:              Setup (Max at Slow Process Corner)
  Requirement:            6.667ns  (clk_out2_pll rise@6.667ns - clk_out2_pll rise@0.000ns)
  Data Path Delay:        5.569ns  (logic 0.506ns (9.086%)  route 5.063ns (90.914%))
  Logic Levels:           4  (LUT6=2 MUXF7=1 MUXF8=1)
  Clock Path Skew:        -0.236ns (DCD - SCD + CPR)
    Destination Clock Delay (DCD):    -2.151ns = ( 4.516 - 6.667 ) 
    Source Clock Delay      (SCD):    -2.364ns
    Clock Pessimism Removal (CPR):    -0.450ns
  Clock Uncertainty:      0.072ns  ((TSJ^2 + DJ^2)^1/2) / 2 + PE
    Total System Jitter     (TSJ):    0.071ns
    Discrete Jitter          (DJ):    0.126ns
    Phase Error              (PE):    0.000ns

    Location             Delay type                Incr(ns)  Path(ns)    Netlist Resource(s)
  -------------------------------------------------------------------    -------------------
                         (clock clk_out2_pll rise edge)
                                                      0.000     0.000 r  
    AD12                                              0.000     0.000 r  i_sys_clk_p (IN)
                         net (fo=0)                   0.000     0.000    pll_inst/inst/clk_in1_p
    AD12                 IBUFDS (Prop_ibufds_I_O)     0.906     0.906 r  pll_inst/inst/clkin1_ibufgds/O
                         net (fo=1, routed)           1.098     2.004    pll_inst/inst/clk_in1_pll
    PLLE2_ADV_X1Y1       PLLE2_ADV (Prop_plle2_adv_CLKIN1_CLKOUT1)
                                                     -8.058    -6.054 r  pll_inst/inst/plle2_adv_inst/CLKOUT1
                         net (fo=1, routed)           2.128    -3.926    pll_inst/inst/clk_out2_pll
    BUFGCTRL_X0Y0        BUFG (Prop_bufg_I_O)         0.093    -3.833 r  pll_inst/inst/clkout2_buf/O
                         net (fo=3836, routed)        1.469    -2.364    student_top_inst/u_RISCV_CORE/INST_IF_UNIT/u_pc/clk
    SLICE_X14Y110        FDCE                                         r  student_top_inst/u_RISCV_CORE/INST_IF_UNIT/u_pc/pc_o_reg[10]/C
  -------------------------------------------------------------------    -------------------
    SLICE_X14Y110        FDCE (Prop_fdce_C_Q)         0.259    -2.105 r  student_top_inst/u_RISCV_CORE/INST_IF_UNIT/u_pc/pc_o_reg[10]/Q
                         net (fo=363, routed)         4.487     2.381    student_top_inst/Mem_IROM/U0/synth_options.dist_mem_inst/gen_rom.rom_inst/a[8]
    SLICE_X8Y158         LUT6 (Prop_lut6_I2_O)        0.043     2.424 r  student_top_inst/Mem_IROM/U0/synth_options.dist_mem_inst/gen_rom.rom_inst/qspo_int[11]_i_10/O
                         net (fo=1, routed)           0.577     3.001    student_top_inst/Mem_IROM/U0/synth_options.dist_mem_inst/gen_rom.rom_inst/qspo_int[11]_i_10_n_0
    SLICE_X6Y157         LUT6 (Prop_lut6_I5_O)        0.043     3.044 r  student_top_inst/Mem_IROM/U0/synth_options.dist_mem_inst/gen_rom.rom_inst/qspo_int[11]_i_4/O
                         net (fo=1, routed)           0.000     3.044    student_top_inst/Mem_IROM/U0/synth_options.dist_mem_inst/gen_rom.rom_inst/qspo_int[11]_i_4_n_0
    SLICE_X6Y157         MUXF7 (Prop_muxf7_I0_O)      0.115     3.159 r  student_top_inst/Mem_IROM/U0/synth_options.dist_mem_inst/gen_rom.rom_inst/qspo_int_reg[11]_i_2/O
                         net (fo=1, routed)           0.000     3.159    student_top_inst/Mem_IROM/U0/synth_options.dist_mem_inst/gen_rom.rom_inst/qspo_int_reg[11]_i_2_n_0
    SLICE_X6Y157         MUXF8 (Prop_muxf8_I0_O)      0.046     3.205 r  student_top_inst/Mem_IROM/U0/synth_options.dist_mem_inst/gen_rom.rom_inst/qspo_int_reg[11]_i_1/O
                         net (fo=1, routed)           0.000     3.205    student_top_inst/Mem_IROM/U0/synth_options.dist_mem_inst/gen_rom.rom_inst/qspo_int_reg[11]_i_1_n_0
    SLICE_X6Y157         FDRE                                         r  student_top_inst/Mem_IROM/U0/synth_options.dist_mem_inst/gen_rom.rom_inst/qspo_int_reg[11]/D
  -------------------------------------------------------------------    -------------------

                         (clock clk_out2_pll rise edge)
                                                      6.667     6.667 r  
    AD12                                              0.000     6.667 r  i_sys_clk_p (IN)
                         net (fo=0)                   0.000     6.667    pll_inst/inst/clk_in1_p
    AD12                 IBUFDS (Prop_ibufds_I_O)     0.803     7.470 r  pll_inst/inst/clkin1_ibufgds/O
                         net (fo=1, routed)           1.001     8.471    pll_inst/inst/clk_in1_pll
    PLLE2_ADV_X1Y1       PLLE2_ADV (Prop_plle2_adv_CLKIN1_CLKOUT1)
                                                     -7.261     1.210 r  pll_inst/inst/plle2_adv_inst/CLKOUT1
                         net (fo=1, routed)           2.003     3.213    pll_inst/inst/clk_out2_pll
    BUFGCTRL_X0Y0        BUFG (Prop_bufg_I_O)         0.083     3.296 r  pll_inst/inst/clkout2_buf/O
                         net (fo=3836, routed)        1.220     4.516    student_top_inst/Mem_IROM/U0/synth_options.dist_mem_inst/gen_rom.rom_inst/clk
    SLICE_X6Y157         FDRE                                         r  student_top_inst/Mem_IROM/U0/synth_options.dist_mem_inst/gen_rom.rom_inst/qspo_int_reg[11]/C
                         clock pessimism             -0.450     4.066    
                         clock uncertainty           -0.072     3.994    
    SLICE_X6Y157         FDRE (Setup_fdre_C_D)        0.076     4.070    student_top_inst/Mem_IROM/U0/synth_options.dist_mem_inst/gen_rom.rom_inst/qspo_int_reg[11]
  -------------------------------------------------------------------
                         required time                          4.070    
                         arrival time                          -3.205    
  -------------------------------------------------------------------
                         slack                                  0.865    

Slack (MET) :             0.865ns  (required time - arrival time)
  Source:                 student_top_inst/u_RISCV_CORE/INST_IF_UNIT/u_pc/pc_o_reg[2]_rep__2/C
                            (rising edge-triggered cell FDCE clocked by clk_out2_pll  {rise@0.000ns fall@3.333ns period=6.667ns})
  Destination:            student_top_inst/u_RISCV_CORE/INST_IF_UNIT/u_pc/pc_o_reg[2]_rep__3/D
                            (rising edge-triggered cell FDCE clocked by clk_out2_pll  {rise@0.000ns fall@3.333ns period=6.667ns})
  Path Group:             clk_out2_pll
  Path Type:              Setup (Max at Slow Process Corner)
  Requirement:            6.667ns  (clk_out2_pll rise@6.667ns - clk_out2_pll rise@0.000ns)
  Data Path Delay:        5.617ns  (logic 0.487ns (8.670%)  route 5.130ns (91.330%))
  Logic Levels:           6  (LUT5=1 LUT6=5)
  Clock Path Skew:        0.000ns (DCD - SCD + CPR)
    Destination Clock Delay (DCD):    -1.986ns = ( 4.681 - 6.667 ) 
    Source Clock Delay      (SCD):    -2.314ns
    Clock Pessimism Removal (CPR):    -0.329ns
  Clock Uncertainty:      0.072ns  ((TSJ^2 + DJ^2)^1/2) / 2 + PE
    Total System Jitter     (TSJ):    0.071ns
    Discrete Jitter          (DJ):    0.126ns
    Phase Error              (PE):    0.000ns

    Location             Delay type                Incr(ns)  Path(ns)    Netlist Resource(s)
  -------------------------------------------------------------------    -------------------
                         (clock clk_out2_pll rise edge)
                                                      0.000     0.000 r  
    AD12                                              0.000     0.000 r  i_sys_clk_p (IN)
                         net (fo=0)                   0.000     0.000    pll_inst/inst/clk_in1_p
    AD12                 IBUFDS (Prop_ibufds_I_O)     0.906     0.906 r  pll_inst/inst/clkin1_ibufgds/O
                         net (fo=1, routed)           1.098     2.004    pll_inst/inst/clk_in1_pll
    PLLE2_ADV_X1Y1       PLLE2_ADV (Prop_plle2_adv_CLKIN1_CLKOUT1)
                                                     -8.058    -6.054 r  pll_inst/inst/plle2_adv_inst/CLKOUT1
                         net (fo=1, routed)           2.128    -3.926    pll_inst/inst/clk_out2_pll
    BUFGCTRL_X0Y0        BUFG (Prop_bufg_I_O)         0.093    -3.833 r  pll_inst/inst/clkout2_buf/O
                         net (fo=3836, routed)        1.519    -2.314    student_top_inst/u_RISCV_CORE/INST_IF_UNIT/u_pc/clk
    SLICE_X7Y115         FDCE                                         r  student_top_inst/u_RISCV_CORE/INST_IF_UNIT/u_pc/pc_o_reg[2]_rep__2/C
  -------------------------------------------------------------------    -------------------
    SLICE_X7Y115         FDCE (Prop_fdce_C_Q)         0.223    -2.091 r  student_top_inst/u_RISCV_CORE/INST_IF_UNIT/u_pc/pc_o_reg[2]_rep__2/Q
                         net (fo=120, routed)         1.508    -0.584    student_top_inst/u_RISCV_CORE/u_bpu/u_GLOBAL_PREDICTOR/pc_o[13]_i_14_0
    SLICE_X46Y98         LUT6 (Prop_lut6_I4_O)        0.043    -0.541 f  student_top_inst/u_RISCV_CORE/u_bpu/u_GLOBAL_PREDICTOR/G_taken_i_101/O
                         net (fo=1, routed)           0.441    -0.100    student_top_inst/u_RISCV_CORE/u_bpu/u_GLOBAL_PREDICTOR/G_taken_i_101_n_0
    SLICE_X43Y98         LUT6 (Prop_lut6_I1_O)        0.043    -0.057 r  student_top_inst/u_RISCV_CORE/u_bpu/u_GLOBAL_PREDICTOR/G_taken_i_43/O
                         net (fo=1, routed)           0.485     0.428    student_top_inst/u_RISCV_CORE/u_bpu/u_GLOBAL_PREDICTOR/G_taken_i_43_n_0
    SLICE_X38Y95         LUT6 (Prop_lut6_I1_O)        0.043     0.471 r  student_top_inst/u_RISCV_CORE/u_bpu/u_GLOBAL_PREDICTOR/G_taken_i_11/O
                         net (fo=1, routed)           0.609     1.079    student_top_inst/u_RISCV_CORE/u_bpu/u_GLOBAL_PREDICTOR/G_taken_i_11_n_0
    SLICE_X38Y107        LUT6 (Prop_lut6_I3_O)        0.043     1.122 r  student_top_inst/u_RISCV_CORE/u_bpu/u_GLOBAL_PREDICTOR/G_taken_i_3/O
                         net (fo=2, routed)           0.953     2.075    student_top_inst/u_RISCV_CORE/u_bpu/u_GLOBAL_PREDICTOR/G_taken_i_3_n_0
    SLICE_X18Y109        LUT6 (Prop_lut6_I1_O)        0.043     2.118 r  student_top_inst/u_RISCV_CORE/u_bpu/u_GLOBAL_PREDICTOR/predict_taken_reg_i_1/O
                         net (fo=25, routed)          0.765     2.883    student_top_inst/u_RISCV_CORE/INST_ID_UNIT/u_id_ex/pred_taken
    SLICE_X7Y115         LUT5 (Prop_lut5_I3_O)        0.049     2.932 r  student_top_inst/u_RISCV_CORE/INST_ID_UNIT/u_id_ex/pc_o[2]_rep__3_i_1/O
                         net (fo=1, routed)           0.371     3.303    student_top_inst/u_RISCV_CORE/INST_IF_UNIT/u_pc/pc_o_reg[2]_rep__3_3
    SLICE_X7Y115         FDCE                                         r  student_top_inst/u_RISCV_CORE/INST_IF_UNIT/u_pc/pc_o_reg[2]_rep__3/D
  -------------------------------------------------------------------    -------------------

                         (clock clk_out2_pll rise edge)
                                                      6.667     6.667 r  
    AD12                                              0.000     6.667 r  i_sys_clk_p (IN)
                         net (fo=0)                   0.000     6.667    pll_inst/inst/clk_in1_p
    AD12                 IBUFDS (Prop_ibufds_I_O)     0.803     7.470 r  pll_inst/inst/clkin1_ibufgds/O
                         net (fo=1, routed)           1.001     8.471    pll_inst/inst/clk_in1_pll
    PLLE2_ADV_X1Y1       PLLE2_ADV (Prop_plle2_adv_CLKIN1_CLKOUT1)
                                                     -7.261     1.210 r  pll_inst/inst/plle2_adv_inst/CLKOUT1
                         net (fo=1, routed)           2.003     3.213    pll_inst/inst/clk_out2_pll
    BUFGCTRL_X0Y0        BUFG (Prop_bufg_I_O)         0.083     3.296 r  pll_inst/inst/clkout2_buf/O
                         net (fo=3836, routed)        1.385     4.681    student_top_inst/u_RISCV_CORE/INST_IF_UNIT/u_pc/clk
    SLICE_X7Y115         FDCE                                         r  student_top_inst/u_RISCV_CORE/INST_IF_UNIT/u_pc/pc_o_reg[2]_rep__3/C
                         clock pessimism             -0.329     4.352    
                         clock uncertainty           -0.072     4.280    
    SLICE_X7Y115         FDCE (Setup_fdce_C_D)       -0.112     4.168    student_top_inst/u_RISCV_CORE/INST_IF_UNIT/u_pc/pc_o_reg[2]_rep__3
  -------------------------------------------------------------------
                         required time                          4.168    
                         arrival time                          -3.303    
  -------------------------------------------------------------------
                         slack                                  0.865    

Slack (MET) :             0.916ns  (required time - arrival time)
  Source:                 student_top_inst/u_RISCV_CORE/INST_IF_UNIT/u_pc/pc_o_reg[2]_rep__2/C
                            (rising edge-triggered cell FDCE clocked by clk_out2_pll  {rise@0.000ns fall@3.333ns period=6.667ns})
  Destination:            student_top_inst/u_RISCV_CORE/INST_IF_UNIT/u_pc/pc_o_reg[2]_rep__0/D
                            (rising edge-triggered cell FDCE clocked by clk_out2_pll  {rise@0.000ns fall@3.333ns period=6.667ns})
  Path Group:             clk_out2_pll
  Path Type:              Setup (Max at Slow Process Corner)
  Requirement:            6.667ns  (clk_out2_pll rise@6.667ns - clk_out2_pll rise@0.000ns)
  Data Path Delay:        5.479ns  (logic 0.487ns (8.889%)  route 4.992ns (91.111%))
  Logic Levels:           6  (LUT5=1 LUT6=5)
  Clock Path Skew:        -0.101ns (DCD - SCD + CPR)
    Destination Clock Delay (DCD):    -2.041ns = ( 4.626 - 6.667 ) 
    Source Clock Delay      (SCD):    -2.314ns
    Clock Pessimism Removal (CPR):    -0.375ns
  Clock Uncertainty:      0.072ns  ((TSJ^2 + DJ^2)^1/2) / 2 + PE
    Total System Jitter     (TSJ):    0.071ns
    Discrete Jitter          (DJ):    0.126ns
    Phase Error              (PE):    0.000ns

    Location             Delay type                Incr(ns)  Path(ns)    Netlist Resource(s)
  -------------------------------------------------------------------    -------------------
                         (clock clk_out2_pll rise edge)
                                                      0.000     0.000 r  
    AD12                                              0.000     0.000 r  i_sys_clk_p (IN)
                         net (fo=0)                   0.000     0.000    pll_inst/inst/clk_in1_p
    AD12                 IBUFDS (Prop_ibufds_I_O)     0.906     0.906 r  pll_inst/inst/clkin1_ibufgds/O
                         net (fo=1, routed)           1.098     2.004    pll_inst/inst/clk_in1_pll
    PLLE2_ADV_X1Y1       PLLE2_ADV (Prop_plle2_adv_CLKIN1_CLKOUT1)
                                                     -8.058    -6.054 r  pll_inst/inst/plle2_adv_inst/CLKOUT1
                         net (fo=1, routed)           2.128    -3.926    pll_inst/inst/clk_out2_pll
    BUFGCTRL_X0Y0        BUFG (Prop_bufg_I_O)         0.093    -3.833 r  pll_inst/inst/clkout2_buf/O
                         net (fo=3836, routed)        1.519    -2.314    student_top_inst/u_RISCV_CORE/INST_IF_UNIT/u_pc/clk
    SLICE_X7Y115         FDCE                                         r  student_top_inst/u_RISCV_CORE/INST_IF_UNIT/u_pc/pc_o_reg[2]_rep__2/C
  -------------------------------------------------------------------    -------------------
    SLICE_X7Y115         FDCE (Prop_fdce_C_Q)         0.223    -2.091 r  student_top_inst/u_RISCV_CORE/INST_IF_UNIT/u_pc/pc_o_reg[2]_rep__2/Q
                         net (fo=120, routed)         1.508    -0.584    student_top_inst/u_RISCV_CORE/u_bpu/u_GLOBAL_PREDICTOR/pc_o[13]_i_14_0
    SLICE_X46Y98         LUT6 (Prop_lut6_I4_O)        0.043    -0.541 f  student_top_inst/u_RISCV_CORE/u_bpu/u_GLOBAL_PREDICTOR/G_taken_i_101/O
                         net (fo=1, routed)           0.441    -0.100    student_top_inst/u_RISCV_CORE/u_bpu/u_GLOBAL_PREDICTOR/G_taken_i_101_n_0
    SLICE_X43Y98         LUT6 (Prop_lut6_I1_O)        0.043    -0.057 r  student_top_inst/u_RISCV_CORE/u_bpu/u_GLOBAL_PREDICTOR/G_taken_i_43/O
                         net (fo=1, routed)           0.485     0.428    student_top_inst/u_RISCV_CORE/u_bpu/u_GLOBAL_PREDICTOR/G_taken_i_43_n_0
    SLICE_X38Y95         LUT6 (Prop_lut6_I1_O)        0.043     0.471 r  student_top_inst/u_RISCV_CORE/u_bpu/u_GLOBAL_PREDICTOR/G_taken_i_11/O
                         net (fo=1, routed)           0.609     1.079    student_top_inst/u_RISCV_CORE/u_bpu/u_GLOBAL_PREDICTOR/G_taken_i_11_n_0
    SLICE_X38Y107        LUT6 (Prop_lut6_I3_O)        0.043     1.122 r  student_top_inst/u_RISCV_CORE/u_bpu/u_GLOBAL_PREDICTOR/G_taken_i_3/O
                         net (fo=2, routed)           0.953     2.075    student_top_inst/u_RISCV_CORE/u_bpu/u_GLOBAL_PREDICTOR/G_taken_i_3_n_0
    SLICE_X18Y109        LUT6 (Prop_lut6_I1_O)        0.043     2.118 r  student_top_inst/u_RISCV_CORE/u_bpu/u_GLOBAL_PREDICTOR/predict_taken_reg_i_1/O
                         net (fo=25, routed)          0.630     2.748    student_top_inst/u_RISCV_CORE/INST_ID_UNIT/u_id_ex/pred_taken
    SLICE_X10Y116        LUT5 (Prop_lut5_I3_O)        0.049     2.797 r  student_top_inst/u_RISCV_CORE/INST_ID_UNIT/u_id_ex/pc_o[2]_rep__0_i_1/O
                         net (fo=1, routed)           0.367     3.164    student_top_inst/u_RISCV_CORE/INST_IF_UNIT/u_pc/pc_o_reg[2]_rep__0_1
    SLICE_X10Y116        FDCE                                         r  student_top_inst/u_RISCV_CORE/INST_IF_UNIT/u_pc/pc_o_reg[2]_rep__0/D
  -------------------------------------------------------------------    -------------------

                         (clock clk_out2_pll rise edge)
                                                      6.667     6.667 r  
    AD12                                              0.000     6.667 r  i_sys_clk_p (IN)
                         net (fo=0)                   0.000     6.667    pll_inst/inst/clk_in1_p
    AD12                 IBUFDS (Prop_ibufds_I_O)     0.803     7.470 r  pll_inst/inst/clkin1_ibufgds/O
                         net (fo=1, routed)           1.001     8.471    pll_inst/inst/clk_in1_pll
    PLLE2_ADV_X1Y1       PLLE2_ADV (Prop_plle2_adv_CLKIN1_CLKOUT1)
                                                     -7.261     1.210 r  pll_inst/inst/plle2_adv_inst/CLKOUT1
                         net (fo=1, routed)           2.003     3.213    pll_inst/inst/clk_out2_pll
    BUFGCTRL_X0Y0        BUFG (Prop_bufg_I_O)         0.083     3.296 r  pll_inst/inst/clkout2_buf/O
                         net (fo=3836, routed)        1.330     4.626    student_top_inst/u_RISCV_CORE/INST_IF_UNIT/u_pc/clk
    SLICE_X10Y116        FDCE                                         r  student_top_inst/u_RISCV_CORE/INST_IF_UNIT/u_pc/pc_o_reg[2]_rep__0/C
                         clock pessimism             -0.375     4.251    
                         clock uncertainty           -0.072     4.179    
    SLICE_X10Y116        FDCE (Setup_fdce_C_D)       -0.099     4.080    student_top_inst/u_RISCV_CORE/INST_IF_UNIT/u_pc/pc_o_reg[2]_rep__0
  -------------------------------------------------------------------
                         required time                          4.080    
                         arrival time                          -3.164    
  -------------------------------------------------------------------
                         slack                                  0.916    

Slack (MET) :             0.923ns  (required time - arrival time)
  Source:                 student_top_inst/u_RISCV_CORE/INST_IF_UNIT/u_pc/pc_o_reg[2]_rep__2/C
                            (rising edge-triggered cell FDCE clocked by clk_out2_pll  {rise@0.000ns fall@3.333ns period=6.667ns})
  Destination:            student_top_inst/u_RISCV_CORE/INST_IF_UNIT/u_pc/pc_o_reg[2]/D
                            (rising edge-triggered cell FDCE clocked by clk_out2_pll  {rise@0.000ns fall@3.333ns period=6.667ns})
  Path Group:             clk_out2_pll
  Path Type:              Setup (Max at Slow Process Corner)
  Requirement:            6.667ns  (clk_out2_pll rise@6.667ns - clk_out2_pll rise@0.000ns)
  Data Path Delay:        5.556ns  (logic 0.492ns (8.856%)  route 5.064ns (91.144%))
  Logic Levels:           6  (LUT5=1 LUT6=5)
  Clock Path Skew:        0.000ns (DCD - SCD + CPR)
    Destination Clock Delay (DCD):    -1.986ns = ( 4.681 - 6.667 ) 
    Source Clock Delay      (SCD):    -2.314ns
    Clock Pessimism Removal (CPR):    -0.329ns
  Clock Uncertainty:      0.072ns  ((TSJ^2 + DJ^2)^1/2) / 2 + PE
    Total System Jitter     (TSJ):    0.071ns
    Discrete Jitter          (DJ):    0.126ns
    Phase Error              (PE):    0.000ns

    Location             Delay type                Incr(ns)  Path(ns)    Netlist Resource(s)
  -------------------------------------------------------------------    -------------------
                         (clock clk_out2_pll rise edge)
                                                      0.000     0.000 r  
    AD12                                              0.000     0.000 r  i_sys_clk_p (IN)
                         net (fo=0)                   0.000     0.000    pll_inst/inst/clk_in1_p
    AD12                 IBUFDS (Prop_ibufds_I_O)     0.906     0.906 r  pll_inst/inst/clkin1_ibufgds/O
                         net (fo=1, routed)           1.098     2.004    pll_inst/inst/clk_in1_pll
    PLLE2_ADV_X1Y1       PLLE2_ADV (Prop_plle2_adv_CLKIN1_CLKOUT1)
                                                     -8.058    -6.054 r  pll_inst/inst/plle2_adv_inst/CLKOUT1
                         net (fo=1, routed)           2.128    -3.926    pll_inst/inst/clk_out2_pll
    BUFGCTRL_X0Y0        BUFG (Prop_bufg_I_O)         0.093    -3.833 r  pll_inst/inst/clkout2_buf/O
                         net (fo=3836, routed)        1.519    -2.314    student_top_inst/u_RISCV_CORE/INST_IF_UNIT/u_pc/clk
    SLICE_X7Y115         FDCE                                         r  student_top_inst/u_RISCV_CORE/INST_IF_UNIT/u_pc/pc_o_reg[2]_rep__2/C
  -------------------------------------------------------------------    -------------------
    SLICE_X7Y115         FDCE (Prop_fdce_C_Q)         0.223    -2.091 r  student_top_inst/u_RISCV_CORE/INST_IF_UNIT/u_pc/pc_o_reg[2]_rep__2/Q
                         net (fo=120, routed)         1.508    -0.584    student_top_inst/u_RISCV_CORE/u_bpu/u_GLOBAL_PREDICTOR/pc_o[13]_i_14_0
    SLICE_X46Y98         LUT6 (Prop_lut6_I4_O)        0.043    -0.541 f  student_top_inst/u_RISCV_CORE/u_bpu/u_GLOBAL_PREDICTOR/G_taken_i_101/O
                         net (fo=1, routed)           0.441    -0.100    student_top_inst/u_RISCV_CORE/u_bpu/u_GLOBAL_PREDICTOR/G_taken_i_101_n_0
    SLICE_X43Y98         LUT6 (Prop_lut6_I1_O)        0.043    -0.057 r  student_top_inst/u_RISCV_CORE/u_bpu/u_GLOBAL_PREDICTOR/G_taken_i_43/O
                         net (fo=1, routed)           0.485     0.428    student_top_inst/u_RISCV_CORE/u_bpu/u_GLOBAL_PREDICTOR/G_taken_i_43_n_0
    SLICE_X38Y95         LUT6 (Prop_lut6_I1_O)        0.043     0.471 r  student_top_inst/u_RISCV_CORE/u_bpu/u_GLOBAL_PREDICTOR/G_taken_i_11/O
                         net (fo=1, routed)           0.609     1.079    student_top_inst/u_RISCV_CORE/u_bpu/u_GLOBAL_PREDICTOR/G_taken_i_11_n_0
    SLICE_X38Y107        LUT6 (Prop_lut6_I3_O)        0.043     1.122 r  student_top_inst/u_RISCV_CORE/u_bpu/u_GLOBAL_PREDICTOR/G_taken_i_3/O
                         net (fo=2, routed)           0.953     2.075    student_top_inst/u_RISCV_CORE/u_bpu/u_GLOBAL_PREDICTOR/G_taken_i_3_n_0
    SLICE_X18Y109        LUT6 (Prop_lut6_I1_O)        0.043     2.118 r  student_top_inst/u_RISCV_CORE/u_bpu/u_GLOBAL_PREDICTOR/predict_taken_reg_i_1/O
                         net (fo=25, routed)          0.766     2.884    student_top_inst/u_RISCV_CORE/INST_ID_UNIT/u_id_ex/pred_taken
    SLICE_X7Y115         LUT5 (Prop_lut5_I3_O)        0.054     2.938 r  student_top_inst/u_RISCV_CORE/INST_ID_UNIT/u_id_ex/pc_o[2]_i_1/O
                         net (fo=1, routed)           0.303     3.241    student_top_inst/u_RISCV_CORE/INST_IF_UNIT/u_pc/pc_o_reg[13]_0[2]
    SLICE_X7Y115         FDCE                                         r  student_top_inst/u_RISCV_CORE/INST_IF_UNIT/u_pc/pc_o_reg[2]/D
  -------------------------------------------------------------------    -------------------

                         (clock clk_out2_pll rise edge)
                                                      6.667     6.667 r  
    AD12                                              0.000     6.667 r  i_sys_clk_p (IN)
                         net (fo=0)                   0.000     6.667    pll_inst/inst/clk_in1_p
    AD12                 IBUFDS (Prop_ibufds_I_O)     0.803     7.470 r  pll_inst/inst/clkin1_ibufgds/O
                         net (fo=1, routed)           1.001     8.471    pll_inst/inst/clk_in1_pll
    PLLE2_ADV_X1Y1       PLLE2_ADV (Prop_plle2_adv_CLKIN1_CLKOUT1)
                                                     -7.261     1.210 r  pll_inst/inst/plle2_adv_inst/CLKOUT1
                         net (fo=1, routed)           2.003     3.213    pll_inst/inst/clk_out2_pll
    BUFGCTRL_X0Y0        BUFG (Prop_bufg_I_O)         0.083     3.296 r  pll_inst/inst/clkout2_buf/O
                         net (fo=3836, routed)        1.385     4.681    student_top_inst/u_RISCV_CORE/INST_IF_UNIT/u_pc/clk
    SLICE_X7Y115         FDCE                                         r  student_top_inst/u_RISCV_CORE/INST_IF_UNIT/u_pc/pc_o_reg[2]/C
                         clock pessimism             -0.329     4.352    
                         clock uncertainty           -0.072     4.280    
    SLICE_X7Y115         FDCE (Setup_fdce_C_D)       -0.116     4.164    student_top_inst/u_RISCV_CORE/INST_IF_UNIT/u_pc/pc_o_reg[2]
  -------------------------------------------------------------------
                         required time                          4.164    
                         arrival time                          -3.241    
  -------------------------------------------------------------------
                         slack                                  0.923    

Slack (MET) :             0.970ns  (required time - arrival time)
  Source:                 student_top_inst/u_RISCV_CORE/INST_IF_UNIT/u_pc/pc_o_reg[2]_rep__2/C
                            (rising edge-triggered cell FDCE clocked by clk_out2_pll  {rise@0.000ns fall@3.333ns period=6.667ns})
  Destination:            student_top_inst/u_RISCV_CORE/INST_IF_UNIT/u_pc/pc_o_reg[13]/D
                            (rising edge-triggered cell FDCE clocked by clk_out2_pll  {rise@0.000ns fall@3.333ns period=6.667ns})
  Path Group:             clk_out2_pll
  Path Type:              Setup (Max at Slow Process Corner)
  Requirement:            6.667ns  (clk_out2_pll rise@6.667ns - clk_out2_pll rise@0.000ns)
  Data Path Delay:        5.519ns  (logic 0.481ns (8.716%)  route 5.038ns (91.284%))
  Logic Levels:           6  (LUT6=6)
  Clock Path Skew:        -0.104ns (DCD - SCD + CPR)
    Destination Clock Delay (DCD):    -2.044ns = ( 4.623 - 6.667 ) 
    Source Clock Delay      (SCD):    -2.314ns
    Clock Pessimism Removal (CPR):    -0.375ns
  Clock Uncertainty:      0.072ns  ((TSJ^2 + DJ^2)^1/2) / 2 + PE
    Total System Jitter     (TSJ):    0.071ns
    Discrete Jitter          (DJ):    0.126ns
    Phase Error              (PE):    0.000ns

    Location             Delay type                Incr(ns)  Path(ns)    Netlist Resource(s)
  -------------------------------------------------------------------    -------------------
                         (clock clk_out2_pll rise edge)
                                                      0.000     0.000 r  
    AD12                                              0.000     0.000 r  i_sys_clk_p (IN)
                         net (fo=0)                   0.000     0.000    pll_inst/inst/clk_in1_p
    AD12                 IBUFDS (Prop_ibufds_I_O)     0.906     0.906 r  pll_inst/inst/clkin1_ibufgds/O
                         net (fo=1, routed)           1.098     2.004    pll_inst/inst/clk_in1_pll
    PLLE2_ADV_X1Y1       PLLE2_ADV (Prop_plle2_adv_CLKIN1_CLKOUT1)
                                                     -8.058    -6.054 r  pll_inst/inst/plle2_adv_inst/CLKOUT1
                         net (fo=1, routed)           2.128    -3.926    pll_inst/inst/clk_out2_pll
    BUFGCTRL_X0Y0        BUFG (Prop_bufg_I_O)         0.093    -3.833 r  pll_inst/inst/clkout2_buf/O
                         net (fo=3836, routed)        1.519    -2.314    student_top_inst/u_RISCV_CORE/INST_IF_UNIT/u_pc/clk
    SLICE_X7Y115         FDCE                                         r  student_top_inst/u_RISCV_CORE/INST_IF_UNIT/u_pc/pc_o_reg[2]_rep__2/C
  -------------------------------------------------------------------    -------------------
    SLICE_X7Y115         FDCE (Prop_fdce_C_Q)         0.223    -2.091 r  student_top_inst/u_RISCV_CORE/INST_IF_UNIT/u_pc/pc_o_reg[2]_rep__2/Q
                         net (fo=120, routed)         1.508    -0.584    student_top_inst/u_RISCV_CORE/u_bpu/u_GLOBAL_PREDICTOR/pc_o[13]_i_14_0
    SLICE_X46Y98         LUT6 (Prop_lut6_I4_O)        0.043    -0.541 f  student_top_inst/u_RISCV_CORE/u_bpu/u_GLOBAL_PREDICTOR/G_taken_i_101/O
                         net (fo=1, routed)           0.441    -0.100    student_top_inst/u_RISCV_CORE/u_bpu/u_GLOBAL_PREDICTOR/G_taken_i_101_n_0
    SLICE_X43Y98         LUT6 (Prop_lut6_I1_O)        0.043    -0.057 r  student_top_inst/u_RISCV_CORE/u_bpu/u_GLOBAL_PREDICTOR/G_taken_i_43/O
                         net (fo=1, routed)           0.485     0.428    student_top_inst/u_RISCV_CORE/u_bpu/u_GLOBAL_PREDICTOR/G_taken_i_43_n_0
    SLICE_X38Y95         LUT6 (Prop_lut6_I1_O)        0.043     0.471 r  student_top_inst/u_RISCV_CORE/u_bpu/u_GLOBAL_PREDICTOR/G_taken_i_11/O
                         net (fo=1, routed)           0.609     1.079    student_top_inst/u_RISCV_CORE/u_bpu/u_GLOBAL_PREDICTOR/G_taken_i_11_n_0
    SLICE_X38Y107        LUT6 (Prop_lut6_I3_O)        0.043     1.122 r  student_top_inst/u_RISCV_CORE/u_bpu/u_GLOBAL_PREDICTOR/G_taken_i_3/O
                         net (fo=2, routed)           0.953     2.075    student_top_inst/u_RISCV_CORE/u_bpu/u_GLOBAL_PREDICTOR/G_taken_i_3_n_0
    SLICE_X18Y109        LUT6 (Prop_lut6_I1_O)        0.043     2.118 r  student_top_inst/u_RISCV_CORE/u_bpu/u_GLOBAL_PREDICTOR/predict_taken_reg_i_1/O
                         net (fo=25, routed)          0.740     2.858    student_top_inst/u_RISCV_CORE/INST_ID_UNIT/u_id_ex/pred_taken
    SLICE_X14Y119        LUT6 (Prop_lut6_I3_O)        0.043     2.901 r  student_top_inst/u_RISCV_CORE/INST_ID_UNIT/u_id_ex/pc_o[13]_i_2/O
                         net (fo=1, routed)           0.303     3.204    student_top_inst/u_RISCV_CORE/INST_IF_UNIT/u_pc/pc_o_reg[13]_0[13]
    SLICE_X14Y119        FDCE                                         r  student_top_inst/u_RISCV_CORE/INST_IF_UNIT/u_pc/pc_o_reg[13]/D
  -------------------------------------------------------------------    -------------------

                         (clock clk_out2_pll rise edge)
                                                      6.667     6.667 r  
    AD12                                              0.000     6.667 r  i_sys_clk_p (IN)
                         net (fo=0)                   0.000     6.667    pll_inst/inst/clk_in1_p
    AD12                 IBUFDS (Prop_ibufds_I_O)     0.803     7.470 r  pll_inst/inst/clkin1_ibufgds/O
                         net (fo=1, routed)           1.001     8.471    pll_inst/inst/clk_in1_pll
    PLLE2_ADV_X1Y1       PLLE2_ADV (Prop_plle2_adv_CLKIN1_CLKOUT1)
                                                     -7.261     1.210 r  pll_inst/inst/plle2_adv_inst/CLKOUT1
                         net (fo=1, routed)           2.003     3.213    pll_inst/inst/clk_out2_pll
    BUFGCTRL_X0Y0        BUFG (Prop_bufg_I_O)         0.083     3.296 r  pll_inst/inst/clkout2_buf/O
                         net (fo=3836, routed)        1.327     4.623    student_top_inst/u_RISCV_CORE/INST_IF_UNIT/u_pc/clk
    SLICE_X14Y119        FDCE                                         r  student_top_inst/u_RISCV_CORE/INST_IF_UNIT/u_pc/pc_o_reg[13]/C
                         clock pessimism             -0.375     4.248    
                         clock uncertainty           -0.072     4.176    
    SLICE_X14Y119        FDCE (Setup_fdce_C_D)       -0.002     4.174    student_top_inst/u_RISCV_CORE/INST_IF_UNIT/u_pc/pc_o_reg[13]
  -------------------------------------------------------------------
                         required time                          4.174    
                         arrival time                          -3.204    
  -------------------------------------------------------------------
                         slack                                  0.970    

Slack (MET) :             1.013ns  (required time - arrival time)
  Source:                 student_top_inst/u_RISCV_CORE/INST_IF_UNIT/u_pc/pc_o_reg[2]_rep__2/C
                            (rising edge-triggered cell FDCE clocked by clk_out2_pll  {rise@0.000ns fall@3.333ns period=6.667ns})
  Destination:            student_top_inst/u_RISCV_CORE/INST_IF_UNIT/u_pc/pc_o_reg[3]_rep__1/D
                            (rising edge-triggered cell FDCE clocked by clk_out2_pll  {rise@0.000ns fall@3.333ns period=6.667ns})
  Path Group:             clk_out2_pll
  Path Type:              Setup (Max at Slow Process Corner)
  Requirement:            6.667ns  (clk_out2_pll rise@6.667ns - clk_out2_pll rise@0.000ns)
  Data Path Delay:        5.481ns  (logic 0.481ns (8.775%)  route 5.000ns (91.225%))
  Logic Levels:           6  (LUT6=6)
  Clock Path Skew:        -0.100ns (DCD - SCD + CPR)
    Destination Clock Delay (DCD):    -2.040ns = ( 4.627 - 6.667 ) 
    Source Clock Delay      (SCD):    -2.314ns
    Clock Pessimism Removal (CPR):    -0.375ns
  Clock Uncertainty:      0.072ns  ((TSJ^2 + DJ^2)^1/2) / 2 + PE
    Total System Jitter     (TSJ):    0.071ns
    Discrete Jitter          (DJ):    0.126ns
    Phase Error              (PE):    0.000ns

    Location             Delay type                Incr(ns)  Path(ns)    Netlist Resource(s)
  -------------------------------------------------------------------    -------------------
                         (clock clk_out2_pll rise edge)
                                                      0.000     0.000 r  
    AD12                                              0.000     0.000 r  i_sys_clk_p (IN)
                         net (fo=0)                   0.000     0.000    pll_inst/inst/clk_in1_p
    AD12                 IBUFDS (Prop_ibufds_I_O)     0.906     0.906 r  pll_inst/inst/clkin1_ibufgds/O
                         net (fo=1, routed)           1.098     2.004    pll_inst/inst/clk_in1_pll
    PLLE2_ADV_X1Y1       PLLE2_ADV (Prop_plle2_adv_CLKIN1_CLKOUT1)
                                                     -8.058    -6.054 r  pll_inst/inst/plle2_adv_inst/CLKOUT1
                         net (fo=1, routed)           2.128    -3.926    pll_inst/inst/clk_out2_pll
    BUFGCTRL_X0Y0        BUFG (Prop_bufg_I_O)         0.093    -3.833 r  pll_inst/inst/clkout2_buf/O
                         net (fo=3836, routed)        1.519    -2.314    student_top_inst/u_RISCV_CORE/INST_IF_UNIT/u_pc/clk
    SLICE_X7Y115         FDCE                                         r  student_top_inst/u_RISCV_CORE/INST_IF_UNIT/u_pc/pc_o_reg[2]_rep__2/C
  -------------------------------------------------------------------    -------------------
    SLICE_X7Y115         FDCE (Prop_fdce_C_Q)         0.223    -2.091 r  student_top_inst/u_RISCV_CORE/INST_IF_UNIT/u_pc/pc_o_reg[2]_rep__2/Q
                         net (fo=120, routed)         1.508    -0.584    student_top_inst/u_RISCV_CORE/u_bpu/u_GLOBAL_PREDICTOR/pc_o[13]_i_14_0
    SLICE_X46Y98         LUT6 (Prop_lut6_I4_O)        0.043    -0.541 f  student_top_inst/u_RISCV_CORE/u_bpu/u_GLOBAL_PREDICTOR/G_taken_i_101/O
                         net (fo=1, routed)           0.441    -0.100    student_top_inst/u_RISCV_CORE/u_bpu/u_GLOBAL_PREDICTOR/G_taken_i_101_n_0
    SLICE_X43Y98         LUT6 (Prop_lut6_I1_O)        0.043    -0.057 r  student_top_inst/u_RISCV_CORE/u_bpu/u_GLOBAL_PREDICTOR/G_taken_i_43/O
                         net (fo=1, routed)           0.485     0.428    student_top_inst/u_RISCV_CORE/u_bpu/u_GLOBAL_PREDICTOR/G_taken_i_43_n_0
    SLICE_X38Y95         LUT6 (Prop_lut6_I1_O)        0.043     0.471 r  student_top_inst/u_RISCV_CORE/u_bpu/u_GLOBAL_PREDICTOR/G_taken_i_11/O
                         net (fo=1, routed)           0.609     1.079    student_top_inst/u_RISCV_CORE/u_bpu/u_GLOBAL_PREDICTOR/G_taken_i_11_n_0
    SLICE_X38Y107        LUT6 (Prop_lut6_I3_O)        0.043     1.122 r  student_top_inst/u_RISCV_CORE/u_bpu/u_GLOBAL_PREDICTOR/G_taken_i_3/O
                         net (fo=2, routed)           0.953     2.075    student_top_inst/u_RISCV_CORE/u_bpu/u_GLOBAL_PREDICTOR/G_taken_i_3_n_0
    SLICE_X18Y109        LUT6 (Prop_lut6_I1_O)        0.043     2.118 r  student_top_inst/u_RISCV_CORE/u_bpu/u_GLOBAL_PREDICTOR/predict_taken_reg_i_1/O
                         net (fo=25, routed)          0.705     2.823    student_top_inst/u_RISCV_CORE/INST_ID_UNIT/u_id_ex/pred_taken
    SLICE_X10Y115        LUT6 (Prop_lut6_I3_O)        0.043     2.866 r  student_top_inst/u_RISCV_CORE/INST_ID_UNIT/u_id_ex/pc_o[3]_rep__1_i_1/O
                         net (fo=1, routed)           0.300     3.167    student_top_inst/u_RISCV_CORE/INST_IF_UNIT/u_pc/pc_o_reg[3]_rep__1_1
    SLICE_X10Y115        FDCE                                         r  student_top_inst/u_RISCV_CORE/INST_IF_UNIT/u_pc/pc_o_reg[3]_rep__1/D
  -------------------------------------------------------------------    -------------------

                         (clock clk_out2_pll rise edge)
                                                      6.667     6.667 r  
    AD12                                              0.000     6.667 r  i_sys_clk_p (IN)
                         net (fo=0)                   0.000     6.667    pll_inst/inst/clk_in1_p
    AD12                 IBUFDS (Prop_ibufds_I_O)     0.803     7.470 r  pll_inst/inst/clkin1_ibufgds/O
                         net (fo=1, routed)           1.001     8.471    pll_inst/inst/clk_in1_pll
    PLLE2_ADV_X1Y1       PLLE2_ADV (Prop_plle2_adv_CLKIN1_CLKOUT1)
                                                     -7.261     1.210 r  pll_inst/inst/plle2_adv_inst/CLKOUT1
                         net (fo=1, routed)           2.003     3.213    pll_inst/inst/clk_out2_pll
    BUFGCTRL_X0Y0        BUFG (Prop_bufg_I_O)         0.083     3.296 r  pll_inst/inst/clkout2_buf/O
                         net (fo=3836, routed)        1.331     4.627    student_top_inst/u_RISCV_CORE/INST_IF_UNIT/u_pc/clk
    SLICE_X10Y115        FDCE                                         r  student_top_inst/u_RISCV_CORE/INST_IF_UNIT/u_pc/pc_o_reg[3]_rep__1/C
                         clock pessimism             -0.375     4.252    
                         clock uncertainty           -0.072     4.180    
    SLICE_X10Y115        FDCE (Setup_fdce_C_D)        0.000     4.180    student_top_inst/u_RISCV_CORE/INST_IF_UNIT/u_pc/pc_o_reg[3]_rep__1
  -------------------------------------------------------------------
                         required time                          4.180    
                         arrival time                          -3.167    
  -------------------------------------------------------------------
                         slack                                  1.013    

Slack (MET) :             1.022ns  (required time - arrival time)
  Source:                 student_top_inst/u_RISCV_CORE/INST_IF_UNIT/u_pc/pc_o_reg[2]_rep__2/C
                            (rising edge-triggered cell FDCE clocked by clk_out2_pll  {rise@0.000ns fall@3.333ns period=6.667ns})
  Destination:            student_top_inst/u_RISCV_CORE/INST_IF_UNIT/u_pc/pc_o_reg[2]_rep__1/D
                            (rising edge-triggered cell FDCE clocked by clk_out2_pll  {rise@0.000ns fall@3.333ns period=6.667ns})
  Path Group:             clk_out2_pll
  Path Type:              Setup (Max at Slow Process Corner)
  Requirement:            6.667ns  (clk_out2_pll rise@6.667ns - clk_out2_pll rise@0.000ns)
  Data Path Delay:        5.541ns  (logic 0.481ns (8.680%)  route 5.060ns (91.320%))
  Logic Levels:           6  (LUT5=1 LUT6=5)
  Clock Path Skew:        0.000ns (DCD - SCD + CPR)
    Destination Clock Delay (DCD):    -1.986ns = ( 4.681 - 6.667 ) 
    Source Clock Delay      (SCD):    -2.314ns
    Clock Pessimism Removal (CPR):    -0.329ns
  Clock Uncertainty:      0.072ns  ((TSJ^2 + DJ^2)^1/2) / 2 + PE
    Total System Jitter     (TSJ):    0.071ns
    Discrete Jitter          (DJ):    0.126ns
    Phase Error              (PE):    0.000ns

    Location             Delay type                Incr(ns)  Path(ns)    Netlist Resource(s)
  -------------------------------------------------------------------    -------------------
                         (clock clk_out2_pll rise edge)
                                                      0.000     0.000 r  
    AD12                                              0.000     0.000 r  i_sys_clk_p (IN)
                         net (fo=0)                   0.000     0.000    pll_inst/inst/clk_in1_p
    AD12                 IBUFDS (Prop_ibufds_I_O)     0.906     0.906 r  pll_inst/inst/clkin1_ibufgds/O
                         net (fo=1, routed)           1.098     2.004    pll_inst/inst/clk_in1_pll
    PLLE2_ADV_X1Y1       PLLE2_ADV (Prop_plle2_adv_CLKIN1_CLKOUT1)
                                                     -8.058    -6.054 r  pll_inst/inst/plle2_adv_inst/CLKOUT1
                         net (fo=1, routed)           2.128    -3.926    pll_inst/inst/clk_out2_pll
    BUFGCTRL_X0Y0        BUFG (Prop_bufg_I_O)         0.093    -3.833 r  pll_inst/inst/clkout2_buf/O
                         net (fo=3836, routed)        1.519    -2.314    student_top_inst/u_RISCV_CORE/INST_IF_UNIT/u_pc/clk
    SLICE_X7Y115         FDCE                                         r  student_top_inst/u_RISCV_CORE/INST_IF_UNIT/u_pc/pc_o_reg[2]_rep__2/C
  -------------------------------------------------------------------    -------------------
    SLICE_X7Y115         FDCE (Prop_fdce_C_Q)         0.223    -2.091 r  student_top_inst/u_RISCV_CORE/INST_IF_UNIT/u_pc/pc_o_reg[2]_rep__2/Q
                         net (fo=120, routed)         1.508    -0.584    student_top_inst/u_RISCV_CORE/u_bpu/u_GLOBAL_PREDICTOR/pc_o[13]_i_14_0
    SLICE_X46Y98         LUT6 (Prop_lut6_I4_O)        0.043    -0.541 f  student_top_inst/u_RISCV_CORE/u_bpu/u_GLOBAL_PREDICTOR/G_taken_i_101/O
                         net (fo=1, routed)           0.441    -0.100    student_top_inst/u_RISCV_CORE/u_bpu/u_GLOBAL_PREDICTOR/G_taken_i_101_n_0
    SLICE_X43Y98         LUT6 (Prop_lut6_I1_O)        0.043    -0.057 r  student_top_inst/u_RISCV_CORE/u_bpu/u_GLOBAL_PREDICTOR/G_taken_i_43/O
                         net (fo=1, routed)           0.485     0.428    student_top_inst/u_RISCV_CORE/u_bpu/u_GLOBAL_PREDICTOR/G_taken_i_43_n_0
    SLICE_X38Y95         LUT6 (Prop_lut6_I1_O)        0.043     0.471 r  student_top_inst/u_RISCV_CORE/u_bpu/u_GLOBAL_PREDICTOR/G_taken_i_11/O
                         net (fo=1, routed)           0.609     1.079    student_top_inst/u_RISCV_CORE/u_bpu/u_GLOBAL_PREDICTOR/G_taken_i_11_n_0
    SLICE_X38Y107        LUT6 (Prop_lut6_I3_O)        0.043     1.122 r  student_top_inst/u_RISCV_CORE/u_bpu/u_GLOBAL_PREDICTOR/G_taken_i_3/O
                         net (fo=2, routed)           0.953     2.075    student_top_inst/u_RISCV_CORE/u_bpu/u_GLOBAL_PREDICTOR/G_taken_i_3_n_0
    SLICE_X18Y109        LUT6 (Prop_lut6_I1_O)        0.043     2.118 r  student_top_inst/u_RISCV_CORE/u_bpu/u_GLOBAL_PREDICTOR/predict_taken_reg_i_1/O
                         net (fo=25, routed)          0.765     2.883    student_top_inst/u_RISCV_CORE/INST_ID_UNIT/u_id_ex/pred_taken
    SLICE_X7Y115         LUT5 (Prop_lut5_I3_O)        0.043     2.926 r  student_top_inst/u_RISCV_CORE/INST_ID_UNIT/u_id_ex/pc_o[2]_rep__1_i_1/O
                         net (fo=1, routed)           0.301     3.227    student_top_inst/u_RISCV_CORE/INST_IF_UNIT/u_pc/pc_o_reg[2]_rep__1_1
    SLICE_X7Y115         FDCE                                         r  student_top_inst/u_RISCV_CORE/INST_IF_UNIT/u_pc/pc_o_reg[2]_rep__1/D
  -------------------------------------------------------------------    -------------------

                         (clock clk_out2_pll rise edge)
                                                      6.667     6.667 r  
    AD12                                              0.000     6.667 r  i_sys_clk_p (IN)
                         net (fo=0)                   0.000     6.667    pll_inst/inst/clk_in1_p
    AD12                 IBUFDS (Prop_ibufds_I_O)     0.803     7.470 r  pll_inst/inst/clkin1_ibufgds/O
                         net (fo=1, routed)           1.001     8.471    pll_inst/inst/clk_in1_pll
    PLLE2_ADV_X1Y1       PLLE2_ADV (Prop_plle2_adv_CLKIN1_CLKOUT1)
                                                     -7.261     1.210 r  pll_inst/inst/plle2_adv_inst/CLKOUT1
                         net (fo=1, routed)           2.003     3.213    pll_inst/inst/clk_out2_pll
    BUFGCTRL_X0Y0        BUFG (Prop_bufg_I_O)         0.083     3.296 r  pll_inst/inst/clkout2_buf/O
                         net (fo=3836, routed)        1.385     4.681    student_top_inst/u_RISCV_CORE/INST_IF_UNIT/u_pc/clk
    SLICE_X7Y115         FDCE                                         r  student_top_inst/u_RISCV_CORE/INST_IF_UNIT/u_pc/pc_o_reg[2]_rep__1/C
                         clock pessimism             -0.329     4.352    
                         clock uncertainty           -0.072     4.280    
    SLICE_X7Y115         FDCE (Setup_fdce_C_D)       -0.031     4.249    student_top_inst/u_RISCV_CORE/INST_IF_UNIT/u_pc/pc_o_reg[2]_rep__1
  -------------------------------------------------------------------
                         required time                          4.249    
                         arrival time                          -3.227    
  -------------------------------------------------------------------
                         slack                                  1.022    

Slack (MET) :             1.022ns  (required time - arrival time)
  Source:                 student_top_inst/u_RISCV_CORE/INST_IF_UNIT/u_pc/pc_o_reg[2]_rep__2/C
                            (rising edge-triggered cell FDCE clocked by clk_out2_pll  {rise@0.000ns fall@3.333ns period=6.667ns})
  Destination:            student_top_inst/u_RISCV_CORE/INST_IF_UNIT/u_pc/pc_o_reg[12]/D
                            (rising edge-triggered cell FDCE clocked by clk_out2_pll  {rise@0.000ns fall@3.333ns period=6.667ns})
  Path Group:             clk_out2_pll
  Path Type:              Setup (Max at Slow Process Corner)
  Requirement:            6.667ns  (clk_out2_pll rise@6.667ns - clk_out2_pll rise@0.000ns)
  Data Path Delay:        5.436ns  (logic 0.481ns (8.848%)  route 4.955ns (91.152%))
  Logic Levels:           6  (LUT6=6)
  Clock Path Skew:        -0.105ns (DCD - SCD + CPR)
    Destination Clock Delay (DCD):    -2.045ns = ( 4.622 - 6.667 ) 
    Source Clock Delay      (SCD):    -2.314ns
    Clock Pessimism Removal (CPR):    -0.375ns
  Clock Uncertainty:      0.072ns  ((TSJ^2 + DJ^2)^1/2) / 2 + PE
    Total System Jitter     (TSJ):    0.071ns
    Discrete Jitter          (DJ):    0.126ns
    Phase Error              (PE):    0.000ns

    Location             Delay type                Incr(ns)  Path(ns)    Netlist Resource(s)
  -------------------------------------------------------------------    -------------------
                         (clock clk_out2_pll rise edge)
                                                      0.000     0.000 r  
    AD12                                              0.000     0.000 r  i_sys_clk_p (IN)
                         net (fo=0)                   0.000     0.000    pll_inst/inst/clk_in1_p
    AD12                 IBUFDS (Prop_ibufds_I_O)     0.906     0.906 r  pll_inst/inst/clkin1_ibufgds/O
                         net (fo=1, routed)           1.098     2.004    pll_inst/inst/clk_in1_pll
    PLLE2_ADV_X1Y1       PLLE2_ADV (Prop_plle2_adv_CLKIN1_CLKOUT1)
                                                     -8.058    -6.054 r  pll_inst/inst/plle2_adv_inst/CLKOUT1
                         net (fo=1, routed)           2.128    -3.926    pll_inst/inst/clk_out2_pll
    BUFGCTRL_X0Y0        BUFG (Prop_bufg_I_O)         0.093    -3.833 r  pll_inst/inst/clkout2_buf/O
                         net (fo=3836, routed)        1.519    -2.314    student_top_inst/u_RISCV_CORE/INST_IF_UNIT/u_pc/clk
    SLICE_X7Y115         FDCE                                         r  student_top_inst/u_RISCV_CORE/INST_IF_UNIT/u_pc/pc_o_reg[2]_rep__2/C
  -------------------------------------------------------------------    -------------------
    SLICE_X7Y115         FDCE (Prop_fdce_C_Q)         0.223    -2.091 r  student_top_inst/u_RISCV_CORE/INST_IF_UNIT/u_pc/pc_o_reg[2]_rep__2/Q
                         net (fo=120, routed)         1.508    -0.584    student_top_inst/u_RISCV_CORE/u_bpu/u_GLOBAL_PREDICTOR/pc_o[13]_i_14_0
    SLICE_X46Y98         LUT6 (Prop_lut6_I4_O)        0.043    -0.541 f  student_top_inst/u_RISCV_CORE/u_bpu/u_GLOBAL_PREDICTOR/G_taken_i_101/O
                         net (fo=1, routed)           0.441    -0.100    student_top_inst/u_RISCV_CORE/u_bpu/u_GLOBAL_PREDICTOR/G_taken_i_101_n_0
    SLICE_X43Y98         LUT6 (Prop_lut6_I1_O)        0.043    -0.057 r  student_top_inst/u_RISCV_CORE/u_bpu/u_GLOBAL_PREDICTOR/G_taken_i_43/O
                         net (fo=1, routed)           0.485     0.428    student_top_inst/u_RISCV_CORE/u_bpu/u_GLOBAL_PREDICTOR/G_taken_i_43_n_0
    SLICE_X38Y95         LUT6 (Prop_lut6_I1_O)        0.043     0.471 r  student_top_inst/u_RISCV_CORE/u_bpu/u_GLOBAL_PREDICTOR/G_taken_i_11/O
                         net (fo=1, routed)           0.609     1.079    student_top_inst/u_RISCV_CORE/u_bpu/u_GLOBAL_PREDICTOR/G_taken_i_11_n_0
    SLICE_X38Y107        LUT6 (Prop_lut6_I3_O)        0.043     1.122 r  student_top_inst/u_RISCV_CORE/u_bpu/u_GLOBAL_PREDICTOR/G_taken_i_3/O
                         net (fo=2, routed)           0.953     2.075    student_top_inst/u_RISCV_CORE/u_bpu/u_GLOBAL_PREDICTOR/G_taken_i_3_n_0
    SLICE_X18Y109        LUT6 (Prop_lut6_I1_O)        0.043     2.118 r  student_top_inst/u_RISCV_CORE/u_bpu/u_GLOBAL_PREDICTOR/predict_taken_reg_i_1/O
                         net (fo=25, routed)          0.631     2.749    student_top_inst/u_RISCV_CORE/INST_ID_UNIT/u_id_ex/pred_taken
    SLICE_X15Y120        LUT6 (Prop_lut6_I3_O)        0.043     2.792 r  student_top_inst/u_RISCV_CORE/INST_ID_UNIT/u_id_ex/pc_o[12]_i_1/O
                         net (fo=1, routed)           0.330     3.122    student_top_inst/u_RISCV_CORE/INST_IF_UNIT/u_pc/pc_o_reg[13]_0[12]
    SLICE_X15Y120        FDCE                                         r  student_top_inst/u_RISCV_CORE/INST_IF_UNIT/u_pc/pc_o_reg[12]/D
  -------------------------------------------------------------------    -------------------

                         (clock clk_out2_pll rise edge)
                                                      6.667     6.667 r  
    AD12                                              0.000     6.667 r  i_sys_clk_p (IN)
                         net (fo=0)                   0.000     6.667    pll_inst/inst/clk_in1_p
    AD12                 IBUFDS (Prop_ibufds_I_O)     0.803     7.470 r  pll_inst/inst/clkin1_ibufgds/O
                         net (fo=1, routed)           1.001     8.471    pll_inst/inst/clk_in1_pll
    PLLE2_ADV_X1Y1       PLLE2_ADV (Prop_plle2_adv_CLKIN1_CLKOUT1)
                                                     -7.261     1.210 r  pll_inst/inst/plle2_adv_inst/CLKOUT1
                         net (fo=1, routed)           2.003     3.213    pll_inst/inst/clk_out2_pll
    BUFGCTRL_X0Y0        BUFG (Prop_bufg_I_O)         0.083     3.296 r  pll_inst/inst/clkout2_buf/O
                         net (fo=3836, routed)        1.326     4.622    student_top_inst/u_RISCV_CORE/INST_IF_UNIT/u_pc/clk
    SLICE_X15Y120        FDCE                                         r  student_top_inst/u_RISCV_CORE/INST_IF_UNIT/u_pc/pc_o_reg[12]/C
                         clock pessimism             -0.375     4.247    
                         clock uncertainty           -0.072     4.175    
    SLICE_X15Y120        FDCE (Setup_fdce_C_D)       -0.031     4.144    student_top_inst/u_RISCV_CORE/INST_IF_UNIT/u_pc/pc_o_reg[12]
  -------------------------------------------------------------------
                         required time                          4.144    
                         arrival time                          -3.122    
  -------------------------------------------------------------------
                         slack                                  1.022    

Slack (MET) :             1.027ns  (required time - arrival time)
  Source:                 student_top_inst/u_RISCV_CORE/INST_IF_UNIT/u_pc/pc_o_reg[2]_rep__2/C
                            (rising edge-triggered cell FDCE clocked by clk_out2_pll  {rise@0.000ns fall@3.333ns period=6.667ns})
  Destination:            student_top_inst/u_RISCV_CORE/INST_IF_UNIT/u_pc/pc_o_reg[8]/D
                            (rising edge-triggered cell FDCE clocked by clk_out2_pll  {rise@0.000ns fall@3.333ns period=6.667ns})
  Path Group:             clk_out2_pll
  Path Type:              Setup (Max at Slow Process Corner)
  Requirement:            6.667ns  (clk_out2_pll rise@6.667ns - clk_out2_pll rise@0.000ns)
  Data Path Delay:        5.442ns  (logic 0.481ns (8.839%)  route 4.961ns (91.161%))
  Logic Levels:           6  (LUT6=6)
  Clock Path Skew:        -0.104ns (DCD - SCD + CPR)
    Destination Clock Delay (DCD):    -2.044ns = ( 4.623 - 6.667 ) 
    Source Clock Delay      (SCD):    -2.314ns
    Clock Pessimism Removal (CPR):    -0.375ns
  Clock Uncertainty:      0.072ns  ((TSJ^2 + DJ^2)^1/2) / 2 + PE
    Total System Jitter     (TSJ):    0.071ns
    Discrete Jitter          (DJ):    0.126ns
    Phase Error              (PE):    0.000ns

    Location             Delay type                Incr(ns)  Path(ns)    Netlist Resource(s)
  -------------------------------------------------------------------    -------------------
                         (clock clk_out2_pll rise edge)
                                                      0.000     0.000 r  
    AD12                                              0.000     0.000 r  i_sys_clk_p (IN)
                         net (fo=0)                   0.000     0.000    pll_inst/inst/clk_in1_p
    AD12                 IBUFDS (Prop_ibufds_I_O)     0.906     0.906 r  pll_inst/inst/clkin1_ibufgds/O
                         net (fo=1, routed)           1.098     2.004    pll_inst/inst/clk_in1_pll
    PLLE2_ADV_X1Y1       PLLE2_ADV (Prop_plle2_adv_CLKIN1_CLKOUT1)
                                                     -8.058    -6.054 r  pll_inst/inst/plle2_adv_inst/CLKOUT1
                         net (fo=1, routed)           2.128    -3.926    pll_inst/inst/clk_out2_pll
    BUFGCTRL_X0Y0        BUFG (Prop_bufg_I_O)         0.093    -3.833 r  pll_inst/inst/clkout2_buf/O
                         net (fo=3836, routed)        1.519    -2.314    student_top_inst/u_RISCV_CORE/INST_IF_UNIT/u_pc/clk
    SLICE_X7Y115         FDCE                                         r  student_top_inst/u_RISCV_CORE/INST_IF_UNIT/u_pc/pc_o_reg[2]_rep__2/C
  -------------------------------------------------------------------    -------------------
    SLICE_X7Y115         FDCE (Prop_fdce_C_Q)         0.223    -2.091 r  student_top_inst/u_RISCV_CORE/INST_IF_UNIT/u_pc/pc_o_reg[2]_rep__2/Q
                         net (fo=120, routed)         1.508    -0.584    student_top_inst/u_RISCV_CORE/u_bpu/u_GLOBAL_PREDICTOR/pc_o[13]_i_14_0
    SLICE_X46Y98         LUT6 (Prop_lut6_I4_O)        0.043    -0.541 f  student_top_inst/u_RISCV_CORE/u_bpu/u_GLOBAL_PREDICTOR/G_taken_i_101/O
                         net (fo=1, routed)           0.441    -0.100    student_top_inst/u_RISCV_CORE/u_bpu/u_GLOBAL_PREDICTOR/G_taken_i_101_n_0
    SLICE_X43Y98         LUT6 (Prop_lut6_I1_O)        0.043    -0.057 r  student_top_inst/u_RISCV_CORE/u_bpu/u_GLOBAL_PREDICTOR/G_taken_i_43/O
                         net (fo=1, routed)           0.485     0.428    student_top_inst/u_RISCV_CORE/u_bpu/u_GLOBAL_PREDICTOR/G_taken_i_43_n_0
    SLICE_X38Y95         LUT6 (Prop_lut6_I1_O)        0.043     0.471 r  student_top_inst/u_RISCV_CORE/u_bpu/u_GLOBAL_PREDICTOR/G_taken_i_11/O
                         net (fo=1, routed)           0.609     1.079    student_top_inst/u_RISCV_CORE/u_bpu/u_GLOBAL_PREDICTOR/G_taken_i_11_n_0
    SLICE_X38Y107        LUT6 (Prop_lut6_I3_O)        0.043     1.122 r  student_top_inst/u_RISCV_CORE/u_bpu/u_GLOBAL_PREDICTOR/G_taken_i_3/O
                         net (fo=2, routed)           0.953     2.075    student_top_inst/u_RISCV_CORE/u_bpu/u_GLOBAL_PREDICTOR/G_taken_i_3_n_0
    SLICE_X18Y109        LUT6 (Prop_lut6_I1_O)        0.043     2.118 r  student_top_inst/u_RISCV_CORE/u_bpu/u_GLOBAL_PREDICTOR/predict_taken_reg_i_1/O
                         net (fo=25, routed)          0.747     2.865    student_top_inst/u_RISCV_CORE/INST_ID_UNIT/u_id_ex/pred_taken
    SLICE_X13Y119        LUT6 (Prop_lut6_I3_O)        0.043     2.908 r  student_top_inst/u_RISCV_CORE/INST_ID_UNIT/u_id_ex/pc_o[8]_i_1/O
                         net (fo=1, routed)           0.220     3.127    student_top_inst/u_RISCV_CORE/INST_IF_UNIT/u_pc/pc_o_reg[13]_0[8]
    SLICE_X13Y119        FDCE                                         r  student_top_inst/u_RISCV_CORE/INST_IF_UNIT/u_pc/pc_o_reg[8]/D
  -------------------------------------------------------------------    -------------------

                         (clock clk_out2_pll rise edge)
                                                      6.667     6.667 r  
    AD12                                              0.000     6.667 r  i_sys_clk_p (IN)
                         net (fo=0)                   0.000     6.667    pll_inst/inst/clk_in1_p
    AD12                 IBUFDS (Prop_ibufds_I_O)     0.803     7.470 r  pll_inst/inst/clkin1_ibufgds/O
                         net (fo=1, routed)           1.001     8.471    pll_inst/inst/clk_in1_pll
    PLLE2_ADV_X1Y1       PLLE2_ADV (Prop_plle2_adv_CLKIN1_CLKOUT1)
                                                     -7.261     1.210 r  pll_inst/inst/plle2_adv_inst/CLKOUT1
                         net (fo=1, routed)           2.003     3.213    pll_inst/inst/clk_out2_pll
    BUFGCTRL_X0Y0        BUFG (Prop_bufg_I_O)         0.083     3.296 r  pll_inst/inst/clkout2_buf/O
                         net (fo=3836, routed)        1.327     4.623    student_top_inst/u_RISCV_CORE/INST_IF_UNIT/u_pc/clk
    SLICE_X13Y119        FDCE                                         r  student_top_inst/u_RISCV_CORE/INST_IF_UNIT/u_pc/pc_o_reg[8]/C
                         clock pessimism             -0.375     4.248    
                         clock uncertainty           -0.072     4.176    
    SLICE_X13Y119        FDCE (Setup_fdce_C_D)       -0.022     4.154    student_top_inst/u_RISCV_CORE/INST_IF_UNIT/u_pc/pc_o_reg[8]
  -------------------------------------------------------------------
                         required time                          4.154    
                         arrival time                          -3.127    
  -------------------------------------------------------------------
                         slack                                  1.027    

Slack (MET) :             1.034ns  (required time - arrival time)
  Source:                 student_top_inst/u_RISCV_CORE/INST_IF_UNIT/u_pc/pc_o_reg[2]_rep__2/C
                            (rising edge-triggered cell FDCE clocked by clk_out2_pll  {rise@0.000ns fall@3.333ns period=6.667ns})
  Destination:            student_top_inst/u_RISCV_CORE/INST_IF_UNIT/u_pc/pc_o_reg[2]_rep__2/D
                            (rising edge-triggered cell FDCE clocked by clk_out2_pll  {rise@0.000ns fall@3.333ns period=6.667ns})
  Path Group:             clk_out2_pll
  Path Type:              Setup (Max at Slow Process Corner)
  Requirement:            6.667ns  (clk_out2_pll rise@6.667ns - clk_out2_pll rise@0.000ns)
  Data Path Delay:        5.541ns  (logic 0.481ns (8.681%)  route 5.060ns (91.319%))
  Logic Levels:           6  (LUT5=1 LUT6=5)
  Clock Path Skew:        0.000ns (DCD - SCD + CPR)
    Destination Clock Delay (DCD):    -1.986ns = ( 4.681 - 6.667 ) 
    Source Clock Delay      (SCD):    -2.314ns
    Clock Pessimism Removal (CPR):    -0.329ns
  Clock Uncertainty:      0.072ns  ((TSJ^2 + DJ^2)^1/2) / 2 + PE
    Total System Jitter     (TSJ):    0.071ns
    Discrete Jitter          (DJ):    0.126ns
    Phase Error              (PE):    0.000ns

    Location             Delay type                Incr(ns)  Path(ns)    Netlist Resource(s)
  -------------------------------------------------------------------    -------------------
                         (clock clk_out2_pll rise edge)
                                                      0.000     0.000 r  
    AD12                                              0.000     0.000 r  i_sys_clk_p (IN)
                         net (fo=0)                   0.000     0.000    pll_inst/inst/clk_in1_p
    AD12                 IBUFDS (Prop_ibufds_I_O)     0.906     0.906 r  pll_inst/inst/clkin1_ibufgds/O
                         net (fo=1, routed)           1.098     2.004    pll_inst/inst/clk_in1_pll
    PLLE2_ADV_X1Y1       PLLE2_ADV (Prop_plle2_adv_CLKIN1_CLKOUT1)
                                                     -8.058    -6.054 r  pll_inst/inst/plle2_adv_inst/CLKOUT1
                         net (fo=1, routed)           2.128    -3.926    pll_inst/inst/clk_out2_pll
    BUFGCTRL_X0Y0        BUFG (Prop_bufg_I_O)         0.093    -3.833 r  pll_inst/inst/clkout2_buf/O
                         net (fo=3836, routed)        1.519    -2.314    student_top_inst/u_RISCV_CORE/INST_IF_UNIT/u_pc/clk
    SLICE_X7Y115         FDCE                                         r  student_top_inst/u_RISCV_CORE/INST_IF_UNIT/u_pc/pc_o_reg[2]_rep__2/C
  -------------------------------------------------------------------    -------------------
    SLICE_X7Y115         FDCE (Prop_fdce_C_Q)         0.223    -2.091 r  student_top_inst/u_RISCV_CORE/INST_IF_UNIT/u_pc/pc_o_reg[2]_rep__2/Q
                         net (fo=120, routed)         1.508    -0.584    student_top_inst/u_RISCV_CORE/u_bpu/u_GLOBAL_PREDICTOR/pc_o[13]_i_14_0
    SLICE_X46Y98         LUT6 (Prop_lut6_I4_O)        0.043    -0.541 f  student_top_inst/u_RISCV_CORE/u_bpu/u_GLOBAL_PREDICTOR/G_taken_i_101/O
                         net (fo=1, routed)           0.441    -0.100    student_top_inst/u_RISCV_CORE/u_bpu/u_GLOBAL_PREDICTOR/G_taken_i_101_n_0
    SLICE_X43Y98         LUT6 (Prop_lut6_I1_O)        0.043    -0.057 r  student_top_inst/u_RISCV_CORE/u_bpu/u_GLOBAL_PREDICTOR/G_taken_i_43/O
                         net (fo=1, routed)           0.485     0.428    student_top_inst/u_RISCV_CORE/u_bpu/u_GLOBAL_PREDICTOR/G_taken_i_43_n_0
    SLICE_X38Y95         LUT6 (Prop_lut6_I1_O)        0.043     0.471 r  student_top_inst/u_RISCV_CORE/u_bpu/u_GLOBAL_PREDICTOR/G_taken_i_11/O
                         net (fo=1, routed)           0.609     1.079    student_top_inst/u_RISCV_CORE/u_bpu/u_GLOBAL_PREDICTOR/G_taken_i_11_n_0
    SLICE_X38Y107        LUT6 (Prop_lut6_I3_O)        0.043     1.122 r  student_top_inst/u_RISCV_CORE/u_bpu/u_GLOBAL_PREDICTOR/G_taken_i_3/O
                         net (fo=2, routed)           0.953     2.075    student_top_inst/u_RISCV_CORE/u_bpu/u_GLOBAL_PREDICTOR/G_taken_i_3_n_0
    SLICE_X18Y109        LUT6 (Prop_lut6_I1_O)        0.043     2.118 r  student_top_inst/u_RISCV_CORE/u_bpu/u_GLOBAL_PREDICTOR/predict_taken_reg_i_1/O
                         net (fo=25, routed)          0.766     2.884    student_top_inst/u_RISCV_CORE/INST_ID_UNIT/u_id_ex/pred_taken
    SLICE_X7Y115         LUT5 (Prop_lut5_I3_O)        0.043     2.927 r  student_top_inst/u_RISCV_CORE/INST_ID_UNIT/u_id_ex/pc_o[2]_rep__2_i_1/O
                         net (fo=1, routed)           0.300     3.227    student_top_inst/u_RISCV_CORE/INST_IF_UNIT/u_pc/pc_o_reg[2]_rep__2_1
    SLICE_X7Y115         FDCE                                         r  student_top_inst/u_RISCV_CORE/INST_IF_UNIT/u_pc/pc_o_reg[2]_rep__2/D
  -------------------------------------------------------------------    -------------------

                         (clock clk_out2_pll rise edge)
                                                      6.667     6.667 r  
    AD12                                              0.000     6.667 r  i_sys_clk_p (IN)
                         net (fo=0)                   0.000     6.667    pll_inst/inst/clk_in1_p
    AD12                 IBUFDS (Prop_ibufds_I_O)     0.803     7.470 r  pll_inst/inst/clkin1_ibufgds/O
                         net (fo=1, routed)           1.001     8.471    pll_inst/inst/clk_in1_pll
    PLLE2_ADV_X1Y1       PLLE2_ADV (Prop_plle2_adv_CLKIN1_CLKOUT1)
                                                     -7.261     1.210 r  pll_inst/inst/plle2_adv_inst/CLKOUT1
                         net (fo=1, routed)           2.003     3.213    pll_inst/inst/clk_out2_pll
    BUFGCTRL_X0Y0        BUFG (Prop_bufg_I_O)         0.083     3.296 r  pll_inst/inst/clkout2_buf/O
                         net (fo=3836, routed)        1.385     4.681    student_top_inst/u_RISCV_CORE/INST_IF_UNIT/u_pc/clk
    SLICE_X7Y115         FDCE                                         r  student_top_inst/u_RISCV_CORE/INST_IF_UNIT/u_pc/pc_o_reg[2]_rep__2/C
                         clock pessimism             -0.329     4.352    
                         clock uncertainty           -0.072     4.280    
    SLICE_X7Y115         FDCE (Setup_fdce_C_D)       -0.019     4.261    student_top_inst/u_RISCV_CORE/INST_IF_UNIT/u_pc/pc_o_reg[2]_rep__2
  -------------------------------------------------------------------
                         required time                          4.261    
                         arrival time                          -3.227    
  -------------------------------------------------------------------
                         slack                                  1.034    





Min Delay Paths
--------------------------------------------------------------------------------------
Slack (MET) :             0.062ns  (arrival time - required time)
  Source:                 student_top_inst/u_RISCV_CORE/INST_MEM_UNIT/reg_wr_data_o_reg[14]/C
                            (rising edge-triggered cell FDCE clocked by clk_out2_pll  {rise@0.000ns fall@3.333ns period=6.667ns})
  Destination:            student_top_inst/u_RISCV_CORE/INST_RF_UNIT/u_gpr/regs_reg_r1_0_31_12_17/RAMB/I
                            (rising edge-triggered cell RAMD32 clocked by clk_out2_pll  {rise@0.000ns fall@3.333ns period=6.667ns})
  Path Group:             clk_out2_pll
  Path Type:              Hold (Min at Fast Process Corner)
  Requirement:            0.000ns  (clk_out2_pll rise@0.000ns - clk_out2_pll rise@0.000ns)
  Data Path Delay:        0.205ns  (logic 0.100ns (48.708%)  route 0.105ns (51.292%))
  Logic Levels:           0  
  Clock Path Skew:        0.011ns (DCD - SCD - CPR)
    Destination Clock Delay (DCD):    -0.584ns
    Source Clock Delay      (SCD):    -0.392ns
    Clock Pessimism Removal (CPR):    -0.204ns

    Location             Delay type                Incr(ns)  Path(ns)    Netlist Resource(s)
  -------------------------------------------------------------------    -------------------
                         (clock clk_out2_pll rise edge)
                                                      0.000     0.000 r  
    AD12                                              0.000     0.000 r  i_sys_clk_p (IN)
                         net (fo=0)                   0.000     0.000    pll_inst/inst/clk_in1_p
    AD12                 IBUFDS (Prop_ibufds_I_O)     0.388     0.388 r  pll_inst/inst/clkin1_ibufgds/O
                         net (fo=1, routed)           0.503     0.891    pll_inst/inst/clk_in1_pll
    PLLE2_ADV_X1Y1       PLLE2_ADV (Prop_plle2_adv_CLKIN1_CLKOUT1)
                                                     -2.908    -2.017 r  pll_inst/inst/plle2_adv_inst/CLKOUT1
                         net (fo=1, routed)           0.958    -1.059    pll_inst/inst/clk_out2_pll
    BUFGCTRL_X0Y0        BUFG (Prop_bufg_I_O)         0.026    -1.033 r  pll_inst/inst/clkout2_buf/O
                         net (fo=3836, routed)        0.641    -0.392    student_top_inst/u_RISCV_CORE/INST_MEM_UNIT/clk
    SLICE_X9Y138         FDCE                                         r  student_top_inst/u_RISCV_CORE/INST_MEM_UNIT/reg_wr_data_o_reg[14]/C
  -------------------------------------------------------------------    -------------------
    SLICE_X9Y138         FDCE (Prop_fdce_C_Q)         0.100    -0.292 r  student_top_inst/u_RISCV_CORE/INST_MEM_UNIT/reg_wr_data_o_reg[14]/Q
                         net (fo=4, routed)           0.105    -0.186    student_top_inst/u_RISCV_CORE/INST_RF_UNIT/u_gpr/regs_reg_r1_0_31_12_17/DIB0
    SLICE_X8Y136         RAMD32                                       r  student_top_inst/u_RISCV_CORE/INST_RF_UNIT/u_gpr/regs_reg_r1_0_31_12_17/RAMB/I
  -------------------------------------------------------------------    -------------------

                         (clock clk_out2_pll rise edge)
                                                      0.000     0.000 r  
    AD12                                              0.000     0.000 r  i_sys_clk_p (IN)
                         net (fo=0)                   0.000     0.000    pll_inst/inst/clk_in1_p
    AD12                 IBUFDS (Prop_ibufds_I_O)     0.470     0.470 r  pll_inst/inst/clkin1_ibufgds/O
                         net (fo=1, routed)           0.554     1.024    pll_inst/inst/clk_in1_pll
    PLLE2_ADV_X1Y1       PLLE2_ADV (Prop_plle2_adv_CLKIN1_CLKOUT1)
                                                     -3.524    -2.500 r  pll_inst/inst/plle2_adv_inst/CLKOUT1
                         net (fo=1, routed)           1.027    -1.473    pll_inst/inst/clk_out2_pll
    BUFGCTRL_X0Y0        BUFG (Prop_bufg_I_O)         0.030    -1.443 r  pll_inst/inst/clkout2_buf/O
                         net (fo=3836, routed)        0.859    -0.584    student_top_inst/u_RISCV_CORE/INST_RF_UNIT/u_gpr/regs_reg_r1_0_31_12_17/WCLK
    SLICE_X8Y136         RAMD32                                       r  student_top_inst/u_RISCV_CORE/INST_RF_UNIT/u_gpr/regs_reg_r1_0_31_12_17/RAMB/CLK
                         clock pessimism              0.204    -0.381    
    SLICE_X8Y136         RAMD32 (Hold_ramd32_CLK_I)
                                                      0.132    -0.249    student_top_inst/u_RISCV_CORE/INST_RF_UNIT/u_gpr/regs_reg_r1_0_31_12_17/RAMB
  -------------------------------------------------------------------
                         required time                          0.249    
                         arrival time                          -0.186    
  -------------------------------------------------------------------
                         slack                                  0.062    

Slack (MET) :             0.090ns  (arrival time - required time)
  Source:                 student_top_inst/u_RISCV_CORE/INST_MEM_UNIT/reg_wr_data_o_reg[3]/C
                            (rising edge-triggered cell FDCE clocked by clk_out2_pll  {rise@0.000ns fall@3.333ns period=6.667ns})
  Destination:            student_top_inst/u_RISCV_CORE/INST_RF_UNIT/u_gpr/regs_reg_r2_0_31_0_5/RAMB_D1/I
                            (rising edge-triggered cell RAMD32 clocked by clk_out2_pll  {rise@0.000ns fall@3.333ns period=6.667ns})
  Path Group:             clk_out2_pll
  Path Type:              Hold (Min at Fast Process Corner)
  Requirement:            0.000ns  (clk_out2_pll rise@0.000ns - clk_out2_pll rise@0.000ns)
  Data Path Delay:        0.217ns  (logic 0.100ns (46.019%)  route 0.117ns (53.981%))
  Logic Levels:           0  
  Clock Path Skew:        0.012ns (DCD - SCD - CPR)
    Destination Clock Delay (DCD):    -0.554ns
    Source Clock Delay      (SCD):    -0.363ns
    Clock Pessimism Removal (CPR):    -0.204ns

    Location             Delay type                Incr(ns)  Path(ns)    Netlist Resource(s)
  -------------------------------------------------------------------    -------------------
                         (clock clk_out2_pll rise edge)
                                                      0.000     0.000 r  
    AD12                                              0.000     0.000 r  i_sys_clk_p (IN)
                         net (fo=0)                   0.000     0.000    pll_inst/inst/clk_in1_p
    AD12                 IBUFDS (Prop_ibufds_I_O)     0.388     0.388 r  pll_inst/inst/clkin1_ibufgds/O
                         net (fo=1, routed)           0.503     0.891    pll_inst/inst/clk_in1_pll
    PLLE2_ADV_X1Y1       PLLE2_ADV (Prop_plle2_adv_CLKIN1_CLKOUT1)
                                                     -2.908    -2.017 r  pll_inst/inst/plle2_adv_inst/CLKOUT1
                         net (fo=1, routed)           0.958    -1.059    pll_inst/inst/clk_out2_pll
    BUFGCTRL_X0Y0        BUFG (Prop_bufg_I_O)         0.026    -1.033 r  pll_inst/inst/clkout2_buf/O
                         net (fo=3836, routed)        0.670    -0.363    student_top_inst/u_RISCV_CORE/INST_MEM_UNIT/clk
    SLICE_X4Y134         FDCE                                         r  student_top_inst/u_RISCV_CORE/INST_MEM_UNIT/reg_wr_data_o_reg[3]/C
  -------------------------------------------------------------------    -------------------
    SLICE_X4Y134         FDCE (Prop_fdce_C_Q)         0.100    -0.263 r  student_top_inst/u_RISCV_CORE/INST_MEM_UNIT/reg_wr_data_o_reg[3]/Q
                         net (fo=4, routed)           0.117    -0.145    student_top_inst/u_RISCV_CORE/INST_RF_UNIT/u_gpr/regs_reg_r2_0_31_0_5/DIB1
    SLICE_X6Y134         RAMD32                                       r  student_top_inst/u_RISCV_CORE/INST_RF_UNIT/u_gpr/regs_reg_r2_0_31_0_5/RAMB_D1/I
  -------------------------------------------------------------------    -------------------

                         (clock clk_out2_pll rise edge)
                                                      0.000     0.000 r  
    AD12                                              0.000     0.000 r  i_sys_clk_p (IN)
                         net (fo=0)                   0.000     0.000    pll_inst/inst/clk_in1_p
    AD12                 IBUFDS (Prop_ibufds_I_O)     0.470     0.470 r  pll_inst/inst/clkin1_ibufgds/O
                         net (fo=1, routed)           0.554     1.024    pll_inst/inst/clk_in1_pll
    PLLE2_ADV_X1Y1       PLLE2_ADV (Prop_plle2_adv_CLKIN1_CLKOUT1)
                                                     -3.524    -2.500 r  pll_inst/inst/plle2_adv_inst/CLKOUT1
                         net (fo=1, routed)           1.027    -1.473    pll_inst/inst/clk_out2_pll
    BUFGCTRL_X0Y0        BUFG (Prop_bufg_I_O)         0.030    -1.443 r  pll_inst/inst/clkout2_buf/O
                         net (fo=3836, routed)        0.889    -0.554    student_top_inst/u_RISCV_CORE/INST_RF_UNIT/u_gpr/regs_reg_r2_0_31_0_5/WCLK
    SLICE_X6Y134         RAMD32                                       r  student_top_inst/u_RISCV_CORE/INST_RF_UNIT/u_gpr/regs_reg_r2_0_31_0_5/RAMB_D1/CLK
                         clock pessimism              0.204    -0.351    
    SLICE_X6Y134         RAMD32 (Hold_ramd32_CLK_I)
                                                      0.115    -0.236    student_top_inst/u_RISCV_CORE/INST_RF_UNIT/u_gpr/regs_reg_r2_0_31_0_5/RAMB_D1
  -------------------------------------------------------------------
                         required time                          0.236    
                         arrival time                          -0.145    
  -------------------------------------------------------------------
                         slack                                  0.090    

Slack (MET) :             0.093ns  (arrival time - required time)
  Source:                 student_top_inst/u_RISCV_CORE/INST_MEM_UNIT/reg_wr_data_o_reg[4]/C
                            (rising edge-triggered cell FDCE clocked by clk_out2_pll  {rise@0.000ns fall@3.333ns period=6.667ns})
  Destination:            student_top_inst/u_RISCV_CORE/INST_RF_UNIT/u_gpr/regs_reg_r2_0_31_0_5/RAMC/I
                            (rising edge-triggered cell RAMD32 clocked by clk_out2_pll  {rise@0.000ns fall@3.333ns period=6.667ns})
  Path Group:             clk_out2_pll
  Path Type:              Hold (Min at Fast Process Corner)
  Requirement:            0.000ns  (clk_out2_pll rise@0.000ns - clk_out2_pll rise@0.000ns)
  Data Path Delay:        0.198ns  (logic 0.091ns (45.875%)  route 0.107ns (54.125%))
  Logic Levels:           0  
  Clock Path Skew:        0.012ns (DCD - SCD - CPR)
    Destination Clock Delay (DCD):    -0.554ns
    Source Clock Delay      (SCD):    -0.363ns
    Clock Pessimism Removal (CPR):    -0.204ns

    Location             Delay type                Incr(ns)  Path(ns)    Netlist Resource(s)
  -------------------------------------------------------------------    -------------------
                         (clock clk_out2_pll rise edge)
                                                      0.000     0.000 r  
    AD12                                              0.000     0.000 r  i_sys_clk_p (IN)
                         net (fo=0)                   0.000     0.000    pll_inst/inst/clk_in1_p
    AD12                 IBUFDS (Prop_ibufds_I_O)     0.388     0.388 r  pll_inst/inst/clkin1_ibufgds/O
                         net (fo=1, routed)           0.503     0.891    pll_inst/inst/clk_in1_pll
    PLLE2_ADV_X1Y1       PLLE2_ADV (Prop_plle2_adv_CLKIN1_CLKOUT1)
                                                     -2.908    -2.017 r  pll_inst/inst/plle2_adv_inst/CLKOUT1
                         net (fo=1, routed)           0.958    -1.059    pll_inst/inst/clk_out2_pll
    BUFGCTRL_X0Y0        BUFG (Prop_bufg_I_O)         0.026    -1.033 r  pll_inst/inst/clkout2_buf/O
                         net (fo=3836, routed)        0.670    -0.363    student_top_inst/u_RISCV_CORE/INST_MEM_UNIT/clk
    SLICE_X5Y134         FDCE                                         r  student_top_inst/u_RISCV_CORE/INST_MEM_UNIT/reg_wr_data_o_reg[4]/C
  -------------------------------------------------------------------    -------------------
    SLICE_X5Y134         FDCE (Prop_fdce_C_Q)         0.091    -0.272 r  student_top_inst/u_RISCV_CORE/INST_MEM_UNIT/reg_wr_data_o_reg[4]/Q
                         net (fo=4, routed)           0.107    -0.164    student_top_inst/u_RISCV_CORE/INST_RF_UNIT/u_gpr/regs_reg_r2_0_31_0_5/DIC0
    SLICE_X6Y134         RAMD32                                       r  student_top_inst/u_RISCV_CORE/INST_RF_UNIT/u_gpr/regs_reg_r2_0_31_0_5/RAMC/I
  -------------------------------------------------------------------    -------------------

                         (clock clk_out2_pll rise edge)
                                                      0.000     0.000 r  
    AD12                                              0.000     0.000 r  i_sys_clk_p (IN)
                         net (fo=0)                   0.000     0.000    pll_inst/inst/clk_in1_p
    AD12                 IBUFDS (Prop_ibufds_I_O)     0.470     0.470 r  pll_inst/inst/clkin1_ibufgds/O
                         net (fo=1, routed)           0.554     1.024    pll_inst/inst/clk_in1_pll
    PLLE2_ADV_X1Y1       PLLE2_ADV (Prop_plle2_adv_CLKIN1_CLKOUT1)
                                                     -3.524    -2.500 r  pll_inst/inst/plle2_adv_inst/CLKOUT1
                         net (fo=1, routed)           1.027    -1.473    pll_inst/inst/clk_out2_pll
    BUFGCTRL_X0Y0        BUFG (Prop_bufg_I_O)         0.030    -1.443 r  pll_inst/inst/clkout2_buf/O
                         net (fo=3836, routed)        0.889    -0.554    student_top_inst/u_RISCV_CORE/INST_RF_UNIT/u_gpr/regs_reg_r2_0_31_0_5/WCLK
    SLICE_X6Y134         RAMD32                                       r  student_top_inst/u_RISCV_CORE/INST_RF_UNIT/u_gpr/regs_reg_r2_0_31_0_5/RAMC/CLK
                         clock pessimism              0.204    -0.351    
    SLICE_X6Y134         RAMD32 (Hold_ramd32_CLK_I)
                                                      0.093    -0.258    student_top_inst/u_RISCV_CORE/INST_RF_UNIT/u_gpr/regs_reg_r2_0_31_0_5/RAMC
  -------------------------------------------------------------------
                         required time                          0.258    
                         arrival time                          -0.164    
  -------------------------------------------------------------------
                         slack                                  0.093    

Slack (MET) :             0.095ns  (arrival time - required time)
  Source:                 student_top_inst/u_RISCV_CORE/INST_MEM_UNIT/reg_wr_addr_o_reg[3]/C
                            (rising edge-triggered cell FDCE clocked by clk_out2_pll  {rise@0.000ns fall@3.333ns period=6.667ns})
  Destination:            student_top_inst/u_RISCV_CORE/INST_RF_UNIT/u_gpr/regs_reg_r2_0_31_18_23/RAMA/WADR3
                            (rising edge-triggered cell RAMD32 clocked by clk_out2_pll  {rise@0.000ns fall@3.333ns period=6.667ns})
  Path Group:             clk_out2_pll
  Path Type:              Hold (Min at Fast Process Corner)
  Requirement:            0.000ns  (clk_out2_pll rise@0.000ns - clk_out2_pll rise@0.000ns)
  Data Path Delay:        0.351ns  (logic 0.118ns (33.602%)  route 0.233ns (66.398%))
  Logic Levels:           0  
  Clock Path Skew:        0.031ns (DCD - SCD - CPR)
    Destination Clock Delay (DCD):    -0.586ns
    Source Clock Delay      (SCD):    -0.395ns
    Clock Pessimism Removal (CPR):    -0.223ns

    Location             Delay type                Incr(ns)  Path(ns)    Netlist Resource(s)
  -------------------------------------------------------------------    -------------------
                         (clock clk_out2_pll rise edge)
                                                      0.000     0.000 r  
    AD12                                              0.000     0.000 r  i_sys_clk_p (IN)
                         net (fo=0)                   0.000     0.000    pll_inst/inst/clk_in1_p
    AD12                 IBUFDS (Prop_ibufds_I_O)     0.388     0.388 r  pll_inst/inst/clkin1_ibufgds/O
                         net (fo=1, routed)           0.503     0.891    pll_inst/inst/clk_in1_pll
    PLLE2_ADV_X1Y1       PLLE2_ADV (Prop_plle2_adv_CLKIN1_CLKOUT1)
                                                     -2.908    -2.017 r  pll_inst/inst/plle2_adv_inst/CLKOUT1
                         net (fo=1, routed)           0.958    -1.059    pll_inst/inst/clk_out2_pll
    BUFGCTRL_X0Y0        BUFG (Prop_bufg_I_O)         0.026    -1.033 r  pll_inst/inst/clkout2_buf/O
                         net (fo=3836, routed)        0.638    -0.395    student_top_inst/u_RISCV_CORE/INST_MEM_UNIT/clk
    SLICE_X16Y136        FDCE                                         r  student_top_inst/u_RISCV_CORE/INST_MEM_UNIT/reg_wr_addr_o_reg[3]/C
  -------------------------------------------------------------------    -------------------
    SLICE_X16Y136        FDCE (Prop_fdce_C_Q)         0.118    -0.277 r  student_top_inst/u_RISCV_CORE/INST_MEM_UNIT/reg_wr_addr_o_reg[3]/Q
                         net (fo=95, routed)          0.233    -0.043    student_top_inst/u_RISCV_CORE/INST_RF_UNIT/u_gpr/regs_reg_r2_0_31_18_23/ADDRD3
    SLICE_X14Y134        RAMD32                                       r  student_top_inst/u_RISCV_CORE/INST_RF_UNIT/u_gpr/regs_reg_r2_0_31_18_23/RAMA/WADR3
  -------------------------------------------------------------------    -------------------

                         (clock clk_out2_pll rise edge)
                                                      0.000     0.000 r  
    AD12                                              0.000     0.000 r  i_sys_clk_p (IN)
                         net (fo=0)                   0.000     0.000    pll_inst/inst/clk_in1_p
    AD12                 IBUFDS (Prop_ibufds_I_O)     0.470     0.470 r  pll_inst/inst/clkin1_ibufgds/O
                         net (fo=1, routed)           0.554     1.024    pll_inst/inst/clk_in1_pll
    PLLE2_ADV_X1Y1       PLLE2_ADV (Prop_plle2_adv_CLKIN1_CLKOUT1)
                                                     -3.524    -2.500 r  pll_inst/inst/plle2_adv_inst/CLKOUT1
                         net (fo=1, routed)           1.027    -1.473    pll_inst/inst/clk_out2_pll
    BUFGCTRL_X0Y0        BUFG (Prop_bufg_I_O)         0.030    -1.443 r  pll_inst/inst/clkout2_buf/O
                         net (fo=3836, routed)        0.857    -0.586    student_top_inst/u_RISCV_CORE/INST_RF_UNIT/u_gpr/regs_reg_r2_0_31_18_23/WCLK
    SLICE_X14Y134        RAMD32                                       r  student_top_inst/u_RISCV_CORE/INST_RF_UNIT/u_gpr/regs_reg_r2_0_31_18_23/RAMA/CLK
                         clock pessimism              0.223    -0.364    
    SLICE_X14Y134        RAMD32 (Hold_ramd32_CLK_WADR3)
                                                      0.225    -0.139    student_top_inst/u_RISCV_CORE/INST_RF_UNIT/u_gpr/regs_reg_r2_0_31_18_23/RAMA
  -------------------------------------------------------------------
                         required time                          0.139    
                         arrival time                          -0.043    
  -------------------------------------------------------------------
                         slack                                  0.095    

Slack (MET) :             0.095ns  (arrival time - required time)
  Source:                 student_top_inst/u_RISCV_CORE/INST_MEM_UNIT/reg_wr_addr_o_reg[3]/C
                            (rising edge-triggered cell FDCE clocked by clk_out2_pll  {rise@0.000ns fall@3.333ns period=6.667ns})
  Destination:            student_top_inst/u_RISCV_CORE/INST_RF_UNIT/u_gpr/regs_reg_r2_0_31_18_23/RAMA_D1/WADR3
                            (rising edge-triggered cell RAMD32 clocked by clk_out2_pll  {rise@0.000ns fall@3.333ns period=6.667ns})
  Path Group:             clk_out2_pll
  Path Type:              Hold (Min at Fast Process Corner)
  Requirement:            0.000ns  (clk_out2_pll rise@0.000ns - clk_out2_pll rise@0.000ns)
  Data Path Delay:        0.351ns  (logic 0.118ns (33.602%)  route 0.233ns (66.398%))
  Logic Levels:           0  
  Clock Path Skew:        0.031ns (DCD - SCD - CPR)
    Destination Clock Delay (DCD):    -0.586ns
    Source Clock Delay      (SCD):    -0.395ns
    Clock Pessimism Removal (CPR):    -0.223ns

    Location             Delay type                Incr(ns)  Path(ns)    Netlist Resource(s)
  -------------------------------------------------------------------    -------------------
                         (clock clk_out2_pll rise edge)
                                                      0.000     0.000 r  
    AD12                                              0.000     0.000 r  i_sys_clk_p (IN)
                         net (fo=0)                   0.000     0.000    pll_inst/inst/clk_in1_p
    AD12                 IBUFDS (Prop_ibufds_I_O)     0.388     0.388 r  pll_inst/inst/clkin1_ibufgds/O
                         net (fo=1, routed)           0.503     0.891    pll_inst/inst/clk_in1_pll
    PLLE2_ADV_X1Y1       PLLE2_ADV (Prop_plle2_adv_CLKIN1_CLKOUT1)
                                                     -2.908    -2.017 r  pll_inst/inst/plle2_adv_inst/CLKOUT1
                         net (fo=1, routed)           0.958    -1.059    pll_inst/inst/clk_out2_pll
    BUFGCTRL_X0Y0        BUFG (Prop_bufg_I_O)         0.026    -1.033 r  pll_inst/inst/clkout2_buf/O
                         net (fo=3836, routed)        0.638    -0.395    student_top_inst/u_RISCV_CORE/INST_MEM_UNIT/clk
    SLICE_X16Y136        FDCE                                         r  student_top_inst/u_RISCV_CORE/INST_MEM_UNIT/reg_wr_addr_o_reg[3]/C
  -------------------------------------------------------------------    -------------------
    SLICE_X16Y136        FDCE (Prop_fdce_C_Q)         0.118    -0.277 r  student_top_inst/u_RISCV_CORE/INST_MEM_UNIT/reg_wr_addr_o_reg[3]/Q
                         net (fo=95, routed)          0.233    -0.043    student_top_inst/u_RISCV_CORE/INST_RF_UNIT/u_gpr/regs_reg_r2_0_31_18_23/ADDRD3
    SLICE_X14Y134        RAMD32                                       r  student_top_inst/u_RISCV_CORE/INST_RF_UNIT/u_gpr/regs_reg_r2_0_31_18_23/RAMA_D1/WADR3
  -------------------------------------------------------------------    -------------------

                         (clock clk_out2_pll rise edge)
                                                      0.000     0.000 r  
    AD12                                              0.000     0.000 r  i_sys_clk_p (IN)
                         net (fo=0)                   0.000     0.000    pll_inst/inst/clk_in1_p
    AD12                 IBUFDS (Prop_ibufds_I_O)     0.470     0.470 r  pll_inst/inst/clkin1_ibufgds/O
                         net (fo=1, routed)           0.554     1.024    pll_inst/inst/clk_in1_pll
    PLLE2_ADV_X1Y1       PLLE2_ADV (Prop_plle2_adv_CLKIN1_CLKOUT1)
                                                     -3.524    -2.500 r  pll_inst/inst/plle2_adv_inst/CLKOUT1
                         net (fo=1, routed)           1.027    -1.473    pll_inst/inst/clk_out2_pll
    BUFGCTRL_X0Y0        BUFG (Prop_bufg_I_O)         0.030    -1.443 r  pll_inst/inst/clkout2_buf/O
                         net (fo=3836, routed)        0.857    -0.586    student_top_inst/u_RISCV_CORE/INST_RF_UNIT/u_gpr/regs_reg_r2_0_31_18_23/WCLK
    SLICE_X14Y134        RAMD32                                       r  student_top_inst/u_RISCV_CORE/INST_RF_UNIT/u_gpr/regs_reg_r2_0_31_18_23/RAMA_D1/CLK
                         clock pessimism              0.223    -0.364    
    SLICE_X14Y134        RAMD32 (Hold_ramd32_CLK_WADR3)
                                                      0.225    -0.139    student_top_inst/u_RISCV_CORE/INST_RF_UNIT/u_gpr/regs_reg_r2_0_31_18_23/RAMA_D1
  -------------------------------------------------------------------
                         required time                          0.139    
                         arrival time                          -0.043    
  -------------------------------------------------------------------
                         slack                                  0.095    

Slack (MET) :             0.095ns  (arrival time - required time)
  Source:                 student_top_inst/u_RISCV_CORE/INST_MEM_UNIT/reg_wr_addr_o_reg[3]/C
                            (rising edge-triggered cell FDCE clocked by clk_out2_pll  {rise@0.000ns fall@3.333ns period=6.667ns})
  Destination:            student_top_inst/u_RISCV_CORE/INST_RF_UNIT/u_gpr/regs_reg_r2_0_31_18_23/RAMB/WADR3
                            (rising edge-triggered cell RAMD32 clocked by clk_out2_pll  {rise@0.000ns fall@3.333ns period=6.667ns})
  Path Group:             clk_out2_pll
  Path Type:              Hold (Min at Fast Process Corner)
  Requirement:            0.000ns  (clk_out2_pll rise@0.000ns - clk_out2_pll rise@0.000ns)
  Data Path Delay:        0.351ns  (logic 0.118ns (33.602%)  route 0.233ns (66.398%))
  Logic Levels:           0  
  Clock Path Skew:        0.031ns (DCD - SCD - CPR)
    Destination Clock Delay (DCD):    -0.586ns
    Source Clock Delay      (SCD):    -0.395ns
    Clock Pessimism Removal (CPR):    -0.223ns

    Location             Delay type                Incr(ns)  Path(ns)    Netlist Resource(s)
  -------------------------------------------------------------------    -------------------
                         (clock clk_out2_pll rise edge)
                                                      0.000     0.000 r  
    AD12                                              0.000     0.000 r  i_sys_clk_p (IN)
                         net (fo=0)                   0.000     0.000    pll_inst/inst/clk_in1_p
    AD12                 IBUFDS (Prop_ibufds_I_O)     0.388     0.388 r  pll_inst/inst/clkin1_ibufgds/O
                         net (fo=1, routed)           0.503     0.891    pll_inst/inst/clk_in1_pll
    PLLE2_ADV_X1Y1       PLLE2_ADV (Prop_plle2_adv_CLKIN1_CLKOUT1)
                                                     -2.908    -2.017 r  pll_inst/inst/plle2_adv_inst/CLKOUT1
                         net (fo=1, routed)           0.958    -1.059    pll_inst/inst/clk_out2_pll
    BUFGCTRL_X0Y0        BUFG (Prop_bufg_I_O)         0.026    -1.033 r  pll_inst/inst/clkout2_buf/O
                         net (fo=3836, routed)        0.638    -0.395    student_top_inst/u_RISCV_CORE/INST_MEM_UNIT/clk
    SLICE_X16Y136        FDCE                                         r  student_top_inst/u_RISCV_CORE/INST_MEM_UNIT/reg_wr_addr_o_reg[3]/C
  -------------------------------------------------------------------    -------------------
    SLICE_X16Y136        FDCE (Prop_fdce_C_Q)         0.118    -0.277 r  student_top_inst/u_RISCV_CORE/INST_MEM_UNIT/reg_wr_addr_o_reg[3]/Q
                         net (fo=95, routed)          0.233    -0.043    student_top_inst/u_RISCV_CORE/INST_RF_UNIT/u_gpr/regs_reg_r2_0_31_18_23/ADDRD3
    SLICE_X14Y134        RAMD32                                       r  student_top_inst/u_RISCV_CORE/INST_RF_UNIT/u_gpr/regs_reg_r2_0_31_18_23/RAMB/WADR3
  -------------------------------------------------------------------    -------------------

                         (clock clk_out2_pll rise edge)
                                                      0.000     0.000 r  
    AD12                                              0.000     0.000 r  i_sys_clk_p (IN)
                         net (fo=0)                   0.000     0.000    pll_inst/inst/clk_in1_p
    AD12                 IBUFDS (Prop_ibufds_I_O)     0.470     0.470 r  pll_inst/inst/clkin1_ibufgds/O
                         net (fo=1, routed)           0.554     1.024    pll_inst/inst/clk_in1_pll
    PLLE2_ADV_X1Y1       PLLE2_ADV (Prop_plle2_adv_CLKIN1_CLKOUT1)
                                                     -3.524    -2.500 r  pll_inst/inst/plle2_adv_inst/CLKOUT1
                         net (fo=1, routed)           1.027    -1.473    pll_inst/inst/clk_out2_pll
    BUFGCTRL_X0Y0        BUFG (Prop_bufg_I_O)         0.030    -1.443 r  pll_inst/inst/clkout2_buf/O
                         net (fo=3836, routed)        0.857    -0.586    student_top_inst/u_RISCV_CORE/INST_RF_UNIT/u_gpr/regs_reg_r2_0_31_18_23/WCLK
    SLICE_X14Y134        RAMD32                                       r  student_top_inst/u_RISCV_CORE/INST_RF_UNIT/u_gpr/regs_reg_r2_0_31_18_23/RAMB/CLK
                         clock pessimism              0.223    -0.364    
    SLICE_X14Y134        RAMD32 (Hold_ramd32_CLK_WADR3)
                                                      0.225    -0.139    student_top_inst/u_RISCV_CORE/INST_RF_UNIT/u_gpr/regs_reg_r2_0_31_18_23/RAMB
  -------------------------------------------------------------------
                         required time                          0.139    
                         arrival time                          -0.043    
  -------------------------------------------------------------------
                         slack                                  0.095    

Slack (MET) :             0.095ns  (arrival time - required time)
  Source:                 student_top_inst/u_RISCV_CORE/INST_MEM_UNIT/reg_wr_addr_o_reg[3]/C
                            (rising edge-triggered cell FDCE clocked by clk_out2_pll  {rise@0.000ns fall@3.333ns period=6.667ns})
  Destination:            student_top_inst/u_RISCV_CORE/INST_RF_UNIT/u_gpr/regs_reg_r2_0_31_18_23/RAMB_D1/WADR3
                            (rising edge-triggered cell RAMD32 clocked by clk_out2_pll  {rise@0.000ns fall@3.333ns period=6.667ns})
  Path Group:             clk_out2_pll
  Path Type:              Hold (Min at Fast Process Corner)
  Requirement:            0.000ns  (clk_out2_pll rise@0.000ns - clk_out2_pll rise@0.000ns)
  Data Path Delay:        0.351ns  (logic 0.118ns (33.602%)  route 0.233ns (66.398%))
  Logic Levels:           0  
  Clock Path Skew:        0.031ns (DCD - SCD - CPR)
    Destination Clock Delay (DCD):    -0.586ns
    Source Clock Delay      (SCD):    -0.395ns
    Clock Pessimism Removal (CPR):    -0.223ns

    Location             Delay type                Incr(ns)  Path(ns)    Netlist Resource(s)
  -------------------------------------------------------------------    -------------------
                         (clock clk_out2_pll rise edge)
                                                      0.000     0.000 r  
    AD12                                              0.000     0.000 r  i_sys_clk_p (IN)
                         net (fo=0)                   0.000     0.000    pll_inst/inst/clk_in1_p
    AD12                 IBUFDS (Prop_ibufds_I_O)     0.388     0.388 r  pll_inst/inst/clkin1_ibufgds/O
                         net (fo=1, routed)           0.503     0.891    pll_inst/inst/clk_in1_pll
    PLLE2_ADV_X1Y1       PLLE2_ADV (Prop_plle2_adv_CLKIN1_CLKOUT1)
                                                     -2.908    -2.017 r  pll_inst/inst/plle2_adv_inst/CLKOUT1
                         net (fo=1, routed)           0.958    -1.059    pll_inst/inst/clk_out2_pll
    BUFGCTRL_X0Y0        BUFG (Prop_bufg_I_O)         0.026    -1.033 r  pll_inst/inst/clkout2_buf/O
                         net (fo=3836, routed)        0.638    -0.395    student_top_inst/u_RISCV_CORE/INST_MEM_UNIT/clk
    SLICE_X16Y136        FDCE                                         r  student_top_inst/u_RISCV_CORE/INST_MEM_UNIT/reg_wr_addr_o_reg[3]/C
  -------------------------------------------------------------------    -------------------
    SLICE_X16Y136        FDCE (Prop_fdce_C_Q)         0.118    -0.277 r  student_top_inst/u_RISCV_CORE/INST_MEM_UNIT/reg_wr_addr_o_reg[3]/Q
                         net (fo=95, routed)          0.233    -0.043    student_top_inst/u_RISCV_CORE/INST_RF_UNIT/u_gpr/regs_reg_r2_0_31_18_23/ADDRD3
    SLICE_X14Y134        RAMD32                                       r  student_top_inst/u_RISCV_CORE/INST_RF_UNIT/u_gpr/regs_reg_r2_0_31_18_23/RAMB_D1/WADR3
  -------------------------------------------------------------------    -------------------

                         (clock clk_out2_pll rise edge)
                                                      0.000     0.000 r  
    AD12                                              0.000     0.000 r  i_sys_clk_p (IN)
                         net (fo=0)                   0.000     0.000    pll_inst/inst/clk_in1_p
    AD12                 IBUFDS (Prop_ibufds_I_O)     0.470     0.470 r  pll_inst/inst/clkin1_ibufgds/O
                         net (fo=1, routed)           0.554     1.024    pll_inst/inst/clk_in1_pll
    PLLE2_ADV_X1Y1       PLLE2_ADV (Prop_plle2_adv_CLKIN1_CLKOUT1)
                                                     -3.524    -2.500 r  pll_inst/inst/plle2_adv_inst/CLKOUT1
                         net (fo=1, routed)           1.027    -1.473    pll_inst/inst/clk_out2_pll
    BUFGCTRL_X0Y0        BUFG (Prop_bufg_I_O)         0.030    -1.443 r  pll_inst/inst/clkout2_buf/O
                         net (fo=3836, routed)        0.857    -0.586    student_top_inst/u_RISCV_CORE/INST_RF_UNIT/u_gpr/regs_reg_r2_0_31_18_23/WCLK
    SLICE_X14Y134        RAMD32                                       r  student_top_inst/u_RISCV_CORE/INST_RF_UNIT/u_gpr/regs_reg_r2_0_31_18_23/RAMB_D1/CLK
                         clock pessimism              0.223    -0.364    
    SLICE_X14Y134        RAMD32 (Hold_ramd32_CLK_WADR3)
                                                      0.225    -0.139    student_top_inst/u_RISCV_CORE/INST_RF_UNIT/u_gpr/regs_reg_r2_0_31_18_23/RAMB_D1
  -------------------------------------------------------------------
                         required time                          0.139    
                         arrival time                          -0.043    
  -------------------------------------------------------------------
                         slack                                  0.095    

Slack (MET) :             0.095ns  (arrival time - required time)
  Source:                 student_top_inst/u_RISCV_CORE/INST_MEM_UNIT/reg_wr_addr_o_reg[3]/C
                            (rising edge-triggered cell FDCE clocked by clk_out2_pll  {rise@0.000ns fall@3.333ns period=6.667ns})
  Destination:            student_top_inst/u_RISCV_CORE/INST_RF_UNIT/u_gpr/regs_reg_r2_0_31_18_23/RAMC/WADR3
                            (rising edge-triggered cell RAMD32 clocked by clk_out2_pll  {rise@0.000ns fall@3.333ns period=6.667ns})
  Path Group:             clk_out2_pll
  Path Type:              Hold (Min at Fast Process Corner)
  Requirement:            0.000ns  (clk_out2_pll rise@0.000ns - clk_out2_pll rise@0.000ns)
  Data Path Delay:        0.351ns  (logic 0.118ns (33.602%)  route 0.233ns (66.398%))
  Logic Levels:           0  
  Clock Path Skew:        0.031ns (DCD - SCD - CPR)
    Destination Clock Delay (DCD):    -0.586ns
    Source Clock Delay      (SCD):    -0.395ns
    Clock Pessimism Removal (CPR):    -0.223ns

    Location             Delay type                Incr(ns)  Path(ns)    Netlist Resource(s)
  -------------------------------------------------------------------    -------------------
                         (clock clk_out2_pll rise edge)
                                                      0.000     0.000 r  
    AD12                                              0.000     0.000 r  i_sys_clk_p (IN)
                         net (fo=0)                   0.000     0.000    pll_inst/inst/clk_in1_p
    AD12                 IBUFDS (Prop_ibufds_I_O)     0.388     0.388 r  pll_inst/inst/clkin1_ibufgds/O
                         net (fo=1, routed)           0.503     0.891    pll_inst/inst/clk_in1_pll
    PLLE2_ADV_X1Y1       PLLE2_ADV (Prop_plle2_adv_CLKIN1_CLKOUT1)
                                                     -2.908    -2.017 r  pll_inst/inst/plle2_adv_inst/CLKOUT1
                         net (fo=1, routed)           0.958    -1.059    pll_inst/inst/clk_out2_pll
    BUFGCTRL_X0Y0        BUFG (Prop_bufg_I_O)         0.026    -1.033 r  pll_inst/inst/clkout2_buf/O
                         net (fo=3836, routed)        0.638    -0.395    student_top_inst/u_RISCV_CORE/INST_MEM_UNIT/clk
    SLICE_X16Y136        FDCE                                         r  student_top_inst/u_RISCV_CORE/INST_MEM_UNIT/reg_wr_addr_o_reg[3]/C
  -------------------------------------------------------------------    -------------------
    SLICE_X16Y136        FDCE (Prop_fdce_C_Q)         0.118    -0.277 r  student_top_inst/u_RISCV_CORE/INST_MEM_UNIT/reg_wr_addr_o_reg[3]/Q
                         net (fo=95, routed)          0.233    -0.043    student_top_inst/u_RISCV_CORE/INST_RF_UNIT/u_gpr/regs_reg_r2_0_31_18_23/ADDRD3
    SLICE_X14Y134        RAMD32                                       r  student_top_inst/u_RISCV_CORE/INST_RF_UNIT/u_gpr/regs_reg_r2_0_31_18_23/RAMC/WADR3
  -------------------------------------------------------------------    -------------------

                         (clock clk_out2_pll rise edge)
                                                      0.000     0.000 r  
    AD12                                              0.000     0.000 r  i_sys_clk_p (IN)
                         net (fo=0)                   0.000     0.000    pll_inst/inst/clk_in1_p
    AD12                 IBUFDS (Prop_ibufds_I_O)     0.470     0.470 r  pll_inst/inst/clkin1_ibufgds/O
                         net (fo=1, routed)           0.554     1.024    pll_inst/inst/clk_in1_pll
    PLLE2_ADV_X1Y1       PLLE2_ADV (Prop_plle2_adv_CLKIN1_CLKOUT1)
                                                     -3.524    -2.500 r  pll_inst/inst/plle2_adv_inst/CLKOUT1
                         net (fo=1, routed)           1.027    -1.473    pll_inst/inst/clk_out2_pll
    BUFGCTRL_X0Y0        BUFG (Prop_bufg_I_O)         0.030    -1.443 r  pll_inst/inst/clkout2_buf/O
                         net (fo=3836, routed)        0.857    -0.586    student_top_inst/u_RISCV_CORE/INST_RF_UNIT/u_gpr/regs_reg_r2_0_31_18_23/WCLK
    SLICE_X14Y134        RAMD32                                       r  student_top_inst/u_RISCV_CORE/INST_RF_UNIT/u_gpr/regs_reg_r2_0_31_18_23/RAMC/CLK
                         clock pessimism              0.223    -0.364    
    SLICE_X14Y134        RAMD32 (Hold_ramd32_CLK_WADR3)
                                                      0.225    -0.139    student_top_inst/u_RISCV_CORE/INST_RF_UNIT/u_gpr/regs_reg_r2_0_31_18_23/RAMC
  -------------------------------------------------------------------
                         required time                          0.139    
                         arrival time                          -0.043    
  -------------------------------------------------------------------
                         slack                                  0.095    

Slack (MET) :             0.095ns  (arrival time - required time)
  Source:                 student_top_inst/u_RISCV_CORE/INST_MEM_UNIT/reg_wr_addr_o_reg[3]/C
                            (rising edge-triggered cell FDCE clocked by clk_out2_pll  {rise@0.000ns fall@3.333ns period=6.667ns})
  Destination:            student_top_inst/u_RISCV_CORE/INST_RF_UNIT/u_gpr/regs_reg_r2_0_31_18_23/RAMC_D1/WADR3
                            (rising edge-triggered cell RAMD32 clocked by clk_out2_pll  {rise@0.000ns fall@3.333ns period=6.667ns})
  Path Group:             clk_out2_pll
  Path Type:              Hold (Min at Fast Process Corner)
  Requirement:            0.000ns  (clk_out2_pll rise@0.000ns - clk_out2_pll rise@0.000ns)
  Data Path Delay:        0.351ns  (logic 0.118ns (33.602%)  route 0.233ns (66.398%))
  Logic Levels:           0  
  Clock Path Skew:        0.031ns (DCD - SCD - CPR)
    Destination Clock Delay (DCD):    -0.586ns
    Source Clock Delay      (SCD):    -0.395ns
    Clock Pessimism Removal (CPR):    -0.223ns

    Location             Delay type                Incr(ns)  Path(ns)    Netlist Resource(s)
  -------------------------------------------------------------------    -------------------
                         (clock clk_out2_pll rise edge)
                                                      0.000     0.000 r  
    AD12                                              0.000     0.000 r  i_sys_clk_p (IN)
                         net (fo=0)                   0.000     0.000    pll_inst/inst/clk_in1_p
    AD12                 IBUFDS (Prop_ibufds_I_O)     0.388     0.388 r  pll_inst/inst/clkin1_ibufgds/O
                         net (fo=1, routed)           0.503     0.891    pll_inst/inst/clk_in1_pll
    PLLE2_ADV_X1Y1       PLLE2_ADV (Prop_plle2_adv_CLKIN1_CLKOUT1)
                                                     -2.908    -2.017 r  pll_inst/inst/plle2_adv_inst/CLKOUT1
                         net (fo=1, routed)           0.958    -1.059    pll_inst/inst/clk_out2_pll
    BUFGCTRL_X0Y0        BUFG (Prop_bufg_I_O)         0.026    -1.033 r  pll_inst/inst/clkout2_buf/O
                         net (fo=3836, routed)        0.638    -0.395    student_top_inst/u_RISCV_CORE/INST_MEM_UNIT/clk
    SLICE_X16Y136        FDCE                                         r  student_top_inst/u_RISCV_CORE/INST_MEM_UNIT/reg_wr_addr_o_reg[3]/C
  -------------------------------------------------------------------    -------------------
    SLICE_X16Y136        FDCE (Prop_fdce_C_Q)         0.118    -0.277 r  student_top_inst/u_RISCV_CORE/INST_MEM_UNIT/reg_wr_addr_o_reg[3]/Q
                         net (fo=95, routed)          0.233    -0.043    student_top_inst/u_RISCV_CORE/INST_RF_UNIT/u_gpr/regs_reg_r2_0_31_18_23/ADDRD3
    SLICE_X14Y134        RAMD32                                       r  student_top_inst/u_RISCV_CORE/INST_RF_UNIT/u_gpr/regs_reg_r2_0_31_18_23/RAMC_D1/WADR3
  -------------------------------------------------------------------    -------------------

                         (clock clk_out2_pll rise edge)
                                                      0.000     0.000 r  
    AD12                                              0.000     0.000 r  i_sys_clk_p (IN)
                         net (fo=0)                   0.000     0.000    pll_inst/inst/clk_in1_p
    AD12                 IBUFDS (Prop_ibufds_I_O)     0.470     0.470 r  pll_inst/inst/clkin1_ibufgds/O
                         net (fo=1, routed)           0.554     1.024    pll_inst/inst/clk_in1_pll
    PLLE2_ADV_X1Y1       PLLE2_ADV (Prop_plle2_adv_CLKIN1_CLKOUT1)
                                                     -3.524    -2.500 r  pll_inst/inst/plle2_adv_inst/CLKOUT1
                         net (fo=1, routed)           1.027    -1.473    pll_inst/inst/clk_out2_pll
    BUFGCTRL_X0Y0        BUFG (Prop_bufg_I_O)         0.030    -1.443 r  pll_inst/inst/clkout2_buf/O
                         net (fo=3836, routed)        0.857    -0.586    student_top_inst/u_RISCV_CORE/INST_RF_UNIT/u_gpr/regs_reg_r2_0_31_18_23/WCLK
    SLICE_X14Y134        RAMD32                                       r  student_top_inst/u_RISCV_CORE/INST_RF_UNIT/u_gpr/regs_reg_r2_0_31_18_23/RAMC_D1/CLK
                         clock pessimism              0.223    -0.364    
    SLICE_X14Y134        RAMD32 (Hold_ramd32_CLK_WADR3)
                                                      0.225    -0.139    student_top_inst/u_RISCV_CORE/INST_RF_UNIT/u_gpr/regs_reg_r2_0_31_18_23/RAMC_D1
  -------------------------------------------------------------------
                         required time                          0.139    
                         arrival time                          -0.043    
  -------------------------------------------------------------------
                         slack                                  0.095    

Slack (MET) :             0.095ns  (arrival time - required time)
  Source:                 student_top_inst/u_RISCV_CORE/INST_MEM_UNIT/reg_wr_addr_o_reg[3]/C
                            (rising edge-triggered cell FDCE clocked by clk_out2_pll  {rise@0.000ns fall@3.333ns period=6.667ns})
  Destination:            student_top_inst/u_RISCV_CORE/INST_RF_UNIT/u_gpr/regs_reg_r2_0_31_18_23/RAMD/ADR3
                            (rising edge-triggered cell RAMS32 clocked by clk_out2_pll  {rise@0.000ns fall@3.333ns period=6.667ns})
  Path Group:             clk_out2_pll
  Path Type:              Hold (Min at Fast Process Corner)
  Requirement:            0.000ns  (clk_out2_pll rise@0.000ns - clk_out2_pll rise@0.000ns)
  Data Path Delay:        0.351ns  (logic 0.118ns (33.602%)  route 0.233ns (66.398%))
  Logic Levels:           0  
  Clock Path Skew:        0.031ns (DCD - SCD - CPR)
    Destination Clock Delay (DCD):    -0.586ns
    Source Clock Delay      (SCD):    -0.395ns
    Clock Pessimism Removal (CPR):    -0.223ns

    Location             Delay type                Incr(ns)  Path(ns)    Netlist Resource(s)
  -------------------------------------------------------------------    -------------------
                         (clock clk_out2_pll rise edge)
                                                      0.000     0.000 r  
    AD12                                              0.000     0.000 r  i_sys_clk_p (IN)
                         net (fo=0)                   0.000     0.000    pll_inst/inst/clk_in1_p
    AD12                 IBUFDS (Prop_ibufds_I_O)     0.388     0.388 r  pll_inst/inst/clkin1_ibufgds/O
                         net (fo=1, routed)           0.503     0.891    pll_inst/inst/clk_in1_pll
    PLLE2_ADV_X1Y1       PLLE2_ADV (Prop_plle2_adv_CLKIN1_CLKOUT1)
                                                     -2.908    -2.017 r  pll_inst/inst/plle2_adv_inst/CLKOUT1
                         net (fo=1, routed)           0.958    -1.059    pll_inst/inst/clk_out2_pll
    BUFGCTRL_X0Y0        BUFG (Prop_bufg_I_O)         0.026    -1.033 r  pll_inst/inst/clkout2_buf/O
                         net (fo=3836, routed)        0.638    -0.395    student_top_inst/u_RISCV_CORE/INST_MEM_UNIT/clk
    SLICE_X16Y136        FDCE                                         r  student_top_inst/u_RISCV_CORE/INST_MEM_UNIT/reg_wr_addr_o_reg[3]/C
  -------------------------------------------------------------------    -------------------
    SLICE_X16Y136        FDCE (Prop_fdce_C_Q)         0.118    -0.277 r  student_top_inst/u_RISCV_CORE/INST_MEM_UNIT/reg_wr_addr_o_reg[3]/Q
                         net (fo=95, routed)          0.233    -0.043    student_top_inst/u_RISCV_CORE/INST_RF_UNIT/u_gpr/regs_reg_r2_0_31_18_23/ADDRD3
    SLICE_X14Y134        RAMS32                                       r  student_top_inst/u_RISCV_CORE/INST_RF_UNIT/u_gpr/regs_reg_r2_0_31_18_23/RAMD/ADR3
  -------------------------------------------------------------------    -------------------

                         (clock clk_out2_pll rise edge)
                                                      0.000     0.000 r  
    AD12                                              0.000     0.000 r  i_sys_clk_p (IN)
                         net (fo=0)                   0.000     0.000    pll_inst/inst/clk_in1_p
    AD12                 IBUFDS (Prop_ibufds_I_O)     0.470     0.470 r  pll_inst/inst/clkin1_ibufgds/O
                         net (fo=1, routed)           0.554     1.024    pll_inst/inst/clk_in1_pll
    PLLE2_ADV_X1Y1       PLLE2_ADV (Prop_plle2_adv_CLKIN1_CLKOUT1)
                                                     -3.524    -2.500 r  pll_inst/inst/plle2_adv_inst/CLKOUT1
                         net (fo=1, routed)           1.027    -1.473    pll_inst/inst/clk_out2_pll
    BUFGCTRL_X0Y0        BUFG (Prop_bufg_I_O)         0.030    -1.443 r  pll_inst/inst/clkout2_buf/O
                         net (fo=3836, routed)        0.857    -0.586    student_top_inst/u_RISCV_CORE/INST_RF_UNIT/u_gpr/regs_reg_r2_0_31_18_23/WCLK
    SLICE_X14Y134        RAMS32                                       r  student_top_inst/u_RISCV_CORE/INST_RF_UNIT/u_gpr/regs_reg_r2_0_31_18_23/RAMD/CLK
                         clock pessimism              0.223    -0.364    
    SLICE_X14Y134        RAMS32 (Hold_rams32_CLK_ADR3)
                                                      0.225    -0.139    student_top_inst/u_RISCV_CORE/INST_RF_UNIT/u_gpr/regs_reg_r2_0_31_18_23/RAMD
  -------------------------------------------------------------------
                         required time                          0.139    
                         arrival time                          -0.043    
  -------------------------------------------------------------------
                         slack                                  0.095    





Pulse Width Checks
--------------------------------------------------------------------------------------
Clock Name:         clk_out2_pll
Waveform(ns):       { 0.000 3.333 }
Period(ns):         6.667
Sources:            { pll_inst/inst/plle2_adv_inst/CLKOUT1 }

Check Type        Corner  Lib Pin             Reference Pin  Required(ns)  Actual(ns)  Slack(ns)  Location        Pin
Min Period        n/a     RAMB36E1/CLKARDCLK  n/a            1.839         6.667       4.828      RAMB36_X0Y24    student_top_inst/bridge_inst/dram_driver_inst/Mem_DRAM/uut_BLOCKRAM/U0/inst_blk_mem_gen/gnbram.gnativebmg.native_blk_mem_gen/valid.cstr/ramloop[0].ram.r/prim_init.ram/DEVICE_7SERIES.NO_BMM_INFO.SDP.SIMPLE_PRIM36.ram/CLKARDCLK
Min Period        n/a     RAMB36E1/CLKBWRCLK  n/a            1.839         6.667       4.828      RAMB36_X0Y24    student_top_inst/bridge_inst/dram_driver_inst/Mem_DRAM/uut_BLOCKRAM/U0/inst_blk_mem_gen/gnbram.gnativebmg.native_blk_mem_gen/valid.cstr/ramloop[0].ram.r/prim_init.ram/DEVICE_7SERIES.NO_BMM_INFO.SDP.SIMPLE_PRIM36.ram/CLKBWRCLK
Min Period        n/a     RAMB36E1/CLKARDCLK  n/a            1.839         6.667       4.828      RAMB36_X1Y28    student_top_inst/bridge_inst/dram_driver_inst/Mem_DRAM/uut_BLOCKRAM/U0/inst_blk_mem_gen/gnbram.gnativebmg.native_blk_mem_gen/valid.cstr/ramloop[10].ram.r/prim_init.ram/DEVICE_7SERIES.NO_BMM_INFO.SDP.SIMPLE_PRIM36.ram/CLKARDCLK
Min Period        n/a     RAMB36E1/CLKBWRCLK  n/a            1.839         6.667       4.828      RAMB36_X1Y28    student_top_inst/bridge_inst/dram_driver_inst/Mem_DRAM/uut_BLOCKRAM/U0/inst_blk_mem_gen/gnbram.gnativebmg.native_blk_mem_gen/valid.cstr/ramloop[10].ram.r/prim_init.ram/DEVICE_7SERIES.NO_BMM_INFO.SDP.SIMPLE_PRIM36.ram/CLKBWRCLK
Min Period        n/a     RAMB36E1/CLKARDCLK  n/a            1.839         6.667       4.828      RAMB36_X0Y29    student_top_inst/bridge_inst/dram_driver_inst/Mem_DRAM/uut_BLOCKRAM/U0/inst_blk_mem_gen/gnbram.gnativebmg.native_blk_mem_gen/valid.cstr/ramloop[11].ram.r/prim_init.ram/DEVICE_7SERIES.NO_BMM_INFO.SDP.SIMPLE_PRIM36.ram/CLKARDCLK
Min Period        n/a     RAMB36E1/CLKBWRCLK  n/a            1.839         6.667       4.828      RAMB36_X0Y29    student_top_inst/bridge_inst/dram_driver_inst/Mem_DRAM/uut_BLOCKRAM/U0/inst_blk_mem_gen/gnbram.gnativebmg.native_blk_mem_gen/valid.cstr/ramloop[11].ram.r/prim_init.ram/DEVICE_7SERIES.NO_BMM_INFO.SDP.SIMPLE_PRIM36.ram/CLKBWRCLK
Min Period        n/a     RAMB36E1/CLKARDCLK  n/a            1.839         6.667       4.828      RAMB36_X0Y26    student_top_inst/bridge_inst/dram_driver_inst/Mem_DRAM/uut_BLOCKRAM/U0/inst_blk_mem_gen/gnbram.gnativebmg.native_blk_mem_gen/valid.cstr/ramloop[12].ram.r/prim_init.ram/DEVICE_7SERIES.NO_BMM_INFO.SDP.SIMPLE_PRIM36.ram/CLKARDCLK
Min Period        n/a     RAMB36E1/CLKBWRCLK  n/a            1.839         6.667       4.828      RAMB36_X0Y26    student_top_inst/bridge_inst/dram_driver_inst/Mem_DRAM/uut_BLOCKRAM/U0/inst_blk_mem_gen/gnbram.gnativebmg.native_blk_mem_gen/valid.cstr/ramloop[12].ram.r/prim_init.ram/DEVICE_7SERIES.NO_BMM_INFO.SDP.SIMPLE_PRIM36.ram/CLKBWRCLK
Min Period        n/a     RAMB36E1/CLKARDCLK  n/a            1.839         6.667       4.828      RAMB36_X0Y28    student_top_inst/bridge_inst/dram_driver_inst/Mem_DRAM/uut_BLOCKRAM/U0/inst_blk_mem_gen/gnbram.gnativebmg.native_blk_mem_gen/valid.cstr/ramloop[13].ram.r/prim_init.ram/DEVICE_7SERIES.NO_BMM_INFO.SDP.SIMPLE_PRIM36.ram/CLKARDCLK
Min Period        n/a     RAMB36E1/CLKBWRCLK  n/a            1.839         6.667       4.828      RAMB36_X0Y28    student_top_inst/bridge_inst/dram_driver_inst/Mem_DRAM/uut_BLOCKRAM/U0/inst_blk_mem_gen/gnbram.gnativebmg.native_blk_mem_gen/valid.cstr/ramloop[13].ram.r/prim_init.ram/DEVICE_7SERIES.NO_BMM_INFO.SDP.SIMPLE_PRIM36.ram/CLKBWRCLK
Max Period        n/a     PLLE2_ADV/CLKOUT1   n/a            160.000       6.667       153.333    PLLE2_ADV_X1Y1  pll_inst/inst/plle2_adv_inst/CLKOUT1
Low Pulse Width   Slow    RAMD32/CLK          n/a            0.768         3.333       2.565      SLICE_X6Y133    student_top_inst/u_RISCV_CORE/INST_RF_UNIT/u_gpr/regs_reg_r1_0_31_0_5/RAMA/CLK
Low Pulse Width   Fast    RAMD32/CLK          n/a            0.768         3.333       2.565      SLICE_X6Y133    student_top_inst/u_RISCV_CORE/INST_RF_UNIT/u_gpr/regs_reg_r1_0_31_0_5/RAMA/CLK
Low Pulse Width   Slow    RAMD32/CLK          n/a            0.768         3.333       2.565      SLICE_X6Y133    student_top_inst/u_RISCV_CORE/INST_RF_UNIT/u_gpr/regs_reg_r1_0_31_0_5/RAMA_D1/CLK
Low Pulse Width   Fast    RAMD32/CLK          n/a            0.768         3.333       2.565      SLICE_X6Y133    student_top_inst/u_RISCV_CORE/INST_RF_UNIT/u_gpr/regs_reg_r1_0_31_0_5/RAMA_D1/CLK
Low Pulse Width   Slow    RAMD32/CLK          n/a            0.768         3.333       2.565      SLICE_X6Y133    student_top_inst/u_RISCV_CORE/INST_RF_UNIT/u_gpr/regs_reg_r1_0_31_0_5/RAMB/CLK
Low Pulse Width   Fast    RAMD32/CLK          n/a            0.768         3.333       2.565      SLICE_X6Y133    student_top_inst/u_RISCV_CORE/INST_RF_UNIT/u_gpr/regs_reg_r1_0_31_0_5/RAMB/CLK
Low Pulse Width   Slow    RAMD32/CLK          n/a            0.768         3.333       2.565      SLICE_X6Y133    student_top_inst/u_RISCV_CORE/INST_RF_UNIT/u_gpr/regs_reg_r1_0_31_0_5/RAMB_D1/CLK
Low Pulse Width   Fast    RAMD32/CLK          n/a            0.768         3.333       2.565      SLICE_X6Y133    student_top_inst/u_RISCV_CORE/INST_RF_UNIT/u_gpr/regs_reg_r1_0_31_0_5/RAMB_D1/CLK
Low Pulse Width   Slow    RAMD32/CLK          n/a            0.768         3.333       2.565      SLICE_X6Y133    student_top_inst/u_RISCV_CORE/INST_RF_UNIT/u_gpr/regs_reg_r1_0_31_0_5/RAMC/CLK
Low Pulse Width   Fast    RAMD32/CLK          n/a            0.768         3.333       2.565      SLICE_X6Y133    student_top_inst/u_RISCV_CORE/INST_RF_UNIT/u_gpr/regs_reg_r1_0_31_0_5/RAMC/CLK
High Pulse Width  Slow    RAMD32/CLK          n/a            0.768         3.333       2.565      SLICE_X6Y133    student_top_inst/u_RISCV_CORE/INST_RF_UNIT/u_gpr/regs_reg_r1_0_31_0_5/RAMA/CLK
High Pulse Width  Fast    RAMD32/CLK          n/a            0.768         3.333       2.565      SLICE_X6Y133    student_top_inst/u_RISCV_CORE/INST_RF_UNIT/u_gpr/regs_reg_r1_0_31_0_5/RAMA/CLK
High Pulse Width  Slow    RAMD32/CLK          n/a            0.768         3.333       2.565      SLICE_X6Y133    student_top_inst/u_RISCV_CORE/INST_RF_UNIT/u_gpr/regs_reg_r1_0_31_0_5/RAMA_D1/CLK
High Pulse Width  Fast    RAMD32/CLK          n/a            0.768         3.333       2.565      SLICE_X6Y133    student_top_inst/u_RISCV_CORE/INST_RF_UNIT/u_gpr/regs_reg_r1_0_31_0_5/RAMA_D1/CLK
High Pulse Width  Slow    RAMD32/CLK          n/a            0.768         3.333       2.565      SLICE_X6Y133    student_top_inst/u_RISCV_CORE/INST_RF_UNIT/u_gpr/regs_reg_r1_0_31_0_5/RAMB/CLK
High Pulse Width  Fast    RAMD32/CLK          n/a            0.768         3.333       2.565      SLICE_X6Y133    student_top_inst/u_RISCV_CORE/INST_RF_UNIT/u_gpr/regs_reg_r1_0_31_0_5/RAMB/CLK
High Pulse Width  Slow    RAMD32/CLK          n/a            0.768         3.333       2.565      SLICE_X6Y133    student_top_inst/u_RISCV_CORE/INST_RF_UNIT/u_gpr/regs_reg_r1_0_31_0_5/RAMB_D1/CLK
High Pulse Width  Fast    RAMD32/CLK          n/a            0.768         3.333       2.565      SLICE_X6Y133    student_top_inst/u_RISCV_CORE/INST_RF_UNIT/u_gpr/regs_reg_r1_0_31_0_5/RAMB_D1/CLK
High Pulse Width  Slow    RAMD32/CLK          n/a            0.768         3.333       2.565      SLICE_X6Y133    student_top_inst/u_RISCV_CORE/INST_RF_UNIT/u_gpr/regs_reg_r1_0_31_0_5/RAMC/CLK
High Pulse Width  Fast    RAMD32/CLK          n/a            0.768         3.333       2.565      SLICE_X6Y133    student_top_inst/u_RISCV_CORE/INST_RF_UNIT/u_gpr/regs_reg_r1_0_31_0_5/RAMC/CLK



---------------------------------------------------------------------------------------------------
From Clock:  clkfbout_pll
  To Clock:  clkfbout_pll

Setup :           NA  Failing Endpoints,  Worst Slack           NA  ,  Total Violation           NA
Hold  :           NA  Failing Endpoints,  Worst Slack           NA  ,  Total Violation           NA
PW    :            0  Failing Endpoints,  Worst Slack        8.592ns,  Total Violation        0.000ns
---------------------------------------------------------------------------------------------------


Pulse Width Checks
--------------------------------------------------------------------------------------
Clock Name:         clkfbout_pll
Waveform(ns):       { 0.000 5.000 }
Period(ns):         10.000
Sources:            { pll_inst/inst/plle2_adv_inst/CLKFBOUT }

Check Type  Corner  Lib Pin             Reference Pin  Required(ns)  Actual(ns)  Slack(ns)  Location        Pin
Min Period  n/a     BUFG/I              n/a            1.408         10.000      8.591      BUFGCTRL_X0Y2   pll_inst/inst/clkf_buf/I
Min Period  n/a     PLLE2_ADV/CLKFBOUT  n/a            1.071         10.000      8.929      PLLE2_ADV_X1Y1  pll_inst/inst/plle2_adv_inst/CLKFBOUT
Min Period  n/a     PLLE2_ADV/CLKFBIN   n/a            1.071         10.000      8.929      PLLE2_ADV_X1Y1  pll_inst/inst/plle2_adv_inst/CLKFBIN
Max Period  n/a     PLLE2_ADV/CLKFBIN   n/a            52.633        10.000      42.633     PLLE2_ADV_X1Y1  pll_inst/inst/plle2_adv_inst/CLKFBIN
Max Period  n/a     PLLE2_ADV/CLKFBOUT  n/a            160.000       10.000      150.000    PLLE2_ADV_X1Y1  pll_inst/inst/plle2_adv_inst/CLKFBOUT



---------------------------------------------------------------------------------------------------
From Clock:  clk_out2_pll
  To Clock:  clk_out1_pll

Setup :            0  Failing Endpoints,  Worst Slack        2.238ns,  Total Violation        0.000ns
Hold  :            0  Failing Endpoints,  Worst Slack        0.166ns,  Total Violation        0.000ns
---------------------------------------------------------------------------------------------------


Max Delay Paths
--------------------------------------------------------------------------------------
Slack (MET) :             2.238ns  (required time - arrival time)
  Source:                 student_top_inst/bridge_inst/seg_driver/count_reg[4]/C
                            (rising edge-triggered cell FDCE clocked by clk_out2_pll  {rise@0.000ns fall@3.333ns period=6.667ns})
  Destination:            twin_controller_inst/status_buffer_reg[2][7]/D
                            (rising edge-triggered cell FDCE clocked by clk_out1_pll  {rise@0.000ns fall@10.000ns period=20.000ns})
  Path Group:             clk_out1_pll
  Path Type:              Setup (Max at Slow Process Corner)
  Requirement:            6.667ns  (clk_out1_pll rise@20.000ns - clk_out2_pll rise@13.333ns)
  Data Path Delay:        3.832ns  (logic 0.557ns (14.534%)  route 3.275ns (85.466%))
  Logic Levels:           3  (LUT1=2 LUT6=1)
  Clock Path Skew:        -0.270ns (DCD - SCD + CPR)
    Destination Clock Delay (DCD):    -1.979ns = ( 18.021 - 20.000 ) 
    Source Clock Delay      (SCD):    -2.306ns = ( 11.027 - 13.333 ) 
    Clock Pessimism Removal (CPR):    -0.598ns
  Clock Uncertainty:      0.206ns  ((TSJ^2 + DJ^2)^1/2) / 2 + PE
    Total System Jitter     (TSJ):    0.071ns
    Discrete Jitter          (DJ):    0.157ns
    Phase Error              (PE):    0.120ns

    Location             Delay type                Incr(ns)  Path(ns)    Netlist Resource(s)
  -------------------------------------------------------------------    -------------------
                         (clock clk_out2_pll rise edge)
                                                     13.333    13.333 r  
    AD12                                              0.000    13.333 r  i_sys_clk_p (IN)
                         net (fo=0)                   0.000    13.333    pll_inst/inst/clk_in1_p
    AD12                 IBUFDS (Prop_ibufds_I_O)     0.906    14.239 r  pll_inst/inst/clkin1_ibufgds/O
                         net (fo=1, routed)           1.098    15.337    pll_inst/inst/clk_in1_pll
    PLLE2_ADV_X1Y1       PLLE2_ADV (Prop_plle2_adv_CLKIN1_CLKOUT1)
                                                     -8.058     7.279 r  pll_inst/inst/plle2_adv_inst/CLKOUT1
                         net (fo=1, routed)           2.128     9.407    pll_inst/inst/clk_out2_pll
    BUFGCTRL_X0Y0        BUFG (Prop_bufg_I_O)         0.093     9.500 r  pll_inst/inst/clkout2_buf/O
                         net (fo=3836, routed)        1.527    11.027    student_top_inst/bridge_inst/seg_driver/clk
    SLICE_X2Y142         FDCE                                         r  student_top_inst/bridge_inst/seg_driver/count_reg[4]/C
  -------------------------------------------------------------------    -------------------
    SLICE_X2Y142         FDCE (Prop_fdce_C_Q)         0.236    11.263 r  student_top_inst/bridge_inst/seg_driver/count_reg[4]/Q
                         net (fo=51, routed)          0.705    11.968    student_top_inst/bridge_inst/seg_driver/ans[0]
    SLICE_X7Y149         LUT1 (Prop_lut1_I0_O)        0.136    12.104 r  student_top_inst/bridge_inst/seg_driver/ans[0]_hold_fix/O
                         net (fo=4, routed)           1.485    13.589    student_top_inst/bridge_inst/seg_driver/ans[0]_hold_fix_1
    SLICE_X0Y144         LUT6 (Prop_lut6_I3_O)        0.135    13.724 r  student_top_inst/bridge_inst/seg_driver/seg3[3]_INST_0/O
                         net (fo=2, routed)           0.655    14.379    student_top_inst/bridge_inst/seg_driver/seg3[3]
    SLICE_X0Y144         LUT1 (Prop_lut1_I0_O)        0.050    14.429 r  student_top_inst/bridge_inst/seg_driver/seg3[3]_hold_fix/O
                         net (fo=1, routed)           0.430    14.859    twin_controller_inst/seg3[3]_hold_fix_1_alias
    SLICE_X0Y144         FDCE                                         r  twin_controller_inst/status_buffer_reg[2][7]/D
  -------------------------------------------------------------------    -------------------

                         (clock clk_out1_pll rise edge)
                                                     20.000    20.000 r  
    AD12                                              0.000    20.000 r  i_sys_clk_p (IN)
                         net (fo=0)                   0.000    20.000    pll_inst/inst/clk_in1_p
    AD12                 IBUFDS (Prop_ibufds_I_O)     0.803    20.803 r  pll_inst/inst/clkin1_ibufgds/O
                         net (fo=1, routed)           1.001    21.804    pll_inst/inst/clk_in1_pll
    PLLE2_ADV_X1Y1       PLLE2_ADV (Prop_plle2_adv_CLKIN1_CLKOUT0)
                                                     -7.261    14.543 r  pll_inst/inst/plle2_adv_inst/CLKOUT0
                         net (fo=1, routed)           2.003    16.546    pll_inst/inst/clk_out1_pll
    BUFGCTRL_X0Y1        BUFG (Prop_bufg_I_O)         0.083    16.629 r  pll_inst/inst/clkout1_buf/O
                         net (fo=394, routed)         1.392    18.021    twin_controller_inst/CLK
    SLICE_X0Y144         FDCE                                         r  twin_controller_inst/status_buffer_reg[2][7]/C
                         clock pessimism             -0.598    17.424    
                         clock uncertainty           -0.206    17.217    
    SLICE_X0Y144         FDCE (Setup_fdce_C_D)       -0.120    17.097    twin_controller_inst/status_buffer_reg[2][7]
  -------------------------------------------------------------------
                         required time                         17.097    
                         arrival time                         -14.859    
  -------------------------------------------------------------------
                         slack                                  2.238    

Slack (MET) :             2.294ns  (required time - arrival time)
  Source:                 student_top_inst/bridge_inst/seg_driver/count_reg[4]/C
                            (rising edge-triggered cell FDCE clocked by clk_out2_pll  {rise@0.000ns fall@3.333ns period=6.667ns})
  Destination:            twin_controller_inst/status_buffer_reg[2][6]/D
                            (rising edge-triggered cell FDCE clocked by clk_out1_pll  {rise@0.000ns fall@10.000ns period=20.000ns})
  Path Group:             clk_out1_pll
  Path Type:              Setup (Max at Slow Process Corner)
  Requirement:            6.667ns  (clk_out1_pll rise@20.000ns - clk_out2_pll rise@13.333ns)
  Data Path Delay:        3.783ns  (logic 0.558ns (14.751%)  route 3.225ns (85.249%))
  Logic Levels:           3  (LUT1=2 LUT6=1)
  Clock Path Skew:        -0.270ns (DCD - SCD + CPR)
    Destination Clock Delay (DCD):    -1.979ns = ( 18.021 - 20.000 ) 
    Source Clock Delay      (SCD):    -2.306ns = ( 11.027 - 13.333 ) 
    Clock Pessimism Removal (CPR):    -0.598ns
  Clock Uncertainty:      0.206ns  ((TSJ^2 + DJ^2)^1/2) / 2 + PE
    Total System Jitter     (TSJ):    0.071ns
    Discrete Jitter          (DJ):    0.157ns
    Phase Error              (PE):    0.120ns

    Location             Delay type                Incr(ns)  Path(ns)    Netlist Resource(s)
  -------------------------------------------------------------------    -------------------
                         (clock clk_out2_pll rise edge)
                                                     13.333    13.333 r  
    AD12                                              0.000    13.333 r  i_sys_clk_p (IN)
                         net (fo=0)                   0.000    13.333    pll_inst/inst/clk_in1_p
    AD12                 IBUFDS (Prop_ibufds_I_O)     0.906    14.239 r  pll_inst/inst/clkin1_ibufgds/O
                         net (fo=1, routed)           1.098    15.337    pll_inst/inst/clk_in1_pll
    PLLE2_ADV_X1Y1       PLLE2_ADV (Prop_plle2_adv_CLKIN1_CLKOUT1)
                                                     -8.058     7.279 r  pll_inst/inst/plle2_adv_inst/CLKOUT1
                         net (fo=1, routed)           2.128     9.407    pll_inst/inst/clk_out2_pll
    BUFGCTRL_X0Y0        BUFG (Prop_bufg_I_O)         0.093     9.500 r  pll_inst/inst/clkout2_buf/O
                         net (fo=3836, routed)        1.527    11.027    student_top_inst/bridge_inst/seg_driver/clk
    SLICE_X2Y142         FDCE                                         r  student_top_inst/bridge_inst/seg_driver/count_reg[4]/C
  -------------------------------------------------------------------    -------------------
    SLICE_X2Y142         FDCE (Prop_fdce_C_Q)         0.236    11.263 r  student_top_inst/bridge_inst/seg_driver/count_reg[4]/Q
                         net (fo=51, routed)          0.705    11.968    student_top_inst/bridge_inst/seg_driver/ans[0]
    SLICE_X7Y149         LUT1 (Prop_lut1_I0_O)        0.136    12.104 r  student_top_inst/bridge_inst/seg_driver/ans[0]_hold_fix/O
                         net (fo=4, routed)           1.490    13.594    student_top_inst/bridge_inst/seg_driver/ans[0]_hold_fix_1
    SLICE_X0Y144         LUT6 (Prop_lut6_I3_O)        0.135    13.729 r  student_top_inst/bridge_inst/seg_driver/seg3[2]_INST_0/O
                         net (fo=2, routed)           0.546    14.276    student_top_inst/bridge_inst/seg_driver/seg3[2]
    SLICE_X0Y144         LUT1 (Prop_lut1_I0_O)        0.051    14.327 r  student_top_inst/bridge_inst/seg_driver/seg3[2]_hold_fix/O
                         net (fo=1, routed)           0.483    14.810    twin_controller_inst/seg3[2]_hold_fix_1_alias
    SLICE_X0Y144         FDCE                                         r  twin_controller_inst/status_buffer_reg[2][6]/D
  -------------------------------------------------------------------    -------------------

                         (clock clk_out1_pll rise edge)
                                                     20.000    20.000 r  
    AD12                                              0.000    20.000 r  i_sys_clk_p (IN)
                         net (fo=0)                   0.000    20.000    pll_inst/inst/clk_in1_p
    AD12                 IBUFDS (Prop_ibufds_I_O)     0.803    20.803 r  pll_inst/inst/clkin1_ibufgds/O
                         net (fo=1, routed)           1.001    21.804    pll_inst/inst/clk_in1_pll
    PLLE2_ADV_X1Y1       PLLE2_ADV (Prop_plle2_adv_CLKIN1_CLKOUT0)
                                                     -7.261    14.543 r  pll_inst/inst/plle2_adv_inst/CLKOUT0
                         net (fo=1, routed)           2.003    16.546    pll_inst/inst/clk_out1_pll
    BUFGCTRL_X0Y1        BUFG (Prop_bufg_I_O)         0.083    16.629 r  pll_inst/inst/clkout1_buf/O
                         net (fo=394, routed)         1.392    18.021    twin_controller_inst/CLK
    SLICE_X0Y144         FDCE                                         r  twin_controller_inst/status_buffer_reg[2][6]/C
                         clock pessimism             -0.598    17.424    
                         clock uncertainty           -0.206    17.217    
    SLICE_X0Y144         FDCE (Setup_fdce_C_D)       -0.114    17.103    twin_controller_inst/status_buffer_reg[2][6]
  -------------------------------------------------------------------
                         required time                         17.103    
                         arrival time                         -14.810    
  -------------------------------------------------------------------
                         slack                                  2.294    

Slack (MET) :             2.410ns  (required time - arrival time)
  Source:                 student_top_inst/bridge_inst/seg_driver/count_reg[4]/C
                            (rising edge-triggered cell FDCE clocked by clk_out2_pll  {rise@0.000ns fall@3.333ns period=6.667ns})
  Destination:            twin_controller_inst/status_buffer_reg[2][3]/D
                            (rising edge-triggered cell FDCE clocked by clk_out1_pll  {rise@0.000ns fall@10.000ns period=20.000ns})
  Path Group:             clk_out1_pll
  Path Type:              Setup (Max at Slow Process Corner)
  Requirement:            6.667ns  (clk_out1_pll rise@20.000ns - clk_out2_pll rise@13.333ns)
  Data Path Delay:        3.591ns  (logic 0.362ns (10.080%)  route 3.229ns (89.920%))
  Logic Levels:           1  (LUT1=1)
  Clock Path Skew:        -0.440ns (DCD - SCD + CPR)
    Destination Clock Delay (DCD):    -2.149ns = ( 17.851 - 20.000 ) 
    Source Clock Delay      (SCD):    -2.306ns = ( 11.027 - 13.333 ) 
    Clock Pessimism Removal (CPR):    -0.598ns
  Clock Uncertainty:      0.206ns  ((TSJ^2 + DJ^2)^1/2) / 2 + PE
    Total System Jitter     (TSJ):    0.071ns
    Discrete Jitter          (DJ):    0.157ns
    Phase Error              (PE):    0.120ns

    Location             Delay type                Incr(ns)  Path(ns)    Netlist Resource(s)
  -------------------------------------------------------------------    -------------------
                         (clock clk_out2_pll rise edge)
                                                     13.333    13.333 r  
    AD12                                              0.000    13.333 r  i_sys_clk_p (IN)
                         net (fo=0)                   0.000    13.333    pll_inst/inst/clk_in1_p
    AD12                 IBUFDS (Prop_ibufds_I_O)     0.906    14.239 r  pll_inst/inst/clkin1_ibufgds/O
                         net (fo=1, routed)           1.098    15.337    pll_inst/inst/clk_in1_pll
    PLLE2_ADV_X1Y1       PLLE2_ADV (Prop_plle2_adv_CLKIN1_CLKOUT1)
                                                     -8.058     7.279 r  pll_inst/inst/plle2_adv_inst/CLKOUT1
                         net (fo=1, routed)           2.128     9.407    pll_inst/inst/clk_out2_pll
    BUFGCTRL_X0Y0        BUFG (Prop_bufg_I_O)         0.093     9.500 r  pll_inst/inst/clkout2_buf/O
                         net (fo=3836, routed)        1.527    11.027    student_top_inst/bridge_inst/seg_driver/clk
    SLICE_X2Y142         FDCE                                         r  student_top_inst/bridge_inst/seg_driver/count_reg[4]/C
  -------------------------------------------------------------------    -------------------
    SLICE_X2Y142         FDCE (Prop_fdce_C_Q)         0.236    11.263 f  student_top_inst/bridge_inst/seg_driver/count_reg[4]/Q
                         net (fo=51, routed)          2.132    13.395    student_top_inst/bridge_inst/seg_driver/ans[0]
    SLICE_X0Y184         LUT1 (Prop_lut1_I0_O)        0.126    13.521 r  student_top_inst/bridge_inst/seg_driver/ans[1]_INST_0/O
                         net (fo=8, routed)           1.097    14.618    twin_controller_inst/status_buffer_reg[4][7]_0[19]
    SLICE_X1Y150         FDCE                                         r  twin_controller_inst/status_buffer_reg[2][3]/D
  -------------------------------------------------------------------    -------------------

                         (clock clk_out1_pll rise edge)
                                                     20.000    20.000 r  
    AD12                                              0.000    20.000 r  i_sys_clk_p (IN)
                         net (fo=0)                   0.000    20.000    pll_inst/inst/clk_in1_p
    AD12                 IBUFDS (Prop_ibufds_I_O)     0.803    20.803 r  pll_inst/inst/clkin1_ibufgds/O
                         net (fo=1, routed)           1.001    21.804    pll_inst/inst/clk_in1_pll
    PLLE2_ADV_X1Y1       PLLE2_ADV (Prop_plle2_adv_CLKIN1_CLKOUT0)
                                                     -7.261    14.543 r  pll_inst/inst/plle2_adv_inst/CLKOUT0
                         net (fo=1, routed)           2.003    16.546    pll_inst/inst/clk_out1_pll
    BUFGCTRL_X0Y1        BUFG (Prop_bufg_I_O)         0.083    16.629 r  pll_inst/inst/clkout1_buf/O
                         net (fo=394, routed)         1.222    17.851    twin_controller_inst/CLK
    SLICE_X1Y150         FDCE                                         r  twin_controller_inst/status_buffer_reg[2][3]/C
                         clock pessimism             -0.598    17.254    
                         clock uncertainty           -0.206    17.047    
    SLICE_X1Y150         FDCE (Setup_fdce_C_D)       -0.019    17.028    twin_controller_inst/status_buffer_reg[2][3]
  -------------------------------------------------------------------
                         required time                         17.028    
                         arrival time                         -14.618    
  -------------------------------------------------------------------
                         slack                                  2.410    

Slack (MET) :             2.411ns  (required time - arrival time)
  Source:                 student_top_inst/bridge_inst/seg_driver/count_reg[4]/C
                            (rising edge-triggered cell FDCE clocked by clk_out2_pll  {rise@0.000ns fall@3.333ns period=6.667ns})
  Destination:            twin_controller_inst/status_buffer_reg[3][5]/D
                            (rising edge-triggered cell FDCE clocked by clk_out1_pll  {rise@0.000ns fall@10.000ns period=20.000ns})
  Path Group:             clk_out1_pll
  Path Type:              Setup (Max at Slow Process Corner)
  Requirement:            6.667ns  (clk_out1_pll rise@20.000ns - clk_out2_pll rise@13.333ns)
  Data Path Delay:        3.591ns  (logic 0.362ns (10.082%)  route 3.229ns (89.918%))
  Logic Levels:           1  (LUT1=1)
  Clock Path Skew:        -0.440ns (DCD - SCD + CPR)
    Destination Clock Delay (DCD):    -2.149ns = ( 17.851 - 20.000 ) 
    Source Clock Delay      (SCD):    -2.306ns = ( 11.027 - 13.333 ) 
    Clock Pessimism Removal (CPR):    -0.598ns
  Clock Uncertainty:      0.206ns  ((TSJ^2 + DJ^2)^1/2) / 2 + PE
    Total System Jitter     (TSJ):    0.071ns
    Discrete Jitter          (DJ):    0.157ns
    Phase Error              (PE):    0.120ns

    Location             Delay type                Incr(ns)  Path(ns)    Netlist Resource(s)
  -------------------------------------------------------------------    -------------------
                         (clock clk_out2_pll rise edge)
                                                     13.333    13.333 r  
    AD12                                              0.000    13.333 r  i_sys_clk_p (IN)
                         net (fo=0)                   0.000    13.333    pll_inst/inst/clk_in1_p
    AD12                 IBUFDS (Prop_ibufds_I_O)     0.906    14.239 r  pll_inst/inst/clkin1_ibufgds/O
                         net (fo=1, routed)           1.098    15.337    pll_inst/inst/clk_in1_pll
    PLLE2_ADV_X1Y1       PLLE2_ADV (Prop_plle2_adv_CLKIN1_CLKOUT1)
                                                     -8.058     7.279 r  pll_inst/inst/plle2_adv_inst/CLKOUT1
                         net (fo=1, routed)           2.128     9.407    pll_inst/inst/clk_out2_pll
    BUFGCTRL_X0Y0        BUFG (Prop_bufg_I_O)         0.093     9.500 r  pll_inst/inst/clkout2_buf/O
                         net (fo=3836, routed)        1.527    11.027    student_top_inst/bridge_inst/seg_driver/clk
    SLICE_X2Y142         FDCE                                         r  student_top_inst/bridge_inst/seg_driver/count_reg[4]/C
  -------------------------------------------------------------------    -------------------
    SLICE_X2Y142         FDCE (Prop_fdce_C_Q)         0.236    11.263 f  student_top_inst/bridge_inst/seg_driver/count_reg[4]/Q
                         net (fo=51, routed)          2.132    13.395    student_top_inst/bridge_inst/seg_driver/ans[0]
    SLICE_X0Y184         LUT1 (Prop_lut1_I0_O)        0.126    13.521 r  student_top_inst/bridge_inst/seg_driver/ans[1]_INST_0/O
                         net (fo=8, routed)           1.096    14.618    twin_controller_inst/status_buffer_reg[4][7]_0[29]
    SLICE_X1Y150         FDCE                                         r  twin_controller_inst/status_buffer_reg[3][5]/D
  -------------------------------------------------------------------    -------------------

                         (clock clk_out1_pll rise edge)
                                                     20.000    20.000 r  
    AD12                                              0.000    20.000 r  i_sys_clk_p (IN)
                         net (fo=0)                   0.000    20.000    pll_inst/inst/clk_in1_p
    AD12                 IBUFDS (Prop_ibufds_I_O)     0.803    20.803 r  pll_inst/inst/clkin1_ibufgds/O
                         net (fo=1, routed)           1.001    21.804    pll_inst/inst/clk_in1_pll
    PLLE2_ADV_X1Y1       PLLE2_ADV (Prop_plle2_adv_CLKIN1_CLKOUT0)
                                                     -7.261    14.543 r  pll_inst/inst/plle2_adv_inst/CLKOUT0
                         net (fo=1, routed)           2.003    16.546    pll_inst/inst/clk_out1_pll
    BUFGCTRL_X0Y1        BUFG (Prop_bufg_I_O)         0.083    16.629 r  pll_inst/inst/clkout1_buf/O
                         net (fo=394, routed)         1.222    17.851    twin_controller_inst/CLK
    SLICE_X1Y150         FDCE                                         r  twin_controller_inst/status_buffer_reg[3][5]/C
                         clock pessimism             -0.598    17.254    
                         clock uncertainty           -0.206    17.047    
    SLICE_X1Y150         FDCE (Setup_fdce_C_D)       -0.019    17.028    twin_controller_inst/status_buffer_reg[3][5]
  -------------------------------------------------------------------
                         required time                         17.028    
                         arrival time                         -14.618    
  -------------------------------------------------------------------
                         slack                                  2.411    

Slack (MET) :             2.493ns  (required time - arrival time)
  Source:                 student_top_inst/bridge_inst/seg_driver/count_reg[4]/C
                            (rising edge-triggered cell FDCE clocked by clk_out2_pll  {rise@0.000ns fall@3.333ns period=6.667ns})
  Destination:            twin_controller_inst/status_buffer_reg[1][1]/D
                            (rising edge-triggered cell FDCE clocked by clk_out1_pll  {rise@0.000ns fall@10.000ns period=20.000ns})
  Path Group:             clk_out1_pll
  Path Type:              Setup (Max at Slow Process Corner)
  Requirement:            6.667ns  (clk_out1_pll rise@20.000ns - clk_out2_pll rise@13.333ns)
  Data Path Delay:        3.508ns  (logic 0.362ns (10.318%)  route 3.146ns (89.682%))
  Logic Levels:           1  (LUT1=1)
  Clock Path Skew:        -0.440ns (DCD - SCD + CPR)
    Destination Clock Delay (DCD):    -2.149ns = ( 17.851 - 20.000 ) 
    Source Clock Delay      (SCD):    -2.306ns = ( 11.027 - 13.333 ) 
    Clock Pessimism Removal (CPR):    -0.598ns
  Clock Uncertainty:      0.206ns  ((TSJ^2 + DJ^2)^1/2) / 2 + PE
    Total System Jitter     (TSJ):    0.071ns
    Discrete Jitter          (DJ):    0.157ns
    Phase Error              (PE):    0.120ns

    Location             Delay type                Incr(ns)  Path(ns)    Netlist Resource(s)
  -------------------------------------------------------------------    -------------------
                         (clock clk_out2_pll rise edge)
                                                     13.333    13.333 r  
    AD12                                              0.000    13.333 r  i_sys_clk_p (IN)
                         net (fo=0)                   0.000    13.333    pll_inst/inst/clk_in1_p
    AD12                 IBUFDS (Prop_ibufds_I_O)     0.906    14.239 r  pll_inst/inst/clkin1_ibufgds/O
                         net (fo=1, routed)           1.098    15.337    pll_inst/inst/clk_in1_pll
    PLLE2_ADV_X1Y1       PLLE2_ADV (Prop_plle2_adv_CLKIN1_CLKOUT1)
                                                     -8.058     7.279 r  pll_inst/inst/plle2_adv_inst/CLKOUT1
                         net (fo=1, routed)           2.128     9.407    pll_inst/inst/clk_out2_pll
    BUFGCTRL_X0Y0        BUFG (Prop_bufg_I_O)         0.093     9.500 r  pll_inst/inst/clkout2_buf/O
                         net (fo=3836, routed)        1.527    11.027    student_top_inst/bridge_inst/seg_driver/clk
    SLICE_X2Y142         FDCE                                         r  student_top_inst/bridge_inst/seg_driver/count_reg[4]/C
  -------------------------------------------------------------------    -------------------
    SLICE_X2Y142         FDCE (Prop_fdce_C_Q)         0.236    11.263 f  student_top_inst/bridge_inst/seg_driver/count_reg[4]/Q
                         net (fo=51, routed)          2.132    13.395    student_top_inst/bridge_inst/seg_driver/ans[0]
    SLICE_X0Y184         LUT1 (Prop_lut1_I0_O)        0.126    13.521 r  student_top_inst/bridge_inst/seg_driver/ans[1]_INST_0/O
                         net (fo=8, routed)           1.014    14.535    twin_controller_inst/status_buffer_reg[4][7]_0[9]
    SLICE_X1Y151         FDCE                                         r  twin_controller_inst/status_buffer_reg[1][1]/D
  -------------------------------------------------------------------    -------------------

                         (clock clk_out1_pll rise edge)
                                                     20.000    20.000 r  
    AD12                                              0.000    20.000 r  i_sys_clk_p (IN)
                         net (fo=0)                   0.000    20.000    pll_inst/inst/clk_in1_p
    AD12                 IBUFDS (Prop_ibufds_I_O)     0.803    20.803 r  pll_inst/inst/clkin1_ibufgds/O
                         net (fo=1, routed)           1.001    21.804    pll_inst/inst/clk_in1_pll
    PLLE2_ADV_X1Y1       PLLE2_ADV (Prop_plle2_adv_CLKIN1_CLKOUT0)
                                                     -7.261    14.543 r  pll_inst/inst/plle2_adv_inst/CLKOUT0
                         net (fo=1, routed)           2.003    16.546    pll_inst/inst/clk_out1_pll
    BUFGCTRL_X0Y1        BUFG (Prop_bufg_I_O)         0.083    16.629 r  pll_inst/inst/clkout1_buf/O
                         net (fo=394, routed)         1.222    17.851    twin_controller_inst/CLK
    SLICE_X1Y151         FDCE                                         r  twin_controller_inst/status_buffer_reg[1][1]/C
                         clock pessimism             -0.598    17.254    
                         clock uncertainty           -0.206    17.047    
    SLICE_X1Y151         FDCE (Setup_fdce_C_D)       -0.019    17.028    twin_controller_inst/status_buffer_reg[1][1]
  -------------------------------------------------------------------
                         required time                         17.028    
                         arrival time                         -14.535    
  -------------------------------------------------------------------
                         slack                                  2.493    

Slack (MET) :             2.504ns  (required time - arrival time)
  Source:                 student_top_inst/bridge_inst/seg_driver/count_reg[4]/C
                            (rising edge-triggered cell FDCE clocked by clk_out2_pll  {rise@0.000ns fall@3.333ns period=6.667ns})
  Destination:            twin_controller_inst/status_buffer_reg[4][7]/D
                            (rising edge-triggered cell FDCE clocked by clk_out1_pll  {rise@0.000ns fall@10.000ns period=20.000ns})
  Path Group:             clk_out1_pll
  Path Type:              Setup (Max at Slow Process Corner)
  Requirement:            6.667ns  (clk_out1_pll rise@20.000ns - clk_out2_pll rise@13.333ns)
  Data Path Delay:        3.508ns  (logic 0.362ns (10.318%)  route 3.146ns (89.682%))
  Logic Levels:           1  (LUT1=1)
  Clock Path Skew:        -0.440ns (DCD - SCD + CPR)
    Destination Clock Delay (DCD):    -2.149ns = ( 17.851 - 20.000 ) 
    Source Clock Delay      (SCD):    -2.306ns = ( 11.027 - 13.333 ) 
    Clock Pessimism Removal (CPR):    -0.598ns
  Clock Uncertainty:      0.206ns  ((TSJ^2 + DJ^2)^1/2) / 2 + PE
    Total System Jitter     (TSJ):    0.071ns
    Discrete Jitter          (DJ):    0.157ns
    Phase Error              (PE):    0.120ns

    Location             Delay type                Incr(ns)  Path(ns)    Netlist Resource(s)
  -------------------------------------------------------------------    -------------------
                         (clock clk_out2_pll rise edge)
                                                     13.333    13.333 r  
    AD12                                              0.000    13.333 r  i_sys_clk_p (IN)
                         net (fo=0)                   0.000    13.333    pll_inst/inst/clk_in1_p
    AD12                 IBUFDS (Prop_ibufds_I_O)     0.906    14.239 r  pll_inst/inst/clkin1_ibufgds/O
                         net (fo=1, routed)           1.098    15.337    pll_inst/inst/clk_in1_pll
    PLLE2_ADV_X1Y1       PLLE2_ADV (Prop_plle2_adv_CLKIN1_CLKOUT1)
                                                     -8.058     7.279 r  pll_inst/inst/plle2_adv_inst/CLKOUT1
                         net (fo=1, routed)           2.128     9.407    pll_inst/inst/clk_out2_pll
    BUFGCTRL_X0Y0        BUFG (Prop_bufg_I_O)         0.093     9.500 r  pll_inst/inst/clkout2_buf/O
                         net (fo=3836, routed)        1.527    11.027    student_top_inst/bridge_inst/seg_driver/clk
    SLICE_X2Y142         FDCE                                         r  student_top_inst/bridge_inst/seg_driver/count_reg[4]/C
  -------------------------------------------------------------------    -------------------
    SLICE_X2Y142         FDCE (Prop_fdce_C_Q)         0.236    11.263 f  student_top_inst/bridge_inst/seg_driver/count_reg[4]/Q
                         net (fo=51, routed)          2.132    13.395    student_top_inst/bridge_inst/seg_driver/ans[0]
    SLICE_X0Y184         LUT1 (Prop_lut1_I0_O)        0.126    13.521 r  student_top_inst/bridge_inst/seg_driver/ans[1]_INST_0/O
                         net (fo=8, routed)           1.014    14.535    twin_controller_inst/status_buffer_reg[4][7]_0[39]
    SLICE_X1Y151         FDCE                                         r  twin_controller_inst/status_buffer_reg[4][7]/D
  -------------------------------------------------------------------    -------------------

                         (clock clk_out1_pll rise edge)
                                                     20.000    20.000 r  
    AD12                                              0.000    20.000 r  i_sys_clk_p (IN)
                         net (fo=0)                   0.000    20.000    pll_inst/inst/clk_in1_p
    AD12                 IBUFDS (Prop_ibufds_I_O)     0.803    20.803 r  pll_inst/inst/clkin1_ibufgds/O
                         net (fo=1, routed)           1.001    21.804    pll_inst/inst/clk_in1_pll
    PLLE2_ADV_X1Y1       PLLE2_ADV (Prop_plle2_adv_CLKIN1_CLKOUT0)
                                                     -7.261    14.543 r  pll_inst/inst/plle2_adv_inst/CLKOUT0
                         net (fo=1, routed)           2.003    16.546    pll_inst/inst/clk_out1_pll
    BUFGCTRL_X0Y1        BUFG (Prop_bufg_I_O)         0.083    16.629 r  pll_inst/inst/clkout1_buf/O
                         net (fo=394, routed)         1.222    17.851    twin_controller_inst/CLK
    SLICE_X1Y151         FDCE                                         r  twin_controller_inst/status_buffer_reg[4][7]/C
                         clock pessimism             -0.598    17.254    
                         clock uncertainty           -0.206    17.047    
    SLICE_X1Y151         FDCE (Setup_fdce_C_D)       -0.008    17.039    twin_controller_inst/status_buffer_reg[4][7]
  -------------------------------------------------------------------
                         required time                         17.039    
                         arrival time                         -14.535    
  -------------------------------------------------------------------
                         slack                                  2.504    

Slack (MET) :             2.555ns  (required time - arrival time)
  Source:                 student_top_inst/bridge_inst/seg_driver/count_reg[4]/C
                            (rising edge-triggered cell FDCE clocked by clk_out2_pll  {rise@0.000ns fall@3.333ns period=6.667ns})
  Destination:            twin_controller_inst/status_buffer_reg[1][3]/D
                            (rising edge-triggered cell FDCE clocked by clk_out1_pll  {rise@0.000ns fall@10.000ns period=20.000ns})
  Path Group:             clk_out1_pll
  Path Type:              Setup (Max at Slow Process Corner)
  Requirement:            6.667ns  (clk_out1_pll rise@20.000ns - clk_out2_pll rise@13.333ns)
  Data Path Delay:        3.446ns  (logic 0.405ns (11.751%)  route 3.041ns (88.249%))
  Logic Levels:           2  (LUT3=1 LUT6=1)
  Clock Path Skew:        -0.440ns (DCD - SCD + CPR)
    Destination Clock Delay (DCD):    -2.149ns = ( 17.851 - 20.000 ) 
    Source Clock Delay      (SCD):    -2.306ns = ( 11.027 - 13.333 ) 
    Clock Pessimism Removal (CPR):    -0.598ns
  Clock Uncertainty:      0.206ns  ((TSJ^2 + DJ^2)^1/2) / 2 + PE
    Total System Jitter     (TSJ):    0.071ns
    Discrete Jitter          (DJ):    0.157ns
    Phase Error              (PE):    0.120ns

    Location             Delay type                Incr(ns)  Path(ns)    Netlist Resource(s)
  -------------------------------------------------------------------    -------------------
                         (clock clk_out2_pll rise edge)
                                                     13.333    13.333 r  
    AD12                                              0.000    13.333 r  i_sys_clk_p (IN)
                         net (fo=0)                   0.000    13.333    pll_inst/inst/clk_in1_p
    AD12                 IBUFDS (Prop_ibufds_I_O)     0.906    14.239 r  pll_inst/inst/clkin1_ibufgds/O
                         net (fo=1, routed)           1.098    15.337    pll_inst/inst/clk_in1_pll
    PLLE2_ADV_X1Y1       PLLE2_ADV (Prop_plle2_adv_CLKIN1_CLKOUT1)
                                                     -8.058     7.279 r  pll_inst/inst/plle2_adv_inst/CLKOUT1
                         net (fo=1, routed)           2.128     9.407    pll_inst/inst/clk_out2_pll
    BUFGCTRL_X0Y0        BUFG (Prop_bufg_I_O)         0.093     9.500 r  pll_inst/inst/clkout2_buf/O
                         net (fo=3836, routed)        1.527    11.027    student_top_inst/bridge_inst/seg_driver/clk
    SLICE_X2Y142         FDCE                                         r  student_top_inst/bridge_inst/seg_driver/count_reg[4]/C
  -------------------------------------------------------------------    -------------------
    SLICE_X2Y142         FDCE (Prop_fdce_C_Q)         0.236    11.263 r  student_top_inst/bridge_inst/seg_driver/count_reg[4]/Q
                         net (fo=51, routed)          1.463    12.726    student_top_inst/bridge_inst/seg_driver/ans[0]
    SLICE_X1Y148         LUT3 (Prop_lut3_I1_O)        0.126    12.852 r  student_top_inst/bridge_inst/seg_driver/seg2[5]_INST_0_i_1/O
                         net (fo=6, routed)           0.711    13.563    student_top_inst/bridge_inst/seg_driver/seg2[5]_INST_0_i_1_n_0
    SLICE_X1Y149         LUT6 (Prop_lut6_I4_O)        0.043    13.606 r  student_top_inst/bridge_inst/seg_driver/seg2[1]_INST_0/O
                         net (fo=2, routed)           0.867    14.473    twin_controller_inst/status_buffer_reg[4][7]_0[11]
    SLICE_X1Y150         FDCE                                         r  twin_controller_inst/status_buffer_reg[1][3]/D
  -------------------------------------------------------------------    -------------------

                         (clock clk_out1_pll rise edge)
                                                     20.000    20.000 r  
    AD12                                              0.000    20.000 r  i_sys_clk_p (IN)
                         net (fo=0)                   0.000    20.000    pll_inst/inst/clk_in1_p
    AD12                 IBUFDS (Prop_ibufds_I_O)     0.803    20.803 r  pll_inst/inst/clkin1_ibufgds/O
                         net (fo=1, routed)           1.001    21.804    pll_inst/inst/clk_in1_pll
    PLLE2_ADV_X1Y1       PLLE2_ADV (Prop_plle2_adv_CLKIN1_CLKOUT0)
                                                     -7.261    14.543 r  pll_inst/inst/plle2_adv_inst/CLKOUT0
                         net (fo=1, routed)           2.003    16.546    pll_inst/inst/clk_out1_pll
    BUFGCTRL_X0Y1        BUFG (Prop_bufg_I_O)         0.083    16.629 r  pll_inst/inst/clkout1_buf/O
                         net (fo=394, routed)         1.222    17.851    twin_controller_inst/CLK
    SLICE_X1Y150         FDCE                                         r  twin_controller_inst/status_buffer_reg[1][3]/C
                         clock pessimism             -0.598    17.254    
                         clock uncertainty           -0.206    17.047    
    SLICE_X1Y150         FDCE (Setup_fdce_C_D)       -0.019    17.028    twin_controller_inst/status_buffer_reg[1][3]
  -------------------------------------------------------------------
                         required time                         17.028    
                         arrival time                         -14.473    
  -------------------------------------------------------------------
                         slack                                  2.555    

Slack (MET) :             2.586ns  (required time - arrival time)
  Source:                 student_top_inst/bridge_inst/seg_driver/count_reg[4]/C
                            (rising edge-triggered cell FDCE clocked by clk_out2_pll  {rise@0.000ns fall@3.333ns period=6.667ns})
  Destination:            twin_controller_inst/status_buffer_reg[1][6]/D
                            (rising edge-triggered cell FDCE clocked by clk_out1_pll  {rise@0.000ns fall@10.000ns period=20.000ns})
  Path Group:             clk_out1_pll
  Path Type:              Setup (Max at Slow Process Corner)
  Requirement:            6.667ns  (clk_out1_pll rise@20.000ns - clk_out2_pll rise@13.333ns)
  Data Path Delay:        3.416ns  (logic 0.405ns (11.857%)  route 3.011ns (88.143%))
  Logic Levels:           2  (LUT3=1 LUT6=1)
  Clock Path Skew:        -0.440ns (DCD - SCD + CPR)
    Destination Clock Delay (DCD):    -2.149ns = ( 17.851 - 20.000 ) 
    Source Clock Delay      (SCD):    -2.306ns = ( 11.027 - 13.333 ) 
    Clock Pessimism Removal (CPR):    -0.598ns
  Clock Uncertainty:      0.206ns  ((TSJ^2 + DJ^2)^1/2) / 2 + PE
    Total System Jitter     (TSJ):    0.071ns
    Discrete Jitter          (DJ):    0.157ns
    Phase Error              (PE):    0.120ns

    Location             Delay type                Incr(ns)  Path(ns)    Netlist Resource(s)
  -------------------------------------------------------------------    -------------------
                         (clock clk_out2_pll rise edge)
                                                     13.333    13.333 r  
    AD12                                              0.000    13.333 r  i_sys_clk_p (IN)
                         net (fo=0)                   0.000    13.333    pll_inst/inst/clk_in1_p
    AD12                 IBUFDS (Prop_ibufds_I_O)     0.906    14.239 r  pll_inst/inst/clkin1_ibufgds/O
                         net (fo=1, routed)           1.098    15.337    pll_inst/inst/clk_in1_pll
    PLLE2_ADV_X1Y1       PLLE2_ADV (Prop_plle2_adv_CLKIN1_CLKOUT1)
                                                     -8.058     7.279 r  pll_inst/inst/plle2_adv_inst/CLKOUT1
                         net (fo=1, routed)           2.128     9.407    pll_inst/inst/clk_out2_pll
    BUFGCTRL_X0Y0        BUFG (Prop_bufg_I_O)         0.093     9.500 r  pll_inst/inst/clkout2_buf/O
                         net (fo=3836, routed)        1.527    11.027    student_top_inst/bridge_inst/seg_driver/clk
    SLICE_X2Y142         FDCE                                         r  student_top_inst/bridge_inst/seg_driver/count_reg[4]/C
  -------------------------------------------------------------------    -------------------
    SLICE_X2Y142         FDCE (Prop_fdce_C_Q)         0.236    11.263 r  student_top_inst/bridge_inst/seg_driver/count_reg[4]/Q
                         net (fo=51, routed)          1.463    12.726    student_top_inst/bridge_inst/seg_driver/ans[0]
    SLICE_X1Y148         LUT3 (Prop_lut3_I1_O)        0.126    12.852 f  student_top_inst/bridge_inst/seg_driver/seg2[5]_INST_0_i_1/O
                         net (fo=6, routed)           0.793    13.645    student_top_inst/bridge_inst/seg_driver/seg2[5]_INST_0_i_1_n_0
    SLICE_X0Y150         LUT6 (Prop_lut6_I5_O)        0.043    13.688 r  student_top_inst/bridge_inst/seg_driver/seg2[4]_INST_0/O
                         net (fo=2, routed)           0.755    14.443    twin_controller_inst/status_buffer_reg[4][7]_0[14]
    SLICE_X0Y150         FDCE                                         r  twin_controller_inst/status_buffer_reg[1][6]/D
  -------------------------------------------------------------------    -------------------

                         (clock clk_out1_pll rise edge)
                                                     20.000    20.000 r  
    AD12                                              0.000    20.000 r  i_sys_clk_p (IN)
                         net (fo=0)                   0.000    20.000    pll_inst/inst/clk_in1_p
    AD12                 IBUFDS (Prop_ibufds_I_O)     0.803    20.803 r  pll_inst/inst/clkin1_ibufgds/O
                         net (fo=1, routed)           1.001    21.804    pll_inst/inst/clk_in1_pll
    PLLE2_ADV_X1Y1       PLLE2_ADV (Prop_plle2_adv_CLKIN1_CLKOUT0)
                                                     -7.261    14.543 r  pll_inst/inst/plle2_adv_inst/CLKOUT0
                         net (fo=1, routed)           2.003    16.546    pll_inst/inst/clk_out1_pll
    BUFGCTRL_X0Y1        BUFG (Prop_bufg_I_O)         0.083    16.629 r  pll_inst/inst/clkout1_buf/O
                         net (fo=394, routed)         1.222    17.851    twin_controller_inst/CLK
    SLICE_X0Y150         FDCE                                         r  twin_controller_inst/status_buffer_reg[1][6]/C
                         clock pessimism             -0.598    17.254    
                         clock uncertainty           -0.206    17.047    
    SLICE_X0Y150         FDCE (Setup_fdce_C_D)       -0.019    17.028    twin_controller_inst/status_buffer_reg[1][6]
  -------------------------------------------------------------------
                         required time                         17.028    
                         arrival time                         -14.443    
  -------------------------------------------------------------------
                         slack                                  2.586    

Slack (MET) :             2.723ns  (required time - arrival time)
  Source:                 student_top_inst/bridge_inst/seg_driver/count_reg[4]/C
                            (rising edge-triggered cell FDCE clocked by clk_out2_pll  {rise@0.000ns fall@3.333ns period=6.667ns})
  Destination:            twin_controller_inst/status_buffer_reg[3][6]/D
                            (rising edge-triggered cell FDCE clocked by clk_out1_pll  {rise@0.000ns fall@10.000ns period=20.000ns})
  Path Group:             clk_out1_pll
  Path Type:              Setup (Max at Slow Process Corner)
  Requirement:            6.667ns  (clk_out1_pll rise@20.000ns - clk_out2_pll rise@13.333ns)
  Data Path Delay:        3.448ns  (logic 0.504ns (14.616%)  route 2.944ns (85.384%))
  Logic Levels:           2  (LUT3=1 LUT6=1)
  Clock Path Skew:        -0.270ns (DCD - SCD + CPR)
    Destination Clock Delay (DCD):    -1.979ns = ( 18.021 - 20.000 ) 
    Source Clock Delay      (SCD):    -2.306ns = ( 11.027 - 13.333 ) 
    Clock Pessimism Removal (CPR):    -0.598ns
  Clock Uncertainty:      0.206ns  ((TSJ^2 + DJ^2)^1/2) / 2 + PE
    Total System Jitter     (TSJ):    0.071ns
    Discrete Jitter          (DJ):    0.157ns
    Phase Error              (PE):    0.120ns

    Location             Delay type                Incr(ns)  Path(ns)    Netlist Resource(s)
  -------------------------------------------------------------------    -------------------
                         (clock clk_out2_pll rise edge)
                                                     13.333    13.333 r  
    AD12                                              0.000    13.333 r  i_sys_clk_p (IN)
                         net (fo=0)                   0.000    13.333    pll_inst/inst/clk_in1_p
    AD12                 IBUFDS (Prop_ibufds_I_O)     0.906    14.239 r  pll_inst/inst/clkin1_ibufgds/O
                         net (fo=1, routed)           1.098    15.337    pll_inst/inst/clk_in1_pll
    PLLE2_ADV_X1Y1       PLLE2_ADV (Prop_plle2_adv_CLKIN1_CLKOUT1)
                                                     -8.058     7.279 r  pll_inst/inst/plle2_adv_inst/CLKOUT1
                         net (fo=1, routed)           2.128     9.407    pll_inst/inst/clk_out2_pll
    BUFGCTRL_X0Y0        BUFG (Prop_bufg_I_O)         0.093     9.500 r  pll_inst/inst/clkout2_buf/O
                         net (fo=3836, routed)        1.527    11.027    student_top_inst/bridge_inst/seg_driver/clk
    SLICE_X2Y142         FDCE                                         r  student_top_inst/bridge_inst/seg_driver/count_reg[4]/C
  -------------------------------------------------------------------    -------------------
    SLICE_X2Y142         FDCE (Prop_fdce_C_Q)         0.236    11.263 r  student_top_inst/bridge_inst/seg_driver/count_reg[4]/Q
                         net (fo=51, routed)          0.738    12.001    student_top_inst/bridge_inst/seg_driver/ans[0]
    SLICE_X9Y144         LUT3 (Prop_lut3_I1_O)        0.132    12.133 r  student_top_inst/bridge_inst/seg_driver/seg4[6]_INST_0_i_1/O
                         net (fo=7, routed)           1.411    13.544    student_top_inst/bridge_inst/seg_driver/seg4[6]_INST_0_i_1_n_0
    SLICE_X1Y144         LUT6 (Prop_lut6_I0_O)        0.136    13.680 r  student_top_inst/bridge_inst/seg_driver/seg4[0]_INST_0/O
                         net (fo=2, routed)           0.796    14.475    twin_controller_inst/status_buffer_reg[4][7]_0[30]
    SLICE_X0Y147         FDCE                                         r  twin_controller_inst/status_buffer_reg[3][6]/D
  -------------------------------------------------------------------    -------------------

                         (clock clk_out1_pll rise edge)
                                                     20.000    20.000 r  
    AD12                                              0.000    20.000 r  i_sys_clk_p (IN)
                         net (fo=0)                   0.000    20.000    pll_inst/inst/clk_in1_p
    AD12                 IBUFDS (Prop_ibufds_I_O)     0.803    20.803 r  pll_inst/inst/clkin1_ibufgds/O
                         net (fo=1, routed)           1.001    21.804    pll_inst/inst/clk_in1_pll
    PLLE2_ADV_X1Y1       PLLE2_ADV (Prop_plle2_adv_CLKIN1_CLKOUT0)
                                                     -7.261    14.543 r  pll_inst/inst/plle2_adv_inst/CLKOUT0
                         net (fo=1, routed)           2.003    16.546    pll_inst/inst/clk_out1_pll
    BUFGCTRL_X0Y1        BUFG (Prop_bufg_I_O)         0.083    16.629 r  pll_inst/inst/clkout1_buf/O
                         net (fo=394, routed)         1.392    18.021    twin_controller_inst/CLK
    SLICE_X0Y147         FDCE                                         r  twin_controller_inst/status_buffer_reg[3][6]/C
                         clock pessimism             -0.598    17.424    
                         clock uncertainty           -0.206    17.217    
    SLICE_X0Y147         FDCE (Setup_fdce_C_D)       -0.019    17.198    twin_controller_inst/status_buffer_reg[3][6]
  -------------------------------------------------------------------
                         required time                         17.198    
                         arrival time                         -14.475    
  -------------------------------------------------------------------
                         slack                                  2.723    

Slack (MET) :             2.767ns  (required time - arrival time)
  Source:                 student_top_inst/bridge_inst/seg_driver/count_reg[4]/C
                            (rising edge-triggered cell FDCE clocked by clk_out2_pll  {rise@0.000ns fall@3.333ns period=6.667ns})
  Destination:            twin_controller_inst/status_buffer_reg[1][4]/D
                            (rising edge-triggered cell FDCE clocked by clk_out1_pll  {rise@0.000ns fall@10.000ns period=20.000ns})
  Path Group:             clk_out1_pll
  Path Type:              Setup (Max at Slow Process Corner)
  Requirement:            6.667ns  (clk_out1_pll rise@20.000ns - clk_out2_pll rise@13.333ns)
  Data Path Delay:        3.223ns  (logic 0.405ns (12.567%)  route 2.818ns (87.433%))
  Logic Levels:           2  (LUT3=1 LUT6=1)
  Clock Path Skew:        -0.440ns (DCD - SCD + CPR)
    Destination Clock Delay (DCD):    -2.149ns = ( 17.851 - 20.000 ) 
    Source Clock Delay      (SCD):    -2.306ns = ( 11.027 - 13.333 ) 
    Clock Pessimism Removal (CPR):    -0.598ns
  Clock Uncertainty:      0.206ns  ((TSJ^2 + DJ^2)^1/2) / 2 + PE
    Total System Jitter     (TSJ):    0.071ns
    Discrete Jitter          (DJ):    0.157ns
    Phase Error              (PE):    0.120ns

    Location             Delay type                Incr(ns)  Path(ns)    Netlist Resource(s)
  -------------------------------------------------------------------    -------------------
                         (clock clk_out2_pll rise edge)
                                                     13.333    13.333 r  
    AD12                                              0.000    13.333 r  i_sys_clk_p (IN)
                         net (fo=0)                   0.000    13.333    pll_inst/inst/clk_in1_p
    AD12                 IBUFDS (Prop_ibufds_I_O)     0.906    14.239 r  pll_inst/inst/clkin1_ibufgds/O
                         net (fo=1, routed)           1.098    15.337    pll_inst/inst/clk_in1_pll
    PLLE2_ADV_X1Y1       PLLE2_ADV (Prop_plle2_adv_CLKIN1_CLKOUT1)
                                                     -8.058     7.279 r  pll_inst/inst/plle2_adv_inst/CLKOUT1
                         net (fo=1, routed)           2.128     9.407    pll_inst/inst/clk_out2_pll
    BUFGCTRL_X0Y0        BUFG (Prop_bufg_I_O)         0.093     9.500 r  pll_inst/inst/clkout2_buf/O
                         net (fo=3836, routed)        1.527    11.027    student_top_inst/bridge_inst/seg_driver/clk
    SLICE_X2Y142         FDCE                                         r  student_top_inst/bridge_inst/seg_driver/count_reg[4]/C
  -------------------------------------------------------------------    -------------------
    SLICE_X2Y142         FDCE (Prop_fdce_C_Q)         0.236    11.263 r  student_top_inst/bridge_inst/seg_driver/count_reg[4]/Q
                         net (fo=51, routed)          1.463    12.726    student_top_inst/bridge_inst/seg_driver/ans[0]
    SLICE_X1Y148         LUT3 (Prop_lut3_I1_O)        0.126    12.852 r  student_top_inst/bridge_inst/seg_driver/seg2[5]_INST_0_i_1/O
                         net (fo=6, routed)           0.660    13.512    student_top_inst/bridge_inst/seg_driver/seg2[5]_INST_0_i_1_n_0
    SLICE_X0Y150         LUT6 (Prop_lut6_I5_O)        0.043    13.555 r  student_top_inst/bridge_inst/seg_driver/seg2[2]_INST_0/O
                         net (fo=2, routed)           0.695    14.250    twin_controller_inst/status_buffer_reg[4][7]_0[12]
    SLICE_X0Y150         FDCE                                         r  twin_controller_inst/status_buffer_reg[1][4]/D
  -------------------------------------------------------------------    -------------------

                         (clock clk_out1_pll rise edge)
                                                     20.000    20.000 r  
    AD12                                              0.000    20.000 r  i_sys_clk_p (IN)
                         net (fo=0)                   0.000    20.000    pll_inst/inst/clk_in1_p
    AD12                 IBUFDS (Prop_ibufds_I_O)     0.803    20.803 r  pll_inst/inst/clkin1_ibufgds/O
                         net (fo=1, routed)           1.001    21.804    pll_inst/inst/clk_in1_pll
    PLLE2_ADV_X1Y1       PLLE2_ADV (Prop_plle2_adv_CLKIN1_CLKOUT0)
                                                     -7.261    14.543 r  pll_inst/inst/plle2_adv_inst/CLKOUT0
                         net (fo=1, routed)           2.003    16.546    pll_inst/inst/clk_out1_pll
    BUFGCTRL_X0Y1        BUFG (Prop_bufg_I_O)         0.083    16.629 r  pll_inst/inst/clkout1_buf/O
                         net (fo=394, routed)         1.222    17.851    twin_controller_inst/CLK
    SLICE_X0Y150         FDCE                                         r  twin_controller_inst/status_buffer_reg[1][4]/C
                         clock pessimism             -0.598    17.254    
                         clock uncertainty           -0.206    17.047    
    SLICE_X0Y150         FDCE (Setup_fdce_C_D)       -0.031    17.016    twin_controller_inst/status_buffer_reg[1][4]
  -------------------------------------------------------------------
                         required time                         17.016    
                         arrival time                         -14.250    
  -------------------------------------------------------------------
                         slack                                  2.767    





Min Delay Paths
--------------------------------------------------------------------------------------
Slack (MET) :             0.166ns  (arrival time - required time)
  Source:                 student_top_inst/bridge_inst/LED_reg[26]/C
                            (rising edge-triggered cell FDRE clocked by clk_out2_pll  {rise@0.000ns fall@3.333ns period=6.667ns})
  Destination:            twin_controller_inst/status_buffer_reg[17][2]/D
                            (rising edge-triggered cell FDCE clocked by clk_out1_pll  {rise@0.000ns fall@10.000ns period=20.000ns})
  Path Group:             clk_out1_pll
  Path Type:              Hold (Min at Fast Process Corner)
  Requirement:            0.000ns  (clk_out1_pll rise@0.000ns - clk_out2_pll rise@0.000ns)
  Data Path Delay:        0.646ns  (logic 0.129ns (19.958%)  route 0.517ns (80.042%))
  Logic Levels:           1  (LUT1=1)
  Clock Path Skew:        0.274ns (DCD - SCD - CPR)
    Destination Clock Delay (DCD):    -0.620ns
    Source Clock Delay      (SCD):    -0.411ns
    Clock Pessimism Removal (CPR):    -0.484ns
  Clock Uncertainty:      0.206ns  ((TSJ^2 + DJ^2)^1/2) / 2 + PE
    Total System Jitter     (TSJ):    0.071ns
    Discrete Jitter          (DJ):    0.157ns
    Phase Error              (PE):    0.120ns

    Location             Delay type                Incr(ns)  Path(ns)    Netlist Resource(s)
  -------------------------------------------------------------------    -------------------
                         (clock clk_out2_pll rise edge)
                                                      0.000     0.000 r  
    AD12                                              0.000     0.000 r  i_sys_clk_p (IN)
                         net (fo=0)                   0.000     0.000    pll_inst/inst/clk_in1_p
    AD12                 IBUFDS (Prop_ibufds_I_O)     0.388     0.388 r  pll_inst/inst/clkin1_ibufgds/O
                         net (fo=1, routed)           0.503     0.891    pll_inst/inst/clk_in1_pll
    PLLE2_ADV_X1Y1       PLLE2_ADV (Prop_plle2_adv_CLKIN1_CLKOUT1)
                                                     -2.908    -2.017 r  pll_inst/inst/plle2_adv_inst/CLKOUT1
                         net (fo=1, routed)           0.958    -1.059    pll_inst/inst/clk_out2_pll
    BUFGCTRL_X0Y0        BUFG (Prop_bufg_I_O)         0.026    -1.033 r  pll_inst/inst/clkout2_buf/O
                         net (fo=3836, routed)        0.622    -0.411    student_top_inst/bridge_inst/CLK
    SLICE_X5Y154         FDRE                                         r  student_top_inst/bridge_inst/LED_reg[26]/C
  -------------------------------------------------------------------    -------------------
    SLICE_X5Y154         FDRE (Prop_fdre_C_Q)         0.100    -0.311 r  student_top_inst/bridge_inst/LED_reg[26]/Q
                         net (fo=1, routed)           0.246    -0.064    student_top_inst/bridge_inst/LED_reg[31]_0[26]
    SLICE_X4Y161         LUT1 (Prop_lut1_I0_O)        0.029    -0.035 r  student_top_inst/bridge_inst/LED_reg[31]_0[26]_hold_fix/O
                         net (fo=1, routed)           0.271     0.236    twin_controller_inst/LED_reg[31]_0[26]_hold_fix_1_alias
    SLICE_X5Y153         FDCE                                         r  twin_controller_inst/status_buffer_reg[17][2]/D
  -------------------------------------------------------------------    -------------------

                         (clock clk_out1_pll rise edge)
                                                      0.000     0.000 r  
    AD12                                              0.000     0.000 r  i_sys_clk_p (IN)
                         net (fo=0)                   0.000     0.000    pll_inst/inst/clk_in1_p
    AD12                 IBUFDS (Prop_ibufds_I_O)     0.470     0.470 r  pll_inst/inst/clkin1_ibufgds/O
                         net (fo=1, routed)           0.554     1.024    pll_inst/inst/clk_in1_pll
    PLLE2_ADV_X1Y1       PLLE2_ADV (Prop_plle2_adv_CLKIN1_CLKOUT0)
                                                     -3.524    -2.500 r  pll_inst/inst/plle2_adv_inst/CLKOUT0
                         net (fo=1, routed)           1.027    -1.473    pll_inst/inst/clk_out1_pll
    BUFGCTRL_X0Y1        BUFG (Prop_bufg_I_O)         0.030    -1.443 r  pll_inst/inst/clkout1_buf/O
                         net (fo=394, routed)         0.823    -0.620    twin_controller_inst/CLK
    SLICE_X5Y153         FDCE                                         r  twin_controller_inst/status_buffer_reg[17][2]/C
                         clock pessimism              0.484    -0.137    
                         clock uncertainty            0.206     0.070    
    SLICE_X5Y153         FDCE (Hold_fdce_C_D)         0.000     0.070    twin_controller_inst/status_buffer_reg[17][2]
  -------------------------------------------------------------------
                         required time                         -0.070    
                         arrival time                           0.236    
  -------------------------------------------------------------------
                         slack                                  0.166    

Slack (MET) :             0.229ns  (arrival time - required time)
  Source:                 student_top_inst/bridge_inst/LED_reg[13]/C
                            (rising edge-triggered cell FDRE clocked by clk_out2_pll  {rise@0.000ns fall@3.333ns period=6.667ns})
  Destination:            twin_controller_inst/status_buffer_reg[15][5]/D
                            (rising edge-triggered cell FDCE clocked by clk_out1_pll  {rise@0.000ns fall@10.000ns period=20.000ns})
  Path Group:             clk_out1_pll
  Path Type:              Hold (Min at Fast Process Corner)
  Requirement:            0.000ns  (clk_out1_pll rise@0.000ns - clk_out2_pll rise@0.000ns)
  Data Path Delay:        0.710ns  (logic 0.130ns (18.317%)  route 0.580ns (81.683%))
  Logic Levels:           1  (LUT1=1)
  Clock Path Skew:        0.274ns (DCD - SCD - CPR)
    Destination Clock Delay (DCD):    -0.619ns
    Source Clock Delay      (SCD):    -0.410ns
    Clock Pessimism Removal (CPR):    -0.484ns
  Clock Uncertainty:      0.206ns  ((TSJ^2 + DJ^2)^1/2) / 2 + PE
    Total System Jitter     (TSJ):    0.071ns
    Discrete Jitter          (DJ):    0.157ns
    Phase Error              (PE):    0.120ns

    Location             Delay type                Incr(ns)  Path(ns)    Netlist Resource(s)
  -------------------------------------------------------------------    -------------------
                         (clock clk_out2_pll rise edge)
                                                      0.000     0.000 r  
    AD12                                              0.000     0.000 r  i_sys_clk_p (IN)
                         net (fo=0)                   0.000     0.000    pll_inst/inst/clk_in1_p
    AD12                 IBUFDS (Prop_ibufds_I_O)     0.388     0.388 r  pll_inst/inst/clkin1_ibufgds/O
                         net (fo=1, routed)           0.503     0.891    pll_inst/inst/clk_in1_pll
    PLLE2_ADV_X1Y1       PLLE2_ADV (Prop_plle2_adv_CLKIN1_CLKOUT1)
                                                     -2.908    -2.017 r  pll_inst/inst/plle2_adv_inst/CLKOUT1
                         net (fo=1, routed)           0.958    -1.059    pll_inst/inst/clk_out2_pll
    BUFGCTRL_X0Y0        BUFG (Prop_bufg_I_O)         0.026    -1.033 r  pll_inst/inst/clkout2_buf/O
                         net (fo=3836, routed)        0.623    -0.410    student_top_inst/bridge_inst/CLK
    SLICE_X5Y151         FDRE                                         r  student_top_inst/bridge_inst/LED_reg[13]/C
  -------------------------------------------------------------------    -------------------
    SLICE_X5Y151         FDRE (Prop_fdre_C_Q)         0.100    -0.310 r  student_top_inst/bridge_inst/LED_reg[13]/Q
                         net (fo=1, routed)           0.247    -0.063    student_top_inst/bridge_inst/LED_reg[31]_0[13]
    SLICE_X4Y159         LUT1 (Prop_lut1_I0_O)        0.030    -0.033 r  student_top_inst/bridge_inst/LED_reg[31]_0[13]_hold_fix/O
                         net (fo=1, routed)           0.333     0.300    twin_controller_inst/LED_reg[31]_0[13]_hold_fix_1_alias
    SLICE_X4Y150         FDCE                                         r  twin_controller_inst/status_buffer_reg[15][5]/D
  -------------------------------------------------------------------    -------------------

                         (clock clk_out1_pll rise edge)
                                                      0.000     0.000 r  
    AD12                                              0.000     0.000 r  i_sys_clk_p (IN)
                         net (fo=0)                   0.000     0.000    pll_inst/inst/clk_in1_p
    AD12                 IBUFDS (Prop_ibufds_I_O)     0.470     0.470 r  pll_inst/inst/clkin1_ibufgds/O
                         net (fo=1, routed)           0.554     1.024    pll_inst/inst/clk_in1_pll
    PLLE2_ADV_X1Y1       PLLE2_ADV (Prop_plle2_adv_CLKIN1_CLKOUT0)
                                                     -3.524    -2.500 r  pll_inst/inst/plle2_adv_inst/CLKOUT0
                         net (fo=1, routed)           1.027    -1.473    pll_inst/inst/clk_out1_pll
    BUFGCTRL_X0Y1        BUFG (Prop_bufg_I_O)         0.030    -1.443 r  pll_inst/inst/clkout1_buf/O
                         net (fo=394, routed)         0.824    -0.619    twin_controller_inst/CLK
    SLICE_X4Y150         FDCE                                         r  twin_controller_inst/status_buffer_reg[15][5]/C
                         clock pessimism              0.484    -0.136    
                         clock uncertainty            0.206     0.071    
    SLICE_X4Y150         FDCE (Hold_fdce_C_D)         0.001     0.072    twin_controller_inst/status_buffer_reg[15][5]
  -------------------------------------------------------------------
                         required time                         -0.072    
                         arrival time                           0.300    
  -------------------------------------------------------------------
                         slack                                  0.229    

Slack (MET) :             0.229ns  (arrival time - required time)
  Source:                 student_top_inst/bridge_inst/seg_driver/count_reg[4]/C
                            (rising edge-triggered cell FDCE clocked by clk_out2_pll  {rise@0.000ns fall@3.333ns period=6.667ns})
  Destination:            twin_controller_inst/status_buffer_reg[4][6]/D
                            (rising edge-triggered cell FDCE clocked by clk_out1_pll  {rise@0.000ns fall@10.000ns period=20.000ns})
  Path Group:             clk_out1_pll
  Path Type:              Hold (Min at Fast Process Corner)
  Requirement:            0.000ns  (clk_out1_pll rise@0.000ns - clk_out2_pll rise@0.000ns)
  Data Path Delay:        0.629ns  (logic 0.107ns (17.022%)  route 0.522ns (82.978%))
  Logic Levels:           0  
  Clock Path Skew:        0.191ns (DCD - SCD - CPR)
    Destination Clock Delay (DCD):    -0.650ns
    Source Clock Delay      (SCD):    -0.358ns
    Clock Pessimism Removal (CPR):    -0.484ns
  Clock Uncertainty:      0.206ns  ((TSJ^2 + DJ^2)^1/2) / 2 + PE
    Total System Jitter     (TSJ):    0.071ns
    Discrete Jitter          (DJ):    0.157ns
    Phase Error              (PE):    0.120ns

    Location             Delay type                Incr(ns)  Path(ns)    Netlist Resource(s)
  -------------------------------------------------------------------    -------------------
                         (clock clk_out2_pll rise edge)
                                                      0.000     0.000 r  
    AD12                                              0.000     0.000 r  i_sys_clk_p (IN)
                         net (fo=0)                   0.000     0.000    pll_inst/inst/clk_in1_p
    AD12                 IBUFDS (Prop_ibufds_I_O)     0.388     0.388 r  pll_inst/inst/clkin1_ibufgds/O
                         net (fo=1, routed)           0.503     0.891    pll_inst/inst/clk_in1_pll
    PLLE2_ADV_X1Y1       PLLE2_ADV (Prop_plle2_adv_CLKIN1_CLKOUT1)
                                                     -2.908    -2.017 r  pll_inst/inst/plle2_adv_inst/CLKOUT1
                         net (fo=1, routed)           0.958    -1.059    pll_inst/inst/clk_out2_pll
    BUFGCTRL_X0Y0        BUFG (Prop_bufg_I_O)         0.026    -1.033 r  pll_inst/inst/clkout2_buf/O
                         net (fo=3836, routed)        0.675    -0.358    student_top_inst/bridge_inst/seg_driver/clk
    SLICE_X2Y142         FDCE                                         r  student_top_inst/bridge_inst/seg_driver/count_reg[4]/C
  -------------------------------------------------------------------    -------------------
    SLICE_X2Y142         FDCE (Prop_fdce_C_Q)         0.107    -0.251 r  student_top_inst/bridge_inst/seg_driver/count_reg[4]/Q
                         net (fo=51, routed)          0.522     0.271    twin_controller_inst/status_buffer_reg[4][7]_0[38]
    SLICE_X8Y152         FDCE                                         r  twin_controller_inst/status_buffer_reg[4][6]/D
  -------------------------------------------------------------------    -------------------

                         (clock clk_out1_pll rise edge)
                                                      0.000     0.000 r  
    AD12                                              0.000     0.000 r  i_sys_clk_p (IN)
                         net (fo=0)                   0.000     0.000    pll_inst/inst/clk_in1_p
    AD12                 IBUFDS (Prop_ibufds_I_O)     0.470     0.470 r  pll_inst/inst/clkin1_ibufgds/O
                         net (fo=1, routed)           0.554     1.024    pll_inst/inst/clk_in1_pll
    PLLE2_ADV_X1Y1       PLLE2_ADV (Prop_plle2_adv_CLKIN1_CLKOUT0)
                                                     -3.524    -2.500 r  pll_inst/inst/plle2_adv_inst/CLKOUT0
                         net (fo=1, routed)           1.027    -1.473    pll_inst/inst/clk_out1_pll
    BUFGCTRL_X0Y1        BUFG (Prop_bufg_I_O)         0.030    -1.443 r  pll_inst/inst/clkout1_buf/O
                         net (fo=394, routed)         0.793    -0.650    twin_controller_inst/CLK
    SLICE_X8Y152         FDCE                                         r  twin_controller_inst/status_buffer_reg[4][6]/C
                         clock pessimism              0.484    -0.167    
                         clock uncertainty            0.206     0.040    
    SLICE_X8Y152         FDCE (Hold_fdce_C_D)         0.002     0.042    twin_controller_inst/status_buffer_reg[4][6]
  -------------------------------------------------------------------
                         required time                         -0.042    
                         arrival time                           0.271    
  -------------------------------------------------------------------
                         slack                                  0.229    

Slack (MET) :             0.241ns  (arrival time - required time)
  Source:                 student_top_inst/bridge_inst/seg_driver/count_reg[4]/C
                            (rising edge-triggered cell FDCE clocked by clk_out2_pll  {rise@0.000ns fall@3.333ns period=6.667ns})
  Destination:            twin_controller_inst/status_buffer_reg[1][0]/D
                            (rising edge-triggered cell FDCE clocked by clk_out1_pll  {rise@0.000ns fall@10.000ns period=20.000ns})
  Path Group:             clk_out1_pll
  Path Type:              Hold (Min at Fast Process Corner)
  Requirement:            0.000ns  (clk_out1_pll rise@0.000ns - clk_out2_pll rise@0.000ns)
  Data Path Delay:        0.745ns  (logic 0.107ns (14.354%)  route 0.638ns (85.646%))
  Logic Levels:           0  
  Clock Path Skew:        0.295ns (DCD - SCD - CPR)
    Destination Clock Delay (DCD):    -0.546ns
    Source Clock Delay      (SCD):    -0.358ns
    Clock Pessimism Removal (CPR):    -0.484ns
  Clock Uncertainty:      0.206ns  ((TSJ^2 + DJ^2)^1/2) / 2 + PE
    Total System Jitter     (TSJ):    0.071ns
    Discrete Jitter          (DJ):    0.157ns
    Phase Error              (PE):    0.120ns

    Location             Delay type                Incr(ns)  Path(ns)    Netlist Resource(s)
  -------------------------------------------------------------------    -------------------
                         (clock clk_out2_pll rise edge)
                                                      0.000     0.000 r  
    AD12                                              0.000     0.000 r  i_sys_clk_p (IN)
                         net (fo=0)                   0.000     0.000    pll_inst/inst/clk_in1_p
    AD12                 IBUFDS (Prop_ibufds_I_O)     0.388     0.388 r  pll_inst/inst/clkin1_ibufgds/O
                         net (fo=1, routed)           0.503     0.891    pll_inst/inst/clk_in1_pll
    PLLE2_ADV_X1Y1       PLLE2_ADV (Prop_plle2_adv_CLKIN1_CLKOUT1)
                                                     -2.908    -2.017 r  pll_inst/inst/plle2_adv_inst/CLKOUT1
                         net (fo=1, routed)           0.958    -1.059    pll_inst/inst/clk_out2_pll
    BUFGCTRL_X0Y0        BUFG (Prop_bufg_I_O)         0.026    -1.033 r  pll_inst/inst/clkout2_buf/O
                         net (fo=3836, routed)        0.675    -0.358    student_top_inst/bridge_inst/seg_driver/clk
    SLICE_X2Y142         FDCE                                         r  student_top_inst/bridge_inst/seg_driver/count_reg[4]/C
  -------------------------------------------------------------------    -------------------
    SLICE_X2Y142         FDCE (Prop_fdce_C_Q)         0.107    -0.251 r  student_top_inst/bridge_inst/seg_driver/count_reg[4]/Q
                         net (fo=51, routed)          0.638     0.388    twin_controller_inst/status_buffer_reg[4][7]_0[8]
    SLICE_X0Y148         FDCE                                         r  twin_controller_inst/status_buffer_reg[1][0]/D
  -------------------------------------------------------------------    -------------------

                         (clock clk_out1_pll rise edge)
                                                      0.000     0.000 r  
    AD12                                              0.000     0.000 r  i_sys_clk_p (IN)
                         net (fo=0)                   0.000     0.000    pll_inst/inst/clk_in1_p
    AD12                 IBUFDS (Prop_ibufds_I_O)     0.470     0.470 r  pll_inst/inst/clkin1_ibufgds/O
                         net (fo=1, routed)           0.554     1.024    pll_inst/inst/clk_in1_pll
    PLLE2_ADV_X1Y1       PLLE2_ADV (Prop_plle2_adv_CLKIN1_CLKOUT0)
                                                     -3.524    -2.500 r  pll_inst/inst/plle2_adv_inst/CLKOUT0
                         net (fo=1, routed)           1.027    -1.473    pll_inst/inst/clk_out1_pll
    BUFGCTRL_X0Y1        BUFG (Prop_bufg_I_O)         0.030    -1.443 r  pll_inst/inst/clkout1_buf/O
                         net (fo=394, routed)         0.897    -0.546    twin_controller_inst/CLK
    SLICE_X0Y148         FDCE                                         r  twin_controller_inst/status_buffer_reg[1][0]/C
                         clock pessimism              0.484    -0.063    
                         clock uncertainty            0.206     0.144    
    SLICE_X0Y148         FDCE (Hold_fdce_C_D)         0.003     0.147    twin_controller_inst/status_buffer_reg[1][0]
  -------------------------------------------------------------------
                         required time                         -0.147    
                         arrival time                           0.388    
  -------------------------------------------------------------------
                         slack                                  0.241    

Slack (MET) :             0.242ns  (arrival time - required time)
  Source:                 student_top_inst/bridge_inst/LED_reg[9]/C
                            (rising edge-triggered cell FDRE clocked by clk_out2_pll  {rise@0.000ns fall@3.333ns period=6.667ns})
  Destination:            twin_controller_inst/status_buffer_reg[15][1]/D
                            (rising edge-triggered cell FDCE clocked by clk_out1_pll  {rise@0.000ns fall@10.000ns period=20.000ns})
  Path Group:             clk_out1_pll
  Path Type:              Hold (Min at Fast Process Corner)
  Requirement:            0.000ns  (clk_out1_pll rise@0.000ns - clk_out2_pll rise@0.000ns)
  Data Path Delay:        0.735ns  (logic 0.129ns (17.554%)  route 0.606ns (82.446%))
  Logic Levels:           1  (LUT1=1)
  Clock Path Skew:        0.296ns (DCD - SCD - CPR)
    Destination Clock Delay (DCD):    -0.546ns
    Source Clock Delay      (SCD):    -0.359ns
    Clock Pessimism Removal (CPR):    -0.484ns
  Clock Uncertainty:      0.206ns  ((TSJ^2 + DJ^2)^1/2) / 2 + PE
    Total System Jitter     (TSJ):    0.071ns
    Discrete Jitter          (DJ):    0.157ns
    Phase Error              (PE):    0.120ns

    Location             Delay type                Incr(ns)  Path(ns)    Netlist Resource(s)
  -------------------------------------------------------------------    -------------------
                         (clock clk_out2_pll rise edge)
                                                      0.000     0.000 r  
    AD12                                              0.000     0.000 r  i_sys_clk_p (IN)
                         net (fo=0)                   0.000     0.000    pll_inst/inst/clk_in1_p
    AD12                 IBUFDS (Prop_ibufds_I_O)     0.388     0.388 r  pll_inst/inst/clkin1_ibufgds/O
                         net (fo=1, routed)           0.503     0.891    pll_inst/inst/clk_in1_pll
    PLLE2_ADV_X1Y1       PLLE2_ADV (Prop_plle2_adv_CLKIN1_CLKOUT1)
                                                     -2.908    -2.017 r  pll_inst/inst/plle2_adv_inst/CLKOUT1
                         net (fo=1, routed)           0.958    -1.059    pll_inst/inst/clk_out2_pll
    BUFGCTRL_X0Y0        BUFG (Prop_bufg_I_O)         0.026    -1.033 r  pll_inst/inst/clkout2_buf/O
                         net (fo=3836, routed)        0.674    -0.359    student_top_inst/bridge_inst/CLK
    SLICE_X5Y144         FDRE                                         r  student_top_inst/bridge_inst/LED_reg[9]/C
  -------------------------------------------------------------------    -------------------
    SLICE_X5Y144         FDRE (Prop_fdre_C_Q)         0.100    -0.259 r  student_top_inst/bridge_inst/LED_reg[9]/Q
                         net (fo=1, routed)           0.326     0.067    student_top_inst/bridge_inst/LED_reg[31]_0[9]
    SLICE_X10Y147        LUT1 (Prop_lut1_I0_O)        0.029     0.096 r  student_top_inst/bridge_inst/LED_reg[31]_0[9]_hold_fix/O
                         net (fo=1, routed)           0.280     0.376    twin_controller_inst/LED_reg[31]_0[9]_hold_fix_1_alias
    SLICE_X3Y147         FDCE                                         r  twin_controller_inst/status_buffer_reg[15][1]/D
  -------------------------------------------------------------------    -------------------

                         (clock clk_out1_pll rise edge)
                                                      0.000     0.000 r  
    AD12                                              0.000     0.000 r  i_sys_clk_p (IN)
                         net (fo=0)                   0.000     0.000    pll_inst/inst/clk_in1_p
    AD12                 IBUFDS (Prop_ibufds_I_O)     0.470     0.470 r  pll_inst/inst/clkin1_ibufgds/O
                         net (fo=1, routed)           0.554     1.024    pll_inst/inst/clk_in1_pll
    PLLE2_ADV_X1Y1       PLLE2_ADV (Prop_plle2_adv_CLKIN1_CLKOUT0)
                                                     -3.524    -2.500 r  pll_inst/inst/plle2_adv_inst/CLKOUT0
                         net (fo=1, routed)           1.027    -1.473    pll_inst/inst/clk_out1_pll
    BUFGCTRL_X0Y1        BUFG (Prop_bufg_I_O)         0.030    -1.443 r  pll_inst/inst/clkout1_buf/O
                         net (fo=394, routed)         0.897    -0.546    twin_controller_inst/CLK
    SLICE_X3Y147         FDCE                                         r  twin_controller_inst/status_buffer_reg[15][1]/C
                         clock pessimism              0.484    -0.063    
                         clock uncertainty            0.206     0.144    
    SLICE_X3Y147         FDCE (Hold_fdce_C_D)        -0.009     0.135    twin_controller_inst/status_buffer_reg[15][1]
  -------------------------------------------------------------------
                         required time                         -0.135    
                         arrival time                           0.376    
  -------------------------------------------------------------------
                         slack                                  0.242    

Slack (MET) :             0.252ns  (arrival time - required time)
  Source:                 student_top_inst/bridge_inst/LED_reg[8]/C
                            (rising edge-triggered cell FDRE clocked by clk_out2_pll  {rise@0.000ns fall@3.333ns period=6.667ns})
  Destination:            twin_controller_inst/status_buffer_reg[15][0]/D
                            (rising edge-triggered cell FDCE clocked by clk_out1_pll  {rise@0.000ns fall@10.000ns period=20.000ns})
  Path Group:             clk_out1_pll
  Path Type:              Hold (Min at Fast Process Corner)
  Requirement:            0.000ns  (clk_out1_pll rise@0.000ns - clk_out2_pll rise@0.000ns)
  Data Path Delay:        0.759ns  (logic 0.133ns (17.518%)  route 0.626ns (82.482%))
  Logic Levels:           1  (LUT1=1)
  Clock Path Skew:        0.295ns (DCD - SCD - CPR)
    Destination Clock Delay (DCD):    -0.547ns
    Source Clock Delay      (SCD):    -0.359ns
    Clock Pessimism Removal (CPR):    -0.484ns
  Clock Uncertainty:      0.206ns  ((TSJ^2 + DJ^2)^1/2) / 2 + PE
    Total System Jitter     (TSJ):    0.071ns
    Discrete Jitter          (DJ):    0.157ns
    Phase Error              (PE):    0.120ns

    Location             Delay type                Incr(ns)  Path(ns)    Netlist Resource(s)
  -------------------------------------------------------------------    -------------------
                         (clock clk_out2_pll rise edge)
                                                      0.000     0.000 r  
    AD12                                              0.000     0.000 r  i_sys_clk_p (IN)
                         net (fo=0)                   0.000     0.000    pll_inst/inst/clk_in1_p
    AD12                 IBUFDS (Prop_ibufds_I_O)     0.388     0.388 r  pll_inst/inst/clkin1_ibufgds/O
                         net (fo=1, routed)           0.503     0.891    pll_inst/inst/clk_in1_pll
    PLLE2_ADV_X1Y1       PLLE2_ADV (Prop_plle2_adv_CLKIN1_CLKOUT1)
                                                     -2.908    -2.017 r  pll_inst/inst/plle2_adv_inst/CLKOUT1
                         net (fo=1, routed)           0.958    -1.059    pll_inst/inst/clk_out2_pll
    BUFGCTRL_X0Y0        BUFG (Prop_bufg_I_O)         0.026    -1.033 r  pll_inst/inst/clkout2_buf/O
                         net (fo=3836, routed)        0.674    -0.359    student_top_inst/bridge_inst/CLK
    SLICE_X5Y144         FDRE                                         r  student_top_inst/bridge_inst/LED_reg[8]/C
  -------------------------------------------------------------------    -------------------
    SLICE_X5Y144         FDRE (Prop_fdre_C_Q)         0.100    -0.259 r  student_top_inst/bridge_inst/LED_reg[8]/Q
                         net (fo=1, routed)           0.340     0.081    student_top_inst/bridge_inst/LED_reg[31]_0[8]
    SLICE_X11Y146        LUT1 (Prop_lut1_I0_O)        0.033     0.114 r  student_top_inst/bridge_inst/LED_reg[31]_0[8]_hold_fix/O
                         net (fo=1, routed)           0.287     0.401    twin_controller_inst/LED_reg[31]_0[8]_hold_fix_1_alias
    SLICE_X3Y146         FDCE                                         r  twin_controller_inst/status_buffer_reg[15][0]/D
  -------------------------------------------------------------------    -------------------

                         (clock clk_out1_pll rise edge)
                                                      0.000     0.000 r  
    AD12                                              0.000     0.000 r  i_sys_clk_p (IN)
                         net (fo=0)                   0.000     0.000    pll_inst/inst/clk_in1_p
    AD12                 IBUFDS (Prop_ibufds_I_O)     0.470     0.470 r  pll_inst/inst/clkin1_ibufgds/O
                         net (fo=1, routed)           0.554     1.024    pll_inst/inst/clk_in1_pll
    PLLE2_ADV_X1Y1       PLLE2_ADV (Prop_plle2_adv_CLKIN1_CLKOUT0)
                                                     -3.524    -2.500 r  pll_inst/inst/plle2_adv_inst/CLKOUT0
                         net (fo=1, routed)           1.027    -1.473    pll_inst/inst/clk_out1_pll
    BUFGCTRL_X0Y1        BUFG (Prop_bufg_I_O)         0.030    -1.443 r  pll_inst/inst/clkout1_buf/O
                         net (fo=394, routed)         0.896    -0.547    twin_controller_inst/CLK
    SLICE_X3Y146         FDCE                                         r  twin_controller_inst/status_buffer_reg[15][0]/C
                         clock pessimism              0.484    -0.064    
                         clock uncertainty            0.206     0.143    
    SLICE_X3Y146         FDCE (Hold_fdce_C_D)         0.006     0.149    twin_controller_inst/status_buffer_reg[15][0]
  -------------------------------------------------------------------
                         required time                         -0.149    
                         arrival time                           0.401    
  -------------------------------------------------------------------
                         slack                                  0.252    

Slack (MET) :             0.253ns  (arrival time - required time)
  Source:                 student_top_inst/bridge_inst/LED_reg[3]/C
                            (rising edge-triggered cell FDRE clocked by clk_out2_pll  {rise@0.000ns fall@3.333ns period=6.667ns})
  Destination:            twin_controller_inst/status_buffer_reg[14][3]/D
                            (rising edge-triggered cell FDCE clocked by clk_out1_pll  {rise@0.000ns fall@10.000ns period=20.000ns})
  Path Group:             clk_out1_pll
  Path Type:              Hold (Min at Fast Process Corner)
  Requirement:            0.000ns  (clk_out1_pll rise@0.000ns - clk_out2_pll rise@0.000ns)
  Data Path Delay:        0.735ns  (logic 0.133ns (18.096%)  route 0.602ns (81.904%))
  Logic Levels:           1  (LUT1=1)
  Clock Path Skew:        0.274ns (DCD - SCD - CPR)
    Destination Clock Delay (DCD):    -0.650ns
    Source Clock Delay      (SCD):    -0.441ns
    Clock Pessimism Removal (CPR):    -0.484ns
  Clock Uncertainty:      0.206ns  ((TSJ^2 + DJ^2)^1/2) / 2 + PE
    Total System Jitter     (TSJ):    0.071ns
    Discrete Jitter          (DJ):    0.157ns
    Phase Error              (PE):    0.120ns

    Location             Delay type                Incr(ns)  Path(ns)    Netlist Resource(s)
  -------------------------------------------------------------------    -------------------
                         (clock clk_out2_pll rise edge)
                                                      0.000     0.000 r  
    AD12                                              0.000     0.000 r  i_sys_clk_p (IN)
                         net (fo=0)                   0.000     0.000    pll_inst/inst/clk_in1_p
    AD12                 IBUFDS (Prop_ibufds_I_O)     0.388     0.388 r  pll_inst/inst/clkin1_ibufgds/O
                         net (fo=1, routed)           0.503     0.891    pll_inst/inst/clk_in1_pll
    PLLE2_ADV_X1Y1       PLLE2_ADV (Prop_plle2_adv_CLKIN1_CLKOUT1)
                                                     -2.908    -2.017 r  pll_inst/inst/plle2_adv_inst/CLKOUT1
                         net (fo=1, routed)           0.958    -1.059    pll_inst/inst/clk_out2_pll
    BUFGCTRL_X0Y0        BUFG (Prop_bufg_I_O)         0.026    -1.033 r  pll_inst/inst/clkout2_buf/O
                         net (fo=3836, routed)        0.592    -0.441    student_top_inst/bridge_inst/CLK
    SLICE_X11Y152        FDRE                                         r  student_top_inst/bridge_inst/LED_reg[3]/C
  -------------------------------------------------------------------    -------------------
    SLICE_X11Y152        FDRE (Prop_fdre_C_Q)         0.100    -0.341 r  student_top_inst/bridge_inst/LED_reg[3]/Q
                         net (fo=1, routed)           0.308    -0.032    student_top_inst/bridge_inst/LED_reg[31]_0[3]
    SLICE_X9Y159         LUT1 (Prop_lut1_I0_O)        0.033     0.001 r  student_top_inst/bridge_inst/LED_reg[31]_0[3]_hold_fix/O
                         net (fo=1, routed)           0.294     0.294    twin_controller_inst/LED_reg[31]_0[3]_hold_fix_1_alias
    SLICE_X9Y152         FDCE                                         r  twin_controller_inst/status_buffer_reg[14][3]/D
  -------------------------------------------------------------------    -------------------

                         (clock clk_out1_pll rise edge)
                                                      0.000     0.000 r  
    AD12                                              0.000     0.000 r  i_sys_clk_p (IN)
                         net (fo=0)                   0.000     0.000    pll_inst/inst/clk_in1_p
    AD12                 IBUFDS (Prop_ibufds_I_O)     0.470     0.470 r  pll_inst/inst/clkin1_ibufgds/O
                         net (fo=1, routed)           0.554     1.024    pll_inst/inst/clk_in1_pll
    PLLE2_ADV_X1Y1       PLLE2_ADV (Prop_plle2_adv_CLKIN1_CLKOUT0)
                                                     -3.524    -2.500 r  pll_inst/inst/plle2_adv_inst/CLKOUT0
                         net (fo=1, routed)           1.027    -1.473    pll_inst/inst/clk_out1_pll
    BUFGCTRL_X0Y1        BUFG (Prop_bufg_I_O)         0.030    -1.443 r  pll_inst/inst/clkout1_buf/O
                         net (fo=394, routed)         0.793    -0.650    twin_controller_inst/CLK
    SLICE_X9Y152         FDCE                                         r  twin_controller_inst/status_buffer_reg[14][3]/C
                         clock pessimism              0.484    -0.167    
                         clock uncertainty            0.206     0.040    
    SLICE_X9Y152         FDCE (Hold_fdce_C_D)         0.002     0.042    twin_controller_inst/status_buffer_reg[14][3]
  -------------------------------------------------------------------
                         required time                         -0.042    
                         arrival time                           0.294    
  -------------------------------------------------------------------
                         slack                                  0.253    

Slack (MET) :             0.254ns  (arrival time - required time)
  Source:                 student_top_inst/bridge_inst/seg_wdata_reg[29]/C
                            (rising edge-triggered cell FDRE clocked by clk_out2_pll  {rise@0.000ns fall@3.333ns period=6.667ns})
  Destination:            twin_controller_inst/status_buffer_reg[4][3]/D
                            (rising edge-triggered cell FDCE clocked by clk_out1_pll  {rise@0.000ns fall@10.000ns period=20.000ns})
  Path Group:             clk_out1_pll
  Path Type:              Hold (Min at Fast Process Corner)
  Requirement:            0.000ns  (clk_out1_pll rise@0.000ns - clk_out2_pll rise@0.000ns)
  Data Path Delay:        0.762ns  (logic 0.128ns (16.807%)  route 0.634ns (83.193%))
  Logic Levels:           1  (LUT6=1)
  Clock Path Skew:        0.261ns (DCD - SCD - CPR)
    Destination Clock Delay (DCD):    -0.579ns
    Source Clock Delay      (SCD):    -0.357ns
    Clock Pessimism Removal (CPR):    -0.484ns
  Clock Uncertainty:      0.206ns  ((TSJ^2 + DJ^2)^1/2) / 2 + PE
    Total System Jitter     (TSJ):    0.071ns
    Discrete Jitter          (DJ):    0.157ns
    Phase Error              (PE):    0.120ns

    Location             Delay type                Incr(ns)  Path(ns)    Netlist Resource(s)
  -------------------------------------------------------------------    -------------------
                         (clock clk_out2_pll rise edge)
                                                      0.000     0.000 r  
    AD12                                              0.000     0.000 r  i_sys_clk_p (IN)
                         net (fo=0)                   0.000     0.000    pll_inst/inst/clk_in1_p
    AD12                 IBUFDS (Prop_ibufds_I_O)     0.388     0.388 r  pll_inst/inst/clkin1_ibufgds/O
                         net (fo=1, routed)           0.503     0.891    pll_inst/inst/clk_in1_pll
    PLLE2_ADV_X1Y1       PLLE2_ADV (Prop_plle2_adv_CLKIN1_CLKOUT1)
                                                     -2.908    -2.017 r  pll_inst/inst/plle2_adv_inst/CLKOUT1
                         net (fo=1, routed)           0.958    -1.059    pll_inst/inst/clk_out2_pll
    BUFGCTRL_X0Y0        BUFG (Prop_bufg_I_O)         0.026    -1.033 r  pll_inst/inst/clkout2_buf/O
                         net (fo=3836, routed)        0.676    -0.357    student_top_inst/bridge_inst/CLK
    SLICE_X3Y144         FDRE                                         r  student_top_inst/bridge_inst/seg_wdata_reg[29]/C
  -------------------------------------------------------------------    -------------------
    SLICE_X3Y144         FDRE (Prop_fdre_C_Q)         0.100    -0.257 r  student_top_inst/bridge_inst/seg_wdata_reg[29]/Q
                         net (fo=8, routed)           0.238    -0.018    student_top_inst/bridge_inst/seg_driver/s[29]
    SLICE_X4Y143         LUT6 (Prop_lut6_I5_O)        0.028     0.010 r  student_top_inst/bridge_inst/seg_driver/seg4[5]_INST_0/O
                         net (fo=2, routed)           0.395     0.405    twin_controller_inst/status_buffer_reg[4][7]_0[35]
    SLICE_X9Y145         FDCE                                         r  twin_controller_inst/status_buffer_reg[4][3]/D
  -------------------------------------------------------------------    -------------------

                         (clock clk_out1_pll rise edge)
                                                      0.000     0.000 r  
    AD12                                              0.000     0.000 r  i_sys_clk_p (IN)
                         net (fo=0)                   0.000     0.000    pll_inst/inst/clk_in1_p
    AD12                 IBUFDS (Prop_ibufds_I_O)     0.470     0.470 r  pll_inst/inst/clkin1_ibufgds/O
                         net (fo=1, routed)           0.554     1.024    pll_inst/inst/clk_in1_pll
    PLLE2_ADV_X1Y1       PLLE2_ADV (Prop_plle2_adv_CLKIN1_CLKOUT0)
                                                     -3.524    -2.500 r  pll_inst/inst/plle2_adv_inst/CLKOUT0
                         net (fo=1, routed)           1.027    -1.473    pll_inst/inst/clk_out1_pll
    BUFGCTRL_X0Y1        BUFG (Prop_bufg_I_O)         0.030    -1.443 r  pll_inst/inst/clkout1_buf/O
                         net (fo=394, routed)         0.864    -0.579    twin_controller_inst/CLK
    SLICE_X9Y145         FDCE                                         r  twin_controller_inst/status_buffer_reg[4][3]/C
                         clock pessimism              0.484    -0.096    
                         clock uncertainty            0.206     0.111    
    SLICE_X9Y145         FDCE (Hold_fdce_C_D)         0.040     0.151    twin_controller_inst/status_buffer_reg[4][3]
  -------------------------------------------------------------------
                         required time                         -0.151    
                         arrival time                           0.405    
  -------------------------------------------------------------------
                         slack                                  0.254    

Slack (MET) :             0.254ns  (arrival time - required time)
  Source:                 student_top_inst/bridge_inst/seg_wdata_reg[28]/C
                            (rising edge-triggered cell FDRE clocked by clk_out2_pll  {rise@0.000ns fall@3.333ns period=6.667ns})
  Destination:            twin_controller_inst/status_buffer_reg[4][4]/D
                            (rising edge-triggered cell FDCE clocked by clk_out1_pll  {rise@0.000ns fall@10.000ns period=20.000ns})
  Path Group:             clk_out1_pll
  Path Type:              Hold (Min at Fast Process Corner)
  Requirement:            0.000ns  (clk_out1_pll rise@0.000ns - clk_out2_pll rise@0.000ns)
  Data Path Delay:        0.788ns  (logic 0.128ns (16.251%)  route 0.660ns (83.749%))
  Logic Levels:           1  (LUT6=1)
  Clock Path Skew:        0.295ns (DCD - SCD - CPR)
    Destination Clock Delay (DCD):    -0.547ns
    Source Clock Delay      (SCD):    -0.359ns
    Clock Pessimism Removal (CPR):    -0.484ns
  Clock Uncertainty:      0.206ns  ((TSJ^2 + DJ^2)^1/2) / 2 + PE
    Total System Jitter     (TSJ):    0.071ns
    Discrete Jitter          (DJ):    0.157ns
    Phase Error              (PE):    0.120ns

    Location             Delay type                Incr(ns)  Path(ns)    Netlist Resource(s)
  -------------------------------------------------------------------    -------------------
                         (clock clk_out2_pll rise edge)
                                                      0.000     0.000 r  
    AD12                                              0.000     0.000 r  i_sys_clk_p (IN)
                         net (fo=0)                   0.000     0.000    pll_inst/inst/clk_in1_p
    AD12                 IBUFDS (Prop_ibufds_I_O)     0.388     0.388 r  pll_inst/inst/clkin1_ibufgds/O
                         net (fo=1, routed)           0.503     0.891    pll_inst/inst/clk_in1_pll
    PLLE2_ADV_X1Y1       PLLE2_ADV (Prop_plle2_adv_CLKIN1_CLKOUT1)
                                                     -2.908    -2.017 r  pll_inst/inst/plle2_adv_inst/CLKOUT1
                         net (fo=1, routed)           0.958    -1.059    pll_inst/inst/clk_out2_pll
    BUFGCTRL_X0Y0        BUFG (Prop_bufg_I_O)         0.026    -1.033 r  pll_inst/inst/clkout2_buf/O
                         net (fo=3836, routed)        0.674    -0.359    student_top_inst/bridge_inst/CLK
    SLICE_X4Y143         FDRE                                         r  student_top_inst/bridge_inst/seg_wdata_reg[28]/C
  -------------------------------------------------------------------    -------------------
    SLICE_X4Y143         FDRE (Prop_fdre_C_Q)         0.100    -0.259 r  student_top_inst/bridge_inst/seg_wdata_reg[28]/Q
                         net (fo=3, routed)           0.297     0.038    student_top_inst/bridge_inst/seg_driver/s[28]
    SLICE_X2Y143         LUT6 (Prop_lut6_I1_O)        0.028     0.066 r  student_top_inst/bridge_inst/seg_driver/seg4[6]_INST_0/O
                         net (fo=2, routed)           0.363     0.429    twin_controller_inst/status_buffer_reg[4][7]_0[36]
    SLICE_X3Y143         FDCE                                         r  twin_controller_inst/status_buffer_reg[4][4]/D
  -------------------------------------------------------------------    -------------------

                         (clock clk_out1_pll rise edge)
                                                      0.000     0.000 r  
    AD12                                              0.000     0.000 r  i_sys_clk_p (IN)
                         net (fo=0)                   0.000     0.000    pll_inst/inst/clk_in1_p
    AD12                 IBUFDS (Prop_ibufds_I_O)     0.470     0.470 r  pll_inst/inst/clkin1_ibufgds/O
                         net (fo=1, routed)           0.554     1.024    pll_inst/inst/clk_in1_pll
    PLLE2_ADV_X1Y1       PLLE2_ADV (Prop_plle2_adv_CLKIN1_CLKOUT0)
                                                     -3.524    -2.500 r  pll_inst/inst/plle2_adv_inst/CLKOUT0
                         net (fo=1, routed)           1.027    -1.473    pll_inst/inst/clk_out1_pll
    BUFGCTRL_X0Y1        BUFG (Prop_bufg_I_O)         0.030    -1.443 r  pll_inst/inst/clkout1_buf/O
                         net (fo=394, routed)         0.896    -0.547    twin_controller_inst/CLK
    SLICE_X3Y143         FDCE                                         r  twin_controller_inst/status_buffer_reg[4][4]/C
                         clock pessimism              0.484    -0.064    
                         clock uncertainty            0.206     0.143    
    SLICE_X3Y143         FDCE (Hold_fdce_C_D)         0.032     0.175    twin_controller_inst/status_buffer_reg[4][4]
  -------------------------------------------------------------------
                         required time                         -0.175    
                         arrival time                           0.429    
  -------------------------------------------------------------------
                         slack                                  0.254    

Slack (MET) :             0.255ns  (arrival time - required time)
  Source:                 student_top_inst/bridge_inst/seg_wdata_reg[9]/C
                            (rising edge-triggered cell FDRE clocked by clk_out2_pll  {rise@0.000ns fall@3.333ns period=6.667ns})
  Destination:            twin_controller_inst/status_buffer_reg[1][5]/D
                            (rising edge-triggered cell FDCE clocked by clk_out1_pll  {rise@0.000ns fall@10.000ns period=20.000ns})
  Path Group:             clk_out1_pll
  Path Type:              Hold (Min at Fast Process Corner)
  Requirement:            0.000ns  (clk_out1_pll rise@0.000ns - clk_out2_pll rise@0.000ns)
  Data Path Delay:        0.723ns  (logic 0.128ns (17.698%)  route 0.595ns (82.302%))
  Logic Levels:           1  (LUT6=1)
  Clock Path Skew:        0.221ns (DCD - SCD - CPR)
    Destination Clock Delay (DCD):    -0.618ns
    Source Clock Delay      (SCD):    -0.356ns
    Clock Pessimism Removal (CPR):    -0.484ns
  Clock Uncertainty:      0.206ns  ((TSJ^2 + DJ^2)^1/2) / 2 + PE
    Total System Jitter     (TSJ):    0.071ns
    Discrete Jitter          (DJ):    0.157ns
    Phase Error              (PE):    0.120ns

    Location             Delay type                Incr(ns)  Path(ns)    Netlist Resource(s)
  -------------------------------------------------------------------    -------------------
                         (clock clk_out2_pll rise edge)
                                                      0.000     0.000 r  
    AD12                                              0.000     0.000 r  i_sys_clk_p (IN)
                         net (fo=0)                   0.000     0.000    pll_inst/inst/clk_in1_p
    AD12                 IBUFDS (Prop_ibufds_I_O)     0.388     0.388 r  pll_inst/inst/clkin1_ibufgds/O
                         net (fo=1, routed)           0.503     0.891    pll_inst/inst/clk_in1_pll
    PLLE2_ADV_X1Y1       PLLE2_ADV (Prop_plle2_adv_CLKIN1_CLKOUT1)
                                                     -2.908    -2.017 r  pll_inst/inst/plle2_adv_inst/CLKOUT1
                         net (fo=1, routed)           0.958    -1.059    pll_inst/inst/clk_out2_pll
    BUFGCTRL_X0Y0        BUFG (Prop_bufg_I_O)         0.026    -1.033 r  pll_inst/inst/clkout2_buf/O
                         net (fo=3836, routed)        0.677    -0.356    student_top_inst/bridge_inst/CLK
    SLICE_X1Y148         FDRE                                         r  student_top_inst/bridge_inst/seg_wdata_reg[9]/C
  -------------------------------------------------------------------    -------------------
    SLICE_X1Y148         FDRE (Prop_fdre_C_Q)         0.100    -0.256 r  student_top_inst/bridge_inst/seg_wdata_reg[9]/Q
                         net (fo=8, routed)           0.265     0.009    student_top_inst/bridge_inst/seg_driver/s[9]
    SLICE_X0Y150         LUT6 (Prop_lut6_I4_O)        0.028     0.037 r  student_top_inst/bridge_inst/seg_driver/seg2[3]_INST_0/O
                         net (fo=2, routed)           0.330     0.368    twin_controller_inst/status_buffer_reg[4][7]_0[13]
    SLICE_X0Y150         FDCE                                         r  twin_controller_inst/status_buffer_reg[1][5]/D
  -------------------------------------------------------------------    -------------------

                         (clock clk_out1_pll rise edge)
                                                      0.000     0.000 r  
    AD12                                              0.000     0.000 r  i_sys_clk_p (IN)
                         net (fo=0)                   0.000     0.000    pll_inst/inst/clk_in1_p
    AD12                 IBUFDS (Prop_ibufds_I_O)     0.470     0.470 r  pll_inst/inst/clkin1_ibufgds/O
                         net (fo=1, routed)           0.554     1.024    pll_inst/inst/clk_in1_pll
    PLLE2_ADV_X1Y1       PLLE2_ADV (Prop_plle2_adv_CLKIN1_CLKOUT0)
                                                     -3.524    -2.500 r  pll_inst/inst/plle2_adv_inst/CLKOUT0
                         net (fo=1, routed)           1.027    -1.473    pll_inst/inst/clk_out1_pll
    BUFGCTRL_X0Y1        BUFG (Prop_bufg_I_O)         0.030    -1.443 r  pll_inst/inst/clkout1_buf/O
                         net (fo=394, routed)         0.825    -0.618    twin_controller_inst/CLK
    SLICE_X0Y150         FDCE                                         r  twin_controller_inst/status_buffer_reg[1][5]/C
                         clock pessimism              0.484    -0.135    
                         clock uncertainty            0.206     0.072    
    SLICE_X0Y150         FDCE (Hold_fdce_C_D)         0.041     0.113    twin_controller_inst/status_buffer_reg[1][5]
  -------------------------------------------------------------------
                         required time                         -0.113    
                         arrival time                           0.368    
  -------------------------------------------------------------------
                         slack                                  0.255    





---------------------------------------------------------------------------------------------------
From Clock:  clk_out1_pll
  To Clock:  clk_out2_pll

Setup :            0  Failing Endpoints,  Worst Slack        1.835ns,  Total Violation        0.000ns
Hold  :            0  Failing Endpoints,  Worst Slack        0.203ns,  Total Violation        0.000ns
---------------------------------------------------------------------------------------------------


Max Delay Paths
--------------------------------------------------------------------------------------
Slack (MET) :             1.835ns  (required time - arrival time)
  Source:                 twin_controller_inst/sw_reg[63]/C
                            (rising edge-triggered cell FDCE clocked by clk_out1_pll  {rise@0.000ns fall@10.000ns period=20.000ns})
  Destination:            student_top_inst/u_RISCV_CORE/INST_ID_UNIT/u_id_ex/reg2_rd_data_o_reg[19]/D
                            (rising edge-triggered cell FDCE clocked by clk_out2_pll  {rise@0.000ns fall@3.333ns period=6.667ns})
  Path Group:             clk_out2_pll
  Path Type:              Setup (Max at Slow Process Corner)
  Requirement:            6.667ns  (clk_out2_pll rise@6.667ns - clk_out1_pll rise@0.000ns)
  Data Path Delay:        4.584ns  (logic 0.603ns (13.155%)  route 3.981ns (86.845%))
  Logic Levels:           8  (LUT4=1 LUT5=2 LUT6=5)
  Clock Path Skew:        -0.107ns (DCD - SCD + CPR)
    Destination Clock Delay (DCD):    -2.043ns = ( 4.624 - 6.667 ) 
    Source Clock Delay      (SCD):    -2.533ns
    Clock Pessimism Removal (CPR):    -0.598ns
  Clock Uncertainty:      0.206ns  ((TSJ^2 + DJ^2)^1/2) / 2 + PE
    Total System Jitter     (TSJ):    0.071ns
    Discrete Jitter          (DJ):    0.157ns
    Phase Error              (PE):    0.120ns

    Location             Delay type                Incr(ns)  Path(ns)    Netlist Resource(s)
  -------------------------------------------------------------------    -------------------
                         (clock clk_out1_pll rise edge)
                                                      0.000     0.000 r  
    AD12                                              0.000     0.000 r  i_sys_clk_p (IN)
                         net (fo=0)                   0.000     0.000    pll_inst/inst/clk_in1_p
    AD12                 IBUFDS (Prop_ibufds_I_O)     0.906     0.906 r  pll_inst/inst/clkin1_ibufgds/O
                         net (fo=1, routed)           1.098     2.004    pll_inst/inst/clk_in1_pll
    PLLE2_ADV_X1Y1       PLLE2_ADV (Prop_plle2_adv_CLKIN1_CLKOUT0)
                                                     -8.058    -6.054 r  pll_inst/inst/plle2_adv_inst/CLKOUT0
                         net (fo=1, routed)           2.128    -3.926    pll_inst/inst/clk_out1_pll
    BUFGCTRL_X0Y1        BUFG (Prop_bufg_I_O)         0.093    -3.833 r  pll_inst/inst/clkout1_buf/O
                         net (fo=394, routed)         1.300    -2.533    twin_controller_inst/CLK
    SLICE_X10Y154        FDCE                                         r  twin_controller_inst/sw_reg[63]/C
  -------------------------------------------------------------------    -------------------
    SLICE_X10Y154        FDCE (Prop_fdce_C_Q)         0.259    -2.274 r  twin_controller_inst/sw_reg[63]/Q
                         net (fo=2, routed)           0.745    -1.529    student_top_inst/bridge_inst/Q[49]
    SLICE_X9Y146         LUT6 (Prop_lut6_I0_O)        0.043    -1.486 f  student_top_inst/bridge_inst/u_RISCV_CORE_i_107/O
                         net (fo=1, routed)           0.442    -1.044    student_top_inst/bridge_inst/u_RISCV_CORE_i_107_n_0
    SLICE_X9Y141         LUT5 (Prop_lut5_I4_O)        0.043    -1.001 r  student_top_inst/bridge_inst/u_RISCV_CORE_i_35/O
                         net (fo=1, routed)           0.420    -0.582    student_top_inst/bridge_inst/dram_driver_inst/Mem_DRAM/reg_wr_data_o_reg[15]
    SLICE_X8Y140         LUT6 (Prop_lut6_I0_O)        0.043    -0.539 r  student_top_inst/bridge_inst/dram_driver_inst/Mem_DRAM/ram_LUT6_26/O
                         net (fo=3, routed)           0.330    -0.209    student_top_inst/u_RISCV_CORE/INST_MEM_UNIT/mem_wr_buffer_inst/mem_rd_data_i[31]
    SLICE_X11Y139        LUT4 (Prop_lut4_I0_O)        0.043    -0.166 r  student_top_inst/u_RISCV_CORE/INST_MEM_UNIT/mem_wr_buffer_inst/wr_data_buffer[31]_i_3/O
                         net (fo=6, routed)           0.706     0.540    student_top_inst/u_RISCV_CORE/INST_MEM_UNIT/mem_wr_buffer_inst/wr_en_buffer_reg_1
    SLICE_X7Y138         LUT6 (Prop_lut6_I0_O)        0.043     0.583 f  student_top_inst/u_RISCV_CORE/INST_MEM_UNIT/mem_wr_buffer_inst/reg_wr_data_o[31]_i_8/O
                         net (fo=1, routed)           0.232     0.815    student_top_inst/u_RISCV_CORE/INST_EX_UNIT/reg_wr_data_o_reg[31]_2
    SLICE_X7Y138         LUT6 (Prop_lut6_I4_O)        0.043     0.858 r  student_top_inst/u_RISCV_CORE/INST_EX_UNIT/reg_wr_data_o[31]_i_3__0/O
                         net (fo=72, routed)          0.626     1.483    student_top_inst/u_RISCV_CORE/INST_EX_UNIT/reg_wr_data_o[31]_i_3__0_n_0
    SLICE_X14Y136        LUT6 (Prop_lut6_I2_O)        0.043     1.526 r  student_top_inst/u_RISCV_CORE/INST_EX_UNIT/reg2_rd_data_o[19]_i_2/O
                         net (fo=1, routed)           0.481     2.007    student_top_inst/u_RISCV_CORE/INST_ID_UNIT/u_id_ex/reg2_rd_data_o_reg[19]_1
    SLICE_X12Y132        LUT5 (Prop_lut5_I4_O)        0.043     2.050 r  student_top_inst/u_RISCV_CORE/INST_ID_UNIT/u_id_ex/reg2_rd_data_o[19]_i_1/O
                         net (fo=1, routed)           0.000     2.050    student_top_inst/u_RISCV_CORE/INST_ID_UNIT/u_id_ex/reg2_rd_data_o[19]_i_1_n_0
    SLICE_X12Y132        FDCE                                         r  student_top_inst/u_RISCV_CORE/INST_ID_UNIT/u_id_ex/reg2_rd_data_o_reg[19]/D
  -------------------------------------------------------------------    -------------------

                         (clock clk_out2_pll rise edge)
                                                      6.667     6.667 r  
    AD12                                              0.000     6.667 r  i_sys_clk_p (IN)
                         net (fo=0)                   0.000     6.667    pll_inst/inst/clk_in1_p
    AD12                 IBUFDS (Prop_ibufds_I_O)     0.803     7.470 r  pll_inst/inst/clkin1_ibufgds/O
                         net (fo=1, routed)           1.001     8.471    pll_inst/inst/clk_in1_pll
    PLLE2_ADV_X1Y1       PLLE2_ADV (Prop_plle2_adv_CLKIN1_CLKOUT1)
                                                     -7.261     1.210 r  pll_inst/inst/plle2_adv_inst/CLKOUT1
                         net (fo=1, routed)           2.003     3.213    pll_inst/inst/clk_out2_pll
    BUFGCTRL_X0Y0        BUFG (Prop_bufg_I_O)         0.083     3.296 r  pll_inst/inst/clkout2_buf/O
                         net (fo=3836, routed)        1.328     4.624    student_top_inst/u_RISCV_CORE/INST_ID_UNIT/u_id_ex/clk
    SLICE_X12Y132        FDCE                                         r  student_top_inst/u_RISCV_CORE/INST_ID_UNIT/u_id_ex/reg2_rd_data_o_reg[19]/C
                         clock pessimism             -0.598     4.026    
                         clock uncertainty           -0.206     3.820    
    SLICE_X12Y132        FDCE (Setup_fdce_C_D)        0.065     3.885    student_top_inst/u_RISCV_CORE/INST_ID_UNIT/u_id_ex/reg2_rd_data_o_reg[19]
  -------------------------------------------------------------------
                         required time                          3.885    
                         arrival time                          -2.050    
  -------------------------------------------------------------------
                         slack                                  1.835    

Slack (MET) :             1.850ns  (required time - arrival time)
  Source:                 twin_controller_inst/sw_reg[63]/C
                            (rising edge-triggered cell FDCE clocked by clk_out1_pll  {rise@0.000ns fall@10.000ns period=20.000ns})
  Destination:            student_top_inst/u_RISCV_CORE/INST_ID_UNIT/u_id_ex/reg1_rd_data_o_reg[31]/D
                            (rising edge-triggered cell FDCE clocked by clk_out2_pll  {rise@0.000ns fall@3.333ns period=6.667ns})
  Path Group:             clk_out2_pll
  Path Type:              Setup (Max at Slow Process Corner)
  Requirement:            6.667ns  (clk_out2_pll rise@6.667ns - clk_out1_pll rise@0.000ns)
  Data Path Delay:        4.505ns  (logic 0.603ns (13.386%)  route 3.902ns (86.614%))
  Logic Levels:           8  (LUT4=1 LUT5=2 LUT6=5)
  Clock Path Skew:        -0.106ns (DCD - SCD + CPR)
    Destination Clock Delay (DCD):    -2.042ns = ( 4.625 - 6.667 ) 
    Source Clock Delay      (SCD):    -2.533ns
    Clock Pessimism Removal (CPR):    -0.598ns
  Clock Uncertainty:      0.206ns  ((TSJ^2 + DJ^2)^1/2) / 2 + PE
    Total System Jitter     (TSJ):    0.071ns
    Discrete Jitter          (DJ):    0.157ns
    Phase Error              (PE):    0.120ns

    Location             Delay type                Incr(ns)  Path(ns)    Netlist Resource(s)
  -------------------------------------------------------------------    -------------------
                         (clock clk_out1_pll rise edge)
                                                      0.000     0.000 r  
    AD12                                              0.000     0.000 r  i_sys_clk_p (IN)
                         net (fo=0)                   0.000     0.000    pll_inst/inst/clk_in1_p
    AD12                 IBUFDS (Prop_ibufds_I_O)     0.906     0.906 r  pll_inst/inst/clkin1_ibufgds/O
                         net (fo=1, routed)           1.098     2.004    pll_inst/inst/clk_in1_pll
    PLLE2_ADV_X1Y1       PLLE2_ADV (Prop_plle2_adv_CLKIN1_CLKOUT0)
                                                     -8.058    -6.054 r  pll_inst/inst/plle2_adv_inst/CLKOUT0
                         net (fo=1, routed)           2.128    -3.926    pll_inst/inst/clk_out1_pll
    BUFGCTRL_X0Y1        BUFG (Prop_bufg_I_O)         0.093    -3.833 r  pll_inst/inst/clkout1_buf/O
                         net (fo=394, routed)         1.300    -2.533    twin_controller_inst/CLK
    SLICE_X10Y154        FDCE                                         r  twin_controller_inst/sw_reg[63]/C
  -------------------------------------------------------------------    -------------------
    SLICE_X10Y154        FDCE (Prop_fdce_C_Q)         0.259    -2.274 r  twin_controller_inst/sw_reg[63]/Q
                         net (fo=2, routed)           0.745    -1.529    student_top_inst/bridge_inst/Q[49]
    SLICE_X9Y146         LUT6 (Prop_lut6_I0_O)        0.043    -1.486 f  student_top_inst/bridge_inst/u_RISCV_CORE_i_107/O
                         net (fo=1, routed)           0.442    -1.044    student_top_inst/bridge_inst/u_RISCV_CORE_i_107_n_0
    SLICE_X9Y141         LUT5 (Prop_lut5_I4_O)        0.043    -1.001 r  student_top_inst/bridge_inst/u_RISCV_CORE_i_35/O
                         net (fo=1, routed)           0.420    -0.582    student_top_inst/bridge_inst/dram_driver_inst/Mem_DRAM/reg_wr_data_o_reg[15]
    SLICE_X8Y140         LUT6 (Prop_lut6_I0_O)        0.043    -0.539 r  student_top_inst/bridge_inst/dram_driver_inst/Mem_DRAM/ram_LUT6_26/O
                         net (fo=3, routed)           0.330    -0.209    student_top_inst/u_RISCV_CORE/INST_MEM_UNIT/mem_wr_buffer_inst/mem_rd_data_i[31]
    SLICE_X11Y139        LUT4 (Prop_lut4_I0_O)        0.043    -0.166 r  student_top_inst/u_RISCV_CORE/INST_MEM_UNIT/mem_wr_buffer_inst/wr_data_buffer[31]_i_3/O
                         net (fo=6, routed)           0.706     0.540    student_top_inst/u_RISCV_CORE/INST_MEM_UNIT/mem_wr_buffer_inst/wr_en_buffer_reg_1
    SLICE_X7Y138         LUT6 (Prop_lut6_I0_O)        0.043     0.583 f  student_top_inst/u_RISCV_CORE/INST_MEM_UNIT/mem_wr_buffer_inst/reg_wr_data_o[31]_i_8/O
                         net (fo=1, routed)           0.232     0.815    student_top_inst/u_RISCV_CORE/INST_EX_UNIT/reg_wr_data_o_reg[31]_2
    SLICE_X7Y138         LUT6 (Prop_lut6_I4_O)        0.043     0.858 r  student_top_inst/u_RISCV_CORE/INST_EX_UNIT/reg_wr_data_o[31]_i_3__0/O
                         net (fo=72, routed)          0.698     1.556    student_top_inst/u_RISCV_CORE/INST_EX_UNIT/reg_wr_data_o[31]_i_3__0_n_0
    SLICE_X12Y133        LUT6 (Prop_lut6_I2_O)        0.043     1.599 r  student_top_inst/u_RISCV_CORE/INST_EX_UNIT/reg1_rd_data_o[31]_i_4/O
                         net (fo=1, routed)           0.109     1.708    student_top_inst/u_RISCV_CORE/INST_ID_UNIT/u_id_ex/reg1_rd_data_o_reg[31]_3
    SLICE_X12Y133        LUT5 (Prop_lut5_I4_O)        0.043     1.751 r  student_top_inst/u_RISCV_CORE/INST_ID_UNIT/u_id_ex/reg1_rd_data_o[31]_i_1/O
                         net (fo=1, routed)           0.220     1.971    student_top_inst/u_RISCV_CORE/INST_ID_UNIT/u_id_ex/reg1_rd_data_o[31]_i_1_n_0
    SLICE_X12Y133        FDCE                                         r  student_top_inst/u_RISCV_CORE/INST_ID_UNIT/u_id_ex/reg1_rd_data_o_reg[31]/D
  -------------------------------------------------------------------    -------------------

                         (clock clk_out2_pll rise edge)
                                                      6.667     6.667 r  
    AD12                                              0.000     6.667 r  i_sys_clk_p (IN)
                         net (fo=0)                   0.000     6.667    pll_inst/inst/clk_in1_p
    AD12                 IBUFDS (Prop_ibufds_I_O)     0.803     7.470 r  pll_inst/inst/clkin1_ibufgds/O
                         net (fo=1, routed)           1.001     8.471    pll_inst/inst/clk_in1_pll
    PLLE2_ADV_X1Y1       PLLE2_ADV (Prop_plle2_adv_CLKIN1_CLKOUT1)
                                                     -7.261     1.210 r  pll_inst/inst/plle2_adv_inst/CLKOUT1
                         net (fo=1, routed)           2.003     3.213    pll_inst/inst/clk_out2_pll
    BUFGCTRL_X0Y0        BUFG (Prop_bufg_I_O)         0.083     3.296 r  pll_inst/inst/clkout2_buf/O
                         net (fo=3836, routed)        1.329     4.625    student_top_inst/u_RISCV_CORE/INST_ID_UNIT/u_id_ex/clk
    SLICE_X12Y133        FDCE                                         r  student_top_inst/u_RISCV_CORE/INST_ID_UNIT/u_id_ex/reg1_rd_data_o_reg[31]/C
                         clock pessimism             -0.598     4.027    
                         clock uncertainty           -0.206     3.821    
    SLICE_X12Y133        FDCE (Setup_fdce_C_D)        0.000     3.821    student_top_inst/u_RISCV_CORE/INST_ID_UNIT/u_id_ex/reg1_rd_data_o_reg[31]
  -------------------------------------------------------------------
                         required time                          3.821    
                         arrival time                          -1.971    
  -------------------------------------------------------------------
                         slack                                  1.850    

Slack (MET) :             1.862ns  (required time - arrival time)
  Source:                 twin_controller_inst/sw_reg[63]/C
                            (rising edge-triggered cell FDCE clocked by clk_out1_pll  {rise@0.000ns fall@10.000ns period=20.000ns})
  Destination:            student_top_inst/u_RISCV_CORE/INST_ID_UNIT/u_id_ex/reg1_rd_data_o_reg[24]/D
                            (rising edge-triggered cell FDCE clocked by clk_out2_pll  {rise@0.000ns fall@3.333ns period=6.667ns})
  Path Group:             clk_out2_pll
  Path Type:              Setup (Max at Slow Process Corner)
  Requirement:            6.667ns  (clk_out2_pll rise@6.667ns - clk_out1_pll rise@0.000ns)
  Data Path Delay:        4.525ns  (logic 0.603ns (13.326%)  route 3.922ns (86.674%))
  Logic Levels:           8  (LUT4=1 LUT5=2 LUT6=5)
  Clock Path Skew:        -0.107ns (DCD - SCD + CPR)
    Destination Clock Delay (DCD):    -2.043ns = ( 4.624 - 6.667 ) 
    Source Clock Delay      (SCD):    -2.533ns
    Clock Pessimism Removal (CPR):    -0.598ns
  Clock Uncertainty:      0.206ns  ((TSJ^2 + DJ^2)^1/2) / 2 + PE
    Total System Jitter     (TSJ):    0.071ns
    Discrete Jitter          (DJ):    0.157ns
    Phase Error              (PE):    0.120ns

    Location             Delay type                Incr(ns)  Path(ns)    Netlist Resource(s)
  -------------------------------------------------------------------    -------------------
                         (clock clk_out1_pll rise edge)
                                                      0.000     0.000 r  
    AD12                                              0.000     0.000 r  i_sys_clk_p (IN)
                         net (fo=0)                   0.000     0.000    pll_inst/inst/clk_in1_p
    AD12                 IBUFDS (Prop_ibufds_I_O)     0.906     0.906 r  pll_inst/inst/clkin1_ibufgds/O
                         net (fo=1, routed)           1.098     2.004    pll_inst/inst/clk_in1_pll
    PLLE2_ADV_X1Y1       PLLE2_ADV (Prop_plle2_adv_CLKIN1_CLKOUT0)
                                                     -8.058    -6.054 r  pll_inst/inst/plle2_adv_inst/CLKOUT0
                         net (fo=1, routed)           2.128    -3.926    pll_inst/inst/clk_out1_pll
    BUFGCTRL_X0Y1        BUFG (Prop_bufg_I_O)         0.093    -3.833 r  pll_inst/inst/clkout1_buf/O
                         net (fo=394, routed)         1.300    -2.533    twin_controller_inst/CLK
    SLICE_X10Y154        FDCE                                         r  twin_controller_inst/sw_reg[63]/C
  -------------------------------------------------------------------    -------------------
    SLICE_X10Y154        FDCE (Prop_fdce_C_Q)         0.259    -2.274 r  twin_controller_inst/sw_reg[63]/Q
                         net (fo=2, routed)           0.745    -1.529    student_top_inst/bridge_inst/Q[49]
    SLICE_X9Y146         LUT6 (Prop_lut6_I0_O)        0.043    -1.486 f  student_top_inst/bridge_inst/u_RISCV_CORE_i_107/O
                         net (fo=1, routed)           0.442    -1.044    student_top_inst/bridge_inst/u_RISCV_CORE_i_107_n_0
    SLICE_X9Y141         LUT5 (Prop_lut5_I4_O)        0.043    -1.001 r  student_top_inst/bridge_inst/u_RISCV_CORE_i_35/O
                         net (fo=1, routed)           0.420    -0.582    student_top_inst/bridge_inst/dram_driver_inst/Mem_DRAM/reg_wr_data_o_reg[15]
    SLICE_X8Y140         LUT6 (Prop_lut6_I0_O)        0.043    -0.539 r  student_top_inst/bridge_inst/dram_driver_inst/Mem_DRAM/ram_LUT6_26/O
                         net (fo=3, routed)           0.330    -0.209    student_top_inst/u_RISCV_CORE/INST_MEM_UNIT/mem_wr_buffer_inst/mem_rd_data_i[31]
    SLICE_X11Y139        LUT4 (Prop_lut4_I0_O)        0.043    -0.166 r  student_top_inst/u_RISCV_CORE/INST_MEM_UNIT/mem_wr_buffer_inst/wr_data_buffer[31]_i_3/O
                         net (fo=6, routed)           0.706     0.540    student_top_inst/u_RISCV_CORE/INST_MEM_UNIT/mem_wr_buffer_inst/wr_en_buffer_reg_1
    SLICE_X7Y138         LUT6 (Prop_lut6_I0_O)        0.043     0.583 f  student_top_inst/u_RISCV_CORE/INST_MEM_UNIT/mem_wr_buffer_inst/reg_wr_data_o[31]_i_8/O
                         net (fo=1, routed)           0.232     0.815    student_top_inst/u_RISCV_CORE/INST_EX_UNIT/reg_wr_data_o_reg[31]_2
    SLICE_X7Y138         LUT6 (Prop_lut6_I4_O)        0.043     0.858 r  student_top_inst/u_RISCV_CORE/INST_EX_UNIT/reg_wr_data_o[31]_i_3__0/O
                         net (fo=72, routed)          0.732     1.590    student_top_inst/u_RISCV_CORE/INST_EX_UNIT/reg_wr_data_o[31]_i_3__0_n_0
    SLICE_X9Y132         LUT6 (Prop_lut6_I2_O)        0.043     1.633 r  student_top_inst/u_RISCV_CORE/INST_EX_UNIT/reg1_rd_data_o[24]_i_2/O
                         net (fo=1, routed)           0.315     1.949    student_top_inst/u_RISCV_CORE/INST_ID_UNIT/u_id_ex/reg1_rd_data_o_reg[24]_0
    SLICE_X9Y132         LUT5 (Prop_lut5_I4_O)        0.043     1.992 r  student_top_inst/u_RISCV_CORE/INST_ID_UNIT/u_id_ex/reg1_rd_data_o[24]_i_1/O
                         net (fo=1, routed)           0.000     1.992    student_top_inst/u_RISCV_CORE/INST_ID_UNIT/u_id_ex/reg1_rd_data_o[24]_i_1_n_0
    SLICE_X9Y132         FDCE                                         r  student_top_inst/u_RISCV_CORE/INST_ID_UNIT/u_id_ex/reg1_rd_data_o_reg[24]/D
  -------------------------------------------------------------------    -------------------

                         (clock clk_out2_pll rise edge)
                                                      6.667     6.667 r  
    AD12                                              0.000     6.667 r  i_sys_clk_p (IN)
                         net (fo=0)                   0.000     6.667    pll_inst/inst/clk_in1_p
    AD12                 IBUFDS (Prop_ibufds_I_O)     0.803     7.470 r  pll_inst/inst/clkin1_ibufgds/O
                         net (fo=1, routed)           1.001     8.471    pll_inst/inst/clk_in1_pll
    PLLE2_ADV_X1Y1       PLLE2_ADV (Prop_plle2_adv_CLKIN1_CLKOUT1)
                                                     -7.261     1.210 r  pll_inst/inst/plle2_adv_inst/CLKOUT1
                         net (fo=1, routed)           2.003     3.213    pll_inst/inst/clk_out2_pll
    BUFGCTRL_X0Y0        BUFG (Prop_bufg_I_O)         0.083     3.296 r  pll_inst/inst/clkout2_buf/O
                         net (fo=3836, routed)        1.328     4.624    student_top_inst/u_RISCV_CORE/INST_ID_UNIT/u_id_ex/clk
    SLICE_X9Y132         FDCE                                         r  student_top_inst/u_RISCV_CORE/INST_ID_UNIT/u_id_ex/reg1_rd_data_o_reg[24]/C
                         clock pessimism             -0.598     4.026    
                         clock uncertainty           -0.206     3.820    
    SLICE_X9Y132         FDCE (Setup_fdce_C_D)        0.034     3.854    student_top_inst/u_RISCV_CORE/INST_ID_UNIT/u_id_ex/reg1_rd_data_o_reg[24]
  -------------------------------------------------------------------
                         required time                          3.854    
                         arrival time                          -1.992    
  -------------------------------------------------------------------
                         slack                                  1.862    

Slack (MET) :             1.881ns  (required time - arrival time)
  Source:                 twin_controller_inst/sw_reg[63]/C
                            (rising edge-triggered cell FDCE clocked by clk_out1_pll  {rise@0.000ns fall@10.000ns period=20.000ns})
  Destination:            student_top_inst/u_RISCV_CORE/INST_ID_UNIT/u_id_ex/reg1_rd_data_o_reg[18]/D
                            (rising edge-triggered cell FDCE clocked by clk_out2_pll  {rise@0.000ns fall@3.333ns period=6.667ns})
  Path Group:             clk_out2_pll
  Path Type:              Setup (Max at Slow Process Corner)
  Requirement:            6.667ns  (clk_out2_pll rise@6.667ns - clk_out1_pll rise@0.000ns)
  Data Path Delay:        4.537ns  (logic 0.603ns (13.291%)  route 3.934ns (86.709%))
  Logic Levels:           8  (LUT4=1 LUT5=2 LUT6=5)
  Clock Path Skew:        -0.108ns (DCD - SCD + CPR)
    Destination Clock Delay (DCD):    -2.044ns = ( 4.623 - 6.667 ) 
    Source Clock Delay      (SCD):    -2.533ns
    Clock Pessimism Removal (CPR):    -0.598ns
  Clock Uncertainty:      0.206ns  ((TSJ^2 + DJ^2)^1/2) / 2 + PE
    Total System Jitter     (TSJ):    0.071ns
    Discrete Jitter          (DJ):    0.157ns
    Phase Error              (PE):    0.120ns

    Location             Delay type                Incr(ns)  Path(ns)    Netlist Resource(s)
  -------------------------------------------------------------------    -------------------
                         (clock clk_out1_pll rise edge)
                                                      0.000     0.000 r  
    AD12                                              0.000     0.000 r  i_sys_clk_p (IN)
                         net (fo=0)                   0.000     0.000    pll_inst/inst/clk_in1_p
    AD12                 IBUFDS (Prop_ibufds_I_O)     0.906     0.906 r  pll_inst/inst/clkin1_ibufgds/O
                         net (fo=1, routed)           1.098     2.004    pll_inst/inst/clk_in1_pll
    PLLE2_ADV_X1Y1       PLLE2_ADV (Prop_plle2_adv_CLKIN1_CLKOUT0)
                                                     -8.058    -6.054 r  pll_inst/inst/plle2_adv_inst/CLKOUT0
                         net (fo=1, routed)           2.128    -3.926    pll_inst/inst/clk_out1_pll
    BUFGCTRL_X0Y1        BUFG (Prop_bufg_I_O)         0.093    -3.833 r  pll_inst/inst/clkout1_buf/O
                         net (fo=394, routed)         1.300    -2.533    twin_controller_inst/CLK
    SLICE_X10Y154        FDCE                                         r  twin_controller_inst/sw_reg[63]/C
  -------------------------------------------------------------------    -------------------
    SLICE_X10Y154        FDCE (Prop_fdce_C_Q)         0.259    -2.274 r  twin_controller_inst/sw_reg[63]/Q
                         net (fo=2, routed)           0.745    -1.529    student_top_inst/bridge_inst/Q[49]
    SLICE_X9Y146         LUT6 (Prop_lut6_I0_O)        0.043    -1.486 f  student_top_inst/bridge_inst/u_RISCV_CORE_i_107/O
                         net (fo=1, routed)           0.442    -1.044    student_top_inst/bridge_inst/u_RISCV_CORE_i_107_n_0
    SLICE_X9Y141         LUT5 (Prop_lut5_I4_O)        0.043    -1.001 r  student_top_inst/bridge_inst/u_RISCV_CORE_i_35/O
                         net (fo=1, routed)           0.420    -0.582    student_top_inst/bridge_inst/dram_driver_inst/Mem_DRAM/reg_wr_data_o_reg[15]
    SLICE_X8Y140         LUT6 (Prop_lut6_I0_O)        0.043    -0.539 r  student_top_inst/bridge_inst/dram_driver_inst/Mem_DRAM/ram_LUT6_26/O
                         net (fo=3, routed)           0.330    -0.209    student_top_inst/u_RISCV_CORE/INST_MEM_UNIT/mem_wr_buffer_inst/mem_rd_data_i[31]
    SLICE_X11Y139        LUT4 (Prop_lut4_I0_O)        0.043    -0.166 r  student_top_inst/u_RISCV_CORE/INST_MEM_UNIT/mem_wr_buffer_inst/wr_data_buffer[31]_i_3/O
                         net (fo=6, routed)           0.706     0.540    student_top_inst/u_RISCV_CORE/INST_MEM_UNIT/mem_wr_buffer_inst/wr_en_buffer_reg_1
    SLICE_X7Y138         LUT6 (Prop_lut6_I0_O)        0.043     0.583 f  student_top_inst/u_RISCV_CORE/INST_MEM_UNIT/mem_wr_buffer_inst/reg_wr_data_o[31]_i_8/O
                         net (fo=1, routed)           0.232     0.815    student_top_inst/u_RISCV_CORE/INST_EX_UNIT/reg_wr_data_o_reg[31]_2
    SLICE_X7Y138         LUT6 (Prop_lut6_I4_O)        0.043     0.858 r  student_top_inst/u_RISCV_CORE/INST_EX_UNIT/reg_wr_data_o[31]_i_3__0/O
                         net (fo=72, routed)          0.594     1.452    student_top_inst/u_RISCV_CORE/INST_EX_UNIT/reg_wr_data_o[31]_i_3__0_n_0
    SLICE_X12Y135        LUT6 (Prop_lut6_I2_O)        0.043     1.495 r  student_top_inst/u_RISCV_CORE/INST_EX_UNIT/reg1_rd_data_o[18]_i_2/O
                         net (fo=1, routed)           0.465     1.960    student_top_inst/u_RISCV_CORE/INST_ID_UNIT/u_id_ex/reg1_rd_data_o_reg[18]_0
    SLICE_X12Y130        LUT5 (Prop_lut5_I4_O)        0.043     2.003 r  student_top_inst/u_RISCV_CORE/INST_ID_UNIT/u_id_ex/reg1_rd_data_o[18]_i_1/O
                         net (fo=1, routed)           0.000     2.003    student_top_inst/u_RISCV_CORE/INST_ID_UNIT/u_id_ex/reg1_rd_data_o[18]_i_1_n_0
    SLICE_X12Y130        FDCE                                         r  student_top_inst/u_RISCV_CORE/INST_ID_UNIT/u_id_ex/reg1_rd_data_o_reg[18]/D
  -------------------------------------------------------------------    -------------------

                         (clock clk_out2_pll rise edge)
                                                      6.667     6.667 r  
    AD12                                              0.000     6.667 r  i_sys_clk_p (IN)
                         net (fo=0)                   0.000     6.667    pll_inst/inst/clk_in1_p
    AD12                 IBUFDS (Prop_ibufds_I_O)     0.803     7.470 r  pll_inst/inst/clkin1_ibufgds/O
                         net (fo=1, routed)           1.001     8.471    pll_inst/inst/clk_in1_pll
    PLLE2_ADV_X1Y1       PLLE2_ADV (Prop_plle2_adv_CLKIN1_CLKOUT1)
                                                     -7.261     1.210 r  pll_inst/inst/plle2_adv_inst/CLKOUT1
                         net (fo=1, routed)           2.003     3.213    pll_inst/inst/clk_out2_pll
    BUFGCTRL_X0Y0        BUFG (Prop_bufg_I_O)         0.083     3.296 r  pll_inst/inst/clkout2_buf/O
                         net (fo=3836, routed)        1.327     4.623    student_top_inst/u_RISCV_CORE/INST_ID_UNIT/u_id_ex/clk
    SLICE_X12Y130        FDCE                                         r  student_top_inst/u_RISCV_CORE/INST_ID_UNIT/u_id_ex/reg1_rd_data_o_reg[18]/C
                         clock pessimism             -0.598     4.025    
                         clock uncertainty           -0.206     3.819    
    SLICE_X12Y130        FDCE (Setup_fdce_C_D)        0.065     3.884    student_top_inst/u_RISCV_CORE/INST_ID_UNIT/u_id_ex/reg1_rd_data_o_reg[18]
  -------------------------------------------------------------------
                         required time                          3.884    
                         arrival time                          -2.003    
  -------------------------------------------------------------------
                         slack                                  1.881    

Slack (MET) :             1.891ns  (required time - arrival time)
  Source:                 twin_controller_inst/sw_reg[63]/C
                            (rising edge-triggered cell FDCE clocked by clk_out1_pll  {rise@0.000ns fall@10.000ns period=20.000ns})
  Destination:            student_top_inst/u_RISCV_CORE/INST_ID_UNIT/u_id_ex/reg1_rd_data_o_reg[20]/D
                            (rising edge-triggered cell FDCE clocked by clk_out2_pll  {rise@0.000ns fall@3.333ns period=6.667ns})
  Path Group:             clk_out2_pll
  Path Type:              Setup (Max at Slow Process Corner)
  Requirement:            6.667ns  (clk_out2_pll rise@6.667ns - clk_out1_pll rise@0.000ns)
  Data Path Delay:        4.525ns  (logic 0.603ns (13.325%)  route 3.922ns (86.675%))
  Logic Levels:           8  (LUT4=1 LUT5=2 LUT6=5)
  Clock Path Skew:        -0.108ns (DCD - SCD + CPR)
    Destination Clock Delay (DCD):    -2.044ns = ( 4.623 - 6.667 ) 
    Source Clock Delay      (SCD):    -2.533ns
    Clock Pessimism Removal (CPR):    -0.598ns
  Clock Uncertainty:      0.206ns  ((TSJ^2 + DJ^2)^1/2) / 2 + PE
    Total System Jitter     (TSJ):    0.071ns
    Discrete Jitter          (DJ):    0.157ns
    Phase Error              (PE):    0.120ns

    Location             Delay type                Incr(ns)  Path(ns)    Netlist Resource(s)
  -------------------------------------------------------------------    -------------------
                         (clock clk_out1_pll rise edge)
                                                      0.000     0.000 r  
    AD12                                              0.000     0.000 r  i_sys_clk_p (IN)
                         net (fo=0)                   0.000     0.000    pll_inst/inst/clk_in1_p
    AD12                 IBUFDS (Prop_ibufds_I_O)     0.906     0.906 r  pll_inst/inst/clkin1_ibufgds/O
                         net (fo=1, routed)           1.098     2.004    pll_inst/inst/clk_in1_pll
    PLLE2_ADV_X1Y1       PLLE2_ADV (Prop_plle2_adv_CLKIN1_CLKOUT0)
                                                     -8.058    -6.054 r  pll_inst/inst/plle2_adv_inst/CLKOUT0
                         net (fo=1, routed)           2.128    -3.926    pll_inst/inst/clk_out1_pll
    BUFGCTRL_X0Y1        BUFG (Prop_bufg_I_O)         0.093    -3.833 r  pll_inst/inst/clkout1_buf/O
                         net (fo=394, routed)         1.300    -2.533    twin_controller_inst/CLK
    SLICE_X10Y154        FDCE                                         r  twin_controller_inst/sw_reg[63]/C
  -------------------------------------------------------------------    -------------------
    SLICE_X10Y154        FDCE (Prop_fdce_C_Q)         0.259    -2.274 r  twin_controller_inst/sw_reg[63]/Q
                         net (fo=2, routed)           0.745    -1.529    student_top_inst/bridge_inst/Q[49]
    SLICE_X9Y146         LUT6 (Prop_lut6_I0_O)        0.043    -1.486 f  student_top_inst/bridge_inst/u_RISCV_CORE_i_107/O
                         net (fo=1, routed)           0.442    -1.044    student_top_inst/bridge_inst/u_RISCV_CORE_i_107_n_0
    SLICE_X9Y141         LUT5 (Prop_lut5_I4_O)        0.043    -1.001 r  student_top_inst/bridge_inst/u_RISCV_CORE_i_35/O
                         net (fo=1, routed)           0.420    -0.582    student_top_inst/bridge_inst/dram_driver_inst/Mem_DRAM/reg_wr_data_o_reg[15]
    SLICE_X8Y140         LUT6 (Prop_lut6_I0_O)        0.043    -0.539 r  student_top_inst/bridge_inst/dram_driver_inst/Mem_DRAM/ram_LUT6_26/O
                         net (fo=3, routed)           0.330    -0.209    student_top_inst/u_RISCV_CORE/INST_MEM_UNIT/mem_wr_buffer_inst/mem_rd_data_i[31]
    SLICE_X11Y139        LUT4 (Prop_lut4_I0_O)        0.043    -0.166 r  student_top_inst/u_RISCV_CORE/INST_MEM_UNIT/mem_wr_buffer_inst/wr_data_buffer[31]_i_3/O
                         net (fo=6, routed)           0.706     0.540    student_top_inst/u_RISCV_CORE/INST_MEM_UNIT/mem_wr_buffer_inst/wr_en_buffer_reg_1
    SLICE_X7Y138         LUT6 (Prop_lut6_I0_O)        0.043     0.583 f  student_top_inst/u_RISCV_CORE/INST_MEM_UNIT/mem_wr_buffer_inst/reg_wr_data_o[31]_i_8/O
                         net (fo=1, routed)           0.232     0.815    student_top_inst/u_RISCV_CORE/INST_EX_UNIT/reg_wr_data_o_reg[31]_2
    SLICE_X7Y138         LUT6 (Prop_lut6_I4_O)        0.043     0.858 r  student_top_inst/u_RISCV_CORE/INST_EX_UNIT/reg_wr_data_o[31]_i_3__0/O
                         net (fo=72, routed)          0.646     1.504    student_top_inst/u_RISCV_CORE/INST_EX_UNIT/reg_wr_data_o[31]_i_3__0_n_0
    SLICE_X12Y135        LUT6 (Prop_lut6_I2_O)        0.043     1.547 r  student_top_inst/u_RISCV_CORE/INST_EX_UNIT/reg1_rd_data_o[20]_i_2/O
                         net (fo=1, routed)           0.402     1.949    student_top_inst/u_RISCV_CORE/INST_ID_UNIT/u_id_ex/reg1_rd_data_o_reg[20]_0
    SLICE_X12Y131        LUT5 (Prop_lut5_I4_O)        0.043     1.992 r  student_top_inst/u_RISCV_CORE/INST_ID_UNIT/u_id_ex/reg1_rd_data_o[20]_i_1/O
                         net (fo=1, routed)           0.000     1.992    student_top_inst/u_RISCV_CORE/INST_ID_UNIT/u_id_ex/reg1_rd_data_o[20]_i_1_n_0
    SLICE_X12Y131        FDCE                                         r  student_top_inst/u_RISCV_CORE/INST_ID_UNIT/u_id_ex/reg1_rd_data_o_reg[20]/D
  -------------------------------------------------------------------    -------------------

                         (clock clk_out2_pll rise edge)
                                                      6.667     6.667 r  
    AD12                                              0.000     6.667 r  i_sys_clk_p (IN)
                         net (fo=0)                   0.000     6.667    pll_inst/inst/clk_in1_p
    AD12                 IBUFDS (Prop_ibufds_I_O)     0.803     7.470 r  pll_inst/inst/clkin1_ibufgds/O
                         net (fo=1, routed)           1.001     8.471    pll_inst/inst/clk_in1_pll
    PLLE2_ADV_X1Y1       PLLE2_ADV (Prop_plle2_adv_CLKIN1_CLKOUT1)
                                                     -7.261     1.210 r  pll_inst/inst/plle2_adv_inst/CLKOUT1
                         net (fo=1, routed)           2.003     3.213    pll_inst/inst/clk_out2_pll
    BUFGCTRL_X0Y0        BUFG (Prop_bufg_I_O)         0.083     3.296 r  pll_inst/inst/clkout2_buf/O
                         net (fo=3836, routed)        1.327     4.623    student_top_inst/u_RISCV_CORE/INST_ID_UNIT/u_id_ex/clk
    SLICE_X12Y131        FDCE                                         r  student_top_inst/u_RISCV_CORE/INST_ID_UNIT/u_id_ex/reg1_rd_data_o_reg[20]/C
                         clock pessimism             -0.598     4.025    
                         clock uncertainty           -0.206     3.819    
    SLICE_X12Y131        FDCE (Setup_fdce_C_D)        0.064     3.883    student_top_inst/u_RISCV_CORE/INST_ID_UNIT/u_id_ex/reg1_rd_data_o_reg[20]
  -------------------------------------------------------------------
                         required time                          3.883    
                         arrival time                          -1.992    
  -------------------------------------------------------------------
                         slack                                  1.891    

Slack (MET) :             1.934ns  (required time - arrival time)
  Source:                 twin_controller_inst/sw_reg[63]/C
                            (rising edge-triggered cell FDCE clocked by clk_out1_pll  {rise@0.000ns fall@10.000ns period=20.000ns})
  Destination:            student_top_inst/u_RISCV_CORE/INST_ID_UNIT/u_id_ex/reg1_rd_data_o_reg[14]/D
                            (rising edge-triggered cell FDCE clocked by clk_out2_pll  {rise@0.000ns fall@3.333ns period=6.667ns})
  Path Group:             clk_out2_pll
  Path Type:              Setup (Max at Slow Process Corner)
  Requirement:            6.667ns  (clk_out2_pll rise@6.667ns - clk_out1_pll rise@0.000ns)
  Data Path Delay:        4.483ns  (logic 0.603ns (13.451%)  route 3.880ns (86.548%))
  Logic Levels:           8  (LUT4=1 LUT5=2 LUT6=5)
  Clock Path Skew:        -0.108ns (DCD - SCD + CPR)
    Destination Clock Delay (DCD):    -2.044ns = ( 4.623 - 6.667 ) 
    Source Clock Delay      (SCD):    -2.533ns
    Clock Pessimism Removal (CPR):    -0.598ns
  Clock Uncertainty:      0.206ns  ((TSJ^2 + DJ^2)^1/2) / 2 + PE
    Total System Jitter     (TSJ):    0.071ns
    Discrete Jitter          (DJ):    0.157ns
    Phase Error              (PE):    0.120ns

    Location             Delay type                Incr(ns)  Path(ns)    Netlist Resource(s)
  -------------------------------------------------------------------    -------------------
                         (clock clk_out1_pll rise edge)
                                                      0.000     0.000 r  
    AD12                                              0.000     0.000 r  i_sys_clk_p (IN)
                         net (fo=0)                   0.000     0.000    pll_inst/inst/clk_in1_p
    AD12                 IBUFDS (Prop_ibufds_I_O)     0.906     0.906 r  pll_inst/inst/clkin1_ibufgds/O
                         net (fo=1, routed)           1.098     2.004    pll_inst/inst/clk_in1_pll
    PLLE2_ADV_X1Y1       PLLE2_ADV (Prop_plle2_adv_CLKIN1_CLKOUT0)
                                                     -8.058    -6.054 r  pll_inst/inst/plle2_adv_inst/CLKOUT0
                         net (fo=1, routed)           2.128    -3.926    pll_inst/inst/clk_out1_pll
    BUFGCTRL_X0Y1        BUFG (Prop_bufg_I_O)         0.093    -3.833 r  pll_inst/inst/clkout1_buf/O
                         net (fo=394, routed)         1.300    -2.533    twin_controller_inst/CLK
    SLICE_X10Y154        FDCE                                         r  twin_controller_inst/sw_reg[63]/C
  -------------------------------------------------------------------    -------------------
    SLICE_X10Y154        FDCE (Prop_fdce_C_Q)         0.259    -2.274 r  twin_controller_inst/sw_reg[63]/Q
                         net (fo=2, routed)           0.745    -1.529    student_top_inst/bridge_inst/Q[49]
    SLICE_X9Y146         LUT6 (Prop_lut6_I0_O)        0.043    -1.486 f  student_top_inst/bridge_inst/u_RISCV_CORE_i_107/O
                         net (fo=1, routed)           0.442    -1.044    student_top_inst/bridge_inst/u_RISCV_CORE_i_107_n_0
    SLICE_X9Y141         LUT5 (Prop_lut5_I4_O)        0.043    -1.001 r  student_top_inst/bridge_inst/u_RISCV_CORE_i_35/O
                         net (fo=1, routed)           0.420    -0.582    student_top_inst/bridge_inst/dram_driver_inst/Mem_DRAM/reg_wr_data_o_reg[15]
    SLICE_X8Y140         LUT6 (Prop_lut6_I0_O)        0.043    -0.539 r  student_top_inst/bridge_inst/dram_driver_inst/Mem_DRAM/ram_LUT6_26/O
                         net (fo=3, routed)           0.330    -0.209    student_top_inst/u_RISCV_CORE/INST_MEM_UNIT/mem_wr_buffer_inst/mem_rd_data_i[31]
    SLICE_X11Y139        LUT4 (Prop_lut4_I0_O)        0.043    -0.166 r  student_top_inst/u_RISCV_CORE/INST_MEM_UNIT/mem_wr_buffer_inst/wr_data_buffer[31]_i_3/O
                         net (fo=6, routed)           0.706     0.540    student_top_inst/u_RISCV_CORE/INST_MEM_UNIT/mem_wr_buffer_inst/wr_en_buffer_reg_1
    SLICE_X7Y138         LUT6 (Prop_lut6_I0_O)        0.043     0.583 f  student_top_inst/u_RISCV_CORE/INST_MEM_UNIT/mem_wr_buffer_inst/reg_wr_data_o[31]_i_8/O
                         net (fo=1, routed)           0.232     0.815    student_top_inst/u_RISCV_CORE/INST_EX_UNIT/reg_wr_data_o_reg[31]_2
    SLICE_X7Y138         LUT6 (Prop_lut6_I4_O)        0.043     0.858 r  student_top_inst/u_RISCV_CORE/INST_EX_UNIT/reg_wr_data_o[31]_i_3__0/O
                         net (fo=72, routed)          0.436     1.294    student_top_inst/u_RISCV_CORE/INST_EX_UNIT/reg_wr_data_o[31]_i_3__0_n_0
    SLICE_X9Y136         LUT5 (Prop_lut5_I2_O)        0.043     1.337 r  student_top_inst/u_RISCV_CORE/INST_EX_UNIT/reg1_rd_data_o[14]_i_4/O
                         net (fo=1, routed)           0.569     1.906    student_top_inst/u_RISCV_CORE/INST_ID_UNIT/u_id_ex/reg1_rd_data_o_reg[14]_0
    SLICE_X12Y130        LUT6 (Prop_lut6_I5_O)        0.043     1.949 r  student_top_inst/u_RISCV_CORE/INST_ID_UNIT/u_id_ex/reg1_rd_data_o[14]_i_1/O
                         net (fo=1, routed)           0.000     1.949    student_top_inst/u_RISCV_CORE/INST_ID_UNIT/u_id_ex/reg1_rd_data_o[14]_i_1_n_0
    SLICE_X12Y130        FDCE                                         r  student_top_inst/u_RISCV_CORE/INST_ID_UNIT/u_id_ex/reg1_rd_data_o_reg[14]/D
  -------------------------------------------------------------------    -------------------

                         (clock clk_out2_pll rise edge)
                                                      6.667     6.667 r  
    AD12                                              0.000     6.667 r  i_sys_clk_p (IN)
                         net (fo=0)                   0.000     6.667    pll_inst/inst/clk_in1_p
    AD12                 IBUFDS (Prop_ibufds_I_O)     0.803     7.470 r  pll_inst/inst/clkin1_ibufgds/O
                         net (fo=1, routed)           1.001     8.471    pll_inst/inst/clk_in1_pll
    PLLE2_ADV_X1Y1       PLLE2_ADV (Prop_plle2_adv_CLKIN1_CLKOUT1)
                                                     -7.261     1.210 r  pll_inst/inst/plle2_adv_inst/CLKOUT1
                         net (fo=1, routed)           2.003     3.213    pll_inst/inst/clk_out2_pll
    BUFGCTRL_X0Y0        BUFG (Prop_bufg_I_O)         0.083     3.296 r  pll_inst/inst/clkout2_buf/O
                         net (fo=3836, routed)        1.327     4.623    student_top_inst/u_RISCV_CORE/INST_ID_UNIT/u_id_ex/clk
    SLICE_X12Y130        FDCE                                         r  student_top_inst/u_RISCV_CORE/INST_ID_UNIT/u_id_ex/reg1_rd_data_o_reg[14]/C
                         clock pessimism             -0.598     4.025    
                         clock uncertainty           -0.206     3.819    
    SLICE_X12Y130        FDCE (Setup_fdce_C_D)        0.064     3.883    student_top_inst/u_RISCV_CORE/INST_ID_UNIT/u_id_ex/reg1_rd_data_o_reg[14]
  -------------------------------------------------------------------
                         required time                          3.883    
                         arrival time                          -1.949    
  -------------------------------------------------------------------
                         slack                                  1.934    

Slack (MET) :             1.949ns  (required time - arrival time)
  Source:                 twin_controller_inst/sw_reg[63]/C
                            (rising edge-triggered cell FDCE clocked by clk_out1_pll  {rise@0.000ns fall@10.000ns period=20.000ns})
  Destination:            student_top_inst/u_RISCV_CORE/INST_ID_UNIT/u_id_ex/reg1_rd_data_o_reg[8]/D
                            (rising edge-triggered cell FDCE clocked by clk_out2_pll  {rise@0.000ns fall@3.333ns period=6.667ns})
  Path Group:             clk_out2_pll
  Path Type:              Setup (Max at Slow Process Corner)
  Requirement:            6.667ns  (clk_out2_pll rise@6.667ns - clk_out1_pll rise@0.000ns)
  Data Path Delay:        4.436ns  (logic 0.603ns (13.595%)  route 3.833ns (86.405%))
  Logic Levels:           8  (LUT4=1 LUT5=3 LUT6=4)
  Clock Path Skew:        -0.109ns (DCD - SCD + CPR)
    Destination Clock Delay (DCD):    -2.045ns = ( 4.622 - 6.667 ) 
    Source Clock Delay      (SCD):    -2.533ns
    Clock Pessimism Removal (CPR):    -0.598ns
  Clock Uncertainty:      0.206ns  ((TSJ^2 + DJ^2)^1/2) / 2 + PE
    Total System Jitter     (TSJ):    0.071ns
    Discrete Jitter          (DJ):    0.157ns
    Phase Error              (PE):    0.120ns

    Location             Delay type                Incr(ns)  Path(ns)    Netlist Resource(s)
  -------------------------------------------------------------------    -------------------
                         (clock clk_out1_pll rise edge)
                                                      0.000     0.000 r  
    AD12                                              0.000     0.000 r  i_sys_clk_p (IN)
                         net (fo=0)                   0.000     0.000    pll_inst/inst/clk_in1_p
    AD12                 IBUFDS (Prop_ibufds_I_O)     0.906     0.906 r  pll_inst/inst/clkin1_ibufgds/O
                         net (fo=1, routed)           1.098     2.004    pll_inst/inst/clk_in1_pll
    PLLE2_ADV_X1Y1       PLLE2_ADV (Prop_plle2_adv_CLKIN1_CLKOUT0)
                                                     -8.058    -6.054 r  pll_inst/inst/plle2_adv_inst/CLKOUT0
                         net (fo=1, routed)           2.128    -3.926    pll_inst/inst/clk_out1_pll
    BUFGCTRL_X0Y1        BUFG (Prop_bufg_I_O)         0.093    -3.833 r  pll_inst/inst/clkout1_buf/O
                         net (fo=394, routed)         1.300    -2.533    twin_controller_inst/CLK
    SLICE_X10Y154        FDCE                                         r  twin_controller_inst/sw_reg[63]/C
  -------------------------------------------------------------------    -------------------
    SLICE_X10Y154        FDCE (Prop_fdce_C_Q)         0.259    -2.274 r  twin_controller_inst/sw_reg[63]/Q
                         net (fo=2, routed)           0.745    -1.529    student_top_inst/bridge_inst/Q[49]
    SLICE_X9Y146         LUT6 (Prop_lut6_I0_O)        0.043    -1.486 f  student_top_inst/bridge_inst/u_RISCV_CORE_i_107/O
                         net (fo=1, routed)           0.442    -1.044    student_top_inst/bridge_inst/u_RISCV_CORE_i_107_n_0
    SLICE_X9Y141         LUT5 (Prop_lut5_I4_O)        0.043    -1.001 r  student_top_inst/bridge_inst/u_RISCV_CORE_i_35/O
                         net (fo=1, routed)           0.420    -0.582    student_top_inst/bridge_inst/dram_driver_inst/Mem_DRAM/reg_wr_data_o_reg[15]
    SLICE_X8Y140         LUT6 (Prop_lut6_I0_O)        0.043    -0.539 r  student_top_inst/bridge_inst/dram_driver_inst/Mem_DRAM/ram_LUT6_26/O
                         net (fo=3, routed)           0.330    -0.209    student_top_inst/u_RISCV_CORE/INST_MEM_UNIT/mem_wr_buffer_inst/mem_rd_data_i[31]
    SLICE_X11Y139        LUT4 (Prop_lut4_I0_O)        0.043    -0.166 r  student_top_inst/u_RISCV_CORE/INST_MEM_UNIT/mem_wr_buffer_inst/wr_data_buffer[31]_i_3/O
                         net (fo=6, routed)           0.706     0.540    student_top_inst/u_RISCV_CORE/INST_MEM_UNIT/mem_wr_buffer_inst/wr_en_buffer_reg_1
    SLICE_X7Y138         LUT6 (Prop_lut6_I0_O)        0.043     0.583 f  student_top_inst/u_RISCV_CORE/INST_MEM_UNIT/mem_wr_buffer_inst/reg_wr_data_o[31]_i_8/O
                         net (fo=1, routed)           0.232     0.815    student_top_inst/u_RISCV_CORE/INST_EX_UNIT/reg_wr_data_o_reg[31]_2
    SLICE_X7Y138         LUT6 (Prop_lut6_I4_O)        0.043     0.858 r  student_top_inst/u_RISCV_CORE/INST_EX_UNIT/reg_wr_data_o[31]_i_3__0/O
                         net (fo=72, routed)          0.427     1.285    student_top_inst/u_RISCV_CORE/INST_EX_UNIT/reg_wr_data_o[31]_i_3__0_n_0
    SLICE_X3Y135         LUT5 (Prop_lut5_I2_O)        0.043     1.328 r  student_top_inst/u_RISCV_CORE/INST_EX_UNIT/reg1_rd_data_o[8]_i_2/O
                         net (fo=1, routed)           0.531     1.859    student_top_inst/u_RISCV_CORE/INST_ID_UNIT/u_id_ex/reg1_rd_data_o_reg[8]_0
    SLICE_X9Y129         LUT5 (Prop_lut5_I4_O)        0.043     1.902 r  student_top_inst/u_RISCV_CORE/INST_ID_UNIT/u_id_ex/reg1_rd_data_o[8]_i_1/O
                         net (fo=1, routed)           0.000     1.902    student_top_inst/u_RISCV_CORE/INST_ID_UNIT/u_id_ex/reg1_rd_data_o[8]_i_1_n_0
    SLICE_X9Y129         FDCE                                         r  student_top_inst/u_RISCV_CORE/INST_ID_UNIT/u_id_ex/reg1_rd_data_o_reg[8]/D
  -------------------------------------------------------------------    -------------------

                         (clock clk_out2_pll rise edge)
                                                      6.667     6.667 r  
    AD12                                              0.000     6.667 r  i_sys_clk_p (IN)
                         net (fo=0)                   0.000     6.667    pll_inst/inst/clk_in1_p
    AD12                 IBUFDS (Prop_ibufds_I_O)     0.803     7.470 r  pll_inst/inst/clkin1_ibufgds/O
                         net (fo=1, routed)           1.001     8.471    pll_inst/inst/clk_in1_pll
    PLLE2_ADV_X1Y1       PLLE2_ADV (Prop_plle2_adv_CLKIN1_CLKOUT1)
                                                     -7.261     1.210 r  pll_inst/inst/plle2_adv_inst/CLKOUT1
                         net (fo=1, routed)           2.003     3.213    pll_inst/inst/clk_out2_pll
    BUFGCTRL_X0Y0        BUFG (Prop_bufg_I_O)         0.083     3.296 r  pll_inst/inst/clkout2_buf/O
                         net (fo=3836, routed)        1.326     4.622    student_top_inst/u_RISCV_CORE/INST_ID_UNIT/u_id_ex/clk
    SLICE_X9Y129         FDCE                                         r  student_top_inst/u_RISCV_CORE/INST_ID_UNIT/u_id_ex/reg1_rd_data_o_reg[8]/C
                         clock pessimism             -0.598     4.024    
                         clock uncertainty           -0.206     3.818    
    SLICE_X9Y129         FDCE (Setup_fdce_C_D)        0.033     3.851    student_top_inst/u_RISCV_CORE/INST_ID_UNIT/u_id_ex/reg1_rd_data_o_reg[8]
  -------------------------------------------------------------------
                         required time                          3.851    
                         arrival time                          -1.902    
  -------------------------------------------------------------------
                         slack                                  1.949    

Slack (MET) :             1.956ns  (required time - arrival time)
  Source:                 twin_controller_inst/sw_reg[63]/C
                            (rising edge-triggered cell FDCE clocked by clk_out1_pll  {rise@0.000ns fall@10.000ns period=20.000ns})
  Destination:            student_top_inst/u_RISCV_CORE/INST_ID_UNIT/u_id_ex/reg1_rd_data_o_reg[22]/D
                            (rising edge-triggered cell FDCE clocked by clk_out2_pll  {rise@0.000ns fall@3.333ns period=6.667ns})
  Path Group:             clk_out2_pll
  Path Type:              Setup (Max at Slow Process Corner)
  Requirement:            6.667ns  (clk_out2_pll rise@6.667ns - clk_out1_pll rise@0.000ns)
  Data Path Delay:        4.462ns  (logic 0.603ns (13.514%)  route 3.859ns (86.486%))
  Logic Levels:           8  (LUT4=1 LUT5=2 LUT6=5)
  Clock Path Skew:        -0.107ns (DCD - SCD + CPR)
    Destination Clock Delay (DCD):    -2.043ns = ( 4.624 - 6.667 ) 
    Source Clock Delay      (SCD):    -2.533ns
    Clock Pessimism Removal (CPR):    -0.598ns
  Clock Uncertainty:      0.206ns  ((TSJ^2 + DJ^2)^1/2) / 2 + PE
    Total System Jitter     (TSJ):    0.071ns
    Discrete Jitter          (DJ):    0.157ns
    Phase Error              (PE):    0.120ns

    Location             Delay type                Incr(ns)  Path(ns)    Netlist Resource(s)
  -------------------------------------------------------------------    -------------------
                         (clock clk_out1_pll rise edge)
                                                      0.000     0.000 r  
    AD12                                              0.000     0.000 r  i_sys_clk_p (IN)
                         net (fo=0)                   0.000     0.000    pll_inst/inst/clk_in1_p
    AD12                 IBUFDS (Prop_ibufds_I_O)     0.906     0.906 r  pll_inst/inst/clkin1_ibufgds/O
                         net (fo=1, routed)           1.098     2.004    pll_inst/inst/clk_in1_pll
    PLLE2_ADV_X1Y1       PLLE2_ADV (Prop_plle2_adv_CLKIN1_CLKOUT0)
                                                     -8.058    -6.054 r  pll_inst/inst/plle2_adv_inst/CLKOUT0
                         net (fo=1, routed)           2.128    -3.926    pll_inst/inst/clk_out1_pll
    BUFGCTRL_X0Y1        BUFG (Prop_bufg_I_O)         0.093    -3.833 r  pll_inst/inst/clkout1_buf/O
                         net (fo=394, routed)         1.300    -2.533    twin_controller_inst/CLK
    SLICE_X10Y154        FDCE                                         r  twin_controller_inst/sw_reg[63]/C
  -------------------------------------------------------------------    -------------------
    SLICE_X10Y154        FDCE (Prop_fdce_C_Q)         0.259    -2.274 r  twin_controller_inst/sw_reg[63]/Q
                         net (fo=2, routed)           0.745    -1.529    student_top_inst/bridge_inst/Q[49]
    SLICE_X9Y146         LUT6 (Prop_lut6_I0_O)        0.043    -1.486 f  student_top_inst/bridge_inst/u_RISCV_CORE_i_107/O
                         net (fo=1, routed)           0.442    -1.044    student_top_inst/bridge_inst/u_RISCV_CORE_i_107_n_0
    SLICE_X9Y141         LUT5 (Prop_lut5_I4_O)        0.043    -1.001 r  student_top_inst/bridge_inst/u_RISCV_CORE_i_35/O
                         net (fo=1, routed)           0.420    -0.582    student_top_inst/bridge_inst/dram_driver_inst/Mem_DRAM/reg_wr_data_o_reg[15]
    SLICE_X8Y140         LUT6 (Prop_lut6_I0_O)        0.043    -0.539 r  student_top_inst/bridge_inst/dram_driver_inst/Mem_DRAM/ram_LUT6_26/O
                         net (fo=3, routed)           0.330    -0.209    student_top_inst/u_RISCV_CORE/INST_MEM_UNIT/mem_wr_buffer_inst/mem_rd_data_i[31]
    SLICE_X11Y139        LUT4 (Prop_lut4_I0_O)        0.043    -0.166 r  student_top_inst/u_RISCV_CORE/INST_MEM_UNIT/mem_wr_buffer_inst/wr_data_buffer[31]_i_3/O
                         net (fo=6, routed)           0.706     0.540    student_top_inst/u_RISCV_CORE/INST_MEM_UNIT/mem_wr_buffer_inst/wr_en_buffer_reg_1
    SLICE_X7Y138         LUT6 (Prop_lut6_I0_O)        0.043     0.583 f  student_top_inst/u_RISCV_CORE/INST_MEM_UNIT/mem_wr_buffer_inst/reg_wr_data_o[31]_i_8/O
                         net (fo=1, routed)           0.232     0.815    student_top_inst/u_RISCV_CORE/INST_EX_UNIT/reg_wr_data_o_reg[31]_2
    SLICE_X7Y138         LUT6 (Prop_lut6_I4_O)        0.043     0.858 r  student_top_inst/u_RISCV_CORE/INST_EX_UNIT/reg_wr_data_o[31]_i_3__0/O
                         net (fo=72, routed)          0.601     1.459    student_top_inst/u_RISCV_CORE/INST_EX_UNIT/reg_wr_data_o[31]_i_3__0_n_0
    SLICE_X12Y136        LUT6 (Prop_lut6_I2_O)        0.043     1.502 r  student_top_inst/u_RISCV_CORE/INST_EX_UNIT/reg1_rd_data_o[22]_i_2/O
                         net (fo=1, routed)           0.384     1.886    student_top_inst/u_RISCV_CORE/INST_ID_UNIT/u_id_ex/reg1_rd_data_o_reg[22]_0
    SLICE_X16Y132        LUT5 (Prop_lut5_I4_O)        0.043     1.929 r  student_top_inst/u_RISCV_CORE/INST_ID_UNIT/u_id_ex/reg1_rd_data_o[22]_i_1/O
                         net (fo=1, routed)           0.000     1.929    student_top_inst/u_RISCV_CORE/INST_ID_UNIT/u_id_ex/reg1_rd_data_o[22]_i_1_n_0
    SLICE_X16Y132        FDCE                                         r  student_top_inst/u_RISCV_CORE/INST_ID_UNIT/u_id_ex/reg1_rd_data_o_reg[22]/D
  -------------------------------------------------------------------    -------------------

                         (clock clk_out2_pll rise edge)
                                                      6.667     6.667 r  
    AD12                                              0.000     6.667 r  i_sys_clk_p (IN)
                         net (fo=0)                   0.000     6.667    pll_inst/inst/clk_in1_p
    AD12                 IBUFDS (Prop_ibufds_I_O)     0.803     7.470 r  pll_inst/inst/clkin1_ibufgds/O
                         net (fo=1, routed)           1.001     8.471    pll_inst/inst/clk_in1_pll
    PLLE2_ADV_X1Y1       PLLE2_ADV (Prop_plle2_adv_CLKIN1_CLKOUT1)
                                                     -7.261     1.210 r  pll_inst/inst/plle2_adv_inst/CLKOUT1
                         net (fo=1, routed)           2.003     3.213    pll_inst/inst/clk_out2_pll
    BUFGCTRL_X0Y0        BUFG (Prop_bufg_I_O)         0.083     3.296 r  pll_inst/inst/clkout2_buf/O
                         net (fo=3836, routed)        1.328     4.624    student_top_inst/u_RISCV_CORE/INST_ID_UNIT/u_id_ex/clk
    SLICE_X16Y132        FDCE                                         r  student_top_inst/u_RISCV_CORE/INST_ID_UNIT/u_id_ex/reg1_rd_data_o_reg[22]/C
                         clock pessimism             -0.598     4.026    
                         clock uncertainty           -0.206     3.820    
    SLICE_X16Y132        FDCE (Setup_fdce_C_D)        0.065     3.885    student_top_inst/u_RISCV_CORE/INST_ID_UNIT/u_id_ex/reg1_rd_data_o_reg[22]
  -------------------------------------------------------------------
                         required time                          3.885    
                         arrival time                          -1.929    
  -------------------------------------------------------------------
                         slack                                  1.956    

Slack (MET) :             1.968ns  (required time - arrival time)
  Source:                 twin_controller_inst/sw_reg[63]/C
                            (rising edge-triggered cell FDCE clocked by clk_out1_pll  {rise@0.000ns fall@10.000ns period=20.000ns})
  Destination:            student_top_inst/u_RISCV_CORE/INST_ID_UNIT/u_id_ex/reg2_rd_data_o_reg[21]/D
                            (rising edge-triggered cell FDCE clocked by clk_out2_pll  {rise@0.000ns fall@3.333ns period=6.667ns})
  Path Group:             clk_out2_pll
  Path Type:              Setup (Max at Slow Process Corner)
  Requirement:            6.667ns  (clk_out2_pll rise@6.667ns - clk_out1_pll rise@0.000ns)
  Data Path Delay:        4.422ns  (logic 0.603ns (13.637%)  route 3.819ns (86.363%))
  Logic Levels:           8  (LUT4=1 LUT5=2 LUT6=5)
  Clock Path Skew:        -0.105ns (DCD - SCD + CPR)
    Destination Clock Delay (DCD):    -2.041ns = ( 4.626 - 6.667 ) 
    Source Clock Delay      (SCD):    -2.533ns
    Clock Pessimism Removal (CPR):    -0.598ns
  Clock Uncertainty:      0.206ns  ((TSJ^2 + DJ^2)^1/2) / 2 + PE
    Total System Jitter     (TSJ):    0.071ns
    Discrete Jitter          (DJ):    0.157ns
    Phase Error              (PE):    0.120ns

    Location             Delay type                Incr(ns)  Path(ns)    Netlist Resource(s)
  -------------------------------------------------------------------    -------------------
                         (clock clk_out1_pll rise edge)
                                                      0.000     0.000 r  
    AD12                                              0.000     0.000 r  i_sys_clk_p (IN)
                         net (fo=0)                   0.000     0.000    pll_inst/inst/clk_in1_p
    AD12                 IBUFDS (Prop_ibufds_I_O)     0.906     0.906 r  pll_inst/inst/clkin1_ibufgds/O
                         net (fo=1, routed)           1.098     2.004    pll_inst/inst/clk_in1_pll
    PLLE2_ADV_X1Y1       PLLE2_ADV (Prop_plle2_adv_CLKIN1_CLKOUT0)
                                                     -8.058    -6.054 r  pll_inst/inst/plle2_adv_inst/CLKOUT0
                         net (fo=1, routed)           2.128    -3.926    pll_inst/inst/clk_out1_pll
    BUFGCTRL_X0Y1        BUFG (Prop_bufg_I_O)         0.093    -3.833 r  pll_inst/inst/clkout1_buf/O
                         net (fo=394, routed)         1.300    -2.533    twin_controller_inst/CLK
    SLICE_X10Y154        FDCE                                         r  twin_controller_inst/sw_reg[63]/C
  -------------------------------------------------------------------    -------------------
    SLICE_X10Y154        FDCE (Prop_fdce_C_Q)         0.259    -2.274 r  twin_controller_inst/sw_reg[63]/Q
                         net (fo=2, routed)           0.745    -1.529    student_top_inst/bridge_inst/Q[49]
    SLICE_X9Y146         LUT6 (Prop_lut6_I0_O)        0.043    -1.486 f  student_top_inst/bridge_inst/u_RISCV_CORE_i_107/O
                         net (fo=1, routed)           0.442    -1.044    student_top_inst/bridge_inst/u_RISCV_CORE_i_107_n_0
    SLICE_X9Y141         LUT5 (Prop_lut5_I4_O)        0.043    -1.001 r  student_top_inst/bridge_inst/u_RISCV_CORE_i_35/O
                         net (fo=1, routed)           0.420    -0.582    student_top_inst/bridge_inst/dram_driver_inst/Mem_DRAM/reg_wr_data_o_reg[15]
    SLICE_X8Y140         LUT6 (Prop_lut6_I0_O)        0.043    -0.539 r  student_top_inst/bridge_inst/dram_driver_inst/Mem_DRAM/ram_LUT6_26/O
                         net (fo=3, routed)           0.330    -0.209    student_top_inst/u_RISCV_CORE/INST_MEM_UNIT/mem_wr_buffer_inst/mem_rd_data_i[31]
    SLICE_X11Y139        LUT4 (Prop_lut4_I0_O)        0.043    -0.166 r  student_top_inst/u_RISCV_CORE/INST_MEM_UNIT/mem_wr_buffer_inst/wr_data_buffer[31]_i_3/O
                         net (fo=6, routed)           0.706     0.540    student_top_inst/u_RISCV_CORE/INST_MEM_UNIT/mem_wr_buffer_inst/wr_en_buffer_reg_1
    SLICE_X7Y138         LUT6 (Prop_lut6_I0_O)        0.043     0.583 f  student_top_inst/u_RISCV_CORE/INST_MEM_UNIT/mem_wr_buffer_inst/reg_wr_data_o[31]_i_8/O
                         net (fo=1, routed)           0.232     0.815    student_top_inst/u_RISCV_CORE/INST_EX_UNIT/reg_wr_data_o_reg[31]_2
    SLICE_X7Y138         LUT6 (Prop_lut6_I4_O)        0.043     0.858 r  student_top_inst/u_RISCV_CORE/INST_EX_UNIT/reg_wr_data_o[31]_i_3__0/O
                         net (fo=72, routed)          0.624     1.482    student_top_inst/u_RISCV_CORE/INST_EX_UNIT/reg_wr_data_o[31]_i_3__0_n_0
    SLICE_X15Y135        LUT6 (Prop_lut6_I2_O)        0.043     1.525 r  student_top_inst/u_RISCV_CORE/INST_EX_UNIT/reg2_rd_data_o[21]_i_2/O
                         net (fo=1, routed)           0.320     1.845    student_top_inst/u_RISCV_CORE/INST_ID_UNIT/u_id_ex/reg2_rd_data_o_reg[21]_0
    SLICE_X13Y134        LUT5 (Prop_lut5_I4_O)        0.043     1.888 r  student_top_inst/u_RISCV_CORE/INST_ID_UNIT/u_id_ex/reg2_rd_data_o[21]_i_1/O
                         net (fo=1, routed)           0.000     1.888    student_top_inst/u_RISCV_CORE/INST_ID_UNIT/u_id_ex/reg2_rd_data_o[21]_i_1_n_0
    SLICE_X13Y134        FDCE                                         r  student_top_inst/u_RISCV_CORE/INST_ID_UNIT/u_id_ex/reg2_rd_data_o_reg[21]/D
  -------------------------------------------------------------------    -------------------

                         (clock clk_out2_pll rise edge)
                                                      6.667     6.667 r  
    AD12                                              0.000     6.667 r  i_sys_clk_p (IN)
                         net (fo=0)                   0.000     6.667    pll_inst/inst/clk_in1_p
    AD12                 IBUFDS (Prop_ibufds_I_O)     0.803     7.470 r  pll_inst/inst/clkin1_ibufgds/O
                         net (fo=1, routed)           1.001     8.471    pll_inst/inst/clk_in1_pll
    PLLE2_ADV_X1Y1       PLLE2_ADV (Prop_plle2_adv_CLKIN1_CLKOUT1)
                                                     -7.261     1.210 r  pll_inst/inst/plle2_adv_inst/CLKOUT1
                         net (fo=1, routed)           2.003     3.213    pll_inst/inst/clk_out2_pll
    BUFGCTRL_X0Y0        BUFG (Prop_bufg_I_O)         0.083     3.296 r  pll_inst/inst/clkout2_buf/O
                         net (fo=3836, routed)        1.330     4.626    student_top_inst/u_RISCV_CORE/INST_ID_UNIT/u_id_ex/clk
    SLICE_X13Y134        FDCE                                         r  student_top_inst/u_RISCV_CORE/INST_ID_UNIT/u_id_ex/reg2_rd_data_o_reg[21]/C
                         clock pessimism             -0.598     4.028    
                         clock uncertainty           -0.206     3.822    
    SLICE_X13Y134        FDCE (Setup_fdce_C_D)        0.034     3.856    student_top_inst/u_RISCV_CORE/INST_ID_UNIT/u_id_ex/reg2_rd_data_o_reg[21]
  -------------------------------------------------------------------
                         required time                          3.856    
                         arrival time                          -1.888    
  -------------------------------------------------------------------
                         slack                                  1.968    

Slack (MET) :             1.980ns  (required time - arrival time)
  Source:                 twin_controller_inst/sw_reg[63]/C
                            (rising edge-triggered cell FDCE clocked by clk_out1_pll  {rise@0.000ns fall@10.000ns period=20.000ns})
  Destination:            student_top_inst/u_RISCV_CORE/INST_ID_UNIT/u_id_ex/reg1_rd_data_o_reg[19]/D
                            (rising edge-triggered cell FDCE clocked by clk_out2_pll  {rise@0.000ns fall@3.333ns period=6.667ns})
  Path Group:             clk_out2_pll
  Path Type:              Setup (Max at Slow Process Corner)
  Requirement:            6.667ns  (clk_out2_pll rise@6.667ns - clk_out1_pll rise@0.000ns)
  Data Path Delay:        4.437ns  (logic 0.603ns (13.589%)  route 3.834ns (86.411%))
  Logic Levels:           8  (LUT4=1 LUT5=2 LUT6=5)
  Clock Path Skew:        -0.107ns (DCD - SCD + CPR)
    Destination Clock Delay (DCD):    -2.043ns = ( 4.624 - 6.667 ) 
    Source Clock Delay      (SCD):    -2.533ns
    Clock Pessimism Removal (CPR):    -0.598ns
  Clock Uncertainty:      0.206ns  ((TSJ^2 + DJ^2)^1/2) / 2 + PE
    Total System Jitter     (TSJ):    0.071ns
    Discrete Jitter          (DJ):    0.157ns
    Phase Error              (PE):    0.120ns

    Location             Delay type                Incr(ns)  Path(ns)    Netlist Resource(s)
  -------------------------------------------------------------------    -------------------
                         (clock clk_out1_pll rise edge)
                                                      0.000     0.000 r  
    AD12                                              0.000     0.000 r  i_sys_clk_p (IN)
                         net (fo=0)                   0.000     0.000    pll_inst/inst/clk_in1_p
    AD12                 IBUFDS (Prop_ibufds_I_O)     0.906     0.906 r  pll_inst/inst/clkin1_ibufgds/O
                         net (fo=1, routed)           1.098     2.004    pll_inst/inst/clk_in1_pll
    PLLE2_ADV_X1Y1       PLLE2_ADV (Prop_plle2_adv_CLKIN1_CLKOUT0)
                                                     -8.058    -6.054 r  pll_inst/inst/plle2_adv_inst/CLKOUT0
                         net (fo=1, routed)           2.128    -3.926    pll_inst/inst/clk_out1_pll
    BUFGCTRL_X0Y1        BUFG (Prop_bufg_I_O)         0.093    -3.833 r  pll_inst/inst/clkout1_buf/O
                         net (fo=394, routed)         1.300    -2.533    twin_controller_inst/CLK
    SLICE_X10Y154        FDCE                                         r  twin_controller_inst/sw_reg[63]/C
  -------------------------------------------------------------------    -------------------
    SLICE_X10Y154        FDCE (Prop_fdce_C_Q)         0.259    -2.274 r  twin_controller_inst/sw_reg[63]/Q
                         net (fo=2, routed)           0.745    -1.529    student_top_inst/bridge_inst/Q[49]
    SLICE_X9Y146         LUT6 (Prop_lut6_I0_O)        0.043    -1.486 f  student_top_inst/bridge_inst/u_RISCV_CORE_i_107/O
                         net (fo=1, routed)           0.442    -1.044    student_top_inst/bridge_inst/u_RISCV_CORE_i_107_n_0
    SLICE_X9Y141         LUT5 (Prop_lut5_I4_O)        0.043    -1.001 r  student_top_inst/bridge_inst/u_RISCV_CORE_i_35/O
                         net (fo=1, routed)           0.420    -0.582    student_top_inst/bridge_inst/dram_driver_inst/Mem_DRAM/reg_wr_data_o_reg[15]
    SLICE_X8Y140         LUT6 (Prop_lut6_I0_O)        0.043    -0.539 r  student_top_inst/bridge_inst/dram_driver_inst/Mem_DRAM/ram_LUT6_26/O
                         net (fo=3, routed)           0.330    -0.209    student_top_inst/u_RISCV_CORE/INST_MEM_UNIT/mem_wr_buffer_inst/mem_rd_data_i[31]
    SLICE_X11Y139        LUT4 (Prop_lut4_I0_O)        0.043    -0.166 r  student_top_inst/u_RISCV_CORE/INST_MEM_UNIT/mem_wr_buffer_inst/wr_data_buffer[31]_i_3/O
                         net (fo=6, routed)           0.706     0.540    student_top_inst/u_RISCV_CORE/INST_MEM_UNIT/mem_wr_buffer_inst/wr_en_buffer_reg_1
    SLICE_X7Y138         LUT6 (Prop_lut6_I0_O)        0.043     0.583 f  student_top_inst/u_RISCV_CORE/INST_MEM_UNIT/mem_wr_buffer_inst/reg_wr_data_o[31]_i_8/O
                         net (fo=1, routed)           0.232     0.815    student_top_inst/u_RISCV_CORE/INST_EX_UNIT/reg_wr_data_o_reg[31]_2
    SLICE_X7Y138         LUT6 (Prop_lut6_I4_O)        0.043     0.858 r  student_top_inst/u_RISCV_CORE/INST_EX_UNIT/reg_wr_data_o[31]_i_3__0/O
                         net (fo=72, routed)          0.580     1.438    student_top_inst/u_RISCV_CORE/INST_EX_UNIT/reg_wr_data_o[31]_i_3__0_n_0
    SLICE_X14Y136        LUT6 (Prop_lut6_I2_O)        0.043     1.481 r  student_top_inst/u_RISCV_CORE/INST_EX_UNIT/reg1_rd_data_o[19]_i_2/O
                         net (fo=1, routed)           0.380     1.861    student_top_inst/u_RISCV_CORE/INST_ID_UNIT/u_id_ex/reg1_rd_data_o_reg[19]_0
    SLICE_X16Y132        LUT5 (Prop_lut5_I4_O)        0.043     1.904 r  student_top_inst/u_RISCV_CORE/INST_ID_UNIT/u_id_ex/reg1_rd_data_o[19]_i_1/O
                         net (fo=1, routed)           0.000     1.904    student_top_inst/u_RISCV_CORE/INST_ID_UNIT/u_id_ex/reg1_rd_data_o[19]_i_1_n_0
    SLICE_X16Y132        FDCE                                         r  student_top_inst/u_RISCV_CORE/INST_ID_UNIT/u_id_ex/reg1_rd_data_o_reg[19]/D
  -------------------------------------------------------------------    -------------------

                         (clock clk_out2_pll rise edge)
                                                      6.667     6.667 r  
    AD12                                              0.000     6.667 r  i_sys_clk_p (IN)
                         net (fo=0)                   0.000     6.667    pll_inst/inst/clk_in1_p
    AD12                 IBUFDS (Prop_ibufds_I_O)     0.803     7.470 r  pll_inst/inst/clkin1_ibufgds/O
                         net (fo=1, routed)           1.001     8.471    pll_inst/inst/clk_in1_pll
    PLLE2_ADV_X1Y1       PLLE2_ADV (Prop_plle2_adv_CLKIN1_CLKOUT1)
                                                     -7.261     1.210 r  pll_inst/inst/plle2_adv_inst/CLKOUT1
                         net (fo=1, routed)           2.003     3.213    pll_inst/inst/clk_out2_pll
    BUFGCTRL_X0Y0        BUFG (Prop_bufg_I_O)         0.083     3.296 r  pll_inst/inst/clkout2_buf/O
                         net (fo=3836, routed)        1.328     4.624    student_top_inst/u_RISCV_CORE/INST_ID_UNIT/u_id_ex/clk
    SLICE_X16Y132        FDCE                                         r  student_top_inst/u_RISCV_CORE/INST_ID_UNIT/u_id_ex/reg1_rd_data_o_reg[19]/C
                         clock pessimism             -0.598     4.026    
                         clock uncertainty           -0.206     3.820    
    SLICE_X16Y132        FDCE (Setup_fdce_C_D)        0.064     3.884    student_top_inst/u_RISCV_CORE/INST_ID_UNIT/u_id_ex/reg1_rd_data_o_reg[19]
  -------------------------------------------------------------------
                         required time                          3.884    
                         arrival time                          -1.904    
  -------------------------------------------------------------------
                         slack                                  1.980    





Min Delay Paths
--------------------------------------------------------------------------------------
Slack (MET) :             0.203ns  (arrival time - required time)
  Source:                 student_top_inst/bridge_inst/counter_inst/perip_rdata_reg[0]/C
                            (rising edge-triggered cell FDRE clocked by clk_out1_pll  {rise@0.000ns fall@10.000ns period=20.000ns})
  Destination:            student_top_inst/u_RISCV_CORE/INST_MEM_UNIT/mem_wr_buffer_inst/wr_data_buffer_reg[0]/D
                            (rising edge-triggered cell FDRE clocked by clk_out2_pll  {rise@0.000ns fall@3.333ns period=6.667ns})
  Path Group:             clk_out2_pll
  Path Type:              Hold (Min at Fast Process Corner)
  Requirement:            0.000ns  (clk_out2_pll rise@0.000ns - clk_out1_pll rise@0.000ns)
  Data Path Delay:        0.761ns  (logic 0.202ns (26.531%)  route 0.559ns (73.469%))
  Logic Levels:           3  (LUT6=3)
  Clock Path Skew:        0.292ns (DCD - SCD - CPR)
    Destination Clock Delay (DCD):    -0.549ns
    Source Clock Delay      (SCD):    -0.358ns
    Clock Pessimism Removal (CPR):    -0.484ns
  Clock Uncertainty:      0.206ns  ((TSJ^2 + DJ^2)^1/2) / 2 + PE
    Total System Jitter     (TSJ):    0.071ns
    Discrete Jitter          (DJ):    0.157ns
    Phase Error              (PE):    0.120ns

    Location             Delay type                Incr(ns)  Path(ns)    Netlist Resource(s)
  -------------------------------------------------------------------    -------------------
                         (clock clk_out1_pll rise edge)
                                                      0.000     0.000 r  
    AD12                                              0.000     0.000 r  i_sys_clk_p (IN)
                         net (fo=0)                   0.000     0.000    pll_inst/inst/clk_in1_p
    AD12                 IBUFDS (Prop_ibufds_I_O)     0.388     0.388 r  pll_inst/inst/clkin1_ibufgds/O
                         net (fo=1, routed)           0.503     0.891    pll_inst/inst/clk_in1_pll
    PLLE2_ADV_X1Y1       PLLE2_ADV (Prop_plle2_adv_CLKIN1_CLKOUT0)
                                                     -2.908    -2.017 r  pll_inst/inst/plle2_adv_inst/CLKOUT0
                         net (fo=1, routed)           0.958    -1.059    pll_inst/inst/clk_out1_pll
    BUFGCTRL_X0Y1        BUFG (Prop_bufg_I_O)         0.026    -1.033 r  pll_inst/inst/clkout1_buf/O
                         net (fo=394, routed)         0.675    -0.358    student_top_inst/bridge_inst/counter_inst/cnt_ms_reg[31]_0
    SLICE_X2Y141         FDRE                                         r  student_top_inst/bridge_inst/counter_inst/perip_rdata_reg[0]/C
  -------------------------------------------------------------------    -------------------
    SLICE_X2Y141         FDRE (Prop_fdre_C_Q)         0.118    -0.240 r  student_top_inst/bridge_inst/counter_inst/perip_rdata_reg[0]/Q
                         net (fo=1, routed)           0.169    -0.071    student_top_inst/bridge_inst/counter_inst/cnt_rdata[0]
    SLICE_X3Y140         LUT6 (Prop_lut6_I0_O)        0.028    -0.043 r  student_top_inst/bridge_inst/counter_inst/u_RISCV_CORE_i_95/O
                         net (fo=1, routed)           0.163     0.120    student_top_inst/bridge_inst/dram_driver_inst/Mem_DRAM/wr_data_buffer_reg[0]_0
    SLICE_X3Y140         LUT6 (Prop_lut6_I2_O)        0.028     0.148 r  student_top_inst/bridge_inst/dram_driver_inst/Mem_DRAM/ram_LUT6_4/O
                         net (fo=2, routed)           0.228     0.376    student_top_inst/u_RISCV_CORE/INST_EX_UNIT/mem_rd_data_i[0]
    SLICE_X3Y139         LUT6 (Prop_lut6_I2_O)        0.028     0.404 r  student_top_inst/u_RISCV_CORE/INST_EX_UNIT/wr_data_buffer[0]_i_1/O
                         net (fo=1, routed)           0.000     0.404    student_top_inst/u_RISCV_CORE/INST_MEM_UNIT/mem_wr_buffer_inst/wr_data_mem_buffer[0]
    SLICE_X3Y139         FDRE                                         r  student_top_inst/u_RISCV_CORE/INST_MEM_UNIT/mem_wr_buffer_inst/wr_data_buffer_reg[0]/D
  -------------------------------------------------------------------    -------------------

                         (clock clk_out2_pll rise edge)
                                                      0.000     0.000 r  
    AD12                                              0.000     0.000 r  i_sys_clk_p (IN)
                         net (fo=0)                   0.000     0.000    pll_inst/inst/clk_in1_p
    AD12                 IBUFDS (Prop_ibufds_I_O)     0.470     0.470 r  pll_inst/inst/clkin1_ibufgds/O
                         net (fo=1, routed)           0.554     1.024    pll_inst/inst/clk_in1_pll
    PLLE2_ADV_X1Y1       PLLE2_ADV (Prop_plle2_adv_CLKIN1_CLKOUT1)
                                                     -3.524    -2.500 r  pll_inst/inst/plle2_adv_inst/CLKOUT1
                         net (fo=1, routed)           1.027    -1.473    pll_inst/inst/clk_out2_pll
    BUFGCTRL_X0Y0        BUFG (Prop_bufg_I_O)         0.030    -1.443 r  pll_inst/inst/clkout2_buf/O
                         net (fo=3836, routed)        0.894    -0.549    student_top_inst/u_RISCV_CORE/INST_MEM_UNIT/mem_wr_buffer_inst/clk
    SLICE_X3Y139         FDRE                                         r  student_top_inst/u_RISCV_CORE/INST_MEM_UNIT/mem_wr_buffer_inst/wr_data_buffer_reg[0]/C
                         clock pessimism              0.484    -0.066    
                         clock uncertainty            0.206     0.141    
    SLICE_X3Y139         FDRE (Hold_fdre_C_D)         0.060     0.201    student_top_inst/u_RISCV_CORE/INST_MEM_UNIT/mem_wr_buffer_inst/wr_data_buffer_reg[0]
  -------------------------------------------------------------------
                         required time                         -0.201    
                         arrival time                           0.404    
  -------------------------------------------------------------------
                         slack                                  0.203    

Slack (MET) :             0.241ns  (arrival time - required time)
  Source:                 student_top_inst/bridge_inst/counter_inst/perip_rdata_reg[6]/C
                            (rising edge-triggered cell FDRE clocked by clk_out1_pll  {rise@0.000ns fall@10.000ns period=20.000ns})
  Destination:            student_top_inst/u_RISCV_CORE/INST_MEM_UNIT/mem_wr_buffer_inst/wr_data_buffer_reg[6]/D
                            (rising edge-triggered cell FDRE clocked by clk_out2_pll  {rise@0.000ns fall@3.333ns period=6.667ns})
  Path Group:             clk_out2_pll
  Path Type:              Hold (Min at Fast Process Corner)
  Requirement:            0.000ns  (clk_out2_pll rise@0.000ns - clk_out1_pll rise@0.000ns)
  Data Path Delay:        0.828ns  (logic 0.213ns (25.740%)  route 0.615ns (74.260%))
  Logic Levels:           3  (LUT6=3)
  Clock Path Skew:        0.293ns (DCD - SCD - CPR)
    Destination Clock Delay (DCD):    -0.550ns
    Source Clock Delay      (SCD):    -0.360ns
    Clock Pessimism Removal (CPR):    -0.484ns
  Clock Uncertainty:      0.206ns  ((TSJ^2 + DJ^2)^1/2) / 2 + PE
    Total System Jitter     (TSJ):    0.071ns
    Discrete Jitter          (DJ):    0.157ns
    Phase Error              (PE):    0.120ns

    Location             Delay type                Incr(ns)  Path(ns)    Netlist Resource(s)
  -------------------------------------------------------------------    -------------------
                         (clock clk_out1_pll rise edge)
                                                      0.000     0.000 r  
    AD12                                              0.000     0.000 r  i_sys_clk_p (IN)
                         net (fo=0)                   0.000     0.000    pll_inst/inst/clk_in1_p
    AD12                 IBUFDS (Prop_ibufds_I_O)     0.388     0.388 r  pll_inst/inst/clkin1_ibufgds/O
                         net (fo=1, routed)           0.503     0.891    pll_inst/inst/clk_in1_pll
    PLLE2_ADV_X1Y1       PLLE2_ADV (Prop_plle2_adv_CLKIN1_CLKOUT0)
                                                     -2.908    -2.017 r  pll_inst/inst/plle2_adv_inst/CLKOUT0
                         net (fo=1, routed)           0.958    -1.059    pll_inst/inst/clk_out1_pll
    BUFGCTRL_X0Y1        BUFG (Prop_bufg_I_O)         0.026    -1.033 r  pll_inst/inst/clkout1_buf/O
                         net (fo=394, routed)         0.673    -0.360    student_top_inst/bridge_inst/counter_inst/cnt_ms_reg[31]_0
    SLICE_X4Y141         FDRE                                         r  student_top_inst/bridge_inst/counter_inst/perip_rdata_reg[6]/C
  -------------------------------------------------------------------    -------------------
    SLICE_X4Y141         FDRE (Prop_fdre_C_Q)         0.091    -0.269 r  student_top_inst/bridge_inst/counter_inst/perip_rdata_reg[6]/Q
                         net (fo=1, routed)           0.230    -0.039    student_top_inst/bridge_inst/counter_inst/cnt_rdata[6]
    SLICE_X6Y141         LUT6 (Prop_lut6_I0_O)        0.066     0.027 r  student_top_inst/bridge_inst/counter_inst/u_RISCV_CORE_i_83/O
                         net (fo=1, routed)           0.210     0.237    student_top_inst/bridge_inst/dram_driver_inst/Mem_DRAM/wr_data_buffer_reg[6]_0
    SLICE_X6Y140         LUT6 (Prop_lut6_I2_O)        0.028     0.265 r  student_top_inst/bridge_inst/dram_driver_inst/Mem_DRAM/ram_LUT6_30/O
                         net (fo=2, routed)           0.175     0.440    student_top_inst/u_RISCV_CORE/INST_EX_UNIT/mem_rd_data_i[6]
    SLICE_X6Y139         LUT6 (Prop_lut6_I2_O)        0.028     0.468 r  student_top_inst/u_RISCV_CORE/INST_EX_UNIT/wr_data_buffer[6]_i_1/O
                         net (fo=1, routed)           0.000     0.468    student_top_inst/u_RISCV_CORE/INST_MEM_UNIT/mem_wr_buffer_inst/wr_data_mem_buffer[6]
    SLICE_X6Y139         FDRE                                         r  student_top_inst/u_RISCV_CORE/INST_MEM_UNIT/mem_wr_buffer_inst/wr_data_buffer_reg[6]/D
  -------------------------------------------------------------------    -------------------

                         (clock clk_out2_pll rise edge)
                                                      0.000     0.000 r  
    AD12                                              0.000     0.000 r  i_sys_clk_p (IN)
                         net (fo=0)                   0.000     0.000    pll_inst/inst/clk_in1_p
    AD12                 IBUFDS (Prop_ibufds_I_O)     0.470     0.470 r  pll_inst/inst/clkin1_ibufgds/O
                         net (fo=1, routed)           0.554     1.024    pll_inst/inst/clk_in1_pll
    PLLE2_ADV_X1Y1       PLLE2_ADV (Prop_plle2_adv_CLKIN1_CLKOUT1)
                                                     -3.524    -2.500 r  pll_inst/inst/plle2_adv_inst/CLKOUT1
                         net (fo=1, routed)           1.027    -1.473    pll_inst/inst/clk_out2_pll
    BUFGCTRL_X0Y0        BUFG (Prop_bufg_I_O)         0.030    -1.443 r  pll_inst/inst/clkout2_buf/O
                         net (fo=3836, routed)        0.893    -0.550    student_top_inst/u_RISCV_CORE/INST_MEM_UNIT/mem_wr_buffer_inst/clk
    SLICE_X6Y139         FDRE                                         r  student_top_inst/u_RISCV_CORE/INST_MEM_UNIT/mem_wr_buffer_inst/wr_data_buffer_reg[6]/C
                         clock pessimism              0.484    -0.067    
                         clock uncertainty            0.206     0.140    
    SLICE_X6Y139         FDRE (Hold_fdre_C_D)         0.087     0.227    student_top_inst/u_RISCV_CORE/INST_MEM_UNIT/mem_wr_buffer_inst/wr_data_buffer_reg[6]
  -------------------------------------------------------------------
                         required time                         -0.227    
                         arrival time                           0.468    
  -------------------------------------------------------------------
                         slack                                  0.241    

Slack (MET) :             0.251ns  (arrival time - required time)
  Source:                 student_top_inst/bridge_inst/counter_inst/perip_rdata_reg[14]/C
                            (rising edge-triggered cell FDRE clocked by clk_out1_pll  {rise@0.000ns fall@10.000ns period=20.000ns})
  Destination:            student_top_inst/u_RISCV_CORE/INST_MEM_UNIT/reg_wr_data_o_reg[14]/D
                            (rising edge-triggered cell FDCE clocked by clk_out2_pll  {rise@0.000ns fall@3.333ns period=6.667ns})
  Path Group:             clk_out2_pll
  Path Type:              Hold (Min at Fast Process Corner)
  Requirement:            0.000ns  (clk_out2_pll rise@0.000ns - clk_out1_pll rise@0.000ns)
  Data Path Delay:        0.780ns  (logic 0.184ns (23.603%)  route 0.596ns (76.397%))
  Logic Levels:           3  (LUT6=3)
  Clock Path Skew:        0.262ns (DCD - SCD - CPR)
    Destination Clock Delay (DCD):    -0.581ns
    Source Clock Delay      (SCD):    -0.360ns
    Clock Pessimism Removal (CPR):    -0.484ns
  Clock Uncertainty:      0.206ns  ((TSJ^2 + DJ^2)^1/2) / 2 + PE
    Total System Jitter     (TSJ):    0.071ns
    Discrete Jitter          (DJ):    0.157ns
    Phase Error              (PE):    0.120ns

    Location             Delay type                Incr(ns)  Path(ns)    Netlist Resource(s)
  -------------------------------------------------------------------    -------------------
                         (clock clk_out1_pll rise edge)
                                                      0.000     0.000 r  
    AD12                                              0.000     0.000 r  i_sys_clk_p (IN)
                         net (fo=0)                   0.000     0.000    pll_inst/inst/clk_in1_p
    AD12                 IBUFDS (Prop_ibufds_I_O)     0.388     0.388 r  pll_inst/inst/clkin1_ibufgds/O
                         net (fo=1, routed)           0.503     0.891    pll_inst/inst/clk_in1_pll
    PLLE2_ADV_X1Y1       PLLE2_ADV (Prop_plle2_adv_CLKIN1_CLKOUT0)
                                                     -2.908    -2.017 r  pll_inst/inst/plle2_adv_inst/CLKOUT0
                         net (fo=1, routed)           0.958    -1.059    pll_inst/inst/clk_out1_pll
    BUFGCTRL_X0Y1        BUFG (Prop_bufg_I_O)         0.026    -1.033 r  pll_inst/inst/clkout1_buf/O
                         net (fo=394, routed)         0.673    -0.360    student_top_inst/bridge_inst/counter_inst/cnt_ms_reg[31]_0
    SLICE_X7Y141         FDRE                                         r  student_top_inst/bridge_inst/counter_inst/perip_rdata_reg[14]/C
  -------------------------------------------------------------------    -------------------
    SLICE_X7Y141         FDRE (Prop_fdre_C_Q)         0.100    -0.260 r  student_top_inst/bridge_inst/counter_inst/perip_rdata_reg[14]/Q
                         net (fo=1, routed)           0.256    -0.003    student_top_inst/bridge_inst/counter_inst/cnt_rdata[14]
    SLICE_X8Y140         LUT6 (Prop_lut6_I0_O)        0.028     0.025 r  student_top_inst/bridge_inst/counter_inst/u_RISCV_CORE_i_68/O
                         net (fo=1, routed)           0.171     0.196    student_top_inst/bridge_inst/dram_driver_inst/Mem_DRAM/reg_wr_data_o_reg[14]_0
    SLICE_X10Y138        LUT6 (Prop_lut6_I1_O)        0.028     0.224 r  student_top_inst/bridge_inst/dram_driver_inst/Mem_DRAM/ram_LUT6_9/O
                         net (fo=3, routed)           0.168     0.392    student_top_inst/u_RISCV_CORE/INST_EX_UNIT/mem_rd_data_i[14]
    SLICE_X9Y138         LUT6 (Prop_lut6_I4_O)        0.028     0.420 r  student_top_inst/u_RISCV_CORE/INST_EX_UNIT/reg_wr_data_o[14]_i_1__0/O
                         net (fo=1, routed)           0.000     0.420    student_top_inst/u_RISCV_CORE/INST_MEM_UNIT/reg_wr_data_o_reg[31]_2[14]
    SLICE_X9Y138         FDCE                                         r  student_top_inst/u_RISCV_CORE/INST_MEM_UNIT/reg_wr_data_o_reg[14]/D
  -------------------------------------------------------------------    -------------------

                         (clock clk_out2_pll rise edge)
                                                      0.000     0.000 r  
    AD12                                              0.000     0.000 r  i_sys_clk_p (IN)
                         net (fo=0)                   0.000     0.000    pll_inst/inst/clk_in1_p
    AD12                 IBUFDS (Prop_ibufds_I_O)     0.470     0.470 r  pll_inst/inst/clkin1_ibufgds/O
                         net (fo=1, routed)           0.554     1.024    pll_inst/inst/clk_in1_pll
    PLLE2_ADV_X1Y1       PLLE2_ADV (Prop_plle2_adv_CLKIN1_CLKOUT1)
                                                     -3.524    -2.500 r  pll_inst/inst/plle2_adv_inst/CLKOUT1
                         net (fo=1, routed)           1.027    -1.473    pll_inst/inst/clk_out2_pll
    BUFGCTRL_X0Y0        BUFG (Prop_bufg_I_O)         0.030    -1.443 r  pll_inst/inst/clkout2_buf/O
                         net (fo=3836, routed)        0.862    -0.581    student_top_inst/u_RISCV_CORE/INST_MEM_UNIT/clk
    SLICE_X9Y138         FDCE                                         r  student_top_inst/u_RISCV_CORE/INST_MEM_UNIT/reg_wr_data_o_reg[14]/C
                         clock pessimism              0.484    -0.098    
                         clock uncertainty            0.206     0.109    
    SLICE_X9Y138         FDCE (Hold_fdce_C_D)         0.060     0.169    student_top_inst/u_RISCV_CORE/INST_MEM_UNIT/reg_wr_data_o_reg[14]
  -------------------------------------------------------------------
                         required time                         -0.169    
                         arrival time                           0.420    
  -------------------------------------------------------------------
                         slack                                  0.251    

Slack (MET) :             0.257ns  (arrival time - required time)
  Source:                 student_top_inst/bridge_inst/counter_inst/perip_rdata_reg[5]/C
                            (rising edge-triggered cell FDRE clocked by clk_out1_pll  {rise@0.000ns fall@10.000ns period=20.000ns})
  Destination:            student_top_inst/u_RISCV_CORE/INST_MEM_UNIT/mem_wr_buffer_inst/wr_data_buffer_reg[5]/D
                            (rising edge-triggered cell FDRE clocked by clk_out2_pll  {rise@0.000ns fall@3.333ns period=6.667ns})
  Path Group:             clk_out2_pll
  Path Type:              Hold (Min at Fast Process Corner)
  Requirement:            0.000ns  (clk_out2_pll rise@0.000ns - clk_out1_pll rise@0.000ns)
  Data Path Delay:        0.818ns  (logic 0.184ns (22.493%)  route 0.634ns (77.507%))
  Logic Levels:           3  (LUT6=3)
  Clock Path Skew:        0.294ns (DCD - SCD - CPR)
    Destination Clock Delay (DCD):    -0.549ns
    Source Clock Delay      (SCD):    -0.360ns
    Clock Pessimism Removal (CPR):    -0.484ns
  Clock Uncertainty:      0.206ns  ((TSJ^2 + DJ^2)^1/2) / 2 + PE
    Total System Jitter     (TSJ):    0.071ns
    Discrete Jitter          (DJ):    0.157ns
    Phase Error              (PE):    0.120ns

    Location             Delay type                Incr(ns)  Path(ns)    Netlist Resource(s)
  -------------------------------------------------------------------    -------------------
                         (clock clk_out1_pll rise edge)
                                                      0.000     0.000 r  
    AD12                                              0.000     0.000 r  i_sys_clk_p (IN)
                         net (fo=0)                   0.000     0.000    pll_inst/inst/clk_in1_p
    AD12                 IBUFDS (Prop_ibufds_I_O)     0.388     0.388 r  pll_inst/inst/clkin1_ibufgds/O
                         net (fo=1, routed)           0.503     0.891    pll_inst/inst/clk_in1_pll
    PLLE2_ADV_X1Y1       PLLE2_ADV (Prop_plle2_adv_CLKIN1_CLKOUT0)
                                                     -2.908    -2.017 r  pll_inst/inst/plle2_adv_inst/CLKOUT0
                         net (fo=1, routed)           0.958    -1.059    pll_inst/inst/clk_out1_pll
    BUFGCTRL_X0Y1        BUFG (Prop_bufg_I_O)         0.026    -1.033 r  pll_inst/inst/clkout1_buf/O
                         net (fo=394, routed)         0.673    -0.360    student_top_inst/bridge_inst/counter_inst/cnt_ms_reg[31]_0
    SLICE_X1Y137         FDRE                                         r  student_top_inst/bridge_inst/counter_inst/perip_rdata_reg[5]/C
  -------------------------------------------------------------------    -------------------
    SLICE_X1Y137         FDRE (Prop_fdre_C_Q)         0.100    -0.260 r  student_top_inst/bridge_inst/counter_inst/perip_rdata_reg[5]/Q
                         net (fo=1, routed)           0.276     0.017    student_top_inst/bridge_inst/counter_inst/cnt_rdata[5]
    SLICE_X2Y140         LUT6 (Prop_lut6_I0_O)        0.028     0.045 r  student_top_inst/bridge_inst/counter_inst/u_RISCV_CORE_i_85/O
                         net (fo=1, routed)           0.176     0.221    student_top_inst/bridge_inst/dram_driver_inst/Mem_DRAM/wr_data_buffer_reg[5]_0
    SLICE_X3Y140         LUT6 (Prop_lut6_I2_O)        0.028     0.249 r  student_top_inst/bridge_inst/dram_driver_inst/Mem_DRAM/ram_LUT6_29/O
                         net (fo=2, routed)           0.182     0.430    student_top_inst/u_RISCV_CORE/INST_EX_UNIT/mem_rd_data_i[5]
    SLICE_X3Y138         LUT6 (Prop_lut6_I2_O)        0.028     0.458 r  student_top_inst/u_RISCV_CORE/INST_EX_UNIT/wr_data_buffer[5]_i_1/O
                         net (fo=1, routed)           0.000     0.458    student_top_inst/u_RISCV_CORE/INST_MEM_UNIT/mem_wr_buffer_inst/wr_data_mem_buffer[5]
    SLICE_X3Y138         FDRE                                         r  student_top_inst/u_RISCV_CORE/INST_MEM_UNIT/mem_wr_buffer_inst/wr_data_buffer_reg[5]/D
  -------------------------------------------------------------------    -------------------

                         (clock clk_out2_pll rise edge)
                                                      0.000     0.000 r  
    AD12                                              0.000     0.000 r  i_sys_clk_p (IN)
                         net (fo=0)                   0.000     0.000    pll_inst/inst/clk_in1_p
    AD12                 IBUFDS (Prop_ibufds_I_O)     0.470     0.470 r  pll_inst/inst/clkin1_ibufgds/O
                         net (fo=1, routed)           0.554     1.024    pll_inst/inst/clk_in1_pll
    PLLE2_ADV_X1Y1       PLLE2_ADV (Prop_plle2_adv_CLKIN1_CLKOUT1)
                                                     -3.524    -2.500 r  pll_inst/inst/plle2_adv_inst/CLKOUT1
                         net (fo=1, routed)           1.027    -1.473    pll_inst/inst/clk_out2_pll
    BUFGCTRL_X0Y0        BUFG (Prop_bufg_I_O)         0.030    -1.443 r  pll_inst/inst/clkout2_buf/O
                         net (fo=3836, routed)        0.894    -0.549    student_top_inst/u_RISCV_CORE/INST_MEM_UNIT/mem_wr_buffer_inst/clk
    SLICE_X3Y138         FDRE                                         r  student_top_inst/u_RISCV_CORE/INST_MEM_UNIT/mem_wr_buffer_inst/wr_data_buffer_reg[5]/C
                         clock pessimism              0.484    -0.066    
                         clock uncertainty            0.206     0.141    
    SLICE_X3Y138         FDRE (Hold_fdre_C_D)         0.061     0.202    student_top_inst/u_RISCV_CORE/INST_MEM_UNIT/mem_wr_buffer_inst/wr_data_buffer_reg[5]
  -------------------------------------------------------------------
                         required time                         -0.202    
                         arrival time                           0.458    
  -------------------------------------------------------------------
                         slack                                  0.257    

Slack (MET) :             0.262ns  (arrival time - required time)
  Source:                 student_top_inst/bridge_inst/counter_inst/perip_rdata_reg[9]/C
                            (rising edge-triggered cell FDRE clocked by clk_out1_pll  {rise@0.000ns fall@10.000ns period=20.000ns})
  Destination:            student_top_inst/u_RISCV_CORE/INST_MEM_UNIT/reg_wr_data_o_reg[9]/D
                            (rising edge-triggered cell FDCE clocked by clk_out2_pll  {rise@0.000ns fall@3.333ns period=6.667ns})
  Path Group:             clk_out2_pll
  Path Type:              Hold (Min at Fast Process Corner)
  Requirement:            0.000ns  (clk_out2_pll rise@0.000ns - clk_out1_pll rise@0.000ns)
  Data Path Delay:        0.817ns  (logic 0.184ns (22.513%)  route 0.633ns (77.487%))
  Logic Levels:           3  (LUT6=3)
  Clock Path Skew:        0.289ns (DCD - SCD - CPR)
    Destination Clock Delay (DCD):    -0.553ns
    Source Clock Delay      (SCD):    -0.359ns
    Clock Pessimism Removal (CPR):    -0.484ns
  Clock Uncertainty:      0.206ns  ((TSJ^2 + DJ^2)^1/2) / 2 + PE
    Total System Jitter     (TSJ):    0.071ns
    Discrete Jitter          (DJ):    0.157ns
    Phase Error              (PE):    0.120ns

    Location             Delay type                Incr(ns)  Path(ns)    Netlist Resource(s)
  -------------------------------------------------------------------    -------------------
                         (clock clk_out1_pll rise edge)
                                                      0.000     0.000 r  
    AD12                                              0.000     0.000 r  i_sys_clk_p (IN)
                         net (fo=0)                   0.000     0.000    pll_inst/inst/clk_in1_p
    AD12                 IBUFDS (Prop_ibufds_I_O)     0.388     0.388 r  pll_inst/inst/clkin1_ibufgds/O
                         net (fo=1, routed)           0.503     0.891    pll_inst/inst/clk_in1_pll
    PLLE2_ADV_X1Y1       PLLE2_ADV (Prop_plle2_adv_CLKIN1_CLKOUT0)
                                                     -2.908    -2.017 r  pll_inst/inst/plle2_adv_inst/CLKOUT0
                         net (fo=1, routed)           0.958    -1.059    pll_inst/inst/clk_out1_pll
    BUFGCTRL_X0Y1        BUFG (Prop_bufg_I_O)         0.026    -1.033 r  pll_inst/inst/clkout1_buf/O
                         net (fo=394, routed)         0.674    -0.359    student_top_inst/bridge_inst/counter_inst/cnt_ms_reg[31]_0
    SLICE_X1Y138         FDRE                                         r  student_top_inst/bridge_inst/counter_inst/perip_rdata_reg[9]/C
  -------------------------------------------------------------------    -------------------
    SLICE_X1Y138         FDRE (Prop_fdre_C_Q)         0.100    -0.259 r  student_top_inst/bridge_inst/counter_inst/perip_rdata_reg[9]/Q
                         net (fo=1, routed)           0.131    -0.128    student_top_inst/bridge_inst/counter_inst/cnt_rdata[9]
    SLICE_X1Y138         LUT6 (Prop_lut6_I0_O)        0.028    -0.100 r  student_top_inst/bridge_inst/counter_inst/u_RISCV_CORE_i_77/O
                         net (fo=1, routed)           0.194     0.094    student_top_inst/bridge_inst/dram_driver_inst/Mem_DRAM/reg_wr_data_o_reg[9]
    SLICE_X0Y138         LUT6 (Prop_lut6_I1_O)        0.028     0.122 r  student_top_inst/bridge_inst/dram_driver_inst/Mem_DRAM/ram_LUT6_32/O
                         net (fo=3, routed)           0.309     0.431    student_top_inst/u_RISCV_CORE/INST_EX_UNIT/mem_rd_data_i[9]
    SLICE_X1Y134         LUT6 (Prop_lut6_I4_O)        0.028     0.459 r  student_top_inst/u_RISCV_CORE/INST_EX_UNIT/reg_wr_data_o[9]_i_1__0/O
                         net (fo=1, routed)           0.000     0.459    student_top_inst/u_RISCV_CORE/INST_MEM_UNIT/reg_wr_data_o_reg[31]_2[9]
    SLICE_X1Y134         FDCE                                         r  student_top_inst/u_RISCV_CORE/INST_MEM_UNIT/reg_wr_data_o_reg[9]/D
  -------------------------------------------------------------------    -------------------

                         (clock clk_out2_pll rise edge)
                                                      0.000     0.000 r  
    AD12                                              0.000     0.000 r  i_sys_clk_p (IN)
                         net (fo=0)                   0.000     0.000    pll_inst/inst/clk_in1_p
    AD12                 IBUFDS (Prop_ibufds_I_O)     0.470     0.470 r  pll_inst/inst/clkin1_ibufgds/O
                         net (fo=1, routed)           0.554     1.024    pll_inst/inst/clk_in1_pll
    PLLE2_ADV_X1Y1       PLLE2_ADV (Prop_plle2_adv_CLKIN1_CLKOUT1)
                                                     -3.524    -2.500 r  pll_inst/inst/plle2_adv_inst/CLKOUT1
                         net (fo=1, routed)           1.027    -1.473    pll_inst/inst/clk_out2_pll
    BUFGCTRL_X0Y0        BUFG (Prop_bufg_I_O)         0.030    -1.443 r  pll_inst/inst/clkout2_buf/O
                         net (fo=3836, routed)        0.890    -0.553    student_top_inst/u_RISCV_CORE/INST_MEM_UNIT/clk
    SLICE_X1Y134         FDCE                                         r  student_top_inst/u_RISCV_CORE/INST_MEM_UNIT/reg_wr_data_o_reg[9]/C
                         clock pessimism              0.484    -0.070    
                         clock uncertainty            0.206     0.137    
    SLICE_X1Y134         FDCE (Hold_fdce_C_D)         0.060     0.197    student_top_inst/u_RISCV_CORE/INST_MEM_UNIT/reg_wr_data_o_reg[9]
  -------------------------------------------------------------------
                         required time                         -0.197    
                         arrival time                           0.459    
  -------------------------------------------------------------------
                         slack                                  0.262    

Slack (MET) :             0.269ns  (arrival time - required time)
  Source:                 student_top_inst/bridge_inst/counter_inst/perip_rdata_reg[1]/C
                            (rising edge-triggered cell FDRE clocked by clk_out1_pll  {rise@0.000ns fall@10.000ns period=20.000ns})
  Destination:            student_top_inst/u_RISCV_CORE/INST_MEM_UNIT/mem_wr_buffer_inst/wr_data_buffer_reg[1]/D
                            (rising edge-triggered cell FDRE clocked by clk_out2_pll  {rise@0.000ns fall@3.333ns period=6.667ns})
  Path Group:             clk_out2_pll
  Path Type:              Hold (Min at Fast Process Corner)
  Requirement:            0.000ns  (clk_out2_pll rise@0.000ns - clk_out1_pll rise@0.000ns)
  Data Path Delay:        0.828ns  (logic 0.184ns (22.210%)  route 0.644ns (77.790%))
  Logic Levels:           3  (LUT6=3)
  Clock Path Skew:        0.293ns (DCD - SCD - CPR)
    Destination Clock Delay (DCD):    -0.549ns
    Source Clock Delay      (SCD):    -0.359ns
    Clock Pessimism Removal (CPR):    -0.484ns
  Clock Uncertainty:      0.206ns  ((TSJ^2 + DJ^2)^1/2) / 2 + PE
    Total System Jitter     (TSJ):    0.071ns
    Discrete Jitter          (DJ):    0.157ns
    Phase Error              (PE):    0.120ns

    Location             Delay type                Incr(ns)  Path(ns)    Netlist Resource(s)
  -------------------------------------------------------------------    -------------------
                         (clock clk_out1_pll rise edge)
                                                      0.000     0.000 r  
    AD12                                              0.000     0.000 r  i_sys_clk_p (IN)
                         net (fo=0)                   0.000     0.000    pll_inst/inst/clk_in1_p
    AD12                 IBUFDS (Prop_ibufds_I_O)     0.388     0.388 r  pll_inst/inst/clkin1_ibufgds/O
                         net (fo=1, routed)           0.503     0.891    pll_inst/inst/clk_in1_pll
    PLLE2_ADV_X1Y1       PLLE2_ADV (Prop_plle2_adv_CLKIN1_CLKOUT0)
                                                     -2.908    -2.017 r  pll_inst/inst/plle2_adv_inst/CLKOUT0
                         net (fo=1, routed)           0.958    -1.059    pll_inst/inst/clk_out1_pll
    BUFGCTRL_X0Y1        BUFG (Prop_bufg_I_O)         0.026    -1.033 r  pll_inst/inst/clkout1_buf/O
                         net (fo=394, routed)         0.674    -0.359    student_top_inst/bridge_inst/counter_inst/cnt_ms_reg[31]_0
    SLICE_X1Y138         FDRE                                         r  student_top_inst/bridge_inst/counter_inst/perip_rdata_reg[1]/C
  -------------------------------------------------------------------    -------------------
    SLICE_X1Y138         FDRE (Prop_fdre_C_Q)         0.100    -0.259 r  student_top_inst/bridge_inst/counter_inst/perip_rdata_reg[1]/Q
                         net (fo=1, routed)           0.199    -0.060    student_top_inst/bridge_inst/counter_inst/cnt_rdata[1]
    SLICE_X1Y139         LUT6 (Prop_lut6_I0_O)        0.028    -0.032 r  student_top_inst/bridge_inst/counter_inst/u_RISCV_CORE_i_93/O
                         net (fo=1, routed)           0.225     0.193    student_top_inst/bridge_inst/dram_driver_inst/Mem_DRAM/wr_data_buffer_reg[1]_0
    SLICE_X3Y139         LUT6 (Prop_lut6_I2_O)        0.028     0.221 r  student_top_inst/bridge_inst/dram_driver_inst/Mem_DRAM/ram_LUT6_15/O
                         net (fo=2, routed)           0.221     0.442    student_top_inst/u_RISCV_CORE/INST_EX_UNIT/mem_rd_data_i[1]
    SLICE_X3Y138         LUT6 (Prop_lut6_I2_O)        0.028     0.470 r  student_top_inst/u_RISCV_CORE/INST_EX_UNIT/wr_data_buffer[1]_i_1/O
                         net (fo=1, routed)           0.000     0.470    student_top_inst/u_RISCV_CORE/INST_MEM_UNIT/mem_wr_buffer_inst/wr_data_mem_buffer[1]
    SLICE_X3Y138         FDRE                                         r  student_top_inst/u_RISCV_CORE/INST_MEM_UNIT/mem_wr_buffer_inst/wr_data_buffer_reg[1]/D
  -------------------------------------------------------------------    -------------------

                         (clock clk_out2_pll rise edge)
                                                      0.000     0.000 r  
    AD12                                              0.000     0.000 r  i_sys_clk_p (IN)
                         net (fo=0)                   0.000     0.000    pll_inst/inst/clk_in1_p
    AD12                 IBUFDS (Prop_ibufds_I_O)     0.470     0.470 r  pll_inst/inst/clkin1_ibufgds/O
                         net (fo=1, routed)           0.554     1.024    pll_inst/inst/clk_in1_pll
    PLLE2_ADV_X1Y1       PLLE2_ADV (Prop_plle2_adv_CLKIN1_CLKOUT1)
                                                     -3.524    -2.500 r  pll_inst/inst/plle2_adv_inst/CLKOUT1
                         net (fo=1, routed)           1.027    -1.473    pll_inst/inst/clk_out2_pll
    BUFGCTRL_X0Y0        BUFG (Prop_bufg_I_O)         0.030    -1.443 r  pll_inst/inst/clkout2_buf/O
                         net (fo=3836, routed)        0.894    -0.549    student_top_inst/u_RISCV_CORE/INST_MEM_UNIT/mem_wr_buffer_inst/clk
    SLICE_X3Y138         FDRE                                         r  student_top_inst/u_RISCV_CORE/INST_MEM_UNIT/mem_wr_buffer_inst/wr_data_buffer_reg[1]/C
                         clock pessimism              0.484    -0.066    
                         clock uncertainty            0.206     0.141    
    SLICE_X3Y138         FDRE (Hold_fdre_C_D)         0.060     0.201    student_top_inst/u_RISCV_CORE/INST_MEM_UNIT/mem_wr_buffer_inst/wr_data_buffer_reg[1]
  -------------------------------------------------------------------
                         required time                         -0.201    
                         arrival time                           0.470    
  -------------------------------------------------------------------
                         slack                                  0.269    

Slack (MET) :             0.291ns  (arrival time - required time)
  Source:                 student_top_inst/bridge_inst/counter_inst/perip_rdata_reg[11]/C
                            (rising edge-triggered cell FDRE clocked by clk_out1_pll  {rise@0.000ns fall@10.000ns period=20.000ns})
  Destination:            student_top_inst/u_RISCV_CORE/INST_MEM_UNIT/reg_wr_data_o_reg[11]/D
                            (rising edge-triggered cell FDCE clocked by clk_out2_pll  {rise@0.000ns fall@3.333ns period=6.667ns})
  Path Group:             clk_out2_pll
  Path Type:              Hold (Min at Fast Process Corner)
  Requirement:            0.000ns  (clk_out2_pll rise@0.000ns - clk_out1_pll rise@0.000ns)
  Data Path Delay:        0.878ns  (logic 0.184ns (20.956%)  route 0.694ns (79.044%))
  Logic Levels:           3  (LUT6=3)
  Clock Path Skew:        0.294ns (DCD - SCD - CPR)
    Destination Clock Delay (DCD):    -0.549ns
    Source Clock Delay      (SCD):    -0.360ns
    Clock Pessimism Removal (CPR):    -0.484ns
  Clock Uncertainty:      0.206ns  ((TSJ^2 + DJ^2)^1/2) / 2 + PE
    Total System Jitter     (TSJ):    0.071ns
    Discrete Jitter          (DJ):    0.157ns
    Phase Error              (PE):    0.120ns

    Location             Delay type                Incr(ns)  Path(ns)    Netlist Resource(s)
  -------------------------------------------------------------------    -------------------
                         (clock clk_out1_pll rise edge)
                                                      0.000     0.000 r  
    AD12                                              0.000     0.000 r  i_sys_clk_p (IN)
                         net (fo=0)                   0.000     0.000    pll_inst/inst/clk_in1_p
    AD12                 IBUFDS (Prop_ibufds_I_O)     0.388     0.388 r  pll_inst/inst/clkin1_ibufgds/O
                         net (fo=1, routed)           0.503     0.891    pll_inst/inst/clk_in1_pll
    PLLE2_ADV_X1Y1       PLLE2_ADV (Prop_plle2_adv_CLKIN1_CLKOUT0)
                                                     -2.908    -2.017 r  pll_inst/inst/plle2_adv_inst/CLKOUT0
                         net (fo=1, routed)           0.958    -1.059    pll_inst/inst/clk_out1_pll
    BUFGCTRL_X0Y1        BUFG (Prop_bufg_I_O)         0.026    -1.033 r  pll_inst/inst/clkout1_buf/O
                         net (fo=394, routed)         0.673    -0.360    student_top_inst/bridge_inst/counter_inst/cnt_ms_reg[31]_0
    SLICE_X4Y140         FDRE                                         r  student_top_inst/bridge_inst/counter_inst/perip_rdata_reg[11]/C
  -------------------------------------------------------------------    -------------------
    SLICE_X4Y140         FDRE (Prop_fdre_C_Q)         0.100    -0.260 r  student_top_inst/bridge_inst/counter_inst/perip_rdata_reg[11]/Q
                         net (fo=1, routed)           0.274     0.014    student_top_inst/bridge_inst/counter_inst/cnt_rdata[11]
    SLICE_X6Y140         LUT6 (Prop_lut6_I0_O)        0.028     0.042 r  student_top_inst/bridge_inst/counter_inst/u_RISCV_CORE_i_73/O
                         net (fo=1, routed)           0.235     0.278    student_top_inst/bridge_inst/dram_driver_inst/Mem_DRAM/reg_wr_data_o_reg[11]
    SLICE_X6Y140         LUT6 (Prop_lut6_I0_O)        0.028     0.306 r  student_top_inst/bridge_inst/dram_driver_inst/Mem_DRAM/ram_LUT6_6/O
                         net (fo=3, routed)           0.185     0.490    student_top_inst/u_RISCV_CORE/INST_EX_UNIT/mem_rd_data_i[11]
    SLICE_X6Y141         LUT6 (Prop_lut6_I4_O)        0.028     0.518 r  student_top_inst/u_RISCV_CORE/INST_EX_UNIT/reg_wr_data_o[11]_i_1__0/O
                         net (fo=1, routed)           0.000     0.518    student_top_inst/u_RISCV_CORE/INST_MEM_UNIT/reg_wr_data_o_reg[31]_2[11]
    SLICE_X6Y141         FDCE                                         r  student_top_inst/u_RISCV_CORE/INST_MEM_UNIT/reg_wr_data_o_reg[11]/D
  -------------------------------------------------------------------    -------------------

                         (clock clk_out2_pll rise edge)
                                                      0.000     0.000 r  
    AD12                                              0.000     0.000 r  i_sys_clk_p (IN)
                         net (fo=0)                   0.000     0.000    pll_inst/inst/clk_in1_p
    AD12                 IBUFDS (Prop_ibufds_I_O)     0.470     0.470 r  pll_inst/inst/clkin1_ibufgds/O
                         net (fo=1, routed)           0.554     1.024    pll_inst/inst/clk_in1_pll
    PLLE2_ADV_X1Y1       PLLE2_ADV (Prop_plle2_adv_CLKIN1_CLKOUT1)
                                                     -3.524    -2.500 r  pll_inst/inst/plle2_adv_inst/CLKOUT1
                         net (fo=1, routed)           1.027    -1.473    pll_inst/inst/clk_out2_pll
    BUFGCTRL_X0Y0        BUFG (Prop_bufg_I_O)         0.030    -1.443 r  pll_inst/inst/clkout2_buf/O
                         net (fo=3836, routed)        0.894    -0.549    student_top_inst/u_RISCV_CORE/INST_MEM_UNIT/clk
    SLICE_X6Y141         FDCE                                         r  student_top_inst/u_RISCV_CORE/INST_MEM_UNIT/reg_wr_data_o_reg[11]/C
                         clock pessimism              0.484    -0.066    
                         clock uncertainty            0.206     0.141    
    SLICE_X6Y141         FDCE (Hold_fdce_C_D)         0.087     0.228    student_top_inst/u_RISCV_CORE/INST_MEM_UNIT/reg_wr_data_o_reg[11]
  -------------------------------------------------------------------
                         required time                         -0.228    
                         arrival time                           0.518    
  -------------------------------------------------------------------
                         slack                                  0.291    

Slack (MET) :             0.297ns  (arrival time - required time)
  Source:                 student_top_inst/bridge_inst/counter_inst/perip_rdata_reg[4]/C
                            (rising edge-triggered cell FDRE clocked by clk_out1_pll  {rise@0.000ns fall@10.000ns period=20.000ns})
  Destination:            student_top_inst/u_RISCV_CORE/INST_MEM_UNIT/mem_wr_buffer_inst/wr_data_buffer_reg[4]/D
                            (rising edge-triggered cell FDRE clocked by clk_out2_pll  {rise@0.000ns fall@3.333ns period=6.667ns})
  Path Group:             clk_out2_pll
  Path Type:              Hold (Min at Fast Process Corner)
  Requirement:            0.000ns  (clk_out2_pll rise@0.000ns - clk_out1_pll rise@0.000ns)
  Data Path Delay:        0.860ns  (logic 0.184ns (21.402%)  route 0.676ns (78.598%))
  Logic Levels:           3  (LUT6=3)
  Clock Path Skew:        0.297ns (DCD - SCD - CPR)
    Destination Clock Delay (DCD):    -0.549ns
    Source Clock Delay      (SCD):    -0.363ns
    Clock Pessimism Removal (CPR):    -0.484ns
  Clock Uncertainty:      0.206ns  ((TSJ^2 + DJ^2)^1/2) / 2 + PE
    Total System Jitter     (TSJ):    0.071ns
    Discrete Jitter          (DJ):    0.157ns
    Phase Error              (PE):    0.120ns

    Location             Delay type                Incr(ns)  Path(ns)    Netlist Resource(s)
  -------------------------------------------------------------------    -------------------
                         (clock clk_out1_pll rise edge)
                                                      0.000     0.000 r  
    AD12                                              0.000     0.000 r  i_sys_clk_p (IN)
                         net (fo=0)                   0.000     0.000    pll_inst/inst/clk_in1_p
    AD12                 IBUFDS (Prop_ibufds_I_O)     0.388     0.388 r  pll_inst/inst/clkin1_ibufgds/O
                         net (fo=1, routed)           0.503     0.891    pll_inst/inst/clk_in1_pll
    PLLE2_ADV_X1Y1       PLLE2_ADV (Prop_plle2_adv_CLKIN1_CLKOUT0)
                                                     -2.908    -2.017 r  pll_inst/inst/plle2_adv_inst/CLKOUT0
                         net (fo=1, routed)           0.958    -1.059    pll_inst/inst/clk_out1_pll
    BUFGCTRL_X0Y1        BUFG (Prop_bufg_I_O)         0.026    -1.033 r  pll_inst/inst/clkout1_buf/O
                         net (fo=394, routed)         0.670    -0.363    student_top_inst/bridge_inst/counter_inst/cnt_ms_reg[31]_0
    SLICE_X7Y136         FDRE                                         r  student_top_inst/bridge_inst/counter_inst/perip_rdata_reg[4]/C
  -------------------------------------------------------------------    -------------------
    SLICE_X7Y136         FDRE (Prop_fdre_C_Q)         0.100    -0.263 r  student_top_inst/bridge_inst/counter_inst/perip_rdata_reg[4]/Q
                         net (fo=1, routed)           0.285     0.022    student_top_inst/bridge_inst/counter_inst/cnt_rdata[4]
    SLICE_X2Y140         LUT6 (Prop_lut6_I0_O)        0.028     0.050 r  student_top_inst/bridge_inst/counter_inst/u_RISCV_CORE_i_87/O
                         net (fo=1, routed)           0.181     0.231    student_top_inst/bridge_inst/dram_driver_inst/Mem_DRAM/wr_data_buffer_reg[4]_0
    SLICE_X3Y140         LUT6 (Prop_lut6_I2_O)        0.028     0.259 r  student_top_inst/bridge_inst/dram_driver_inst/Mem_DRAM/ram_LUT6_28/O
                         net (fo=2, routed)           0.210     0.469    student_top_inst/u_RISCV_CORE/INST_EX_UNIT/mem_rd_data_i[4]
    SLICE_X3Y139         LUT6 (Prop_lut6_I2_O)        0.028     0.497 r  student_top_inst/u_RISCV_CORE/INST_EX_UNIT/wr_data_buffer[4]_i_1/O
                         net (fo=1, routed)           0.000     0.497    student_top_inst/u_RISCV_CORE/INST_MEM_UNIT/mem_wr_buffer_inst/wr_data_mem_buffer[4]
    SLICE_X3Y139         FDRE                                         r  student_top_inst/u_RISCV_CORE/INST_MEM_UNIT/mem_wr_buffer_inst/wr_data_buffer_reg[4]/D
  -------------------------------------------------------------------    -------------------

                         (clock clk_out2_pll rise edge)
                                                      0.000     0.000 r  
    AD12                                              0.000     0.000 r  i_sys_clk_p (IN)
                         net (fo=0)                   0.000     0.000    pll_inst/inst/clk_in1_p
    AD12                 IBUFDS (Prop_ibufds_I_O)     0.470     0.470 r  pll_inst/inst/clkin1_ibufgds/O
                         net (fo=1, routed)           0.554     1.024    pll_inst/inst/clk_in1_pll
    PLLE2_ADV_X1Y1       PLLE2_ADV (Prop_plle2_adv_CLKIN1_CLKOUT1)
                                                     -3.524    -2.500 r  pll_inst/inst/plle2_adv_inst/CLKOUT1
                         net (fo=1, routed)           1.027    -1.473    pll_inst/inst/clk_out2_pll
    BUFGCTRL_X0Y0        BUFG (Prop_bufg_I_O)         0.030    -1.443 r  pll_inst/inst/clkout2_buf/O
                         net (fo=3836, routed)        0.894    -0.549    student_top_inst/u_RISCV_CORE/INST_MEM_UNIT/mem_wr_buffer_inst/clk
    SLICE_X3Y139         FDRE                                         r  student_top_inst/u_RISCV_CORE/INST_MEM_UNIT/mem_wr_buffer_inst/wr_data_buffer_reg[4]/C
                         clock pessimism              0.484    -0.066    
                         clock uncertainty            0.206     0.141    
    SLICE_X3Y139         FDRE (Hold_fdre_C_D)         0.060     0.201    student_top_inst/u_RISCV_CORE/INST_MEM_UNIT/mem_wr_buffer_inst/wr_data_buffer_reg[4]
  -------------------------------------------------------------------
                         required time                         -0.201    
                         arrival time                           0.497    
  -------------------------------------------------------------------
                         slack                                  0.297    

Slack (MET) :             0.308ns  (arrival time - required time)
  Source:                 student_top_inst/bridge_inst/counter_inst/perip_rdata_reg[3]/C
                            (rising edge-triggered cell FDRE clocked by clk_out1_pll  {rise@0.000ns fall@10.000ns period=20.000ns})
  Destination:            student_top_inst/u_RISCV_CORE/INST_MEM_UNIT/mem_wr_buffer_inst/wr_data_buffer_reg[3]/D
                            (rising edge-triggered cell FDRE clocked by clk_out2_pll  {rise@0.000ns fall@3.333ns period=6.667ns})
  Path Group:             clk_out2_pll
  Path Type:              Hold (Min at Fast Process Corner)
  Requirement:            0.000ns  (clk_out2_pll rise@0.000ns - clk_out1_pll rise@0.000ns)
  Data Path Delay:        0.894ns  (logic 0.184ns (20.584%)  route 0.710ns (79.417%))
  Logic Levels:           3  (LUT6=3)
  Clock Path Skew:        0.293ns (DCD - SCD - CPR)
    Destination Clock Delay (DCD):    -0.550ns
    Source Clock Delay      (SCD):    -0.360ns
    Clock Pessimism Removal (CPR):    -0.484ns
  Clock Uncertainty:      0.206ns  ((TSJ^2 + DJ^2)^1/2) / 2 + PE
    Total System Jitter     (TSJ):    0.071ns
    Discrete Jitter          (DJ):    0.157ns
    Phase Error              (PE):    0.120ns

    Location             Delay type                Incr(ns)  Path(ns)    Netlist Resource(s)
  -------------------------------------------------------------------    -------------------
                         (clock clk_out1_pll rise edge)
                                                      0.000     0.000 r  
    AD12                                              0.000     0.000 r  i_sys_clk_p (IN)
                         net (fo=0)                   0.000     0.000    pll_inst/inst/clk_in1_p
    AD12                 IBUFDS (Prop_ibufds_I_O)     0.388     0.388 r  pll_inst/inst/clkin1_ibufgds/O
                         net (fo=1, routed)           0.503     0.891    pll_inst/inst/clk_in1_pll
    PLLE2_ADV_X1Y1       PLLE2_ADV (Prop_plle2_adv_CLKIN1_CLKOUT0)
                                                     -2.908    -2.017 r  pll_inst/inst/plle2_adv_inst/CLKOUT0
                         net (fo=1, routed)           0.958    -1.059    pll_inst/inst/clk_out1_pll
    BUFGCTRL_X0Y1        BUFG (Prop_bufg_I_O)         0.026    -1.033 r  pll_inst/inst/clkout1_buf/O
                         net (fo=394, routed)         0.673    -0.360    student_top_inst/bridge_inst/counter_inst/cnt_ms_reg[31]_0
    SLICE_X1Y137         FDRE                                         r  student_top_inst/bridge_inst/counter_inst/perip_rdata_reg[3]/C
  -------------------------------------------------------------------    -------------------
    SLICE_X1Y137         FDRE (Prop_fdre_C_Q)         0.100    -0.260 r  student_top_inst/bridge_inst/counter_inst/perip_rdata_reg[3]/Q
                         net (fo=1, routed)           0.267     0.007    student_top_inst/bridge_inst/counter_inst/cnt_rdata[3]
    SLICE_X1Y139         LUT6 (Prop_lut6_I0_O)        0.028     0.035 r  student_top_inst/bridge_inst/counter_inst/u_RISCV_CORE_i_89/O
                         net (fo=1, routed)           0.215     0.250    student_top_inst/bridge_inst/dram_driver_inst/Mem_DRAM/wr_data_buffer_reg[3]_0
    SLICE_X4Y139         LUT6 (Prop_lut6_I2_O)        0.028     0.278 r  student_top_inst/bridge_inst/dram_driver_inst/Mem_DRAM/ram_LUT6_27/O
                         net (fo=2, routed)           0.228     0.506    student_top_inst/u_RISCV_CORE/INST_EX_UNIT/mem_rd_data_i[3]
    SLICE_X6Y139         LUT6 (Prop_lut6_I2_O)        0.028     0.534 r  student_top_inst/u_RISCV_CORE/INST_EX_UNIT/wr_data_buffer[3]_i_1/O
                         net (fo=1, routed)           0.000     0.534    student_top_inst/u_RISCV_CORE/INST_MEM_UNIT/mem_wr_buffer_inst/wr_data_mem_buffer[3]
    SLICE_X6Y139         FDRE                                         r  student_top_inst/u_RISCV_CORE/INST_MEM_UNIT/mem_wr_buffer_inst/wr_data_buffer_reg[3]/D
  -------------------------------------------------------------------    -------------------

                         (clock clk_out2_pll rise edge)
                                                      0.000     0.000 r  
    AD12                                              0.000     0.000 r  i_sys_clk_p (IN)
                         net (fo=0)                   0.000     0.000    pll_inst/inst/clk_in1_p
    AD12                 IBUFDS (Prop_ibufds_I_O)     0.470     0.470 r  pll_inst/inst/clkin1_ibufgds/O
                         net (fo=1, routed)           0.554     1.024    pll_inst/inst/clk_in1_pll
    PLLE2_ADV_X1Y1       PLLE2_ADV (Prop_plle2_adv_CLKIN1_CLKOUT1)
                                                     -3.524    -2.500 r  pll_inst/inst/plle2_adv_inst/CLKOUT1
                         net (fo=1, routed)           1.027    -1.473    pll_inst/inst/clk_out2_pll
    BUFGCTRL_X0Y0        BUFG (Prop_bufg_I_O)         0.030    -1.443 r  pll_inst/inst/clkout2_buf/O
                         net (fo=3836, routed)        0.893    -0.550    student_top_inst/u_RISCV_CORE/INST_MEM_UNIT/mem_wr_buffer_inst/clk
    SLICE_X6Y139         FDRE                                         r  student_top_inst/u_RISCV_CORE/INST_MEM_UNIT/mem_wr_buffer_inst/wr_data_buffer_reg[3]/C
                         clock pessimism              0.484    -0.067    
                         clock uncertainty            0.206     0.140    
    SLICE_X6Y139         FDRE (Hold_fdre_C_D)         0.087     0.227    student_top_inst/u_RISCV_CORE/INST_MEM_UNIT/mem_wr_buffer_inst/wr_data_buffer_reg[3]
  -------------------------------------------------------------------
                         required time                         -0.227    
                         arrival time                           0.534    
  -------------------------------------------------------------------
                         slack                                  0.308    

Slack (MET) :             0.335ns  (arrival time - required time)
  Source:                 student_top_inst/bridge_inst/counter_inst/perip_rdata_reg[13]/C
                            (rising edge-triggered cell FDRE clocked by clk_out1_pll  {rise@0.000ns fall@10.000ns period=20.000ns})
  Destination:            student_top_inst/u_RISCV_CORE/INST_MEM_UNIT/reg_wr_data_o_reg[13]/D
                            (rising edge-triggered cell FDCE clocked by clk_out2_pll  {rise@0.000ns fall@3.333ns period=6.667ns})
  Path Group:             clk_out2_pll
  Path Type:              Hold (Min at Fast Process Corner)
  Requirement:            0.000ns  (clk_out2_pll rise@0.000ns - clk_out1_pll rise@0.000ns)
  Data Path Delay:        0.919ns  (logic 0.184ns (20.030%)  route 0.735ns (79.970%))
  Logic Levels:           3  (LUT6=3)
  Clock Path Skew:        0.290ns (DCD - SCD - CPR)
    Destination Clock Delay (DCD):    -0.553ns
    Source Clock Delay      (SCD):    -0.360ns
    Clock Pessimism Removal (CPR):    -0.484ns
  Clock Uncertainty:      0.206ns  ((TSJ^2 + DJ^2)^1/2) / 2 + PE
    Total System Jitter     (TSJ):    0.071ns
    Discrete Jitter          (DJ):    0.157ns
    Phase Error              (PE):    0.120ns

    Location             Delay type                Incr(ns)  Path(ns)    Netlist Resource(s)
  -------------------------------------------------------------------    -------------------
                         (clock clk_out1_pll rise edge)
                                                      0.000     0.000 r  
    AD12                                              0.000     0.000 r  i_sys_clk_p (IN)
                         net (fo=0)                   0.000     0.000    pll_inst/inst/clk_in1_p
    AD12                 IBUFDS (Prop_ibufds_I_O)     0.388     0.388 r  pll_inst/inst/clkin1_ibufgds/O
                         net (fo=1, routed)           0.503     0.891    pll_inst/inst/clk_in1_pll
    PLLE2_ADV_X1Y1       PLLE2_ADV (Prop_plle2_adv_CLKIN1_CLKOUT0)
                                                     -2.908    -2.017 r  pll_inst/inst/plle2_adv_inst/CLKOUT0
                         net (fo=1, routed)           0.958    -1.059    pll_inst/inst/clk_out1_pll
    BUFGCTRL_X0Y1        BUFG (Prop_bufg_I_O)         0.026    -1.033 r  pll_inst/inst/clkout1_buf/O
                         net (fo=394, routed)         0.673    -0.360    student_top_inst/bridge_inst/counter_inst/cnt_ms_reg[31]_0
    SLICE_X4Y141         FDRE                                         r  student_top_inst/bridge_inst/counter_inst/perip_rdata_reg[13]/C
  -------------------------------------------------------------------    -------------------
    SLICE_X4Y141         FDRE (Prop_fdre_C_Q)         0.100    -0.260 r  student_top_inst/bridge_inst/counter_inst/perip_rdata_reg[13]/Q
                         net (fo=1, routed)           0.230    -0.030    student_top_inst/bridge_inst/counter_inst/cnt_rdata[13]
    SLICE_X3Y141         LUT6 (Prop_lut6_I0_O)        0.028    -0.002 r  student_top_inst/bridge_inst/counter_inst/u_RISCV_CORE_i_69/O
                         net (fo=1, routed)           0.150     0.149    student_top_inst/bridge_inst/dram_driver_inst/Mem_DRAM/reg_wr_data_o_reg[13]
    SLICE_X1Y141         LUT6 (Prop_lut6_I0_O)        0.028     0.177 r  student_top_inst/bridge_inst/dram_driver_inst/Mem_DRAM/ram_LUT6_8/O
                         net (fo=3, routed)           0.354     0.531    student_top_inst/u_RISCV_CORE/INST_EX_UNIT/mem_rd_data_i[13]
    SLICE_X6Y136         LUT6 (Prop_lut6_I4_O)        0.028     0.559 r  student_top_inst/u_RISCV_CORE/INST_EX_UNIT/reg_wr_data_o[13]_i_1__0/O
                         net (fo=1, routed)           0.000     0.559    student_top_inst/u_RISCV_CORE/INST_MEM_UNIT/reg_wr_data_o_reg[31]_2[13]
    SLICE_X6Y136         FDCE                                         r  student_top_inst/u_RISCV_CORE/INST_MEM_UNIT/reg_wr_data_o_reg[13]/D
  -------------------------------------------------------------------    -------------------

                         (clock clk_out2_pll rise edge)
                                                      0.000     0.000 r  
    AD12                                              0.000     0.000 r  i_sys_clk_p (IN)
                         net (fo=0)                   0.000     0.000    pll_inst/inst/clk_in1_p
    AD12                 IBUFDS (Prop_ibufds_I_O)     0.470     0.470 r  pll_inst/inst/clkin1_ibufgds/O
                         net (fo=1, routed)           0.554     1.024    pll_inst/inst/clk_in1_pll
    PLLE2_ADV_X1Y1       PLLE2_ADV (Prop_plle2_adv_CLKIN1_CLKOUT1)
                                                     -3.524    -2.500 r  pll_inst/inst/plle2_adv_inst/CLKOUT1
                         net (fo=1, routed)           1.027    -1.473    pll_inst/inst/clk_out2_pll
    BUFGCTRL_X0Y0        BUFG (Prop_bufg_I_O)         0.030    -1.443 r  pll_inst/inst/clkout2_buf/O
                         net (fo=3836, routed)        0.890    -0.553    student_top_inst/u_RISCV_CORE/INST_MEM_UNIT/clk
    SLICE_X6Y136         FDCE                                         r  student_top_inst/u_RISCV_CORE/INST_MEM_UNIT/reg_wr_data_o_reg[13]/C
                         clock pessimism              0.484    -0.070    
                         clock uncertainty            0.206     0.137    
    SLICE_X6Y136         FDCE (Hold_fdce_C_D)         0.087     0.224    student_top_inst/u_RISCV_CORE/INST_MEM_UNIT/reg_wr_data_o_reg[13]
  -------------------------------------------------------------------
                         required time                         -0.224    
                         arrival time                           0.559    
  -------------------------------------------------------------------
                         slack                                  0.335    





--------------------------------------------------------------------------------------
Path Group:  (none)
From Clock:  clk_out1_pll
  To Clock:  

Max Delay             1 Endpoint
Min Delay             1 Endpoint
--------------------------------------------------------------------------------------


Max Delay Paths
--------------------------------------------------------------------------------------
Slack:                    inf
  Source:                 uart_inst/tx_reg/C
                            (rising edge-triggered cell FDPE clocked by clk_out1_pll  {rise@0.000ns fall@10.000ns period=20.000ns})
  Destination:            o_uart_tx
                            (output port)
  Path Group:             (none)
  Path Type:              Max at Slow Process Corner
  Data Path Delay:        6.502ns  (logic 3.539ns (54.430%)  route 2.963ns (45.570%))
  Logic Levels:           1  (OBUF=1)
  Clock Uncertainty:      0.188ns  ((TSJ^2 + DJ^2)^1/2) / 2 + PE
    Total System Jitter     (TSJ):    0.050ns
    Discrete Jitter          (DJ):    0.157ns
    Phase Error              (PE):    0.105ns

    Location             Delay type                Incr(ns)  Path(ns)    Netlist Resource(s)
  -------------------------------------------------------------------    -------------------
                         (clock clk_out1_pll rise edge)
                                                      0.000     0.000 r  
    AD12                                              0.000     0.000 r  i_sys_clk_p (IN)
                         net (fo=0)                   0.000     0.000    pll_inst/inst/clk_in1_p
    AD12                 IBUFDS (Prop_ibufds_I_O)     0.906     0.906 r  pll_inst/inst/clkin1_ibufgds/O
                         net (fo=1, routed)           1.098     2.004    pll_inst/inst/clk_in1_pll
    PLLE2_ADV_X1Y1       PLLE2_ADV (Prop_plle2_adv_CLKIN1_CLKOUT0)
                                                     -8.058    -6.054 r  pll_inst/inst/plle2_adv_inst/CLKOUT0
                         net (fo=1, routed)           2.128    -3.926    pll_inst/inst/clk_out1_pll
    BUFGCTRL_X0Y1        BUFG (Prop_bufg_I_O)         0.093    -3.833 r  pll_inst/inst/clkout1_buf/O
                         net (fo=394, routed)         1.355    -2.478    uart_inst/clk_out1
    SLICE_X4Y154         FDPE                                         r  uart_inst/tx_reg/C
  -------------------------------------------------------------------    -------------------
    SLICE_X4Y154         FDPE (Prop_fdpe_C_Q)         0.223    -2.255 r  uart_inst/tx_reg/Q
                         net (fo=1, routed)           2.963     0.707    o_uart_tx_OBUF
    D17                  OBUF (Prop_obuf_I_O)         3.316     4.023 r  o_uart_tx_OBUF_inst/O
                         net (fo=0)                   0.000     4.023    o_uart_tx
    D17                                                               r  o_uart_tx (OUT)
  -------------------------------------------------------------------    -------------------





Min Delay Paths
--------------------------------------------------------------------------------------
Slack:                    inf
  Source:                 uart_inst/tx_reg/C
                            (rising edge-triggered cell FDPE clocked by clk_out1_pll  {rise@0.000ns fall@10.000ns period=20.000ns})
  Destination:            o_uart_tx
                            (output port)
  Path Group:             (none)
  Path Type:              Min at Fast Process Corner
  Data Path Delay:        2.807ns  (logic 1.524ns (54.269%)  route 1.284ns (45.731%))
  Logic Levels:           1  (OBUF=1)
  Clock Uncertainty:      0.188ns  ((TSJ^2 + DJ^2)^1/2) / 2 + PE
    Total System Jitter     (TSJ):    0.050ns
    Discrete Jitter          (DJ):    0.157ns
    Phase Error              (PE):    0.105ns

    Location             Delay type                Incr(ns)  Path(ns)    Netlist Resource(s)
  -------------------------------------------------------------------    -------------------
                         (clock clk_out1_pll rise edge)
                                                      0.000     0.000 r  
    AD12                                              0.000     0.000 r  i_sys_clk_p (IN)
                         net (fo=0)                   0.000     0.000    pll_inst/inst/clk_in1_p
    AD12                 IBUFDS (Prop_ibufds_I_O)     0.388     0.388 r  pll_inst/inst/clkin1_ibufgds/O
                         net (fo=1, routed)           0.503     0.891    pll_inst/inst/clk_in1_pll
    PLLE2_ADV_X1Y1       PLLE2_ADV (Prop_plle2_adv_CLKIN1_CLKOUT0)
                                                     -2.908    -2.017 r  pll_inst/inst/plle2_adv_inst/CLKOUT0
                         net (fo=1, routed)           0.958    -1.059    pll_inst/inst/clk_out1_pll
    BUFGCTRL_X0Y1        BUFG (Prop_bufg_I_O)         0.026    -1.033 r  pll_inst/inst/clkout1_buf/O
                         net (fo=394, routed)         0.622    -0.411    uart_inst/clk_out1
    SLICE_X4Y154         FDPE                                         r  uart_inst/tx_reg/C
  -------------------------------------------------------------------    -------------------
    SLICE_X4Y154         FDPE (Prop_fdpe_C_Q)         0.100    -0.311 r  uart_inst/tx_reg/Q
                         net (fo=1, routed)           1.284     0.973    o_uart_tx_OBUF
    D17                  OBUF (Prop_obuf_I_O)         1.424     2.397 r  o_uart_tx_OBUF_inst/O
                         net (fo=0)                   0.000     2.397    o_uart_tx
    D17                                                               r  o_uart_tx (OUT)
  -------------------------------------------------------------------    -------------------





--------------------------------------------------------------------------------------
Path Group:  (none)
From Clock:  clk_out2_pll
  To Clock:  

Max Delay            69 Endpoints
Min Delay            69 Endpoints
--------------------------------------------------------------------------------------


Max Delay Paths
--------------------------------------------------------------------------------------
Slack:                    inf
  Source:                 student_top_inst/bridge_inst/seg_driver/count_reg[4]/C
                            (rising edge-triggered cell FDCE clocked by clk_out2_pll  {rise@0.000ns fall@3.333ns period=6.667ns})
  Destination:            virtual_seg[14]
                            (output port)
  Path Group:             (none)
  Path Type:              Max at Slow Process Corner
  Data Path Delay:        10.165ns  (logic 2.811ns (27.656%)  route 7.354ns (72.344%))
  Logic Levels:           3  (LUT3=1 LUT6=1 OBUF=1)
  Clock Uncertainty:      0.173ns  ((TSJ^2 + DJ^2)^1/2) / 2 + PE
    Total System Jitter     (TSJ):    0.050ns
    Discrete Jitter          (DJ):    0.126ns
    Phase Error              (PE):    0.105ns

    Location             Delay type                Incr(ns)  Path(ns)    Netlist Resource(s)
  -------------------------------------------------------------------    -------------------
                         (clock clk_out2_pll rise edge)
                                                      0.000     0.000 r  
    AD12                                              0.000     0.000 r  i_sys_clk_p (IN)
                         net (fo=0)                   0.000     0.000    pll_inst/inst/clk_in1_p
    AD12                 IBUFDS (Prop_ibufds_I_O)     0.906     0.906 r  pll_inst/inst/clkin1_ibufgds/O
                         net (fo=1, routed)           1.098     2.004    pll_inst/inst/clk_in1_pll
    PLLE2_ADV_X1Y1       PLLE2_ADV (Prop_plle2_adv_CLKIN1_CLKOUT1)
                                                     -8.058    -6.054 r  pll_inst/inst/plle2_adv_inst/CLKOUT1
                         net (fo=1, routed)           2.128    -3.926    pll_inst/inst/clk_out2_pll
    BUFGCTRL_X0Y0        BUFG (Prop_bufg_I_O)         0.093    -3.833 r  pll_inst/inst/clkout2_buf/O
                         net (fo=3836, routed)        1.527    -2.306    student_top_inst/bridge_inst/seg_driver/clk
    SLICE_X2Y142         FDCE                                         r  student_top_inst/bridge_inst/seg_driver/count_reg[4]/C
  -------------------------------------------------------------------    -------------------
    SLICE_X2Y142         FDCE (Prop_fdce_C_Q)         0.236    -2.070 r  student_top_inst/bridge_inst/seg_driver/count_reg[4]/Q
                         net (fo=51, routed)          1.463    -0.607    student_top_inst/bridge_inst/seg_driver/ans[0]
    SLICE_X1Y148         LUT3 (Prop_lut3_I1_O)        0.126    -0.481 f  student_top_inst/bridge_inst/seg_driver/seg2[5]_INST_0_i_1/O
                         net (fo=6, routed)           0.793     0.312    student_top_inst/bridge_inst/seg_driver/seg2[5]_INST_0_i_1_n_0
    SLICE_X0Y150         LUT6 (Prop_lut6_I5_O)        0.043     0.355 r  student_top_inst/bridge_inst/seg_driver/seg2[4]_INST_0/O
                         net (fo=2, routed)           5.098     5.453    virtual_seg_OBUF[14]
    J11                  OBUF (Prop_obuf_I_O)         2.406     7.859 r  virtual_seg_OBUF[14]_inst/O
                         net (fo=0)                   0.000     7.859    virtual_seg[14]
    J11                                                               r  virtual_seg[14] (OUT)
  -------------------------------------------------------------------    -------------------

Slack:                    inf
  Source:                 student_top_inst/bridge_inst/seg_driver/count_reg[4]/C
                            (rising edge-triggered cell FDCE clocked by clk_out2_pll  {rise@0.000ns fall@3.333ns period=6.667ns})
  Destination:            virtual_seg[15]
                            (output port)
  Path Group:             (none)
  Path Type:              Max at Slow Process Corner
  Data Path Delay:        10.144ns  (logic 2.803ns (27.632%)  route 7.341ns (72.368%))
  Logic Levels:           3  (LUT3=1 LUT6=1 OBUF=1)
  Clock Uncertainty:      0.173ns  ((TSJ^2 + DJ^2)^1/2) / 2 + PE
    Total System Jitter     (TSJ):    0.050ns
    Discrete Jitter          (DJ):    0.126ns
    Phase Error              (PE):    0.105ns

    Location             Delay type                Incr(ns)  Path(ns)    Netlist Resource(s)
  -------------------------------------------------------------------    -------------------
                         (clock clk_out2_pll rise edge)
                                                      0.000     0.000 r  
    AD12                                              0.000     0.000 r  i_sys_clk_p (IN)
                         net (fo=0)                   0.000     0.000    pll_inst/inst/clk_in1_p
    AD12                 IBUFDS (Prop_ibufds_I_O)     0.906     0.906 r  pll_inst/inst/clkin1_ibufgds/O
                         net (fo=1, routed)           1.098     2.004    pll_inst/inst/clk_in1_pll
    PLLE2_ADV_X1Y1       PLLE2_ADV (Prop_plle2_adv_CLKIN1_CLKOUT1)
                                                     -8.058    -6.054 r  pll_inst/inst/plle2_adv_inst/CLKOUT1
                         net (fo=1, routed)           2.128    -3.926    pll_inst/inst/clk_out2_pll
    BUFGCTRL_X0Y0        BUFG (Prop_bufg_I_O)         0.093    -3.833 r  pll_inst/inst/clkout2_buf/O
                         net (fo=3836, routed)        1.527    -2.306    student_top_inst/bridge_inst/seg_driver/clk
    SLICE_X2Y142         FDCE                                         r  student_top_inst/bridge_inst/seg_driver/count_reg[4]/C
  -------------------------------------------------------------------    -------------------
    SLICE_X2Y142         FDCE (Prop_fdce_C_Q)         0.236    -2.070 r  student_top_inst/bridge_inst/seg_driver/count_reg[4]/Q
                         net (fo=51, routed)          1.463    -0.607    student_top_inst/bridge_inst/seg_driver/ans[0]
    SLICE_X1Y148         LUT3 (Prop_lut3_I1_O)        0.126    -0.481 f  student_top_inst/bridge_inst/seg_driver/seg2[5]_INST_0_i_1/O
                         net (fo=6, routed)           0.717     0.235    student_top_inst/bridge_inst/seg_driver/seg2[5]_INST_0_i_1_n_0
    SLICE_X0Y149         LUT6 (Prop_lut6_I2_O)        0.043     0.278 r  student_top_inst/bridge_inst/seg_driver/seg2[5]_INST_0/O
                         net (fo=2, routed)           5.161     5.439    virtual_seg_OBUF[15]
    H12                  OBUF (Prop_obuf_I_O)         2.398     7.837 r  virtual_seg_OBUF[15]_inst/O
                         net (fo=0)                   0.000     7.837    virtual_seg[15]
    H12                                                               r  virtual_seg[15] (OUT)
  -------------------------------------------------------------------    -------------------

Slack:                    inf
  Source:                 student_top_inst/bridge_inst/seg_driver/count_reg[4]/C
                            (rising edge-triggered cell FDCE clocked by clk_out2_pll  {rise@0.000ns fall@3.333ns period=6.667ns})
  Destination:            virtual_seg[11]
                            (output port)
  Path Group:             (none)
  Path Type:              Max at Slow Process Corner
  Data Path Delay:        9.635ns  (logic 2.804ns (29.105%)  route 6.831ns (70.895%))
  Logic Levels:           3  (LUT3=1 LUT6=1 OBUF=1)
  Clock Uncertainty:      0.173ns  ((TSJ^2 + DJ^2)^1/2) / 2 + PE
    Total System Jitter     (TSJ):    0.050ns
    Discrete Jitter          (DJ):    0.126ns
    Phase Error              (PE):    0.105ns

    Location             Delay type                Incr(ns)  Path(ns)    Netlist Resource(s)
  -------------------------------------------------------------------    -------------------
                         (clock clk_out2_pll rise edge)
                                                      0.000     0.000 r  
    AD12                                              0.000     0.000 r  i_sys_clk_p (IN)
                         net (fo=0)                   0.000     0.000    pll_inst/inst/clk_in1_p
    AD12                 IBUFDS (Prop_ibufds_I_O)     0.906     0.906 r  pll_inst/inst/clkin1_ibufgds/O
                         net (fo=1, routed)           1.098     2.004    pll_inst/inst/clk_in1_pll
    PLLE2_ADV_X1Y1       PLLE2_ADV (Prop_plle2_adv_CLKIN1_CLKOUT1)
                                                     -8.058    -6.054 r  pll_inst/inst/plle2_adv_inst/CLKOUT1
                         net (fo=1, routed)           2.128    -3.926    pll_inst/inst/clk_out2_pll
    BUFGCTRL_X0Y0        BUFG (Prop_bufg_I_O)         0.093    -3.833 r  pll_inst/inst/clkout2_buf/O
                         net (fo=3836, routed)        1.527    -2.306    student_top_inst/bridge_inst/seg_driver/clk
    SLICE_X2Y142         FDCE                                         r  student_top_inst/bridge_inst/seg_driver/count_reg[4]/C
  -------------------------------------------------------------------    -------------------
    SLICE_X2Y142         FDCE (Prop_fdce_C_Q)         0.236    -2.070 r  student_top_inst/bridge_inst/seg_driver/count_reg[4]/Q
                         net (fo=51, routed)          1.463    -0.607    student_top_inst/bridge_inst/seg_driver/ans[0]
    SLICE_X1Y148         LUT3 (Prop_lut3_I1_O)        0.126    -0.481 r  student_top_inst/bridge_inst/seg_driver/seg2[5]_INST_0_i_1/O
                         net (fo=6, routed)           0.711     0.230    student_top_inst/bridge_inst/seg_driver/seg2[5]_INST_0_i_1_n_0
    SLICE_X1Y149         LUT6 (Prop_lut6_I4_O)        0.043     0.273 r  student_top_inst/bridge_inst/seg_driver/seg2[1]_INST_0/O
                         net (fo=2, routed)           4.657     4.930    virtual_seg_OBUF[11]
    H11                  OBUF (Prop_obuf_I_O)         2.399     7.329 r  virtual_seg_OBUF[11]_inst/O
                         net (fo=0)                   0.000     7.329    virtual_seg[11]
    H11                                                               r  virtual_seg[11] (OUT)
  -------------------------------------------------------------------    -------------------

Slack:                    inf
  Source:                 student_top_inst/bridge_inst/seg_driver/count_reg[4]/C
                            (rising edge-triggered cell FDCE clocked by clk_out2_pll  {rise@0.000ns fall@3.333ns period=6.667ns})
  Destination:            virtual_seg[8]
                            (output port)
  Path Group:             (none)
  Path Type:              Max at Slow Process Corner
  Data Path Delay:        9.188ns  (logic 2.710ns (29.495%)  route 6.478ns (70.505%))
  Logic Levels:           1  (OBUF=1)
  Clock Uncertainty:      0.173ns  ((TSJ^2 + DJ^2)^1/2) / 2 + PE
    Total System Jitter     (TSJ):    0.050ns
    Discrete Jitter          (DJ):    0.126ns
    Phase Error              (PE):    0.105ns

    Location             Delay type                Incr(ns)  Path(ns)    Netlist Resource(s)
  -------------------------------------------------------------------    -------------------
                         (clock clk_out2_pll rise edge)
                                                      0.000     0.000 r  
    AD12                                              0.000     0.000 r  i_sys_clk_p (IN)
                         net (fo=0)                   0.000     0.000    pll_inst/inst/clk_in1_p
    AD12                 IBUFDS (Prop_ibufds_I_O)     0.906     0.906 r  pll_inst/inst/clkin1_ibufgds/O
                         net (fo=1, routed)           1.098     2.004    pll_inst/inst/clk_in1_pll
    PLLE2_ADV_X1Y1       PLLE2_ADV (Prop_plle2_adv_CLKIN1_CLKOUT1)
                                                     -8.058    -6.054 r  pll_inst/inst/plle2_adv_inst/CLKOUT1
                         net (fo=1, routed)           2.128    -3.926    pll_inst/inst/clk_out2_pll
    BUFGCTRL_X0Y0        BUFG (Prop_bufg_I_O)         0.093    -3.833 r  pll_inst/inst/clkout2_buf/O
                         net (fo=3836, routed)        1.527    -2.306    student_top_inst/bridge_inst/seg_driver/clk
    SLICE_X2Y142         FDCE                                         r  student_top_inst/bridge_inst/seg_driver/count_reg[4]/C
  -------------------------------------------------------------------    -------------------
    SLICE_X2Y142         FDCE (Prop_fdce_C_Q)         0.236    -2.070 r  student_top_inst/bridge_inst/seg_driver/count_reg[4]/Q
                         net (fo=51, routed)          6.478     4.408    virtual_seg_OBUF[8]
    L13                  OBUF (Prop_obuf_I_O)         2.474     6.882 r  virtual_seg_OBUF[8]_inst/O
                         net (fo=0)                   0.000     6.882    virtual_seg[8]
    L13                                                               r  virtual_seg[8] (OUT)
  -------------------------------------------------------------------    -------------------

Slack:                    inf
  Source:                 student_top_inst/bridge_inst/seg_driver/count_reg[4]/C
                            (rising edge-triggered cell FDCE clocked by clk_out2_pll  {rise@0.000ns fall@3.333ns period=6.667ns})
  Destination:            virtual_seg[1]
                            (output port)
  Path Group:             (none)
  Path Type:              Max at Slow Process Corner
  Data Path Delay:        9.048ns  (logic 2.877ns (31.796%)  route 6.171ns (68.204%))
  Logic Levels:           3  (LUT3=1 LUT6=1 OBUF=1)
  Clock Uncertainty:      0.173ns  ((TSJ^2 + DJ^2)^1/2) / 2 + PE
    Total System Jitter     (TSJ):    0.050ns
    Discrete Jitter          (DJ):    0.126ns
    Phase Error              (PE):    0.105ns

    Location             Delay type                Incr(ns)  Path(ns)    Netlist Resource(s)
  -------------------------------------------------------------------    -------------------
                         (clock clk_out2_pll rise edge)
                                                      0.000     0.000 r  
    AD12                                              0.000     0.000 r  i_sys_clk_p (IN)
                         net (fo=0)                   0.000     0.000    pll_inst/inst/clk_in1_p
    AD12                 IBUFDS (Prop_ibufds_I_O)     0.906     0.906 r  pll_inst/inst/clkin1_ibufgds/O
                         net (fo=1, routed)           1.098     2.004    pll_inst/inst/clk_in1_pll
    PLLE2_ADV_X1Y1       PLLE2_ADV (Prop_plle2_adv_CLKIN1_CLKOUT1)
                                                     -8.058    -6.054 r  pll_inst/inst/plle2_adv_inst/CLKOUT1
                         net (fo=1, routed)           2.128    -3.926    pll_inst/inst/clk_out2_pll
    BUFGCTRL_X0Y0        BUFG (Prop_bufg_I_O)         0.093    -3.833 r  pll_inst/inst/clkout2_buf/O
                         net (fo=3836, routed)        1.527    -2.306    student_top_inst/bridge_inst/seg_driver/clk
    SLICE_X2Y142         FDCE                                         r  student_top_inst/bridge_inst/seg_driver/count_reg[4]/C
  -------------------------------------------------------------------    -------------------
    SLICE_X2Y142         FDCE (Prop_fdce_C_Q)         0.236    -2.070 r  student_top_inst/bridge_inst/seg_driver/count_reg[4]/Q
                         net (fo=51, routed)          0.813    -1.258    student_top_inst/bridge_inst/seg_driver/ans[0]
    SLICE_X8Y147         LUT3 (Prop_lut3_I1_O)        0.134    -1.124 f  student_top_inst/bridge_inst/seg_driver/seg1[6]_INST_0_i_2/O
                         net (fo=7, routed)           1.088    -0.035    student_top_inst/bridge_inst/seg_driver/sel0[2]
    SLICE_X1Y147         LUT6 (Prop_lut6_I5_O)        0.134     0.099 r  student_top_inst/bridge_inst/seg_driver/seg1[1]_INST_0/O
                         net (fo=2, routed)           4.270     4.369    virtual_seg_OBUF[1]
    L15                  OBUF (Prop_obuf_I_O)         2.373     6.742 r  virtual_seg_OBUF[1]_inst/O
                         net (fo=0)                   0.000     6.742    virtual_seg[1]
    L15                                                               r  virtual_seg[1] (OUT)
  -------------------------------------------------------------------    -------------------

Slack:                    inf
  Source:                 student_top_inst/bridge_inst/seg_driver/count_reg[4]/C
                            (rising edge-triggered cell FDCE clocked by clk_out2_pll  {rise@0.000ns fall@3.333ns period=6.667ns})
  Destination:            virtual_seg[18]
                            (output port)
  Path Group:             (none)
  Path Type:              Max at Slow Process Corner
  Data Path Delay:        8.989ns  (logic 2.704ns (30.081%)  route 6.285ns (69.919%))
  Logic Levels:           1  (OBUF=1)
  Clock Uncertainty:      0.173ns  ((TSJ^2 + DJ^2)^1/2) / 2 + PE
    Total System Jitter     (TSJ):    0.050ns
    Discrete Jitter          (DJ):    0.126ns
    Phase Error              (PE):    0.105ns

    Location             Delay type                Incr(ns)  Path(ns)    Netlist Resource(s)
  -------------------------------------------------------------------    -------------------
                         (clock clk_out2_pll rise edge)
                                                      0.000     0.000 r  
    AD12                                              0.000     0.000 r  i_sys_clk_p (IN)
                         net (fo=0)                   0.000     0.000    pll_inst/inst/clk_in1_p
    AD12                 IBUFDS (Prop_ibufds_I_O)     0.906     0.906 r  pll_inst/inst/clkin1_ibufgds/O
                         net (fo=1, routed)           1.098     2.004    pll_inst/inst/clk_in1_pll
    PLLE2_ADV_X1Y1       PLLE2_ADV (Prop_plle2_adv_CLKIN1_CLKOUT1)
                                                     -8.058    -6.054 r  pll_inst/inst/plle2_adv_inst/CLKOUT1
                         net (fo=1, routed)           2.128    -3.926    pll_inst/inst/clk_out2_pll
    BUFGCTRL_X0Y0        BUFG (Prop_bufg_I_O)         0.093    -3.833 r  pll_inst/inst/clkout2_buf/O
                         net (fo=3836, routed)        1.527    -2.306    student_top_inst/bridge_inst/seg_driver/clk
    SLICE_X2Y142         FDCE                                         r  student_top_inst/bridge_inst/seg_driver/count_reg[4]/C
  -------------------------------------------------------------------    -------------------
    SLICE_X2Y142         FDCE (Prop_fdce_C_Q)         0.236    -2.070 r  student_top_inst/bridge_inst/seg_driver/count_reg[4]/Q
                         net (fo=51, routed)          6.285     4.215    virtual_seg_OBUF[18]
    J14                  OBUF (Prop_obuf_I_O)         2.468     6.683 r  virtual_seg_OBUF[18]_inst/O
                         net (fo=0)                   0.000     6.683    virtual_seg[18]
    J14                                                               r  virtual_seg[18] (OUT)
  -------------------------------------------------------------------    -------------------

Slack:                    inf
  Source:                 student_top_inst/bridge_inst/seg_driver/count_reg[4]/C
                            (rising edge-triggered cell FDCE clocked by clk_out2_pll  {rise@0.000ns fall@3.333ns period=6.667ns})
  Destination:            virtual_seg[3]
                            (output port)
  Path Group:             (none)
  Path Type:              Max at Slow Process Corner
  Data Path Delay:        8.880ns  (logic 2.888ns (32.521%)  route 5.992ns (67.479%))
  Logic Levels:           3  (LUT3=1 LUT6=1 OBUF=1)
  Clock Uncertainty:      0.173ns  ((TSJ^2 + DJ^2)^1/2) / 2 + PE
    Total System Jitter     (TSJ):    0.050ns
    Discrete Jitter          (DJ):    0.126ns
    Phase Error              (PE):    0.105ns

    Location             Delay type                Incr(ns)  Path(ns)    Netlist Resource(s)
  -------------------------------------------------------------------    -------------------
                         (clock clk_out2_pll rise edge)
                                                      0.000     0.000 r  
    AD12                                              0.000     0.000 r  i_sys_clk_p (IN)
                         net (fo=0)                   0.000     0.000    pll_inst/inst/clk_in1_p
    AD12                 IBUFDS (Prop_ibufds_I_O)     0.906     0.906 r  pll_inst/inst/clkin1_ibufgds/O
                         net (fo=1, routed)           1.098     2.004    pll_inst/inst/clk_in1_pll
    PLLE2_ADV_X1Y1       PLLE2_ADV (Prop_plle2_adv_CLKIN1_CLKOUT1)
                                                     -8.058    -6.054 r  pll_inst/inst/plle2_adv_inst/CLKOUT1
                         net (fo=1, routed)           2.128    -3.926    pll_inst/inst/clk_out2_pll
    BUFGCTRL_X0Y0        BUFG (Prop_bufg_I_O)         0.093    -3.833 r  pll_inst/inst/clkout2_buf/O
                         net (fo=3836, routed)        1.527    -2.306    student_top_inst/bridge_inst/seg_driver/clk
    SLICE_X2Y142         FDCE                                         r  student_top_inst/bridge_inst/seg_driver/count_reg[4]/C
  -------------------------------------------------------------------    -------------------
    SLICE_X2Y142         FDCE (Prop_fdce_C_Q)         0.236    -2.070 r  student_top_inst/bridge_inst/seg_driver/count_reg[4]/Q
                         net (fo=51, routed)          0.813    -1.258    student_top_inst/bridge_inst/seg_driver/ans[0]
    SLICE_X8Y147         LUT3 (Prop_lut3_I1_O)        0.134    -1.124 r  student_top_inst/bridge_inst/seg_driver/seg1[6]_INST_0_i_2/O
                         net (fo=7, routed)           0.650    -0.473    student_top_inst/bridge_inst/seg_driver/sel0[2]
    SLICE_X1Y147         LUT6 (Prop_lut6_I1_O)        0.134    -0.339 r  student_top_inst/bridge_inst/seg_driver/seg1[3]_INST_0/O
                         net (fo=2, routed)           4.530     4.190    virtual_seg_OBUF[3]
    J16                  OBUF (Prop_obuf_I_O)         2.384     6.574 r  virtual_seg_OBUF[3]_inst/O
                         net (fo=0)                   0.000     6.574    virtual_seg[3]
    J16                                                               r  virtual_seg[3] (OUT)
  -------------------------------------------------------------------    -------------------

Slack:                    inf
  Source:                 student_top_inst/bridge_inst/seg_driver/count_reg[4]/C
                            (rising edge-triggered cell FDCE clocked by clk_out2_pll  {rise@0.000ns fall@3.333ns period=6.667ns})
  Destination:            virtual_seg[12]
                            (output port)
  Path Group:             (none)
  Path Type:              Max at Slow Process Corner
  Data Path Delay:        8.625ns  (logic 2.805ns (32.524%)  route 5.820ns (67.476%))
  Logic Levels:           3  (LUT3=1 LUT6=1 OBUF=1)
  Clock Uncertainty:      0.173ns  ((TSJ^2 + DJ^2)^1/2) / 2 + PE
    Total System Jitter     (TSJ):    0.050ns
    Discrete Jitter          (DJ):    0.126ns
    Phase Error              (PE):    0.105ns

    Location             Delay type                Incr(ns)  Path(ns)    Netlist Resource(s)
  -------------------------------------------------------------------    -------------------
                         (clock clk_out2_pll rise edge)
                                                      0.000     0.000 r  
    AD12                                              0.000     0.000 r  i_sys_clk_p (IN)
                         net (fo=0)                   0.000     0.000    pll_inst/inst/clk_in1_p
    AD12                 IBUFDS (Prop_ibufds_I_O)     0.906     0.906 r  pll_inst/inst/clkin1_ibufgds/O
                         net (fo=1, routed)           1.098     2.004    pll_inst/inst/clk_in1_pll
    PLLE2_ADV_X1Y1       PLLE2_ADV (Prop_plle2_adv_CLKIN1_CLKOUT1)
                                                     -8.058    -6.054 r  pll_inst/inst/plle2_adv_inst/CLKOUT1
                         net (fo=1, routed)           2.128    -3.926    pll_inst/inst/clk_out2_pll
    BUFGCTRL_X0Y0        BUFG (Prop_bufg_I_O)         0.093    -3.833 r  pll_inst/inst/clkout2_buf/O
                         net (fo=3836, routed)        1.527    -2.306    student_top_inst/bridge_inst/seg_driver/clk
    SLICE_X2Y142         FDCE                                         r  student_top_inst/bridge_inst/seg_driver/count_reg[4]/C
  -------------------------------------------------------------------    -------------------
    SLICE_X2Y142         FDCE (Prop_fdce_C_Q)         0.236    -2.070 r  student_top_inst/bridge_inst/seg_driver/count_reg[4]/Q
                         net (fo=51, routed)          1.463    -0.607    student_top_inst/bridge_inst/seg_driver/ans[0]
    SLICE_X1Y148         LUT3 (Prop_lut3_I1_O)        0.126    -0.481 r  student_top_inst/bridge_inst/seg_driver/seg2[5]_INST_0_i_1/O
                         net (fo=6, routed)           0.660     0.179    student_top_inst/bridge_inst/seg_driver/seg2[5]_INST_0_i_1_n_0
    SLICE_X0Y150         LUT6 (Prop_lut6_I5_O)        0.043     0.222 r  student_top_inst/bridge_inst/seg_driver/seg2[2]_INST_0/O
                         net (fo=2, routed)           3.697     3.918    virtual_seg_OBUF[12]
    J12                  OBUF (Prop_obuf_I_O)         2.400     6.319 r  virtual_seg_OBUF[12]_inst/O
                         net (fo=0)                   0.000     6.319    virtual_seg[12]
    J12                                                               r  virtual_seg[12] (OUT)
  -------------------------------------------------------------------    -------------------

Slack:                    inf
  Source:                 student_top_inst/bridge_inst/seg_driver/count_reg[4]/C
                            (rising edge-triggered cell FDCE clocked by clk_out2_pll  {rise@0.000ns fall@3.333ns period=6.667ns})
  Destination:            virtual_seg[13]
                            (output port)
  Path Group:             (none)
  Path Type:              Max at Slow Process Corner
  Data Path Delay:        8.486ns  (logic 2.814ns (33.159%)  route 5.672ns (66.841%))
  Logic Levels:           3  (LUT3=1 LUT6=1 OBUF=1)
  Clock Uncertainty:      0.173ns  ((TSJ^2 + DJ^2)^1/2) / 2 + PE
    Total System Jitter     (TSJ):    0.050ns
    Discrete Jitter          (DJ):    0.126ns
    Phase Error              (PE):    0.105ns

    Location             Delay type                Incr(ns)  Path(ns)    Netlist Resource(s)
  -------------------------------------------------------------------    -------------------
                         (clock clk_out2_pll rise edge)
                                                      0.000     0.000 r  
    AD12                                              0.000     0.000 r  i_sys_clk_p (IN)
                         net (fo=0)                   0.000     0.000    pll_inst/inst/clk_in1_p
    AD12                 IBUFDS (Prop_ibufds_I_O)     0.906     0.906 r  pll_inst/inst/clkin1_ibufgds/O
                         net (fo=1, routed)           1.098     2.004    pll_inst/inst/clk_in1_pll
    PLLE2_ADV_X1Y1       PLLE2_ADV (Prop_plle2_adv_CLKIN1_CLKOUT1)
                                                     -8.058    -6.054 r  pll_inst/inst/plle2_adv_inst/CLKOUT1
                         net (fo=1, routed)           2.128    -3.926    pll_inst/inst/clk_out2_pll
    BUFGCTRL_X0Y0        BUFG (Prop_bufg_I_O)         0.093    -3.833 r  pll_inst/inst/clkout2_buf/O
                         net (fo=3836, routed)        1.527    -2.306    student_top_inst/bridge_inst/seg_driver/clk
    SLICE_X2Y142         FDCE                                         r  student_top_inst/bridge_inst/seg_driver/count_reg[4]/C
  -------------------------------------------------------------------    -------------------
    SLICE_X2Y142         FDCE (Prop_fdce_C_Q)         0.236    -2.070 r  student_top_inst/bridge_inst/seg_driver/count_reg[4]/Q
                         net (fo=51, routed)          1.463    -0.607    student_top_inst/bridge_inst/seg_driver/ans[0]
    SLICE_X1Y148         LUT3 (Prop_lut3_I1_O)        0.126    -0.481 r  student_top_inst/bridge_inst/seg_driver/seg2[5]_INST_0_i_1/O
                         net (fo=6, routed)           0.659     0.178    student_top_inst/bridge_inst/seg_driver/seg2[5]_INST_0_i_1_n_0
    SLICE_X0Y150         LUT6 (Prop_lut6_I5_O)        0.043     0.221 r  student_top_inst/bridge_inst/seg_driver/seg2[3]_INST_0/O
                         net (fo=2, routed)           3.550     3.771    virtual_seg_OBUF[13]
    L11                  OBUF (Prop_obuf_I_O)         2.409     6.179 r  virtual_seg_OBUF[13]_inst/O
                         net (fo=0)                   0.000     6.179    virtual_seg[13]
    L11                                                               r  virtual_seg[13] (OUT)
  -------------------------------------------------------------------    -------------------

Slack:                    inf
  Source:                 student_top_inst/bridge_inst/seg_driver/count_reg[4]/C
                            (rising edge-triggered cell FDCE clocked by clk_out2_pll  {rise@0.000ns fall@3.333ns period=6.667ns})
  Destination:            virtual_seg[0]
                            (output port)
  Path Group:             (none)
  Path Type:              Max at Slow Process Corner
  Data Path Delay:        8.421ns  (logic 2.879ns (34.195%)  route 5.541ns (65.805%))
  Logic Levels:           3  (LUT3=1 LUT6=1 OBUF=1)
  Clock Uncertainty:      0.173ns  ((TSJ^2 + DJ^2)^1/2) / 2 + PE
    Total System Jitter     (TSJ):    0.050ns
    Discrete Jitter          (DJ):    0.126ns
    Phase Error              (PE):    0.105ns

    Location             Delay type                Incr(ns)  Path(ns)    Netlist Resource(s)
  -------------------------------------------------------------------    -------------------
                         (clock clk_out2_pll rise edge)
                                                      0.000     0.000 r  
    AD12                                              0.000     0.000 r  i_sys_clk_p (IN)
                         net (fo=0)                   0.000     0.000    pll_inst/inst/clk_in1_p
    AD12                 IBUFDS (Prop_ibufds_I_O)     0.906     0.906 r  pll_inst/inst/clkin1_ibufgds/O
                         net (fo=1, routed)           1.098     2.004    pll_inst/inst/clk_in1_pll
    PLLE2_ADV_X1Y1       PLLE2_ADV (Prop_plle2_adv_CLKIN1_CLKOUT1)
                                                     -8.058    -6.054 r  pll_inst/inst/plle2_adv_inst/CLKOUT1
                         net (fo=1, routed)           2.128    -3.926    pll_inst/inst/clk_out2_pll
    BUFGCTRL_X0Y0        BUFG (Prop_bufg_I_O)         0.093    -3.833 r  pll_inst/inst/clkout2_buf/O
                         net (fo=3836, routed)        1.527    -2.306    student_top_inst/bridge_inst/seg_driver/clk
    SLICE_X2Y142         FDCE                                         r  student_top_inst/bridge_inst/seg_driver/count_reg[4]/C
  -------------------------------------------------------------------    -------------------
    SLICE_X2Y142         FDCE (Prop_fdce_C_Q)         0.236    -2.070 r  student_top_inst/bridge_inst/seg_driver/count_reg[4]/Q
                         net (fo=51, routed)          0.813    -1.258    student_top_inst/bridge_inst/seg_driver/ans[0]
    SLICE_X8Y147         LUT3 (Prop_lut3_I1_O)        0.134    -1.124 r  student_top_inst/bridge_inst/seg_driver/seg1[6]_INST_0_i_2/O
                         net (fo=7, routed)           1.013    -0.110    student_top_inst/bridge_inst/seg_driver/sel0[2]
    SLICE_X0Y147         LUT6 (Prop_lut6_I1_O)        0.134     0.024 r  student_top_inst/bridge_inst/seg_driver/seg1[0]_INST_0/O
                         net (fo=2, routed)           3.715     3.739    virtual_seg_OBUF[0]
    K14                  OBUF (Prop_obuf_I_O)         2.375     6.114 r  virtual_seg_OBUF[0]_inst/O
                         net (fo=0)                   0.000     6.114    virtual_seg[0]
    K14                                                               r  virtual_seg[0] (OUT)
  -------------------------------------------------------------------    -------------------





Min Delay Paths
--------------------------------------------------------------------------------------
Slack:                    inf
  Source:                 student_top_inst/u_RISCV_CORE/INST_MEM_UNIT/mem_wr_buffer_inst/wr_addr_buffer_reg[14]/C
                            (rising edge-triggered cell FDRE clocked by clk_out2_pll  {rise@0.000ns fall@3.333ns period=6.667ns})
  Destination:            student_top_inst/bridge_inst/counter_inst/start_reg/PRE
  Path Group:             (none)
  Path Type:              Min at Slow Process Corner
  Data Path Delay:        1.056ns  (logic 0.278ns (26.324%)  route 0.778ns (73.676%))
  Logic Levels:           2  (LUT5=1 LUT6=1)
  Clock Uncertainty:      0.173ns  ((TSJ^2 + DJ^2)^1/2) / 2 + PE
    Total System Jitter     (TSJ):    0.050ns
    Discrete Jitter          (DJ):    0.126ns
    Phase Error              (PE):    0.105ns

    Location             Delay type                Incr(ns)  Path(ns)    Netlist Resource(s)
  -------------------------------------------------------------------    -------------------
                         (clock clk_out2_pll rise edge)
                                                      0.000     0.000 r  
    AD12                                              0.000     0.000 r  i_sys_clk_p (IN)
                         net (fo=0)                   0.000     0.000    pll_inst/inst/clk_in1_p
    AD12                 IBUFDS (Prop_ibufds_I_O)     0.803     0.803 r  pll_inst/inst/clkin1_ibufgds/O
                         net (fo=1, routed)           1.001     1.804    pll_inst/inst/clk_in1_pll
    PLLE2_ADV_X1Y1       PLLE2_ADV (Prop_plle2_adv_CLKIN1_CLKOUT1)
                                                     -7.261    -5.457 r  pll_inst/inst/plle2_adv_inst/CLKOUT1
                         net (fo=1, routed)           2.003    -3.454    pll_inst/inst/clk_out2_pll
    BUFGCTRL_X0Y0        BUFG (Prop_bufg_I_O)         0.083    -3.371 r  pll_inst/inst/clkout2_buf/O
                         net (fo=3836, routed)        1.334    -2.037    student_top_inst/u_RISCV_CORE/INST_MEM_UNIT/mem_wr_buffer_inst/clk
    SLICE_X10Y139        FDRE                                         r  student_top_inst/u_RISCV_CORE/INST_MEM_UNIT/mem_wr_buffer_inst/wr_addr_buffer_reg[14]/C
  -------------------------------------------------------------------    -------------------
    SLICE_X10Y139        FDRE (Prop_fdre_C_Q)         0.206    -1.831 r  student_top_inst/u_RISCV_CORE/INST_MEM_UNIT/mem_wr_buffer_inst/wr_addr_buffer_reg[14]/Q
                         net (fo=20, routed)          0.238    -1.593    student_top_inst/bridge_inst/counter_inst/mem_wr_addr_o[14]
    SLICE_X13Y139        LUT5 (Prop_lut5_I1_O)        0.036    -1.557 r  student_top_inst/bridge_inst/counter_inst/start_reg_i_3/O
                         net (fo=3, routed)           0.279    -1.278    student_top_inst/bridge_inst/counter_inst/wr_addr_buffer_reg[13]
    SLICE_X10Y142        LUT6 (Prop_lut6_I4_O)        0.036    -1.242 f  student_top_inst/bridge_inst/counter_inst/start_reg_i_2/O
                         net (fo=1, routed)           0.262    -0.980    student_top_inst/bridge_inst/counter_inst/start_reg_i_2_n_0
    SLICE_X10Y142        LDPE                                         f  student_top_inst/bridge_inst/counter_inst/start_reg/PRE
  -------------------------------------------------------------------    -------------------

Slack:                    inf
  Source:                 student_top_inst/bridge_inst/LED_reg[23]_lopt_replica/C
                            (rising edge-triggered cell FDRE clocked by clk_out2_pll  {rise@0.000ns fall@3.333ns period=6.667ns})
  Destination:            virtual_led[23]
                            (output port)
  Path Group:             (none)
  Path Type:              Min at Fast Process Corner
  Data Path Delay:        2.183ns  (logic 1.453ns (66.582%)  route 0.729ns (33.418%))
  Logic Levels:           1  (OBUF=1)
  Clock Uncertainty:      0.173ns  ((TSJ^2 + DJ^2)^1/2) / 2 + PE
    Total System Jitter     (TSJ):    0.050ns
    Discrete Jitter          (DJ):    0.126ns
    Phase Error              (PE):    0.105ns

    Location             Delay type                Incr(ns)  Path(ns)    Netlist Resource(s)
  -------------------------------------------------------------------    -------------------
                         (clock clk_out2_pll rise edge)
                                                      0.000     0.000 r  
    AD12                                              0.000     0.000 r  i_sys_clk_p (IN)
                         net (fo=0)                   0.000     0.000    pll_inst/inst/clk_in1_p
    AD12                 IBUFDS (Prop_ibufds_I_O)     0.388     0.388 r  pll_inst/inst/clkin1_ibufgds/O
                         net (fo=1, routed)           0.503     0.891    pll_inst/inst/clk_in1_pll
    PLLE2_ADV_X1Y1       PLLE2_ADV (Prop_plle2_adv_CLKIN1_CLKOUT1)
                                                     -2.908    -2.017 r  pll_inst/inst/plle2_adv_inst/CLKOUT1
                         net (fo=1, routed)           0.958    -1.059    pll_inst/inst/clk_out2_pll
    BUFGCTRL_X0Y0        BUFG (Prop_bufg_I_O)         0.026    -1.033 r  pll_inst/inst/clkout2_buf/O
                         net (fo=3836, routed)        0.622    -0.411    student_top_inst/bridge_inst/CLK
    SLICE_X1Y161         FDRE                                         r  student_top_inst/bridge_inst/LED_reg[23]_lopt_replica/C
  -------------------------------------------------------------------    -------------------
    SLICE_X1Y161         FDRE (Prop_fdre_C_Q)         0.100    -0.311 r  student_top_inst/bridge_inst/LED_reg[23]_lopt_replica/Q
                         net (fo=1, routed)           0.729     0.419    lopt_15
    E30                  OBUF (Prop_obuf_I_O)         1.353     1.772 r  virtual_led_OBUF[23]_inst/O
                         net (fo=0)                   0.000     1.772    virtual_led[23]
    E30                                                               r  virtual_led[23] (OUT)
  -------------------------------------------------------------------    -------------------

Slack:                    inf
  Source:                 student_top_inst/bridge_inst/LED_reg[13]_lopt_replica/C
                            (rising edge-triggered cell FDRE clocked by clk_out2_pll  {rise@0.000ns fall@3.333ns period=6.667ns})
  Destination:            virtual_led[13]
                            (output port)
  Path Group:             (none)
  Path Type:              Min at Fast Process Corner
  Data Path Delay:        2.229ns  (logic 1.466ns (65.763%)  route 0.763ns (34.237%))
  Logic Levels:           1  (OBUF=1)
  Clock Uncertainty:      0.173ns  ((TSJ^2 + DJ^2)^1/2) / 2 + PE
    Total System Jitter     (TSJ):    0.050ns
    Discrete Jitter          (DJ):    0.126ns
    Phase Error              (PE):    0.105ns

    Location             Delay type                Incr(ns)  Path(ns)    Netlist Resource(s)
  -------------------------------------------------------------------    -------------------
                         (clock clk_out2_pll rise edge)
                                                      0.000     0.000 r  
    AD12                                              0.000     0.000 r  i_sys_clk_p (IN)
                         net (fo=0)                   0.000     0.000    pll_inst/inst/clk_in1_p
    AD12                 IBUFDS (Prop_ibufds_I_O)     0.388     0.388 r  pll_inst/inst/clkin1_ibufgds/O
                         net (fo=1, routed)           0.503     0.891    pll_inst/inst/clk_in1_pll
    PLLE2_ADV_X1Y1       PLLE2_ADV (Prop_plle2_adv_CLKIN1_CLKOUT1)
                                                     -2.908    -2.017 r  pll_inst/inst/plle2_adv_inst/CLKOUT1
                         net (fo=1, routed)           0.958    -1.059    pll_inst/inst/clk_out2_pll
    BUFGCTRL_X0Y0        BUFG (Prop_bufg_I_O)         0.026    -1.033 r  pll_inst/inst/clkout2_buf/O
                         net (fo=3836, routed)        0.624    -0.409    student_top_inst/bridge_inst/CLK
    SLICE_X0Y156         FDRE                                         r  student_top_inst/bridge_inst/LED_reg[13]_lopt_replica/C
  -------------------------------------------------------------------    -------------------
    SLICE_X0Y156         FDRE (Prop_fdre_C_Q)         0.100    -0.309 r  student_top_inst/bridge_inst/LED_reg[13]_lopt_replica/Q
                         net (fo=1, routed)           0.763     0.455    lopt_4
    C29                  OBUF (Prop_obuf_I_O)         1.366     1.821 r  virtual_led_OBUF[13]_inst/O
                         net (fo=0)                   0.000     1.821    virtual_led[13]
    C29                                                               r  virtual_led[13] (OUT)
  -------------------------------------------------------------------    -------------------

Slack:                    inf
  Source:                 student_top_inst/bridge_inst/LED_reg[15]_lopt_replica/C
                            (rising edge-triggered cell FDRE clocked by clk_out2_pll  {rise@0.000ns fall@3.333ns period=6.667ns})
  Destination:            virtual_led[15]
                            (output port)
  Path Group:             (none)
  Path Type:              Min at Fast Process Corner
  Data Path Delay:        2.239ns  (logic 1.441ns (64.354%)  route 0.798ns (35.646%))
  Logic Levels:           1  (OBUF=1)
  Clock Uncertainty:      0.173ns  ((TSJ^2 + DJ^2)^1/2) / 2 + PE
    Total System Jitter     (TSJ):    0.050ns
    Discrete Jitter          (DJ):    0.126ns
    Phase Error              (PE):    0.105ns

    Location             Delay type                Incr(ns)  Path(ns)    Netlist Resource(s)
  -------------------------------------------------------------------    -------------------
                         (clock clk_out2_pll rise edge)
                                                      0.000     0.000 r  
    AD12                                              0.000     0.000 r  i_sys_clk_p (IN)
                         net (fo=0)                   0.000     0.000    pll_inst/inst/clk_in1_p
    AD12                 IBUFDS (Prop_ibufds_I_O)     0.388     0.388 r  pll_inst/inst/clkin1_ibufgds/O
                         net (fo=1, routed)           0.503     0.891    pll_inst/inst/clk_in1_pll
    PLLE2_ADV_X1Y1       PLLE2_ADV (Prop_plle2_adv_CLKIN1_CLKOUT1)
                                                     -2.908    -2.017 r  pll_inst/inst/plle2_adv_inst/CLKOUT1
                         net (fo=1, routed)           0.958    -1.059    pll_inst/inst/clk_out2_pll
    BUFGCTRL_X0Y0        BUFG (Prop_bufg_I_O)         0.026    -1.033 r  pll_inst/inst/clkout2_buf/O
                         net (fo=3836, routed)        0.624    -0.409    student_top_inst/bridge_inst/CLK
    SLICE_X3Y155         FDRE                                         r  student_top_inst/bridge_inst/LED_reg[15]_lopt_replica/C
  -------------------------------------------------------------------    -------------------
    SLICE_X3Y155         FDRE (Prop_fdre_C_Q)         0.100    -0.309 r  student_top_inst/bridge_inst/LED_reg[15]_lopt_replica/Q
                         net (fo=1, routed)           0.798     0.489    lopt_6
    G28                  OBUF (Prop_obuf_I_O)         1.341     1.830 r  virtual_led_OBUF[15]_inst/O
                         net (fo=0)                   0.000     1.830    virtual_led[15]
    G28                                                               r  virtual_led[15] (OUT)
  -------------------------------------------------------------------    -------------------

Slack:                    inf
  Source:                 student_top_inst/bridge_inst/LED_reg[22]_lopt_replica/C
                            (rising edge-triggered cell FDRE clocked by clk_out2_pll  {rise@0.000ns fall@3.333ns period=6.667ns})
  Destination:            virtual_led[22]
                            (output port)
  Path Group:             (none)
  Path Type:              Min at Fast Process Corner
  Data Path Delay:        2.266ns  (logic 1.466ns (64.701%)  route 0.800ns (35.299%))
  Logic Levels:           1  (OBUF=1)
  Clock Uncertainty:      0.173ns  ((TSJ^2 + DJ^2)^1/2) / 2 + PE
    Total System Jitter     (TSJ):    0.050ns
    Discrete Jitter          (DJ):    0.126ns
    Phase Error              (PE):    0.105ns

    Location             Delay type                Incr(ns)  Path(ns)    Netlist Resource(s)
  -------------------------------------------------------------------    -------------------
                         (clock clk_out2_pll rise edge)
                                                      0.000     0.000 r  
    AD12                                              0.000     0.000 r  i_sys_clk_p (IN)
                         net (fo=0)                   0.000     0.000    pll_inst/inst/clk_in1_p
    AD12                 IBUFDS (Prop_ibufds_I_O)     0.388     0.388 r  pll_inst/inst/clkin1_ibufgds/O
                         net (fo=1, routed)           0.503     0.891    pll_inst/inst/clk_in1_pll
    PLLE2_ADV_X1Y1       PLLE2_ADV (Prop_plle2_adv_CLKIN1_CLKOUT1)
                                                     -2.908    -2.017 r  pll_inst/inst/plle2_adv_inst/CLKOUT1
                         net (fo=1, routed)           0.958    -1.059    pll_inst/inst/clk_out2_pll
    BUFGCTRL_X0Y0        BUFG (Prop_bufg_I_O)         0.026    -1.033 r  pll_inst/inst/clkout2_buf/O
                         net (fo=3836, routed)        0.620    -0.413    student_top_inst/bridge_inst/CLK
    SLICE_X4Y161         FDRE                                         r  student_top_inst/bridge_inst/LED_reg[22]_lopt_replica/C
  -------------------------------------------------------------------    -------------------
    SLICE_X4Y161         FDRE (Prop_fdre_C_Q)         0.100    -0.313 r  student_top_inst/bridge_inst/LED_reg[22]_lopt_replica/Q
                         net (fo=1, routed)           0.800     0.487    lopt_14
    C30                  OBUF (Prop_obuf_I_O)         1.366     1.854 r  virtual_led_OBUF[22]_inst/O
                         net (fo=0)                   0.000     1.854    virtual_led[22]
    C30                                                               r  virtual_led[22] (OUT)
  -------------------------------------------------------------------    -------------------

Slack:                    inf
  Source:                 student_top_inst/bridge_inst/LED_reg[6]_lopt_replica/C
                            (rising edge-triggered cell FDRE clocked by clk_out2_pll  {rise@0.000ns fall@3.333ns period=6.667ns})
  Destination:            virtual_led[6]
                            (output port)
  Path Group:             (none)
  Path Type:              Min at Fast Process Corner
  Data Path Delay:        2.298ns  (logic 1.449ns (63.044%)  route 0.849ns (36.956%))
  Logic Levels:           1  (OBUF=1)
  Clock Uncertainty:      0.173ns  ((TSJ^2 + DJ^2)^1/2) / 2 + PE
    Total System Jitter     (TSJ):    0.050ns
    Discrete Jitter          (DJ):    0.126ns
    Phase Error              (PE):    0.105ns

    Location             Delay type                Incr(ns)  Path(ns)    Netlist Resource(s)
  -------------------------------------------------------------------    -------------------
                         (clock clk_out2_pll rise edge)
                                                      0.000     0.000 r  
    AD12                                              0.000     0.000 r  i_sys_clk_p (IN)
                         net (fo=0)                   0.000     0.000    pll_inst/inst/clk_in1_p
    AD12                 IBUFDS (Prop_ibufds_I_O)     0.388     0.388 r  pll_inst/inst/clkin1_ibufgds/O
                         net (fo=1, routed)           0.503     0.891    pll_inst/inst/clk_in1_pll
    PLLE2_ADV_X1Y1       PLLE2_ADV (Prop_plle2_adv_CLKIN1_CLKOUT1)
                                                     -2.908    -2.017 r  pll_inst/inst/plle2_adv_inst/CLKOUT1
                         net (fo=1, routed)           0.958    -1.059    pll_inst/inst/clk_out2_pll
    BUFGCTRL_X0Y0        BUFG (Prop_bufg_I_O)         0.026    -1.033 r  pll_inst/inst/clkout2_buf/O
                         net (fo=3836, routed)        0.620    -0.413    student_top_inst/bridge_inst/CLK
    SLICE_X4Y161         FDRE                                         r  student_top_inst/bridge_inst/LED_reg[6]_lopt_replica/C
  -------------------------------------------------------------------    -------------------
    SLICE_X4Y161         FDRE (Prop_fdre_C_Q)         0.100    -0.313 r  student_top_inst/bridge_inst/LED_reg[6]_lopt_replica/Q
                         net (fo=1, routed)           0.849     0.537    lopt_28
    G25                  OBUF (Prop_obuf_I_O)         1.349     1.885 r  virtual_led_OBUF[6]_inst/O
                         net (fo=0)                   0.000     1.885    virtual_led[6]
    G25                                                               r  virtual_led[6] (OUT)
  -------------------------------------------------------------------    -------------------

Slack:                    inf
  Source:                 student_top_inst/bridge_inst/LED_reg[20]_lopt_replica/C
                            (rising edge-triggered cell FDRE clocked by clk_out2_pll  {rise@0.000ns fall@3.333ns period=6.667ns})
  Destination:            virtual_led[20]
                            (output port)
  Path Group:             (none)
  Path Type:              Min at Fast Process Corner
  Data Path Delay:        2.323ns  (logic 1.420ns (61.143%)  route 0.902ns (38.857%))
  Logic Levels:           1  (OBUF=1)
  Clock Uncertainty:      0.173ns  ((TSJ^2 + DJ^2)^1/2) / 2 + PE
    Total System Jitter     (TSJ):    0.050ns
    Discrete Jitter          (DJ):    0.126ns
    Phase Error              (PE):    0.105ns

    Location             Delay type                Incr(ns)  Path(ns)    Netlist Resource(s)
  -------------------------------------------------------------------    -------------------
                         (clock clk_out2_pll rise edge)
                                                      0.000     0.000 r  
    AD12                                              0.000     0.000 r  i_sys_clk_p (IN)
                         net (fo=0)                   0.000     0.000    pll_inst/inst/clk_in1_p
    AD12                 IBUFDS (Prop_ibufds_I_O)     0.388     0.388 r  pll_inst/inst/clkin1_ibufgds/O
                         net (fo=1, routed)           0.503     0.891    pll_inst/inst/clk_in1_pll
    PLLE2_ADV_X1Y1       PLLE2_ADV (Prop_plle2_adv_CLKIN1_CLKOUT1)
                                                     -2.908    -2.017 r  pll_inst/inst/plle2_adv_inst/CLKOUT1
                         net (fo=1, routed)           0.958    -1.059    pll_inst/inst/clk_out2_pll
    BUFGCTRL_X0Y0        BUFG (Prop_bufg_I_O)         0.026    -1.033 r  pll_inst/inst/clkout2_buf/O
                         net (fo=3836, routed)        0.622    -0.411    student_top_inst/bridge_inst/CLK
    SLICE_X4Y156         FDRE                                         r  student_top_inst/bridge_inst/LED_reg[20]_lopt_replica/C
  -------------------------------------------------------------------    -------------------
    SLICE_X4Y156         FDRE (Prop_fdre_C_Q)         0.100    -0.311 r  student_top_inst/bridge_inst/LED_reg[20]_lopt_replica/Q
                         net (fo=1, routed)           0.902     0.592    lopt_12
    E26                  OBUF (Prop_obuf_I_O)         1.320     1.912 r  virtual_led_OBUF[20]_inst/O
                         net (fo=0)                   0.000     1.912    virtual_led[20]
    E26                                                               r  virtual_led[20] (OUT)
  -------------------------------------------------------------------    -------------------

Slack:                    inf
  Source:                 student_top_inst/bridge_inst/LED_reg[0]_lopt_replica/C
                            (rising edge-triggered cell FDRE clocked by clk_out2_pll  {rise@0.000ns fall@3.333ns period=6.667ns})
  Destination:            virtual_led[0]
                            (output port)
  Path Group:             (none)
  Path Type:              Min at Fast Process Corner
  Data Path Delay:        2.330ns  (logic 1.419ns (60.906%)  route 0.911ns (39.094%))
  Logic Levels:           1  (OBUF=1)
  Clock Uncertainty:      0.173ns  ((TSJ^2 + DJ^2)^1/2) / 2 + PE
    Total System Jitter     (TSJ):    0.050ns
    Discrete Jitter          (DJ):    0.126ns
    Phase Error              (PE):    0.105ns

    Location             Delay type                Incr(ns)  Path(ns)    Netlist Resource(s)
  -------------------------------------------------------------------    -------------------
                         (clock clk_out2_pll rise edge)
                                                      0.000     0.000 r  
    AD12                                              0.000     0.000 r  i_sys_clk_p (IN)
                         net (fo=0)                   0.000     0.000    pll_inst/inst/clk_in1_p
    AD12                 IBUFDS (Prop_ibufds_I_O)     0.388     0.388 r  pll_inst/inst/clkin1_ibufgds/O
                         net (fo=1, routed)           0.503     0.891    pll_inst/inst/clk_in1_pll
    PLLE2_ADV_X1Y1       PLLE2_ADV (Prop_plle2_adv_CLKIN1_CLKOUT1)
                                                     -2.908    -2.017 r  pll_inst/inst/plle2_adv_inst/CLKOUT1
                         net (fo=1, routed)           0.958    -1.059    pll_inst/inst/clk_out2_pll
    BUFGCTRL_X0Y0        BUFG (Prop_bufg_I_O)         0.026    -1.033 r  pll_inst/inst/clkout2_buf/O
                         net (fo=3836, routed)        0.624    -0.409    student_top_inst/bridge_inst/CLK
    SLICE_X2Y155         FDRE                                         r  student_top_inst/bridge_inst/LED_reg[0]_lopt_replica/C
  -------------------------------------------------------------------    -------------------
    SLICE_X2Y155         FDRE (Prop_fdre_C_Q)         0.118    -0.291 r  student_top_inst/bridge_inst/LED_reg[0]_lopt_replica/Q
                         net (fo=1, routed)           0.911     0.620    lopt
    G24                  OBUF (Prop_obuf_I_O)         1.301     1.921 r  virtual_led_OBUF[0]_inst/O
                         net (fo=0)                   0.000     1.921    virtual_led[0]
    G24                                                               r  virtual_led[0] (OUT)
  -------------------------------------------------------------------    -------------------

Slack:                    inf
  Source:                 student_top_inst/bridge_inst/LED_reg[30]_lopt_replica/C
                            (rising edge-triggered cell FDRE clocked by clk_out2_pll  {rise@0.000ns fall@3.333ns period=6.667ns})
  Destination:            virtual_led[30]
                            (output port)
  Path Group:             (none)
  Path Type:              Min at Fast Process Corner
  Data Path Delay:        2.394ns  (logic 1.484ns (61.963%)  route 0.911ns (38.037%))
  Logic Levels:           1  (OBUF=1)
  Clock Uncertainty:      0.173ns  ((TSJ^2 + DJ^2)^1/2) / 2 + PE
    Total System Jitter     (TSJ):    0.050ns
    Discrete Jitter          (DJ):    0.126ns
    Phase Error              (PE):    0.105ns

    Location             Delay type                Incr(ns)  Path(ns)    Netlist Resource(s)
  -------------------------------------------------------------------    -------------------
                         (clock clk_out2_pll rise edge)
                                                      0.000     0.000 r  
    AD12                                              0.000     0.000 r  i_sys_clk_p (IN)
                         net (fo=0)                   0.000     0.000    pll_inst/inst/clk_in1_p
    AD12                 IBUFDS (Prop_ibufds_I_O)     0.388     0.388 r  pll_inst/inst/clkin1_ibufgds/O
                         net (fo=1, routed)           0.503     0.891    pll_inst/inst/clk_in1_pll
    PLLE2_ADV_X1Y1       PLLE2_ADV (Prop_plle2_adv_CLKIN1_CLKOUT1)
                                                     -2.908    -2.017 r  pll_inst/inst/plle2_adv_inst/CLKOUT1
                         net (fo=1, routed)           0.958    -1.059    pll_inst/inst/clk_out2_pll
    BUFGCTRL_X0Y0        BUFG (Prop_bufg_I_O)         0.026    -1.033 r  pll_inst/inst/clkout2_buf/O
                         net (fo=3836, routed)        0.624    -0.409    student_top_inst/bridge_inst/CLK
    SLICE_X2Y156         FDRE                                         r  student_top_inst/bridge_inst/LED_reg[30]_lopt_replica/C
  -------------------------------------------------------------------    -------------------
    SLICE_X2Y156         FDRE (Prop_fdre_C_Q)         0.118    -0.291 r  student_top_inst/bridge_inst/LED_reg[30]_lopt_replica/Q
                         net (fo=1, routed)           0.911     0.620    lopt_23
    A27                  OBUF (Prop_obuf_I_O)         1.366     1.986 r  virtual_led_OBUF[30]_inst/O
                         net (fo=0)                   0.000     1.986    virtual_led[30]
    A27                                                               r  virtual_led[30] (OUT)
  -------------------------------------------------------------------    -------------------

Slack:                    inf
  Source:                 student_top_inst/bridge_inst/LED_reg[10]_lopt_replica/C
                            (rising edge-triggered cell FDRE clocked by clk_out2_pll  {rise@0.000ns fall@3.333ns period=6.667ns})
  Destination:            virtual_led[10]
                            (output port)
  Path Group:             (none)
  Path Type:              Min at Fast Process Corner
  Data Path Delay:        2.459ns  (logic 1.425ns (57.957%)  route 1.034ns (42.043%))
  Logic Levels:           1  (OBUF=1)
  Clock Uncertainty:      0.173ns  ((TSJ^2 + DJ^2)^1/2) / 2 + PE
    Total System Jitter     (TSJ):    0.050ns
    Discrete Jitter          (DJ):    0.126ns
    Phase Error              (PE):    0.105ns

    Location             Delay type                Incr(ns)  Path(ns)    Netlist Resource(s)
  -------------------------------------------------------------------    -------------------
                         (clock clk_out2_pll rise edge)
                                                      0.000     0.000 r  
    AD12                                              0.000     0.000 r  i_sys_clk_p (IN)
                         net (fo=0)                   0.000     0.000    pll_inst/inst/clk_in1_p
    AD12                 IBUFDS (Prop_ibufds_I_O)     0.388     0.388 r  pll_inst/inst/clkin1_ibufgds/O
                         net (fo=1, routed)           0.503     0.891    pll_inst/inst/clk_in1_pll
    PLLE2_ADV_X1Y1       PLLE2_ADV (Prop_plle2_adv_CLKIN1_CLKOUT1)
                                                     -2.908    -2.017 r  pll_inst/inst/plle2_adv_inst/CLKOUT1
                         net (fo=1, routed)           0.958    -1.059    pll_inst/inst/clk_out2_pll
    BUFGCTRL_X0Y0        BUFG (Prop_bufg_I_O)         0.026    -1.033 r  pll_inst/inst/clkout2_buf/O
                         net (fo=3836, routed)        0.625    -0.408    student_top_inst/bridge_inst/CLK
    SLICE_X0Y152         FDRE                                         r  student_top_inst/bridge_inst/LED_reg[10]_lopt_replica/C
  -------------------------------------------------------------------    -------------------
    SLICE_X0Y152         FDRE (Prop_fdre_C_Q)         0.100    -0.308 r  student_top_inst/bridge_inst/LED_reg[10]_lopt_replica/Q
                         net (fo=1, routed)           1.034     0.726    lopt_1
    D24                  OBUF (Prop_obuf_I_O)         1.325     2.051 r  virtual_led_OBUF[10]_inst/O
                         net (fo=0)                   0.000     2.051    virtual_led[10]
    D24                                                               r  virtual_led[10] (OUT)
  -------------------------------------------------------------------    -------------------





--------------------------------------------------------------------------------------
Path Group:  (none)
From Clock:  clkfbout_pll
  To Clock:  

Max Delay             1 Endpoint
Min Delay             1 Endpoint
--------------------------------------------------------------------------------------


Max Delay Paths
--------------------------------------------------------------------------------------
Slack:                    inf
  Source:                 pll_inst/inst/plle2_adv_inst/CLKFBOUT
                            (clock source 'clkfbout_pll'  {rise@0.000ns fall@5.000ns period=10.000ns})
  Destination:            pll_inst/inst/plle2_adv_inst/CLKFBIN
  Path Group:             (none)
  Path Type:              Max at Fast Process Corner
  Data Path Delay:        2.022ns  (logic 0.030ns (1.484%)  route 1.992ns (98.516%))
  Logic Levels:           1  (BUFG=1)
  Clock Uncertainty:      0.157ns  ((TSJ^2 + DJ^2)^1/2) / 2 + PE
    Total System Jitter     (TSJ):    0.050ns
    Discrete Jitter          (DJ):    0.090ns
    Phase Error              (PE):    0.105ns

    Location             Delay type                Incr(ns)  Path(ns)    Netlist Resource(s)
  -------------------------------------------------------------------    -------------------
                         (clock clkfbout_pll fall edge)
                                                      5.000     5.000 f  
    AD12                                              0.000     5.000 f  i_sys_clk_p (IN)
                         net (fo=0)                   0.000     5.000    pll_inst/inst/clk_in1_p
    AD12                 IBUFDS (Prop_ibufds_I_O)     0.470     5.470 f  pll_inst/inst/clkin1_ibufgds/O
                         net (fo=1, routed)           0.554     6.024    pll_inst/inst/clk_in1_pll
  -------------------------------------------------------------------    -------------------
    PLLE2_ADV_X1Y1       PLLE2_ADV (Prop_plle2_adv_CLKIN1_CLKFBOUT)
                                                     -3.524     2.500 f  pll_inst/inst/plle2_adv_inst/CLKFBOUT
                         net (fo=1, routed)           1.027     3.527    pll_inst/inst/clkfbout_pll
    BUFGCTRL_X0Y2        BUFG (Prop_bufg_I_O)         0.030     3.557 f  pll_inst/inst/clkf_buf/O
                         net (fo=1, routed)           0.965     4.522    pll_inst/inst/clkfbout_buf_pll
    PLLE2_ADV_X1Y1       PLLE2_ADV                                    f  pll_inst/inst/plle2_adv_inst/CLKFBIN
  -------------------------------------------------------------------    -------------------





Min Delay Paths
--------------------------------------------------------------------------------------
Slack:                    inf
  Source:                 pll_inst/inst/plle2_adv_inst/CLKFBOUT
                            (clock source 'clkfbout_pll'  {rise@0.000ns fall@5.000ns period=10.000ns})
  Destination:            pll_inst/inst/plle2_adv_inst/CLKFBIN
  Path Group:             (none)
  Path Type:              Min at Slow Process Corner
  Data Path Delay:        3.712ns  (logic 0.083ns (2.236%)  route 3.629ns (97.764%))
  Logic Levels:           1  (BUFG=1)
  Clock Uncertainty:      0.157ns  ((TSJ^2 + DJ^2)^1/2) / 2 + PE
    Total System Jitter     (TSJ):    0.050ns
    Discrete Jitter          (DJ):    0.090ns
    Phase Error              (PE):    0.105ns

    Location             Delay type                Incr(ns)  Path(ns)    Netlist Resource(s)
  -------------------------------------------------------------------    -------------------
                         (clock clkfbout_pll rise edge)
                                                      0.000     0.000 r  
    AD12                                              0.000     0.000 r  i_sys_clk_p (IN)
                         net (fo=0)                   0.000     0.000    pll_inst/inst/clk_in1_p
    AD12                 IBUFDS (Prop_ibufds_I_O)     0.803     0.803 r  pll_inst/inst/clkin1_ibufgds/O
                         net (fo=1, routed)           1.001     1.804    pll_inst/inst/clk_in1_pll
  -------------------------------------------------------------------    -------------------
    PLLE2_ADV_X1Y1       PLLE2_ADV (Prop_plle2_adv_CLKIN1_CLKFBOUT)
                                                     -7.261    -5.457 r  pll_inst/inst/plle2_adv_inst/CLKFBOUT
                         net (fo=1, routed)           2.003    -3.454    pll_inst/inst/clkfbout_pll
    BUFGCTRL_X0Y2        BUFG (Prop_bufg_I_O)         0.083    -3.371 r  pll_inst/inst/clkf_buf/O
                         net (fo=1, routed)           1.626    -1.745    pll_inst/inst/clkfbout_buf_pll
    PLLE2_ADV_X1Y1       PLLE2_ADV                                    r  pll_inst/inst/plle2_adv_inst/CLKFBIN
  -------------------------------------------------------------------    -------------------





--------------------------------------------------------------------------------------
Path Group:  (none)
From Clock:  
  To Clock:  clk_out1_pll

Max Delay            49 Endpoints
Min Delay            49 Endpoints
--------------------------------------------------------------------------------------


Max Delay Paths
--------------------------------------------------------------------------------------
Slack:                    inf
  Source:                 i_uart_rx
                            (input port)
  Destination:            uart_inst/rx_d0_reg/D
                            (rising edge-triggered cell FDPE clocked by clk_out1_pll  {rise@0.000ns fall@10.000ns period=20.000ns})
  Path Group:             (none)
  Path Type:              Setup (Max at Slow Process Corner)
  Data Path Delay:        4.355ns  (logic 1.533ns (35.204%)  route 2.822ns (64.796%))
  Logic Levels:           1  (IBUF=1)
  Clock Path Skew:        -2.152ns (DCD - SCD + CPR)
    Destination Clock Delay (DCD):    -2.152ns
    Source Clock Delay      (SCD):    0.000ns
    Clock Pessimism Removal (CPR):    0.000ns
  Clock Uncertainty:      0.188ns  ((TSJ^2 + DJ^2)^1/2) / 2 + PE
    Total System Jitter     (TSJ):    0.050ns
    Discrete Jitter          (DJ):    0.157ns
    Phase Error              (PE):    0.105ns

    Location             Delay type                Incr(ns)  Path(ns)    Netlist Resource(s)
  -------------------------------------------------------------------    -------------------
    D18                                               0.000     0.000 r  i_uart_rx (IN)
                         net (fo=0)                   0.000     0.000    i_uart_rx
    D18                  IBUF (Prop_ibuf_I_O)         1.533     1.533 r  i_uart_rx_IBUF_inst/O
                         net (fo=1, routed)           2.822     4.355    uart_inst/i_uart_rx_IBUF
    SLICE_X2Y160         FDPE                                         r  uart_inst/rx_d0_reg/D
  -------------------------------------------------------------------    -------------------

                         (clock clk_out1_pll rise edge)
                                                      0.000     0.000 r  
    AD12                                              0.000     0.000 r  i_sys_clk_p (IN)
                         net (fo=0)                   0.000     0.000    pll_inst/inst/clk_in1_p
    AD12                 IBUFDS (Prop_ibufds_I_O)     0.803     0.803 r  pll_inst/inst/clkin1_ibufgds/O
                         net (fo=1, routed)           1.001     1.804    pll_inst/inst/clk_in1_pll
    PLLE2_ADV_X1Y1       PLLE2_ADV (Prop_plle2_adv_CLKIN1_CLKOUT0)
                                                     -7.261    -5.457 r  pll_inst/inst/plle2_adv_inst/CLKOUT0
                         net (fo=1, routed)           2.003    -3.454    pll_inst/inst/clk_out1_pll
    BUFGCTRL_X0Y1        BUFG (Prop_bufg_I_O)         0.083    -3.371 r  pll_inst/inst/clkout1_buf/O
                         net (fo=394, routed)         1.219    -2.152    uart_inst/clk_out1
    SLICE_X2Y160         FDPE                                         r  uart_inst/rx_d0_reg/C

Slack:                    inf
  Source:                 student_top_inst/bridge_inst/counter_inst/start_reg/G
                            (positive level-sensitive latch)
  Destination:            student_top_inst/bridge_inst/counter_inst/cnt_ms_reg[0]/CE
                            (rising edge-triggered cell FDRE clocked by clk_out1_pll  {rise@0.000ns fall@10.000ns period=20.000ns})
  Path Group:             (none)
  Path Type:              Setup (Max at Slow Process Corner)
  Data Path Delay:        1.979ns  (logic 0.373ns (18.850%)  route 1.606ns (81.150%))
  Logic Levels:           2  (LDPE=1 LUT6=1)
  Clock Uncertainty:      0.188ns  ((TSJ^2 + DJ^2)^1/2) / 2 + PE
    Total System Jitter     (TSJ):    0.050ns
    Discrete Jitter          (DJ):    0.157ns
    Phase Error              (PE):    0.105ns

    Location             Delay type                Incr(ns)  Path(ns)    Netlist Resource(s)
  -------------------------------------------------------------------    -------------------
    SLICE_X10Y142        LDPE                         0.000     0.000 r  student_top_inst/bridge_inst/counter_inst/start_reg/G
    SLICE_X10Y142        LDPE (EnToQ_ldpe_G_Q)        0.330     0.330 r  student_top_inst/bridge_inst/counter_inst/start_reg/Q
                         net (fo=2, routed)           0.471     0.801    student_top_inst/bridge_inst/counter_inst/start
    SLICE_X12Y145        LUT6 (Prop_lut6_I0_O)        0.043     0.844 r  student_top_inst/bridge_inst/counter_inst/cnt_ms[31]_i_1/O
                         net (fo=32, routed)          1.135     1.979    student_top_inst/bridge_inst/counter_inst/cnt_ms0
    SLICE_X2Y140         FDRE                                         r  student_top_inst/bridge_inst/counter_inst/cnt_ms_reg[0]/CE
  -------------------------------------------------------------------    -------------------

                         (clock clk_out1_pll rise edge)
                                                      0.000     0.000 r  
    AD12                                              0.000     0.000 r  i_sys_clk_p (IN)
                         net (fo=0)                   0.000     0.000    pll_inst/inst/clk_in1_p
    AD12                 IBUFDS (Prop_ibufds_I_O)     0.803     0.803 r  pll_inst/inst/clkin1_ibufgds/O
                         net (fo=1, routed)           1.001     1.804    pll_inst/inst/clk_in1_pll
    PLLE2_ADV_X1Y1       PLLE2_ADV (Prop_plle2_adv_CLKIN1_CLKOUT0)
                                                     -7.261    -5.457 r  pll_inst/inst/plle2_adv_inst/CLKOUT0
                         net (fo=1, routed)           2.003    -3.454    pll_inst/inst/clk_out1_pll
    BUFGCTRL_X0Y1        BUFG (Prop_bufg_I_O)         0.083    -3.371 r  pll_inst/inst/clkout1_buf/O
                         net (fo=394, routed)         1.390    -1.981    student_top_inst/bridge_inst/counter_inst/cnt_ms_reg[31]_0
    SLICE_X2Y140         FDRE                                         r  student_top_inst/bridge_inst/counter_inst/cnt_ms_reg[0]/C

Slack:                    inf
  Source:                 student_top_inst/bridge_inst/counter_inst/start_reg/G
                            (positive level-sensitive latch)
  Destination:            student_top_inst/bridge_inst/counter_inst/cnt_ms_reg[1]/CE
                            (rising edge-triggered cell FDRE clocked by clk_out1_pll  {rise@0.000ns fall@10.000ns period=20.000ns})
  Path Group:             (none)
  Path Type:              Setup (Max at Slow Process Corner)
  Data Path Delay:        1.899ns  (logic 0.373ns (19.644%)  route 1.526ns (80.356%))
  Logic Levels:           2  (LDPE=1 LUT6=1)
  Clock Uncertainty:      0.188ns  ((TSJ^2 + DJ^2)^1/2) / 2 + PE
    Total System Jitter     (TSJ):    0.050ns
    Discrete Jitter          (DJ):    0.157ns
    Phase Error              (PE):    0.105ns

    Location             Delay type                Incr(ns)  Path(ns)    Netlist Resource(s)
  -------------------------------------------------------------------    -------------------
    SLICE_X10Y142        LDPE                         0.000     0.000 r  student_top_inst/bridge_inst/counter_inst/start_reg/G
    SLICE_X10Y142        LDPE (EnToQ_ldpe_G_Q)        0.330     0.330 r  student_top_inst/bridge_inst/counter_inst/start_reg/Q
                         net (fo=2, routed)           0.471     0.801    student_top_inst/bridge_inst/counter_inst/start
    SLICE_X12Y145        LUT6 (Prop_lut6_I0_O)        0.043     0.844 r  student_top_inst/bridge_inst/counter_inst/cnt_ms[31]_i_1/O
                         net (fo=32, routed)          1.055     1.899    student_top_inst/bridge_inst/counter_inst/cnt_ms0
    SLICE_X5Y136         FDRE                                         r  student_top_inst/bridge_inst/counter_inst/cnt_ms_reg[1]/CE
  -------------------------------------------------------------------    -------------------

                         (clock clk_out1_pll rise edge)
                                                      0.000     0.000 r  
    AD12                                              0.000     0.000 r  i_sys_clk_p (IN)
                         net (fo=0)                   0.000     0.000    pll_inst/inst/clk_in1_p
    AD12                 IBUFDS (Prop_ibufds_I_O)     0.803     0.803 r  pll_inst/inst/clkin1_ibufgds/O
                         net (fo=1, routed)           1.001     1.804    pll_inst/inst/clk_in1_pll
    PLLE2_ADV_X1Y1       PLLE2_ADV (Prop_plle2_adv_CLKIN1_CLKOUT0)
                                                     -7.261    -5.457 r  pll_inst/inst/plle2_adv_inst/CLKOUT0
                         net (fo=1, routed)           2.003    -3.454    pll_inst/inst/clk_out1_pll
    BUFGCTRL_X0Y1        BUFG (Prop_bufg_I_O)         0.083    -3.371 r  pll_inst/inst/clkout1_buf/O
                         net (fo=394, routed)         1.387    -1.984    student_top_inst/bridge_inst/counter_inst/cnt_ms_reg[31]_0
    SLICE_X5Y136         FDRE                                         r  student_top_inst/bridge_inst/counter_inst/cnt_ms_reg[1]/C

Slack:                    inf
  Source:                 student_top_inst/bridge_inst/counter_inst/start_reg/G
                            (positive level-sensitive latch)
  Destination:            student_top_inst/bridge_inst/counter_inst/cnt_ms_reg[2]/CE
                            (rising edge-triggered cell FDRE clocked by clk_out1_pll  {rise@0.000ns fall@10.000ns period=20.000ns})
  Path Group:             (none)
  Path Type:              Setup (Max at Slow Process Corner)
  Data Path Delay:        1.899ns  (logic 0.373ns (19.644%)  route 1.526ns (80.356%))
  Logic Levels:           2  (LDPE=1 LUT6=1)
  Clock Uncertainty:      0.188ns  ((TSJ^2 + DJ^2)^1/2) / 2 + PE
    Total System Jitter     (TSJ):    0.050ns
    Discrete Jitter          (DJ):    0.157ns
    Phase Error              (PE):    0.105ns

    Location             Delay type                Incr(ns)  Path(ns)    Netlist Resource(s)
  -------------------------------------------------------------------    -------------------
    SLICE_X10Y142        LDPE                         0.000     0.000 r  student_top_inst/bridge_inst/counter_inst/start_reg/G
    SLICE_X10Y142        LDPE (EnToQ_ldpe_G_Q)        0.330     0.330 r  student_top_inst/bridge_inst/counter_inst/start_reg/Q
                         net (fo=2, routed)           0.471     0.801    student_top_inst/bridge_inst/counter_inst/start
    SLICE_X12Y145        LUT6 (Prop_lut6_I0_O)        0.043     0.844 r  student_top_inst/bridge_inst/counter_inst/cnt_ms[31]_i_1/O
                         net (fo=32, routed)          1.055     1.899    student_top_inst/bridge_inst/counter_inst/cnt_ms0
    SLICE_X5Y136         FDRE                                         r  student_top_inst/bridge_inst/counter_inst/cnt_ms_reg[2]/CE
  -------------------------------------------------------------------    -------------------

                         (clock clk_out1_pll rise edge)
                                                      0.000     0.000 r  
    AD12                                              0.000     0.000 r  i_sys_clk_p (IN)
                         net (fo=0)                   0.000     0.000    pll_inst/inst/clk_in1_p
    AD12                 IBUFDS (Prop_ibufds_I_O)     0.803     0.803 r  pll_inst/inst/clkin1_ibufgds/O
                         net (fo=1, routed)           1.001     1.804    pll_inst/inst/clk_in1_pll
    PLLE2_ADV_X1Y1       PLLE2_ADV (Prop_plle2_adv_CLKIN1_CLKOUT0)
                                                     -7.261    -5.457 r  pll_inst/inst/plle2_adv_inst/CLKOUT0
                         net (fo=1, routed)           2.003    -3.454    pll_inst/inst/clk_out1_pll
    BUFGCTRL_X0Y1        BUFG (Prop_bufg_I_O)         0.083    -3.371 r  pll_inst/inst/clkout1_buf/O
                         net (fo=394, routed)         1.387    -1.984    student_top_inst/bridge_inst/counter_inst/cnt_ms_reg[31]_0
    SLICE_X5Y136         FDRE                                         r  student_top_inst/bridge_inst/counter_inst/cnt_ms_reg[2]/C

Slack:                    inf
  Source:                 student_top_inst/bridge_inst/counter_inst/start_reg/G
                            (positive level-sensitive latch)
  Destination:            student_top_inst/bridge_inst/counter_inst/cnt_ms_reg[3]/CE
                            (rising edge-triggered cell FDRE clocked by clk_out1_pll  {rise@0.000ns fall@10.000ns period=20.000ns})
  Path Group:             (none)
  Path Type:              Setup (Max at Slow Process Corner)
  Data Path Delay:        1.899ns  (logic 0.373ns (19.644%)  route 1.526ns (80.356%))
  Logic Levels:           2  (LDPE=1 LUT6=1)
  Clock Uncertainty:      0.188ns  ((TSJ^2 + DJ^2)^1/2) / 2 + PE
    Total System Jitter     (TSJ):    0.050ns
    Discrete Jitter          (DJ):    0.157ns
    Phase Error              (PE):    0.105ns

    Location             Delay type                Incr(ns)  Path(ns)    Netlist Resource(s)
  -------------------------------------------------------------------    -------------------
    SLICE_X10Y142        LDPE                         0.000     0.000 r  student_top_inst/bridge_inst/counter_inst/start_reg/G
    SLICE_X10Y142        LDPE (EnToQ_ldpe_G_Q)        0.330     0.330 r  student_top_inst/bridge_inst/counter_inst/start_reg/Q
                         net (fo=2, routed)           0.471     0.801    student_top_inst/bridge_inst/counter_inst/start
    SLICE_X12Y145        LUT6 (Prop_lut6_I0_O)        0.043     0.844 r  student_top_inst/bridge_inst/counter_inst/cnt_ms[31]_i_1/O
                         net (fo=32, routed)          1.055     1.899    student_top_inst/bridge_inst/counter_inst/cnt_ms0
    SLICE_X5Y136         FDRE                                         r  student_top_inst/bridge_inst/counter_inst/cnt_ms_reg[3]/CE
  -------------------------------------------------------------------    -------------------

                         (clock clk_out1_pll rise edge)
                                                      0.000     0.000 r  
    AD12                                              0.000     0.000 r  i_sys_clk_p (IN)
                         net (fo=0)                   0.000     0.000    pll_inst/inst/clk_in1_p
    AD12                 IBUFDS (Prop_ibufds_I_O)     0.803     0.803 r  pll_inst/inst/clkin1_ibufgds/O
                         net (fo=1, routed)           1.001     1.804    pll_inst/inst/clk_in1_pll
    PLLE2_ADV_X1Y1       PLLE2_ADV (Prop_plle2_adv_CLKIN1_CLKOUT0)
                                                     -7.261    -5.457 r  pll_inst/inst/plle2_adv_inst/CLKOUT0
                         net (fo=1, routed)           2.003    -3.454    pll_inst/inst/clk_out1_pll
    BUFGCTRL_X0Y1        BUFG (Prop_bufg_I_O)         0.083    -3.371 r  pll_inst/inst/clkout1_buf/O
                         net (fo=394, routed)         1.387    -1.984    student_top_inst/bridge_inst/counter_inst/cnt_ms_reg[31]_0
    SLICE_X5Y136         FDRE                                         r  student_top_inst/bridge_inst/counter_inst/cnt_ms_reg[3]/C

Slack:                    inf
  Source:                 student_top_inst/bridge_inst/counter_inst/start_reg/G
                            (positive level-sensitive latch)
  Destination:            student_top_inst/bridge_inst/counter_inst/cnt_ms_reg[4]/CE
                            (rising edge-triggered cell FDRE clocked by clk_out1_pll  {rise@0.000ns fall@10.000ns period=20.000ns})
  Path Group:             (none)
  Path Type:              Setup (Max at Slow Process Corner)
  Data Path Delay:        1.899ns  (logic 0.373ns (19.644%)  route 1.526ns (80.356%))
  Logic Levels:           2  (LDPE=1 LUT6=1)
  Clock Uncertainty:      0.188ns  ((TSJ^2 + DJ^2)^1/2) / 2 + PE
    Total System Jitter     (TSJ):    0.050ns
    Discrete Jitter          (DJ):    0.157ns
    Phase Error              (PE):    0.105ns

    Location             Delay type                Incr(ns)  Path(ns)    Netlist Resource(s)
  -------------------------------------------------------------------    -------------------
    SLICE_X10Y142        LDPE                         0.000     0.000 r  student_top_inst/bridge_inst/counter_inst/start_reg/G
    SLICE_X10Y142        LDPE (EnToQ_ldpe_G_Q)        0.330     0.330 r  student_top_inst/bridge_inst/counter_inst/start_reg/Q
                         net (fo=2, routed)           0.471     0.801    student_top_inst/bridge_inst/counter_inst/start
    SLICE_X12Y145        LUT6 (Prop_lut6_I0_O)        0.043     0.844 r  student_top_inst/bridge_inst/counter_inst/cnt_ms[31]_i_1/O
                         net (fo=32, routed)          1.055     1.899    student_top_inst/bridge_inst/counter_inst/cnt_ms0
    SLICE_X5Y136         FDRE                                         r  student_top_inst/bridge_inst/counter_inst/cnt_ms_reg[4]/CE
  -------------------------------------------------------------------    -------------------

                         (clock clk_out1_pll rise edge)
                                                      0.000     0.000 r  
    AD12                                              0.000     0.000 r  i_sys_clk_p (IN)
                         net (fo=0)                   0.000     0.000    pll_inst/inst/clk_in1_p
    AD12                 IBUFDS (Prop_ibufds_I_O)     0.803     0.803 r  pll_inst/inst/clkin1_ibufgds/O
                         net (fo=1, routed)           1.001     1.804    pll_inst/inst/clk_in1_pll
    PLLE2_ADV_X1Y1       PLLE2_ADV (Prop_plle2_adv_CLKIN1_CLKOUT0)
                                                     -7.261    -5.457 r  pll_inst/inst/plle2_adv_inst/CLKOUT0
                         net (fo=1, routed)           2.003    -3.454    pll_inst/inst/clk_out1_pll
    BUFGCTRL_X0Y1        BUFG (Prop_bufg_I_O)         0.083    -3.371 r  pll_inst/inst/clkout1_buf/O
                         net (fo=394, routed)         1.387    -1.984    student_top_inst/bridge_inst/counter_inst/cnt_ms_reg[31]_0
    SLICE_X5Y136         FDRE                                         r  student_top_inst/bridge_inst/counter_inst/cnt_ms_reg[4]/C

Slack:                    inf
  Source:                 student_top_inst/bridge_inst/counter_inst/start_reg/G
                            (positive level-sensitive latch)
  Destination:            student_top_inst/bridge_inst/counter_inst/cnt_ms_reg[5]/CE
                            (rising edge-triggered cell FDRE clocked by clk_out1_pll  {rise@0.000ns fall@10.000ns period=20.000ns})
  Path Group:             (none)
  Path Type:              Setup (Max at Slow Process Corner)
  Data Path Delay:        1.887ns  (logic 0.373ns (19.768%)  route 1.514ns (80.232%))
  Logic Levels:           2  (LDPE=1 LUT6=1)
  Clock Uncertainty:      0.188ns  ((TSJ^2 + DJ^2)^1/2) / 2 + PE
    Total System Jitter     (TSJ):    0.050ns
    Discrete Jitter          (DJ):    0.157ns
    Phase Error              (PE):    0.105ns

    Location             Delay type                Incr(ns)  Path(ns)    Netlist Resource(s)
  -------------------------------------------------------------------    -------------------
    SLICE_X10Y142        LDPE                         0.000     0.000 r  student_top_inst/bridge_inst/counter_inst/start_reg/G
    SLICE_X10Y142        LDPE (EnToQ_ldpe_G_Q)        0.330     0.330 r  student_top_inst/bridge_inst/counter_inst/start_reg/Q
                         net (fo=2, routed)           0.471     0.801    student_top_inst/bridge_inst/counter_inst/start
    SLICE_X12Y145        LUT6 (Prop_lut6_I0_O)        0.043     0.844 r  student_top_inst/bridge_inst/counter_inst/cnt_ms[31]_i_1/O
                         net (fo=32, routed)          1.043     1.887    student_top_inst/bridge_inst/counter_inst/cnt_ms0
    SLICE_X5Y137         FDRE                                         r  student_top_inst/bridge_inst/counter_inst/cnt_ms_reg[5]/CE
  -------------------------------------------------------------------    -------------------

                         (clock clk_out1_pll rise edge)
                                                      0.000     0.000 r  
    AD12                                              0.000     0.000 r  i_sys_clk_p (IN)
                         net (fo=0)                   0.000     0.000    pll_inst/inst/clk_in1_p
    AD12                 IBUFDS (Prop_ibufds_I_O)     0.803     0.803 r  pll_inst/inst/clkin1_ibufgds/O
                         net (fo=1, routed)           1.001     1.804    pll_inst/inst/clk_in1_pll
    PLLE2_ADV_X1Y1       PLLE2_ADV (Prop_plle2_adv_CLKIN1_CLKOUT0)
                                                     -7.261    -5.457 r  pll_inst/inst/plle2_adv_inst/CLKOUT0
                         net (fo=1, routed)           2.003    -3.454    pll_inst/inst/clk_out1_pll
    BUFGCTRL_X0Y1        BUFG (Prop_bufg_I_O)         0.083    -3.371 r  pll_inst/inst/clkout1_buf/O
                         net (fo=394, routed)         1.387    -1.984    student_top_inst/bridge_inst/counter_inst/cnt_ms_reg[31]_0
    SLICE_X5Y137         FDRE                                         r  student_top_inst/bridge_inst/counter_inst/cnt_ms_reg[5]/C

Slack:                    inf
  Source:                 student_top_inst/bridge_inst/counter_inst/start_reg/G
                            (positive level-sensitive latch)
  Destination:            student_top_inst/bridge_inst/counter_inst/cnt_ms_reg[6]/CE
                            (rising edge-triggered cell FDRE clocked by clk_out1_pll  {rise@0.000ns fall@10.000ns period=20.000ns})
  Path Group:             (none)
  Path Type:              Setup (Max at Slow Process Corner)
  Data Path Delay:        1.887ns  (logic 0.373ns (19.768%)  route 1.514ns (80.232%))
  Logic Levels:           2  (LDPE=1 LUT6=1)
  Clock Uncertainty:      0.188ns  ((TSJ^2 + DJ^2)^1/2) / 2 + PE
    Total System Jitter     (TSJ):    0.050ns
    Discrete Jitter          (DJ):    0.157ns
    Phase Error              (PE):    0.105ns

    Location             Delay type                Incr(ns)  Path(ns)    Netlist Resource(s)
  -------------------------------------------------------------------    -------------------
    SLICE_X10Y142        LDPE                         0.000     0.000 r  student_top_inst/bridge_inst/counter_inst/start_reg/G
    SLICE_X10Y142        LDPE (EnToQ_ldpe_G_Q)        0.330     0.330 r  student_top_inst/bridge_inst/counter_inst/start_reg/Q
                         net (fo=2, routed)           0.471     0.801    student_top_inst/bridge_inst/counter_inst/start
    SLICE_X12Y145        LUT6 (Prop_lut6_I0_O)        0.043     0.844 r  student_top_inst/bridge_inst/counter_inst/cnt_ms[31]_i_1/O
                         net (fo=32, routed)          1.043     1.887    student_top_inst/bridge_inst/counter_inst/cnt_ms0
    SLICE_X5Y137         FDRE                                         r  student_top_inst/bridge_inst/counter_inst/cnt_ms_reg[6]/CE
  -------------------------------------------------------------------    -------------------

                         (clock clk_out1_pll rise edge)
                                                      0.000     0.000 r  
    AD12                                              0.000     0.000 r  i_sys_clk_p (IN)
                         net (fo=0)                   0.000     0.000    pll_inst/inst/clk_in1_p
    AD12                 IBUFDS (Prop_ibufds_I_O)     0.803     0.803 r  pll_inst/inst/clkin1_ibufgds/O
                         net (fo=1, routed)           1.001     1.804    pll_inst/inst/clk_in1_pll
    PLLE2_ADV_X1Y1       PLLE2_ADV (Prop_plle2_adv_CLKIN1_CLKOUT0)
                                                     -7.261    -5.457 r  pll_inst/inst/plle2_adv_inst/CLKOUT0
                         net (fo=1, routed)           2.003    -3.454    pll_inst/inst/clk_out1_pll
    BUFGCTRL_X0Y1        BUFG (Prop_bufg_I_O)         0.083    -3.371 r  pll_inst/inst/clkout1_buf/O
                         net (fo=394, routed)         1.387    -1.984    student_top_inst/bridge_inst/counter_inst/cnt_ms_reg[31]_0
    SLICE_X5Y137         FDRE                                         r  student_top_inst/bridge_inst/counter_inst/cnt_ms_reg[6]/C

Slack:                    inf
  Source:                 student_top_inst/bridge_inst/counter_inst/start_reg/G
                            (positive level-sensitive latch)
  Destination:            student_top_inst/bridge_inst/counter_inst/cnt_ms_reg[7]/CE
                            (rising edge-triggered cell FDRE clocked by clk_out1_pll  {rise@0.000ns fall@10.000ns period=20.000ns})
  Path Group:             (none)
  Path Type:              Setup (Max at Slow Process Corner)
  Data Path Delay:        1.887ns  (logic 0.373ns (19.768%)  route 1.514ns (80.232%))
  Logic Levels:           2  (LDPE=1 LUT6=1)
  Clock Uncertainty:      0.188ns  ((TSJ^2 + DJ^2)^1/2) / 2 + PE
    Total System Jitter     (TSJ):    0.050ns
    Discrete Jitter          (DJ):    0.157ns
    Phase Error              (PE):    0.105ns

    Location             Delay type                Incr(ns)  Path(ns)    Netlist Resource(s)
  -------------------------------------------------------------------    -------------------
    SLICE_X10Y142        LDPE                         0.000     0.000 r  student_top_inst/bridge_inst/counter_inst/start_reg/G
    SLICE_X10Y142        LDPE (EnToQ_ldpe_G_Q)        0.330     0.330 r  student_top_inst/bridge_inst/counter_inst/start_reg/Q
                         net (fo=2, routed)           0.471     0.801    student_top_inst/bridge_inst/counter_inst/start
    SLICE_X12Y145        LUT6 (Prop_lut6_I0_O)        0.043     0.844 r  student_top_inst/bridge_inst/counter_inst/cnt_ms[31]_i_1/O
                         net (fo=32, routed)          1.043     1.887    student_top_inst/bridge_inst/counter_inst/cnt_ms0
    SLICE_X5Y137         FDRE                                         r  student_top_inst/bridge_inst/counter_inst/cnt_ms_reg[7]/CE
  -------------------------------------------------------------------    -------------------

                         (clock clk_out1_pll rise edge)
                                                      0.000     0.000 r  
    AD12                                              0.000     0.000 r  i_sys_clk_p (IN)
                         net (fo=0)                   0.000     0.000    pll_inst/inst/clk_in1_p
    AD12                 IBUFDS (Prop_ibufds_I_O)     0.803     0.803 r  pll_inst/inst/clkin1_ibufgds/O
                         net (fo=1, routed)           1.001     1.804    pll_inst/inst/clk_in1_pll
    PLLE2_ADV_X1Y1       PLLE2_ADV (Prop_plle2_adv_CLKIN1_CLKOUT0)
                                                     -7.261    -5.457 r  pll_inst/inst/plle2_adv_inst/CLKOUT0
                         net (fo=1, routed)           2.003    -3.454    pll_inst/inst/clk_out1_pll
    BUFGCTRL_X0Y1        BUFG (Prop_bufg_I_O)         0.083    -3.371 r  pll_inst/inst/clkout1_buf/O
                         net (fo=394, routed)         1.387    -1.984    student_top_inst/bridge_inst/counter_inst/cnt_ms_reg[31]_0
    SLICE_X5Y137         FDRE                                         r  student_top_inst/bridge_inst/counter_inst/cnt_ms_reg[7]/C

Slack:                    inf
  Source:                 student_top_inst/bridge_inst/counter_inst/start_reg/G
                            (positive level-sensitive latch)
  Destination:            student_top_inst/bridge_inst/counter_inst/cnt_ms_reg[8]/CE
                            (rising edge-triggered cell FDRE clocked by clk_out1_pll  {rise@0.000ns fall@10.000ns period=20.000ns})
  Path Group:             (none)
  Path Type:              Setup (Max at Slow Process Corner)
  Data Path Delay:        1.887ns  (logic 0.373ns (19.768%)  route 1.514ns (80.232%))
  Logic Levels:           2  (LDPE=1 LUT6=1)
  Clock Uncertainty:      0.188ns  ((TSJ^2 + DJ^2)^1/2) / 2 + PE
    Total System Jitter     (TSJ):    0.050ns
    Discrete Jitter          (DJ):    0.157ns
    Phase Error              (PE):    0.105ns

    Location             Delay type                Incr(ns)  Path(ns)    Netlist Resource(s)
  -------------------------------------------------------------------    -------------------
    SLICE_X10Y142        LDPE                         0.000     0.000 r  student_top_inst/bridge_inst/counter_inst/start_reg/G
    SLICE_X10Y142        LDPE (EnToQ_ldpe_G_Q)        0.330     0.330 r  student_top_inst/bridge_inst/counter_inst/start_reg/Q
                         net (fo=2, routed)           0.471     0.801    student_top_inst/bridge_inst/counter_inst/start
    SLICE_X12Y145        LUT6 (Prop_lut6_I0_O)        0.043     0.844 r  student_top_inst/bridge_inst/counter_inst/cnt_ms[31]_i_1/O
                         net (fo=32, routed)          1.043     1.887    student_top_inst/bridge_inst/counter_inst/cnt_ms0
    SLICE_X5Y137         FDRE                                         r  student_top_inst/bridge_inst/counter_inst/cnt_ms_reg[8]/CE
  -------------------------------------------------------------------    -------------------

                         (clock clk_out1_pll rise edge)
                                                      0.000     0.000 r  
    AD12                                              0.000     0.000 r  i_sys_clk_p (IN)
                         net (fo=0)                   0.000     0.000    pll_inst/inst/clk_in1_p
    AD12                 IBUFDS (Prop_ibufds_I_O)     0.803     0.803 r  pll_inst/inst/clkin1_ibufgds/O
                         net (fo=1, routed)           1.001     1.804    pll_inst/inst/clk_in1_pll
    PLLE2_ADV_X1Y1       PLLE2_ADV (Prop_plle2_adv_CLKIN1_CLKOUT0)
                                                     -7.261    -5.457 r  pll_inst/inst/plle2_adv_inst/CLKOUT0
                         net (fo=1, routed)           2.003    -3.454    pll_inst/inst/clk_out1_pll
    BUFGCTRL_X0Y1        BUFG (Prop_bufg_I_O)         0.083    -3.371 r  pll_inst/inst/clkout1_buf/O
                         net (fo=394, routed)         1.387    -1.984    student_top_inst/bridge_inst/counter_inst/cnt_ms_reg[31]_0
    SLICE_X5Y137         FDRE                                         r  student_top_inst/bridge_inst/counter_inst/cnt_ms_reg[8]/C





Min Delay Paths
--------------------------------------------------------------------------------------
Slack:                    inf
  Source:                 student_top_inst/bridge_inst/counter_inst/start_reg/G
                            (positive level-sensitive latch)
  Destination:            student_top_inst/bridge_inst/counter_inst/cnt_1ms_reg[0]/R
                            (rising edge-triggered cell FDRE clocked by clk_out1_pll  {rise@0.000ns fall@10.000ns period=20.000ns})
  Path Group:             (none)
  Path Type:              Hold (Min at Fast Process Corner)
  Data Path Delay:        0.465ns  (logic 0.170ns (36.545%)  route 0.295ns (63.455%))
  Logic Levels:           2  (LDPE=1 LUT2=1)
  Clock Uncertainty:      0.188ns  ((TSJ^2 + DJ^2)^1/2) / 2 + PE
    Total System Jitter     (TSJ):    0.050ns
    Discrete Jitter          (DJ):    0.157ns
    Phase Error              (PE):    0.105ns

    Location             Delay type                Incr(ns)  Path(ns)    Netlist Resource(s)
  -------------------------------------------------------------------    -------------------
    SLICE_X10Y142        LDPE                         0.000     0.000 r  student_top_inst/bridge_inst/counter_inst/start_reg/G
    SLICE_X10Y142        LDPE (EnToQ_ldpe_G_Q)        0.143     0.143 f  student_top_inst/bridge_inst/counter_inst/start_reg/Q
                         net (fo=2, routed)           0.198     0.341    student_top_inst/bridge_inst/counter_inst/start
    SLICE_X12Y142        LUT2 (Prop_lut2_I1_O)        0.027     0.368 r  student_top_inst/bridge_inst/counter_inst/cnt_1ms[15]_i_1/O
                         net (fo=16, routed)          0.098     0.465    student_top_inst/bridge_inst/counter_inst/cnt_1ms[15]_i_1_n_0
    SLICE_X12Y143        FDRE                                         r  student_top_inst/bridge_inst/counter_inst/cnt_1ms_reg[0]/R
  -------------------------------------------------------------------    -------------------

                         (clock clk_out1_pll rise edge)
                                                      0.000     0.000 r  
    AD12                                              0.000     0.000 r  i_sys_clk_p (IN)
                         net (fo=0)                   0.000     0.000    pll_inst/inst/clk_in1_p
    AD12                 IBUFDS (Prop_ibufds_I_O)     0.470     0.470 r  pll_inst/inst/clkin1_ibufgds/O
                         net (fo=1, routed)           0.554     1.024    pll_inst/inst/clk_in1_pll
    PLLE2_ADV_X1Y1       PLLE2_ADV (Prop_plle2_adv_CLKIN1_CLKOUT0)
                                                     -3.524    -2.500 r  pll_inst/inst/plle2_adv_inst/CLKOUT0
                         net (fo=1, routed)           1.027    -1.473    pll_inst/inst/clk_out1_pll
    BUFGCTRL_X0Y1        BUFG (Prop_bufg_I_O)         0.030    -1.443 r  pll_inst/inst/clkout1_buf/O
                         net (fo=394, routed)         0.863    -0.580    student_top_inst/bridge_inst/counter_inst/cnt_ms_reg[31]_0
    SLICE_X12Y143        FDRE                                         r  student_top_inst/bridge_inst/counter_inst/cnt_1ms_reg[0]/C

Slack:                    inf
  Source:                 student_top_inst/bridge_inst/counter_inst/start_reg/G
                            (positive level-sensitive latch)
  Destination:            student_top_inst/bridge_inst/counter_inst/cnt_1ms_reg[1]/R
                            (rising edge-triggered cell FDRE clocked by clk_out1_pll  {rise@0.000ns fall@10.000ns period=20.000ns})
  Path Group:             (none)
  Path Type:              Hold (Min at Fast Process Corner)
  Data Path Delay:        0.526ns  (logic 0.170ns (32.349%)  route 0.356ns (67.651%))
  Logic Levels:           2  (LDPE=1 LUT2=1)
  Clock Uncertainty:      0.188ns  ((TSJ^2 + DJ^2)^1/2) / 2 + PE
    Total System Jitter     (TSJ):    0.050ns
    Discrete Jitter          (DJ):    0.157ns
    Phase Error              (PE):    0.105ns

    Location             Delay type                Incr(ns)  Path(ns)    Netlist Resource(s)
  -------------------------------------------------------------------    -------------------
    SLICE_X10Y142        LDPE                         0.000     0.000 r  student_top_inst/bridge_inst/counter_inst/start_reg/G
    SLICE_X10Y142        LDPE (EnToQ_ldpe_G_Q)        0.143     0.143 f  student_top_inst/bridge_inst/counter_inst/start_reg/Q
                         net (fo=2, routed)           0.198     0.341    student_top_inst/bridge_inst/counter_inst/start
    SLICE_X12Y142        LUT2 (Prop_lut2_I1_O)        0.027     0.368 r  student_top_inst/bridge_inst/counter_inst/cnt_1ms[15]_i_1/O
                         net (fo=16, routed)          0.158     0.526    student_top_inst/bridge_inst/counter_inst/cnt_1ms[15]_i_1_n_0
    SLICE_X12Y145        FDRE                                         r  student_top_inst/bridge_inst/counter_inst/cnt_1ms_reg[1]/R
  -------------------------------------------------------------------    -------------------

                         (clock clk_out1_pll rise edge)
                                                      0.000     0.000 r  
    AD12                                              0.000     0.000 r  i_sys_clk_p (IN)
                         net (fo=0)                   0.000     0.000    pll_inst/inst/clk_in1_p
    AD12                 IBUFDS (Prop_ibufds_I_O)     0.470     0.470 r  pll_inst/inst/clkin1_ibufgds/O
                         net (fo=1, routed)           0.554     1.024    pll_inst/inst/clk_in1_pll
    PLLE2_ADV_X1Y1       PLLE2_ADV (Prop_plle2_adv_CLKIN1_CLKOUT0)
                                                     -3.524    -2.500 r  pll_inst/inst/plle2_adv_inst/CLKOUT0
                         net (fo=1, routed)           1.027    -1.473    pll_inst/inst/clk_out1_pll
    BUFGCTRL_X0Y1        BUFG (Prop_bufg_I_O)         0.030    -1.443 r  pll_inst/inst/clkout1_buf/O
                         net (fo=394, routed)         0.863    -0.580    student_top_inst/bridge_inst/counter_inst/cnt_ms_reg[31]_0
    SLICE_X12Y145        FDRE                                         r  student_top_inst/bridge_inst/counter_inst/cnt_1ms_reg[1]/C

Slack:                    inf
  Source:                 student_top_inst/bridge_inst/counter_inst/start_reg/G
                            (positive level-sensitive latch)
  Destination:            student_top_inst/bridge_inst/counter_inst/cnt_1ms_reg[2]/R
                            (rising edge-triggered cell FDRE clocked by clk_out1_pll  {rise@0.000ns fall@10.000ns period=20.000ns})
  Path Group:             (none)
  Path Type:              Hold (Min at Fast Process Corner)
  Data Path Delay:        0.526ns  (logic 0.170ns (32.349%)  route 0.356ns (67.651%))
  Logic Levels:           2  (LDPE=1 LUT2=1)
  Clock Uncertainty:      0.188ns  ((TSJ^2 + DJ^2)^1/2) / 2 + PE
    Total System Jitter     (TSJ):    0.050ns
    Discrete Jitter          (DJ):    0.157ns
    Phase Error              (PE):    0.105ns

    Location             Delay type                Incr(ns)  Path(ns)    Netlist Resource(s)
  -------------------------------------------------------------------    -------------------
    SLICE_X10Y142        LDPE                         0.000     0.000 r  student_top_inst/bridge_inst/counter_inst/start_reg/G
    SLICE_X10Y142        LDPE (EnToQ_ldpe_G_Q)        0.143     0.143 f  student_top_inst/bridge_inst/counter_inst/start_reg/Q
                         net (fo=2, routed)           0.198     0.341    student_top_inst/bridge_inst/counter_inst/start
    SLICE_X12Y142        LUT2 (Prop_lut2_I1_O)        0.027     0.368 r  student_top_inst/bridge_inst/counter_inst/cnt_1ms[15]_i_1/O
                         net (fo=16, routed)          0.158     0.526    student_top_inst/bridge_inst/counter_inst/cnt_1ms[15]_i_1_n_0
    SLICE_X13Y145        FDRE                                         r  student_top_inst/bridge_inst/counter_inst/cnt_1ms_reg[2]/R
  -------------------------------------------------------------------    -------------------

                         (clock clk_out1_pll rise edge)
                                                      0.000     0.000 r  
    AD12                                              0.000     0.000 r  i_sys_clk_p (IN)
                         net (fo=0)                   0.000     0.000    pll_inst/inst/clk_in1_p
    AD12                 IBUFDS (Prop_ibufds_I_O)     0.470     0.470 r  pll_inst/inst/clkin1_ibufgds/O
                         net (fo=1, routed)           0.554     1.024    pll_inst/inst/clk_in1_pll
    PLLE2_ADV_X1Y1       PLLE2_ADV (Prop_plle2_adv_CLKIN1_CLKOUT0)
                                                     -3.524    -2.500 r  pll_inst/inst/plle2_adv_inst/CLKOUT0
                         net (fo=1, routed)           1.027    -1.473    pll_inst/inst/clk_out1_pll
    BUFGCTRL_X0Y1        BUFG (Prop_bufg_I_O)         0.030    -1.443 r  pll_inst/inst/clkout1_buf/O
                         net (fo=394, routed)         0.863    -0.580    student_top_inst/bridge_inst/counter_inst/cnt_ms_reg[31]_0
    SLICE_X13Y145        FDRE                                         r  student_top_inst/bridge_inst/counter_inst/cnt_1ms_reg[2]/C

Slack:                    inf
  Source:                 student_top_inst/bridge_inst/counter_inst/start_reg/G
                            (positive level-sensitive latch)
  Destination:            student_top_inst/bridge_inst/counter_inst/cnt_1ms_reg[3]/R
                            (rising edge-triggered cell FDRE clocked by clk_out1_pll  {rise@0.000ns fall@10.000ns period=20.000ns})
  Path Group:             (none)
  Path Type:              Hold (Min at Fast Process Corner)
  Data Path Delay:        0.526ns  (logic 0.170ns (32.349%)  route 0.356ns (67.651%))
  Logic Levels:           2  (LDPE=1 LUT2=1)
  Clock Uncertainty:      0.188ns  ((TSJ^2 + DJ^2)^1/2) / 2 + PE
    Total System Jitter     (TSJ):    0.050ns
    Discrete Jitter          (DJ):    0.157ns
    Phase Error              (PE):    0.105ns

    Location             Delay type                Incr(ns)  Path(ns)    Netlist Resource(s)
  -------------------------------------------------------------------    -------------------
    SLICE_X10Y142        LDPE                         0.000     0.000 r  student_top_inst/bridge_inst/counter_inst/start_reg/G
    SLICE_X10Y142        LDPE (EnToQ_ldpe_G_Q)        0.143     0.143 f  student_top_inst/bridge_inst/counter_inst/start_reg/Q
                         net (fo=2, routed)           0.198     0.341    student_top_inst/bridge_inst/counter_inst/start
    SLICE_X12Y142        LUT2 (Prop_lut2_I1_O)        0.027     0.368 r  student_top_inst/bridge_inst/counter_inst/cnt_1ms[15]_i_1/O
                         net (fo=16, routed)          0.158     0.526    student_top_inst/bridge_inst/counter_inst/cnt_1ms[15]_i_1_n_0
    SLICE_X13Y145        FDRE                                         r  student_top_inst/bridge_inst/counter_inst/cnt_1ms_reg[3]/R
  -------------------------------------------------------------------    -------------------

                         (clock clk_out1_pll rise edge)
                                                      0.000     0.000 r  
    AD12                                              0.000     0.000 r  i_sys_clk_p (IN)
                         net (fo=0)                   0.000     0.000    pll_inst/inst/clk_in1_p
    AD12                 IBUFDS (Prop_ibufds_I_O)     0.470     0.470 r  pll_inst/inst/clkin1_ibufgds/O
                         net (fo=1, routed)           0.554     1.024    pll_inst/inst/clk_in1_pll
    PLLE2_ADV_X1Y1       PLLE2_ADV (Prop_plle2_adv_CLKIN1_CLKOUT0)
                                                     -3.524    -2.500 r  pll_inst/inst/plle2_adv_inst/CLKOUT0
                         net (fo=1, routed)           1.027    -1.473    pll_inst/inst/clk_out1_pll
    BUFGCTRL_X0Y1        BUFG (Prop_bufg_I_O)         0.030    -1.443 r  pll_inst/inst/clkout1_buf/O
                         net (fo=394, routed)         0.863    -0.580    student_top_inst/bridge_inst/counter_inst/cnt_ms_reg[31]_0
    SLICE_X13Y145        FDRE                                         r  student_top_inst/bridge_inst/counter_inst/cnt_1ms_reg[3]/C

Slack:                    inf
  Source:                 student_top_inst/bridge_inst/counter_inst/start_reg/G
                            (positive level-sensitive latch)
  Destination:            student_top_inst/bridge_inst/counter_inst/cnt_1ms_reg[4]/R
                            (rising edge-triggered cell FDRE clocked by clk_out1_pll  {rise@0.000ns fall@10.000ns period=20.000ns})
  Path Group:             (none)
  Path Type:              Hold (Min at Fast Process Corner)
  Data Path Delay:        0.526ns  (logic 0.170ns (32.349%)  route 0.356ns (67.651%))
  Logic Levels:           2  (LDPE=1 LUT2=1)
  Clock Uncertainty:      0.188ns  ((TSJ^2 + DJ^2)^1/2) / 2 + PE
    Total System Jitter     (TSJ):    0.050ns
    Discrete Jitter          (DJ):    0.157ns
    Phase Error              (PE):    0.105ns

    Location             Delay type                Incr(ns)  Path(ns)    Netlist Resource(s)
  -------------------------------------------------------------------    -------------------
    SLICE_X10Y142        LDPE                         0.000     0.000 r  student_top_inst/bridge_inst/counter_inst/start_reg/G
    SLICE_X10Y142        LDPE (EnToQ_ldpe_G_Q)        0.143     0.143 f  student_top_inst/bridge_inst/counter_inst/start_reg/Q
                         net (fo=2, routed)           0.198     0.341    student_top_inst/bridge_inst/counter_inst/start
    SLICE_X12Y142        LUT2 (Prop_lut2_I1_O)        0.027     0.368 r  student_top_inst/bridge_inst/counter_inst/cnt_1ms[15]_i_1/O
                         net (fo=16, routed)          0.158     0.526    student_top_inst/bridge_inst/counter_inst/cnt_1ms[15]_i_1_n_0
    SLICE_X13Y145        FDRE                                         r  student_top_inst/bridge_inst/counter_inst/cnt_1ms_reg[4]/R
  -------------------------------------------------------------------    -------------------

                         (clock clk_out1_pll rise edge)
                                                      0.000     0.000 r  
    AD12                                              0.000     0.000 r  i_sys_clk_p (IN)
                         net (fo=0)                   0.000     0.000    pll_inst/inst/clk_in1_p
    AD12                 IBUFDS (Prop_ibufds_I_O)     0.470     0.470 r  pll_inst/inst/clkin1_ibufgds/O
                         net (fo=1, routed)           0.554     1.024    pll_inst/inst/clk_in1_pll
    PLLE2_ADV_X1Y1       PLLE2_ADV (Prop_plle2_adv_CLKIN1_CLKOUT0)
                                                     -3.524    -2.500 r  pll_inst/inst/plle2_adv_inst/CLKOUT0
                         net (fo=1, routed)           1.027    -1.473    pll_inst/inst/clk_out1_pll
    BUFGCTRL_X0Y1        BUFG (Prop_bufg_I_O)         0.030    -1.443 r  pll_inst/inst/clkout1_buf/O
                         net (fo=394, routed)         0.863    -0.580    student_top_inst/bridge_inst/counter_inst/cnt_ms_reg[31]_0
    SLICE_X13Y145        FDRE                                         r  student_top_inst/bridge_inst/counter_inst/cnt_1ms_reg[4]/C

Slack:                    inf
  Source:                 student_top_inst/bridge_inst/counter_inst/start_reg/G
                            (positive level-sensitive latch)
  Destination:            student_top_inst/bridge_inst/counter_inst/cnt_1ms_reg[5]/R
                            (rising edge-triggered cell FDRE clocked by clk_out1_pll  {rise@0.000ns fall@10.000ns period=20.000ns})
  Path Group:             (none)
  Path Type:              Hold (Min at Fast Process Corner)
  Data Path Delay:        0.526ns  (logic 0.170ns (32.349%)  route 0.356ns (67.651%))
  Logic Levels:           2  (LDPE=1 LUT2=1)
  Clock Uncertainty:      0.188ns  ((TSJ^2 + DJ^2)^1/2) / 2 + PE
    Total System Jitter     (TSJ):    0.050ns
    Discrete Jitter          (DJ):    0.157ns
    Phase Error              (PE):    0.105ns

    Location             Delay type                Incr(ns)  Path(ns)    Netlist Resource(s)
  -------------------------------------------------------------------    -------------------
    SLICE_X10Y142        LDPE                         0.000     0.000 r  student_top_inst/bridge_inst/counter_inst/start_reg/G
    SLICE_X10Y142        LDPE (EnToQ_ldpe_G_Q)        0.143     0.143 f  student_top_inst/bridge_inst/counter_inst/start_reg/Q
                         net (fo=2, routed)           0.198     0.341    student_top_inst/bridge_inst/counter_inst/start
    SLICE_X12Y142        LUT2 (Prop_lut2_I1_O)        0.027     0.368 r  student_top_inst/bridge_inst/counter_inst/cnt_1ms[15]_i_1/O
                         net (fo=16, routed)          0.158     0.526    student_top_inst/bridge_inst/counter_inst/cnt_1ms[15]_i_1_n_0
    SLICE_X13Y145        FDRE                                         r  student_top_inst/bridge_inst/counter_inst/cnt_1ms_reg[5]/R
  -------------------------------------------------------------------    -------------------

                         (clock clk_out1_pll rise edge)
                                                      0.000     0.000 r  
    AD12                                              0.000     0.000 r  i_sys_clk_p (IN)
                         net (fo=0)                   0.000     0.000    pll_inst/inst/clk_in1_p
    AD12                 IBUFDS (Prop_ibufds_I_O)     0.470     0.470 r  pll_inst/inst/clkin1_ibufgds/O
                         net (fo=1, routed)           0.554     1.024    pll_inst/inst/clk_in1_pll
    PLLE2_ADV_X1Y1       PLLE2_ADV (Prop_plle2_adv_CLKIN1_CLKOUT0)
                                                     -3.524    -2.500 r  pll_inst/inst/plle2_adv_inst/CLKOUT0
                         net (fo=1, routed)           1.027    -1.473    pll_inst/inst/clk_out1_pll
    BUFGCTRL_X0Y1        BUFG (Prop_bufg_I_O)         0.030    -1.443 r  pll_inst/inst/clkout1_buf/O
                         net (fo=394, routed)         0.863    -0.580    student_top_inst/bridge_inst/counter_inst/cnt_ms_reg[31]_0
    SLICE_X13Y145        FDRE                                         r  student_top_inst/bridge_inst/counter_inst/cnt_1ms_reg[5]/C

Slack:                    inf
  Source:                 student_top_inst/bridge_inst/counter_inst/start_reg/G
                            (positive level-sensitive latch)
  Destination:            student_top_inst/bridge_inst/counter_inst/cnt_1ms_reg[10]/R
                            (rising edge-triggered cell FDRE clocked by clk_out1_pll  {rise@0.000ns fall@10.000ns period=20.000ns})
  Path Group:             (none)
  Path Type:              Hold (Min at Fast Process Corner)
  Data Path Delay:        0.564ns  (logic 0.170ns (30.122%)  route 0.394ns (69.878%))
  Logic Levels:           2  (LDPE=1 LUT2=1)
  Clock Uncertainty:      0.188ns  ((TSJ^2 + DJ^2)^1/2) / 2 + PE
    Total System Jitter     (TSJ):    0.050ns
    Discrete Jitter          (DJ):    0.157ns
    Phase Error              (PE):    0.105ns

    Location             Delay type                Incr(ns)  Path(ns)    Netlist Resource(s)
  -------------------------------------------------------------------    -------------------
    SLICE_X10Y142        LDPE                         0.000     0.000 r  student_top_inst/bridge_inst/counter_inst/start_reg/G
    SLICE_X10Y142        LDPE (EnToQ_ldpe_G_Q)        0.143     0.143 f  student_top_inst/bridge_inst/counter_inst/start_reg/Q
                         net (fo=2, routed)           0.198     0.341    student_top_inst/bridge_inst/counter_inst/start
    SLICE_X12Y142        LUT2 (Prop_lut2_I1_O)        0.027     0.368 r  student_top_inst/bridge_inst/counter_inst/cnt_1ms[15]_i_1/O
                         net (fo=16, routed)          0.197     0.564    student_top_inst/bridge_inst/counter_inst/cnt_1ms[15]_i_1_n_0
    SLICE_X14Y146        FDRE                                         r  student_top_inst/bridge_inst/counter_inst/cnt_1ms_reg[10]/R
  -------------------------------------------------------------------    -------------------

                         (clock clk_out1_pll rise edge)
                                                      0.000     0.000 r  
    AD12                                              0.000     0.000 r  i_sys_clk_p (IN)
                         net (fo=0)                   0.000     0.000    pll_inst/inst/clk_in1_p
    AD12                 IBUFDS (Prop_ibufds_I_O)     0.470     0.470 r  pll_inst/inst/clkin1_ibufgds/O
                         net (fo=1, routed)           0.554     1.024    pll_inst/inst/clk_in1_pll
    PLLE2_ADV_X1Y1       PLLE2_ADV (Prop_plle2_adv_CLKIN1_CLKOUT0)
                                                     -3.524    -2.500 r  pll_inst/inst/plle2_adv_inst/CLKOUT0
                         net (fo=1, routed)           1.027    -1.473    pll_inst/inst/clk_out1_pll
    BUFGCTRL_X0Y1        BUFG (Prop_bufg_I_O)         0.030    -1.443 r  pll_inst/inst/clkout1_buf/O
                         net (fo=394, routed)         0.863    -0.580    student_top_inst/bridge_inst/counter_inst/cnt_ms_reg[31]_0
    SLICE_X14Y146        FDRE                                         r  student_top_inst/bridge_inst/counter_inst/cnt_1ms_reg[10]/C

Slack:                    inf
  Source:                 student_top_inst/bridge_inst/counter_inst/start_reg/G
                            (positive level-sensitive latch)
  Destination:            student_top_inst/bridge_inst/counter_inst/cnt_1ms_reg[6]/R
                            (rising edge-triggered cell FDRE clocked by clk_out1_pll  {rise@0.000ns fall@10.000ns period=20.000ns})
  Path Group:             (none)
  Path Type:              Hold (Min at Fast Process Corner)
  Data Path Delay:        0.564ns  (logic 0.170ns (30.122%)  route 0.394ns (69.878%))
  Logic Levels:           2  (LDPE=1 LUT2=1)
  Clock Uncertainty:      0.188ns  ((TSJ^2 + DJ^2)^1/2) / 2 + PE
    Total System Jitter     (TSJ):    0.050ns
    Discrete Jitter          (DJ):    0.157ns
    Phase Error              (PE):    0.105ns

    Location             Delay type                Incr(ns)  Path(ns)    Netlist Resource(s)
  -------------------------------------------------------------------    -------------------
    SLICE_X10Y142        LDPE                         0.000     0.000 r  student_top_inst/bridge_inst/counter_inst/start_reg/G
    SLICE_X10Y142        LDPE (EnToQ_ldpe_G_Q)        0.143     0.143 f  student_top_inst/bridge_inst/counter_inst/start_reg/Q
                         net (fo=2, routed)           0.198     0.341    student_top_inst/bridge_inst/counter_inst/start
    SLICE_X12Y142        LUT2 (Prop_lut2_I1_O)        0.027     0.368 r  student_top_inst/bridge_inst/counter_inst/cnt_1ms[15]_i_1/O
                         net (fo=16, routed)          0.197     0.564    student_top_inst/bridge_inst/counter_inst/cnt_1ms[15]_i_1_n_0
    SLICE_X15Y146        FDRE                                         r  student_top_inst/bridge_inst/counter_inst/cnt_1ms_reg[6]/R
  -------------------------------------------------------------------    -------------------

                         (clock clk_out1_pll rise edge)
                                                      0.000     0.000 r  
    AD12                                              0.000     0.000 r  i_sys_clk_p (IN)
                         net (fo=0)                   0.000     0.000    pll_inst/inst/clk_in1_p
    AD12                 IBUFDS (Prop_ibufds_I_O)     0.470     0.470 r  pll_inst/inst/clkin1_ibufgds/O
                         net (fo=1, routed)           0.554     1.024    pll_inst/inst/clk_in1_pll
    PLLE2_ADV_X1Y1       PLLE2_ADV (Prop_plle2_adv_CLKIN1_CLKOUT0)
                                                     -3.524    -2.500 r  pll_inst/inst/plle2_adv_inst/CLKOUT0
                         net (fo=1, routed)           1.027    -1.473    pll_inst/inst/clk_out1_pll
    BUFGCTRL_X0Y1        BUFG (Prop_bufg_I_O)         0.030    -1.443 r  pll_inst/inst/clkout1_buf/O
                         net (fo=394, routed)         0.863    -0.580    student_top_inst/bridge_inst/counter_inst/cnt_ms_reg[31]_0
    SLICE_X15Y146        FDRE                                         r  student_top_inst/bridge_inst/counter_inst/cnt_1ms_reg[6]/C

Slack:                    inf
  Source:                 student_top_inst/bridge_inst/counter_inst/start_reg/G
                            (positive level-sensitive latch)
  Destination:            student_top_inst/bridge_inst/counter_inst/cnt_1ms_reg[7]/R
                            (rising edge-triggered cell FDRE clocked by clk_out1_pll  {rise@0.000ns fall@10.000ns period=20.000ns})
  Path Group:             (none)
  Path Type:              Hold (Min at Fast Process Corner)
  Data Path Delay:        0.564ns  (logic 0.170ns (30.122%)  route 0.394ns (69.878%))
  Logic Levels:           2  (LDPE=1 LUT2=1)
  Clock Uncertainty:      0.188ns  ((TSJ^2 + DJ^2)^1/2) / 2 + PE
    Total System Jitter     (TSJ):    0.050ns
    Discrete Jitter          (DJ):    0.157ns
    Phase Error              (PE):    0.105ns

    Location             Delay type                Incr(ns)  Path(ns)    Netlist Resource(s)
  -------------------------------------------------------------------    -------------------
    SLICE_X10Y142        LDPE                         0.000     0.000 r  student_top_inst/bridge_inst/counter_inst/start_reg/G
    SLICE_X10Y142        LDPE (EnToQ_ldpe_G_Q)        0.143     0.143 f  student_top_inst/bridge_inst/counter_inst/start_reg/Q
                         net (fo=2, routed)           0.198     0.341    student_top_inst/bridge_inst/counter_inst/start
    SLICE_X12Y142        LUT2 (Prop_lut2_I1_O)        0.027     0.368 r  student_top_inst/bridge_inst/counter_inst/cnt_1ms[15]_i_1/O
                         net (fo=16, routed)          0.197     0.564    student_top_inst/bridge_inst/counter_inst/cnt_1ms[15]_i_1_n_0
    SLICE_X14Y146        FDRE                                         r  student_top_inst/bridge_inst/counter_inst/cnt_1ms_reg[7]/R
  -------------------------------------------------------------------    -------------------

                         (clock clk_out1_pll rise edge)
                                                      0.000     0.000 r  
    AD12                                              0.000     0.000 r  i_sys_clk_p (IN)
                         net (fo=0)                   0.000     0.000    pll_inst/inst/clk_in1_p
    AD12                 IBUFDS (Prop_ibufds_I_O)     0.470     0.470 r  pll_inst/inst/clkin1_ibufgds/O
                         net (fo=1, routed)           0.554     1.024    pll_inst/inst/clk_in1_pll
    PLLE2_ADV_X1Y1       PLLE2_ADV (Prop_plle2_adv_CLKIN1_CLKOUT0)
                                                     -3.524    -2.500 r  pll_inst/inst/plle2_adv_inst/CLKOUT0
                         net (fo=1, routed)           1.027    -1.473    pll_inst/inst/clk_out1_pll
    BUFGCTRL_X0Y1        BUFG (Prop_bufg_I_O)         0.030    -1.443 r  pll_inst/inst/clkout1_buf/O
                         net (fo=394, routed)         0.863    -0.580    student_top_inst/bridge_inst/counter_inst/cnt_ms_reg[31]_0
    SLICE_X14Y146        FDRE                                         r  student_top_inst/bridge_inst/counter_inst/cnt_1ms_reg[7]/C

Slack:                    inf
  Source:                 student_top_inst/bridge_inst/counter_inst/start_reg/G
                            (positive level-sensitive latch)
  Destination:            student_top_inst/bridge_inst/counter_inst/cnt_1ms_reg[8]/R
                            (rising edge-triggered cell FDRE clocked by clk_out1_pll  {rise@0.000ns fall@10.000ns period=20.000ns})
  Path Group:             (none)
  Path Type:              Hold (Min at Fast Process Corner)
  Data Path Delay:        0.564ns  (logic 0.170ns (30.122%)  route 0.394ns (69.878%))
  Logic Levels:           2  (LDPE=1 LUT2=1)
  Clock Uncertainty:      0.188ns  ((TSJ^2 + DJ^2)^1/2) / 2 + PE
    Total System Jitter     (TSJ):    0.050ns
    Discrete Jitter          (DJ):    0.157ns
    Phase Error              (PE):    0.105ns

    Location             Delay type                Incr(ns)  Path(ns)    Netlist Resource(s)
  -------------------------------------------------------------------    -------------------
    SLICE_X10Y142        LDPE                         0.000     0.000 r  student_top_inst/bridge_inst/counter_inst/start_reg/G
    SLICE_X10Y142        LDPE (EnToQ_ldpe_G_Q)        0.143     0.143 f  student_top_inst/bridge_inst/counter_inst/start_reg/Q
                         net (fo=2, routed)           0.198     0.341    student_top_inst/bridge_inst/counter_inst/start
    SLICE_X12Y142        LUT2 (Prop_lut2_I1_O)        0.027     0.368 r  student_top_inst/bridge_inst/counter_inst/cnt_1ms[15]_i_1/O
                         net (fo=16, routed)          0.197     0.564    student_top_inst/bridge_inst/counter_inst/cnt_1ms[15]_i_1_n_0
    SLICE_X14Y146        FDRE                                         r  student_top_inst/bridge_inst/counter_inst/cnt_1ms_reg[8]/R
  -------------------------------------------------------------------    -------------------

                         (clock clk_out1_pll rise edge)
                                                      0.000     0.000 r  
    AD12                                              0.000     0.000 r  i_sys_clk_p (IN)
                         net (fo=0)                   0.000     0.000    pll_inst/inst/clk_in1_p
    AD12                 IBUFDS (Prop_ibufds_I_O)     0.470     0.470 r  pll_inst/inst/clkin1_ibufgds/O
                         net (fo=1, routed)           0.554     1.024    pll_inst/inst/clk_in1_pll
    PLLE2_ADV_X1Y1       PLLE2_ADV (Prop_plle2_adv_CLKIN1_CLKOUT0)
                                                     -3.524    -2.500 r  pll_inst/inst/plle2_adv_inst/CLKOUT0
                         net (fo=1, routed)           1.027    -1.473    pll_inst/inst/clk_out1_pll
    BUFGCTRL_X0Y1        BUFG (Prop_bufg_I_O)         0.030    -1.443 r  pll_inst/inst/clkout1_buf/O
                         net (fo=394, routed)         0.863    -0.580    student_top_inst/bridge_inst/counter_inst/cnt_ms_reg[31]_0
    SLICE_X14Y146        FDRE                                         r  student_top_inst/bridge_inst/counter_inst/cnt_1ms_reg[8]/C





