
*** Running vivado
    with args -log top.vdi -applog -m64 -product Vivado -messageDb vivado.pb -mode batch -source top.tcl -notrace


ECHO 处于关闭状态。
ECHO 处于关闭状态。

****** Vivado v2023.2 (64-bit)
  **** SW Build 4029153 on Fri Oct 13 20:14:34 MDT 2023
  **** IP Build 4028589 on Sat Oct 14 00:45:43 MDT 2023
  **** SharedData Build 4025554 on Tue Oct 10 17:18:54 MDT 2023
    ** Copyright 1986-2022 Xilinx, Inc. All Rights Reserved.
    ** Copyright 2022-2023 Advanced Micro Devices, Inc. All Rights Reserved.

source top.tcl -notrace
create_project: Time (s): cpu = 00:00:05 ; elapsed = 00:00:05 . Memory (MB): peak = 469.195 ; gain = 185.152
Command: link_design -top top -part xc7k325tffg900-2
Design is defaulting to srcset: sources_1
Design is defaulting to constrset: constrs_1
INFO: [Device 21-403] Loading part xc7k325tffg900-2
INFO: [Project 1-454] Reading design checkpoint 'd:/FPGA/FPGA_study/AAAriscv_branch_predict/five_level_200MHz_with_global_branch/digital_twin.gen/sources_1/ip/pll/pll.dcp' for cell 'pll_inst'
INFO: [Project 1-454] Reading design checkpoint 'd:/FPGA/FPGA_study/AAAriscv_branch_predict/five_level_200MHz/digital_twin.gen/sources_1/ip/IROM/IROM.dcp' for cell 'student_top_inst/Mem_IROM'
INFO: [Project 1-454] Reading design checkpoint 'd:/FPGA/FPGA_study/AAAriscv_branch_predict/five_level_200MHz_with_global_branch/digital_twin.gen/sources_1/ip/blk_mem_gen_0/blk_mem_gen_0.dcp' for cell 'student_top_inst/bridge_inst/dram_driver_inst/Mem_DRAM/uut_BLOCKRAM'
Netlist sorting complete. Time (s): cpu = 00:00:00 ; elapsed = 00:00:00.046 . Memory (MB): peak = 971.445 ; gain = 0.000
INFO: [Netlist 29-17] Analyzing 712 Unisim elements for replacement
INFO: [Netlist 29-28] Unisim Transformation completed in 0 CPU seconds
INFO: [Project 1-479] Netlist was created with Vivado 2023.2
INFO: [Project 1-570] Preparing netlist for logic optimization
Parsing XDC File [d:/FPGA/FPGA_study/AAAriscv_branch_predict/five_level_200MHz_with_global_branch/digital_twin.gen/sources_1/ip/pll/pll_board.xdc] for cell 'pll_inst/inst'
Finished Parsing XDC File [d:/FPGA/FPGA_study/AAAriscv_branch_predict/five_level_200MHz_with_global_branch/digital_twin.gen/sources_1/ip/pll/pll_board.xdc] for cell 'pll_inst/inst'
Parsing XDC File [d:/FPGA/FPGA_study/AAAriscv_branch_predict/five_level_200MHz_with_global_branch/digital_twin.gen/sources_1/ip/pll/pll.xdc] for cell 'pll_inst/inst'
INFO: [Timing 38-35] Done setting XDC timing constraints. [d:/FPGA/FPGA_study/AAAriscv_branch_predict/five_level_200MHz_with_global_branch/digital_twin.gen/sources_1/ip/pll/pll.xdc:54]
INFO: [Timing 38-2] Deriving generated clocks [d:/FPGA/FPGA_study/AAAriscv_branch_predict/five_level_200MHz_with_global_branch/digital_twin.gen/sources_1/ip/pll/pll.xdc:54]
get_clocks: Time (s): cpu = 00:00:06 ; elapsed = 00:00:05 . Memory (MB): peak = 1724.609 ; gain = 625.711
Finished Parsing XDC File [d:/FPGA/FPGA_study/AAAriscv_branch_predict/five_level_200MHz_with_global_branch/digital_twin.gen/sources_1/ip/pll/pll.xdc] for cell 'pll_inst/inst'
Parsing XDC File [D:/FPGA/FPGA_study/AAAriscv_branch_predict/five_level_200MHz_with_global_branch/digital_twin.srcs/constrs_1/new/digital_twin.xdc]
Finished Parsing XDC File [D:/FPGA/FPGA_study/AAAriscv_branch_predict/five_level_200MHz_with_global_branch/digital_twin.srcs/constrs_1/new/digital_twin.xdc]
INFO: [Opt 31-138] Pushed 0 inverter(s) to 0 load pin(s).
Netlist sorting complete. Time (s): cpu = 00:00:00 ; elapsed = 00:00:00.001 . Memory (MB): peak = 1724.609 ; gain = 0.000
INFO: [Project 1-111] Unisim Transformation Summary:
  A total of 14 instances were transformed.
  RAM32M => RAM32M (RAMD32(x6), RAMS32(x2)): 10 instances
  RAM32X1D => RAM32X1D (RAMD32(x2)): 4 instances

系统找不到指定的路径。
12 Infos, 0 Warnings, 0 Critical Warnings and 0 Errors encountered.
link_design completed successfully
link_design: Time (s): cpu = 00:00:10 ; elapsed = 00:00:11 . Memory (MB): peak = 1724.609 ; gain = 1241.500
Command: opt_design -directive ExploreSequentialArea
INFO: [Vivado_Tcl 4-136] Directive used for opt_design is: ExploreSequentialArea
Attempting to get a license for feature 'Implementation' and/or device 'xc7k325t'
INFO: [Common 17-349] Got license for feature 'Implementation' and/or device 'xc7k325t'
Running DRC as a precondition to command opt_design

Starting DRC Task
INFO: [DRC 23-27] Running DRC with 2 threads
INFO: [Project 1-461] DRC finished with 0 Errors
INFO: [Project 1-462] Please refer to the DRC report (report_drc) for more information.

Time (s): cpu = 00:00:01 ; elapsed = 00:00:00.605 . Memory (MB): peak = 1724.609 ; gain = 0.000

Starting Logic Optimization Task

Phase 1 Initialization

Phase 1.1 Core Generation And Design Setup
Phase 1.1 Core Generation And Design Setup | Checksum: 13f513ee7

Time (s): cpu = 00:00:00 ; elapsed = 00:00:00.001 . Memory (MB): peak = 2001.043 ; gain = 0.000

Phase 1.2 Setup Constraints And Sort Netlist
Phase 1.2 Setup Constraints And Sort Netlist | Checksum: 13f513ee7

Time (s): cpu = 00:00:00 ; elapsed = 00:00:00.004 . Memory (MB): peak = 2001.043 ; gain = 0.000
Phase 1 Initialization | Checksum: 13f513ee7

Time (s): cpu = 00:00:00 ; elapsed = 00:00:00.005 . Memory (MB): peak = 2001.043 ; gain = 0.000

Phase 2 Timer Update And Timing Data Collection

Phase 2.1 Timer Update
INFO: [Timing 38-35] Done setting XDC timing constraints.
Phase 2.1 Timer Update | Checksum: 13f513ee7

Time (s): cpu = 00:00:00 ; elapsed = 00:00:00.239 . Memory (MB): peak = 2098.980 ; gain = 97.938

Phase 2.2 Timing Data Collection
Phase 2.2 Timing Data Collection | Checksum: 13f513ee7

Time (s): cpu = 00:00:00 ; elapsed = 00:00:00.251 . Memory (MB): peak = 2098.980 ; gain = 97.938
Phase 2 Timer Update And Timing Data Collection | Checksum: 13f513ee7

Time (s): cpu = 00:00:00 ; elapsed = 00:00:00.252 . Memory (MB): peak = 2098.980 ; gain = 97.938

Phase 3 Retarget
INFO: [Opt 31-138] Pushed 8 inverter(s) to 1000 load pin(s).
INFO: [Opt 31-49] Retargeted 0 cell(s).
Phase 3 Retarget | Checksum: 975d4145

Time (s): cpu = 00:00:00 ; elapsed = 00:00:00.363 . Memory (MB): peak = 2098.980 ; gain = 97.938
Retarget | Checksum: 975d4145
INFO: [Opt 31-389] Phase Retarget created 67 cells and removed 76 cells
INFO: [Opt 31-1021] In phase Retarget, 5 netlist objects are constrained preventing optimization. Please run opt_design with -debug_log to get more detail. 

Phase 4 Constant propagation
INFO: [Opt 31-138] Pushed 0 inverter(s) to 0 load pin(s).
Phase 4 Constant propagation | Checksum: e88e4626

Time (s): cpu = 00:00:00 ; elapsed = 00:00:00.390 . Memory (MB): peak = 2098.980 ; gain = 97.938
Constant propagation | Checksum: e88e4626
INFO: [Opt 31-389] Phase Constant propagation created 0 cells and removed 0 cells
INFO: [Opt 31-1021] In phase Constant propagation, 4 netlist objects are constrained preventing optimization. Please run opt_design with -debug_log to get more detail. 

Phase 5 Sweep
Phase 5 Sweep | Checksum: 100375d7c

Time (s): cpu = 00:00:00 ; elapsed = 00:00:00.439 . Memory (MB): peak = 2098.980 ; gain = 97.938
Sweep | Checksum: 100375d7c
INFO: [Opt 31-389] Phase Sweep created 32 cells and removed 21 cells
INFO: [Opt 31-1021] In phase Sweep, 75 netlist objects are constrained preventing optimization. Please run opt_design with -debug_log to get more detail. 

Phase 6 BUFG optimization
Phase 6 BUFG optimization | Checksum: 100375d7c

Time (s): cpu = 00:00:00 ; elapsed = 00:00:00.489 . Memory (MB): peak = 2098.980 ; gain = 97.938
BUFG optimization | Checksum: 100375d7c
INFO: [Opt 31-662] Phase BUFG optimization created 0 cells of which 0 are BUFGs and removed 0 cells.

Phase 7 Shift Register Optimization
INFO: [Opt 31-1064] SRL Remap converted 0 SRLs to 0 registers and converted 0 registers of register chains to 0 SRLs
Phase 7 Shift Register Optimization | Checksum: 100375d7c

Time (s): cpu = 00:00:00 ; elapsed = 00:00:00.492 . Memory (MB): peak = 2098.980 ; gain = 97.938
Shift Register Optimization | Checksum: 100375d7c
INFO: [Opt 31-389] Phase Shift Register Optimization created 0 cells and removed 0 cells
INFO: [Opt 31-1555] control_set_opt supports Versal devices only, and device 7k325t is unsupported

Phase 8 Resynthesis
!! WARNING !!
"PYTHONPATH" variable is set greater than default max string limit of "519" characters.
Please ignore this, if you have already made changes to your system registry to accept more than
default limit of 519 characters.
!! WARNING !!
ECHO 处于关闭状态。
ECHO 处于关闭状态。
INFO: [Timing 38-35] Done setting XDC timing constraints.
INFO: [Opt 31-74] Optimized 2 modules.
INFO: [Opt 31-75] Optimized module 'perip_bridge'.
INFO: [Opt 31-75] Optimized module 'ram'.
INFO: [Opt 31-1566] Pulled 1 inverters resulting in an inversion of 2 pins
INFO: [Opt 31-138] Pushed 0 inverter(s) to 0 load pin(s).
INFO: [Opt 31-138] Pushed 0 inverter(s) to 0 load pin(s).
Phase 8 Resynthesis | Checksum: 80cbd770

Time (s): cpu = 00:00:02 ; elapsed = 00:00:20 . Memory (MB): peak = 2101.008 ; gain = 99.965
Resynthesis | Checksum: 80cbd770
INFO: [Opt 31-389] Phase Resynthesis created 99 cells and removed 103 cells
INFO: [Opt 31-1021] In phase Resynthesis, 75 netlist objects are constrained preventing optimization. Please run opt_design with -debug_log to get more detail. 

Phase 9 Post Processing Netlist
Phase 9 Post Processing Netlist | Checksum: 80cbd770

Time (s): cpu = 00:00:02 ; elapsed = 00:00:20 . Memory (MB): peak = 2101.008 ; gain = 99.965
Post Processing Netlist | Checksum: 80cbd770
INFO: [Opt 31-389] Phase Post Processing Netlist created 0 cells and removed 0 cells
INFO: [Opt 31-1021] In phase Post Processing Netlist, 4 netlist objects are constrained preventing optimization. Please run opt_design with -debug_log to get more detail. 

Phase 10 Finalization

Phase 10.1 Finalizing Design Cores and Updating Shapes
Phase 10.1 Finalizing Design Cores and Updating Shapes | Checksum: 88a9bcc1

Time (s): cpu = 00:00:02 ; elapsed = 00:00:20 . Memory (MB): peak = 2101.008 ; gain = 99.965

Phase 10.2 Verifying Netlist Connectivity

Starting Connectivity Check Task

Time (s): cpu = 00:00:00 ; elapsed = 00:00:00.007 . Memory (MB): peak = 2101.008 ; gain = 0.000
Phase 10.2 Verifying Netlist Connectivity | Checksum: 88a9bcc1

Time (s): cpu = 00:00:02 ; elapsed = 00:00:20 . Memory (MB): peak = 2101.008 ; gain = 99.965
Phase 10 Finalization | Checksum: 88a9bcc1

Time (s): cpu = 00:00:02 ; elapsed = 00:00:20 . Memory (MB): peak = 2101.008 ; gain = 99.965
Opt_design Change Summary
=========================


-------------------------------------------------------------------------------------------------------------------------
|  Phase                        |  #Cells created  |  #Cells Removed  |  #Constrained objects preventing optimizations  |
-------------------------------------------------------------------------------------------------------------------------
|  Retarget                     |              67  |              76  |                                              5  |
|  Constant propagation         |               0  |               0  |                                              4  |
|  Sweep                        |              32  |              21  |                                             75  |
|  BUFG optimization            |               0  |               0  |                                              0  |
|  Shift Register Optimization  |               0  |               0  |                                              0  |
|  Resynthesis                  |              99  |             103  |                                             75  |
|  Post Processing Netlist      |               0  |               0  |                                              4  |
-------------------------------------------------------------------------------------------------------------------------


Ending Logic Optimization Task | Checksum: 88a9bcc1

Time (s): cpu = 00:00:02 ; elapsed = 00:00:20 . Memory (MB): peak = 2101.008 ; gain = 99.965
INFO: [Constraints 18-11670] Building netlist checker database with flags, 0x8
Done building netlist checker database: Time (s): cpu = 00:00:00 ; elapsed = 00:00:00.002 . Memory (MB): peak = 2101.008 ; gain = 0.000

Starting Netlist Obfuscation Task
Netlist sorting complete. Time (s): cpu = 00:00:00 ; elapsed = 00:00:00.002 . Memory (MB): peak = 2101.008 ; gain = 0.000
Ending Netlist Obfuscation Task | Checksum: 88a9bcc1

Time (s): cpu = 00:00:00 ; elapsed = 00:00:00.003 . Memory (MB): peak = 2101.008 ; gain = 0.000
INFO: [Common 17-83] Releasing license: Implementation
44 Infos, 0 Warnings, 0 Critical Warnings and 0 Errors encountered.
opt_design completed successfully
opt_design: Time (s): cpu = 00:00:05 ; elapsed = 00:00:23 . Memory (MB): peak = 2101.008 ; gain = 376.398
INFO: [runtcl-4] Executing : report_drc -file top_drc_opted.rpt -pb top_drc_opted.pb -rpx top_drc_opted.rpx
Command: report_drc -file top_drc_opted.rpt -pb top_drc_opted.pb -rpx top_drc_opted.rpx
INFO: [IP_Flow 19-1839] IP Catalog is up to date.
INFO: [DRC 23-27] Running DRC with 2 threads
INFO: [Vivado_Tcl 2-168] The results of DRC are in file D:/FPGA/FPGA_study/AAAriscv_branch_predict/five_level_200MHz_with_global_branch/digital_twin.runs/impl_1/top_drc_opted.rpt.
report_drc completed successfully
INFO: [Timing 38-35] Done setting XDC timing constraints.
INFO: [Timing 38-480] Writing timing data to binary archive.
Wrote PlaceDB: Time (s): cpu = 00:00:00 ; elapsed = 00:00:00.003 . Memory (MB): peak = 2122.438 ; gain = 4.371
Write ShapeDB Complete: Time (s): cpu = 00:00:00 ; elapsed = 00:00:00.007 . Memory (MB): peak = 2128.484 ; gain = 10.418
Wrote PulsedLatchDB: Time (s): cpu = 00:00:00 ; elapsed = 00:00:00 . Memory (MB): peak = 2128.484 ; gain = 0.000
Writing XDEF routing.
Writing XDEF routing logical nets.
Writing XDEF routing special nets.
Wrote RouteStorage: Time (s): cpu = 00:00:00 ; elapsed = 00:00:00.016 . Memory (MB): peak = 2128.484 ; gain = 0.000
Wrote Netlist Cache: Time (s): cpu = 00:00:00 ; elapsed = 00:00:00 . Memory (MB): peak = 2128.484 ; gain = 0.000
Wrote Device Cache: Time (s): cpu = 00:00:00 ; elapsed = 00:00:00.005 . Memory (MB): peak = 2128.484 ; gain = 0.000
Write Physdb Complete: Time (s): cpu = 00:00:00 ; elapsed = 00:00:00.030 . Memory (MB): peak = 2128.484 ; gain = 10.418
INFO: [Common 17-1381] The checkpoint 'D:/FPGA/FPGA_study/AAAriscv_branch_predict/five_level_200MHz_with_global_branch/digital_twin.runs/impl_1/top_opt.dcp' has been generated.
Command: place_design -directive EarlyBlockPlacement
Attempting to get a license for feature 'Implementation' and/or device 'xc7k325t'
INFO: [Common 17-349] Got license for feature 'Implementation' and/or device 'xc7k325t'
INFO: [Common 17-83] Releasing license: Implementation
INFO: [DRC 23-27] Running DRC with 2 threads
INFO: [Vivado_Tcl 4-198] DRC finished with 0 Errors
INFO: [Vivado_Tcl 4-199] Please refer to the DRC report (report_drc) for more information.
Running DRC as a precondition to command place_design
INFO: [DRC 23-27] Running DRC with 2 threads
INFO: [Vivado_Tcl 4-198] DRC finished with 0 Errors, 21 Warnings
INFO: [Vivado_Tcl 4-199] Please refer to the DRC report (report_drc) for more information.
INFO: [Place 46-5] The placer was invoked with the 'EarlyBlockPlacement' directive.
INFO: [Place 30-611] Multithreading enabled for place_design using a maximum of 2 CPUs

Starting Placer Task

Phase 1 Placer Initialization

Phase 1.1 Placer Initialization Netlist Sorting
Netlist sorting complete. Time (s): cpu = 00:00:00 ; elapsed = 00:00:00.001 . Memory (MB): peak = 2128.484 ; gain = 0.000
Phase 1.1 Placer Initialization Netlist Sorting | Checksum: 7f1cfa02

Time (s): cpu = 00:00:00 ; elapsed = 00:00:00.003 . Memory (MB): peak = 2128.484 ; gain = 0.000
Netlist sorting complete. Time (s): cpu = 00:00:00 ; elapsed = 00:00:00.001 . Memory (MB): peak = 2128.484 ; gain = 0.000

Phase 1.2 IO Placement/ Clock Placement/ Build Placer Device
Phase 1.2 IO Placement/ Clock Placement/ Build Placer Device | Checksum: 97591a99

Time (s): cpu = 00:00:01 ; elapsed = 00:00:00.308 . Memory (MB): peak = 2128.484 ; gain = 0.000

Phase 1.3 Build Placer Netlist Model
Phase 1.3 Build Placer Netlist Model | Checksum: ea72bd7b

Time (s): cpu = 00:00:02 ; elapsed = 00:00:01 . Memory (MB): peak = 2128.484 ; gain = 0.000

Phase 1.4 Constrain Clocks/Macros
Phase 1.4 Constrain Clocks/Macros | Checksum: ea72bd7b

Time (s): cpu = 00:00:02 ; elapsed = 00:00:01 . Memory (MB): peak = 2128.484 ; gain = 0.000
Phase 1 Placer Initialization | Checksum: ea72bd7b

Time (s): cpu = 00:00:02 ; elapsed = 00:00:01 . Memory (MB): peak = 2128.484 ; gain = 0.000

Phase 2 Global Placement

Phase 2.1 Floorplanning
Phase 2.1 Floorplanning | Checksum: bac3e4a0

Time (s): cpu = 00:00:02 ; elapsed = 00:00:01 . Memory (MB): peak = 2128.484 ; gain = 0.000

Phase 2.2 Update Timing before SLR Path Opt
Phase 2.2 Update Timing before SLR Path Opt | Checksum: 9b76cd2e

Time (s): cpu = 00:00:02 ; elapsed = 00:00:02 . Memory (MB): peak = 2128.484 ; gain = 0.000

Phase 2.3 Post-Processing in Floorplanning
Phase 2.3 Post-Processing in Floorplanning | Checksum: 9b76cd2e

Time (s): cpu = 00:00:02 ; elapsed = 00:00:02 . Memory (MB): peak = 2128.484 ; gain = 0.000

Phase 2.4 Global Placement Core

Phase 2.4.1 UpdateTiming Before Physical Synthesis
Phase 2.4.1 UpdateTiming Before Physical Synthesis | Checksum: 139436f86

Time (s): cpu = 00:00:13 ; elapsed = 00:00:08 . Memory (MB): peak = 2128.484 ; gain = 0.000

Phase 2.4.2 Physical Synthesis In Placer
INFO: [Physopt 32-1035] Found 26 LUTNM shape to break, 244 LUT instances to create LUTNM shape
INFO: [Physopt 32-1044] Break lutnm for timing: one critical 10, two critical 16, total 26, new lutff created 0
INFO: [Physopt 32-1138] End 1 Pass. Optimized 131 nets or LUTs. Breaked 26 LUTs, combined 105 existing LUTs and moved 0 existing LUT
INFO: [Physopt 32-76] Pass 1. Identified 6 candidate nets for fanout optimization.
INFO: [Physopt 32-782] Net student_top_inst/u_RISCV_CORE/INST_IF_UNIT/u_pc/pc_o_reg[7]_0 was not replicated
INFO: [Physopt 32-780] Instance student_top_inst/u_RISCV_CORE has DONT_TOUCH and is preventing optimization
Resolution: Removing DONT_TOUCH attributes may enable additional optimization
INFO: [Physopt 32-782] Net student_top_inst/u_RISCV_CORE/INST_IF_UNIT/u_pc/pc_o_reg[3]_0 was not replicated
INFO: [Physopt 32-780] Instance student_top_inst/u_RISCV_CORE has DONT_TOUCH and is preventing optimization
Resolution: Removing DONT_TOUCH attributes may enable additional optimization
INFO: [Physopt 32-782] Net student_top_inst/u_RISCV_CORE/INST_IF_UNIT/u_pc/pc_o_reg[8]_0 was not replicated
INFO: [Physopt 32-780] Instance student_top_inst/u_RISCV_CORE has DONT_TOUCH and is preventing optimization
Resolution: Removing DONT_TOUCH attributes may enable additional optimization
INFO: [Physopt 32-782] Net student_top_inst/u_RISCV_CORE/INST_IF_UNIT/u_pc/pc_o_reg[4]_0 was not replicated
INFO: [Physopt 32-780] Instance student_top_inst/u_RISCV_CORE has DONT_TOUCH and is preventing optimization
Resolution: Removing DONT_TOUCH attributes may enable additional optimization
INFO: [Physopt 32-782] Net student_top_inst/u_RISCV_CORE/INST_IF_UNIT/u_pc/pc_o[2] was not replicated
INFO: [Physopt 32-780] Instance student_top_inst/u_RISCV_CORE has DONT_TOUCH and is preventing optimization
Resolution: Removing DONT_TOUCH attributes may enable additional optimization
INFO: [Physopt 32-782] Net student_top_inst/u_RISCV_CORE/INST_IF_UNIT/u_pc/pc_o_reg[13]_0 was not replicated
INFO: [Physopt 32-780] Instance student_top_inst/u_RISCV_CORE has DONT_TOUCH and is preventing optimization
Resolution: Removing DONT_TOUCH attributes may enable additional optimization
INFO: [Physopt 32-232] Optimized 0 net. Created 0 new instance.
INFO: [Physopt 32-775] End 1 Pass. Optimized 0 net or cell. Created 0 new cell, deleted 0 existing cell and moved 0 existing cell
INFO: [Physopt 32-76] Pass 1. Identified 14 candidate nets for fanout optimization.
INFO: [Physopt 32-782] Net student_top_inst/u_RISCV_CORE/INST_MEM_UNIT/mem_wr_buffer_inst/mem_wr_addr_o[13] was not replicated
INFO: [Physopt 32-780] Instance student_top_inst/u_RISCV_CORE has DONT_TOUCH and is preventing optimization
Resolution: Removing DONT_TOUCH attributes may enable additional optimization
INFO: [Physopt 32-782] Net student_top_inst/u_RISCV_CORE/INST_MEM_UNIT/mem_wr_buffer_inst/mem_wr_addr_o[12] was not replicated
INFO: [Physopt 32-780] Instance student_top_inst/u_RISCV_CORE has DONT_TOUCH and is preventing optimization
Resolution: Removing DONT_TOUCH attributes may enable additional optimization
INFO: [Physopt 32-782] Net student_top_inst/u_RISCV_CORE/INST_MEM_UNIT/mem_wr_buffer_inst/mem_wr_addr_o[9] was not replicated
INFO: [Physopt 32-780] Instance student_top_inst/u_RISCV_CORE has DONT_TOUCH and is preventing optimization
Resolution: Removing DONT_TOUCH attributes may enable additional optimization
INFO: [Physopt 32-782] Net student_top_inst/u_RISCV_CORE/INST_MEM_UNIT/mem_wr_buffer_inst/mem_wr_addr_o[15] was not replicated
INFO: [Physopt 32-780] Instance student_top_inst/u_RISCV_CORE has DONT_TOUCH and is preventing optimization
Resolution: Removing DONT_TOUCH attributes may enable additional optimization
INFO: [Physopt 32-782] Net student_top_inst/u_RISCV_CORE/INST_MEM_UNIT/mem_wr_buffer_inst/mem_wr_addr_o[11] was not replicated
INFO: [Physopt 32-780] Instance student_top_inst/u_RISCV_CORE has DONT_TOUCH and is preventing optimization
Resolution: Removing DONT_TOUCH attributes may enable additional optimization
INFO: [Physopt 32-782] Net student_top_inst/u_RISCV_CORE/INST_MEM_UNIT/mem_wr_buffer_inst/mem_wr_addr_o[10] was not replicated
INFO: [Physopt 32-780] Instance student_top_inst/u_RISCV_CORE has DONT_TOUCH and is preventing optimization
Resolution: Removing DONT_TOUCH attributes may enable additional optimization
INFO: [Physopt 32-782] Net student_top_inst/u_RISCV_CORE/INST_MEM_UNIT/mem_wr_buffer_inst/mem_wr_addr_o[14] was not replicated
INFO: [Physopt 32-780] Instance student_top_inst/u_RISCV_CORE has DONT_TOUCH and is preventing optimization
Resolution: Removing DONT_TOUCH attributes may enable additional optimization
INFO: [Physopt 32-782] Net student_top_inst/u_RISCV_CORE/INST_MEM_UNIT/mem_wr_buffer_inst/mem_wr_addr_o[4] was not replicated
INFO: [Physopt 32-780] Instance student_top_inst/u_RISCV_CORE has DONT_TOUCH and is preventing optimization
Resolution: Removing DONT_TOUCH attributes may enable additional optimization
INFO: [Physopt 32-782] Net student_top_inst/u_RISCV_CORE/INST_MEM_UNIT/mem_wr_buffer_inst/mem_wr_addr_o[2] was not replicated
INFO: [Physopt 32-780] Instance student_top_inst/u_RISCV_CORE has DONT_TOUCH and is preventing optimization
Resolution: Removing DONT_TOUCH attributes may enable additional optimization
INFO: [Physopt 32-782] Net student_top_inst/u_RISCV_CORE/INST_MEM_UNIT/mem_wr_buffer_inst/mem_wr_addr_o[3] was not replicated
INFO: [Physopt 32-780] Instance student_top_inst/u_RISCV_CORE has DONT_TOUCH and is preventing optimization
Resolution: Removing DONT_TOUCH attributes may enable additional optimization
INFO: [Physopt 32-782] Net student_top_inst/u_RISCV_CORE/INST_MEM_UNIT/mem_wr_buffer_inst/mem_wr_addr_o[6] was not replicated
INFO: [Physopt 32-780] Instance student_top_inst/u_RISCV_CORE has DONT_TOUCH and is preventing optimization
Resolution: Removing DONT_TOUCH attributes may enable additional optimization
INFO: [Physopt 32-782] Net student_top_inst/u_RISCV_CORE/INST_MEM_UNIT/mem_wr_buffer_inst/mem_wr_addr_o[5] was not replicated
INFO: [Physopt 32-780] Instance student_top_inst/u_RISCV_CORE has DONT_TOUCH and is preventing optimization
Resolution: Removing DONT_TOUCH attributes may enable additional optimization
INFO: [Physopt 32-782] Net student_top_inst/u_RISCV_CORE/INST_MEM_UNIT/mem_wr_buffer_inst/mem_wr_addr_o[8] was not replicated
INFO: [Physopt 32-780] Instance student_top_inst/u_RISCV_CORE has DONT_TOUCH and is preventing optimization
Resolution: Removing DONT_TOUCH attributes may enable additional optimization
INFO: [Physopt 32-782] Net student_top_inst/u_RISCV_CORE/INST_MEM_UNIT/mem_wr_buffer_inst/mem_wr_addr_o[7] was not replicated
INFO: [Physopt 32-780] Instance student_top_inst/u_RISCV_CORE has DONT_TOUCH and is preventing optimization
Resolution: Removing DONT_TOUCH attributes may enable additional optimization
INFO: [Physopt 32-232] Optimized 0 net. Created 0 new instance.
INFO: [Physopt 32-775] End 1 Pass. Optimized 0 net or cell. Created 0 new cell, deleted 0 existing cell and moved 0 existing cell
INFO: [Physopt 32-456] No candidate cells for DSP register optimization found in the design.
INFO: [Physopt 32-775] End 2 Pass. Optimized 0 net or cell. Created 0 new cell, deleted 0 existing cell and moved 0 existing cell
INFO: [Physopt 32-1123] No candidate cells found for Shift Register to Pipeline optimization
INFO: [Physopt 32-775] End 2 Pass. Optimized 0 net or cell. Created 0 new cell, deleted 0 existing cell and moved 0 existing cell
INFO: [Physopt 32-1401] No candidate cells found for Shift Register optimization.
INFO: [Physopt 32-677] No candidate cells for Shift Register optimization found in the design
INFO: [Physopt 32-775] End 1 Pass. Optimized 0 net or cell. Created 0 new cell, deleted 0 existing cell and moved 0 existing cell
INFO: [Physopt 32-526] No candidate cells for BRAM register optimization found in the design
INFO: [Physopt 32-775] End 1 Pass. Optimized 0 net or cell. Created 0 new cell, deleted 0 existing cell and moved 0 existing cell
INFO: [Physopt 32-846] No candidate cells for URAM register optimization found in the design
INFO: [Physopt 32-775] End 1 Pass. Optimized 0 net or cell. Created 0 new cell, deleted 0 existing cell and moved 0 existing cell
INFO: [Physopt 32-846] No candidate cells for URAM register optimization found in the design
INFO: [Physopt 32-775] End 1 Pass. Optimized 0 net or cell. Created 0 new cell, deleted 0 existing cell and moved 0 existing cell
INFO: [Physopt 32-949] No candidate nets found for dynamic/static region interface net replication
INFO: [Physopt 32-775] End 1 Pass. Optimized 0 net or cell. Created 0 new cell, deleted 0 existing cell and moved 0 existing cell
Netlist sorting complete. Time (s): cpu = 00:00:00 ; elapsed = 00:00:00.006 . Memory (MB): peak = 2128.484 ; gain = 0.000

Summary of Physical Synthesis Optimizations
============================================


-----------------------------------------------------------------------------------------------------------------------------------------------------------
|  Optimization                                     |  Added Cells  |  Removed Cells  |  Optimized Cells/Nets  |  Dont Touch  |  Iterations  |  Elapsed   |
-----------------------------------------------------------------------------------------------------------------------------------------------------------
|  LUT Combining                                    |           26  |            105  |                   131  |           0  |           1  |  00:00:00  |
|  Retime                                           |            0  |              0  |                     0  |           0  |           1  |  00:00:00  |
|  Very High Fanout                                 |            0  |              0  |                     0  |           6  |           1  |  00:00:01  |
|  Fanout                                           |            0  |              0  |                     0  |          14  |           1  |  00:00:01  |
|  DSP Register                                     |            0  |              0  |                     0  |           0  |           1  |  00:00:00  |
|  Shift Register to Pipeline                       |            0  |              0  |                     0  |           0  |           1  |  00:00:00  |
|  Shift Register                                   |            0  |              0  |                     0  |           0  |           1  |  00:00:00  |
|  BRAM Register                                    |            0  |              0  |                     0  |           0  |           1  |  00:00:00  |
|  URAM Register                                    |            0  |              0  |                     0  |           0  |           1  |  00:00:00  |
|  Dynamic/Static Region Interface Net Replication  |            0  |              0  |                     0  |           0  |           1  |  00:00:00  |
|  Total                                            |           26  |            105  |                   131  |          20  |          10  |  00:00:02  |
-----------------------------------------------------------------------------------------------------------------------------------------------------------


Phase 2.4.2 Physical Synthesis In Placer | Checksum: 117b64ade

Time (s): cpu = 00:00:15 ; elapsed = 00:00:10 . Memory (MB): peak = 2128.484 ; gain = 0.000
Phase 2.4 Global Placement Core | Checksum: 163a73561

Time (s): cpu = 00:00:15 ; elapsed = 00:00:10 . Memory (MB): peak = 2128.484 ; gain = 0.000
Phase 2 Global Placement | Checksum: 163a73561

Time (s): cpu = 00:00:15 ; elapsed = 00:00:10 . Memory (MB): peak = 2128.484 ; gain = 0.000

Phase 3 Detail Placement

Phase 3.1 Commit Multi Column Macros
Phase 3.1 Commit Multi Column Macros | Checksum: 17443274c

Time (s): cpu = 00:00:15 ; elapsed = 00:00:10 . Memory (MB): peak = 2128.484 ; gain = 0.000

Phase 3.2 Commit Most Macros & LUTRAMs
Phase 3.2 Commit Most Macros & LUTRAMs | Checksum: 10337304f

Time (s): cpu = 00:00:16 ; elapsed = 00:00:11 . Memory (MB): peak = 2128.484 ; gain = 0.000

Phase 3.3 Area Swap Optimization
Phase 3.3 Area Swap Optimization | Checksum: 17f4a6ceb

Time (s): cpu = 00:00:16 ; elapsed = 00:00:11 . Memory (MB): peak = 2128.484 ; gain = 0.000

Phase 3.4 Pipeline Register Optimization
Phase 3.4 Pipeline Register Optimization | Checksum: 16c46c6de

Time (s): cpu = 00:00:16 ; elapsed = 00:00:11 . Memory (MB): peak = 2128.484 ; gain = 0.000

Phase 3.5 Fast Optimization
Phase 3.5 Fast Optimization | Checksum: 134836611

Time (s): cpu = 00:00:18 ; elapsed = 00:00:13 . Memory (MB): peak = 2128.484 ; gain = 0.000

Phase 3.6 Small Shape Detail Placement
Phase 3.6 Small Shape Detail Placement | Checksum: e7ec41bf

Time (s): cpu = 00:00:20 ; elapsed = 00:00:15 . Memory (MB): peak = 2128.484 ; gain = 0.000

Phase 3.7 Re-assign LUT pins
Phase 3.7 Re-assign LUT pins | Checksum: 135740b56

Time (s): cpu = 00:00:20 ; elapsed = 00:00:15 . Memory (MB): peak = 2128.484 ; gain = 0.000

Phase 3.8 Pipeline Register Optimization
Phase 3.8 Pipeline Register Optimization | Checksum: 18564fe2b

Time (s): cpu = 00:00:20 ; elapsed = 00:00:15 . Memory (MB): peak = 2128.484 ; gain = 0.000

Phase 3.9 Fast Optimization
Phase 3.9 Fast Optimization | Checksum: 1b0547a7e

Time (s): cpu = 00:00:25 ; elapsed = 00:00:19 . Memory (MB): peak = 2128.484 ; gain = 0.000
Phase 3 Detail Placement | Checksum: 1b0547a7e

Time (s): cpu = 00:00:25 ; elapsed = 00:00:19 . Memory (MB): peak = 2128.484 ; gain = 0.000

Phase 4 Post Placement Optimization and Clean-Up

Phase 4.1 Post Commit Optimization
INFO: [Timing 38-35] Done setting XDC timing constraints.

Phase 4.1.1 Post Placement Optimization
Post Placement Optimization Initialization | Checksum: 19bee8a6d

Phase 4.1.1.1 BUFG Insertion

Starting Physical Synthesis Task

Phase 1 Physical Synthesis Initialization
INFO: [Physopt 32-721] Multithreading enabled for phys_opt_design using a maximum of 2 CPUs
INFO: [Physopt 32-619] Estimated Timing Summary | WNS=-0.894 | TNS=-14.159 |
Phase 1 Physical Synthesis Initialization | Checksum: 13e9bab1d

Time (s): cpu = 00:00:01 ; elapsed = 00:00:00.231 . Memory (MB): peak = 2162.184 ; gain = 0.000
INFO: [Place 46-33] Processed net student_top_inst/u_RISCV_CORE/INST_AREA_PREDICTOR/bbstub_locked, BUFG insertion was skipped due to placement/routing conflicts.
INFO: [Place 46-56] BUFG insertion identified 1 candidate nets. Inserted BUFG: 0, Replicated BUFG Driver: 0, Skipped due to Placement/Routing Conflicts: 1, Skipped due to Timing Degradation: 0, Skipped due to netlist editing failed: 0.
Ending Physical Synthesis Task | Checksum: 13e9bab1d

Time (s): cpu = 00:00:01 ; elapsed = 00:00:00.372 . Memory (MB): peak = 2162.184 ; gain = 0.000
Phase 4.1.1.1 BUFG Insertion | Checksum: 19bee8a6d

Time (s): cpu = 00:00:27 ; elapsed = 00:00:21 . Memory (MB): peak = 2162.184 ; gain = 33.699

Phase 4.1.1.2 Post Placement Timing Optimization
INFO: [Place 30-746] Post Placement Timing Summary WNS=-0.592. For the most accurate timing information please run report_timing.
Phase 4.1.1.2 Post Placement Timing Optimization | Checksum: 1aac0a780

Time (s): cpu = 00:01:28 ; elapsed = 00:01:24 . Memory (MB): peak = 2162.184 ; gain = 33.699

Time (s): cpu = 00:01:28 ; elapsed = 00:01:24 . Memory (MB): peak = 2162.184 ; gain = 33.699
Phase 4.1 Post Commit Optimization | Checksum: 1aac0a780

Time (s): cpu = 00:01:28 ; elapsed = 00:01:24 . Memory (MB): peak = 2162.184 ; gain = 33.699
Post Placement Optimization Initialization | Checksum: 1981f7be0

Starting Physical Synthesis Task

Phase 1 Physical Synthesis Initialization
INFO: [Physopt 32-721] Multithreading enabled for phys_opt_design using a maximum of 2 CPUs
INFO: [Physopt 32-619] Estimated Timing Summary | WNS=-0.637 | TNS=-20.584 |
Phase 1 Physical Synthesis Initialization | Checksum: de514594

Time (s): cpu = 00:00:00 ; elapsed = 00:00:00.237 . Memory (MB): peak = 2163.875 ; gain = 0.000
INFO: [Place 46-33] Processed net student_top_inst/u_RISCV_CORE/INST_AREA_PREDICTOR/bbstub_locked, BUFG insertion was skipped due to placement/routing conflicts.
INFO: [Place 46-56] BUFG insertion identified 1 candidate nets. Inserted BUFG: 0, Replicated BUFG Driver: 0, Skipped due to Placement/Routing Conflicts: 1, Skipped due to Timing Degradation: 0, Skipped due to netlist editing failed: 0.
Ending Physical Synthesis Task | Checksum: de514594

Time (s): cpu = 00:00:00 ; elapsed = 00:00:00.391 . Memory (MB): peak = 2163.875 ; gain = 0.000
INFO: [Place 30-746] Post Placement Timing Summary WNS=-0.430. For the most accurate timing information please run report_timing.

Phase 4.2 Post Placement Cleanup
Phase 4.2 Post Placement Cleanup | Checksum: 200da67d8

Time (s): cpu = 00:02:34 ; elapsed = 00:02:31 . Memory (MB): peak = 2163.875 ; gain = 35.391

Phase 4.3 Placer Reporting

Phase 4.3.1 Print Estimated Congestion
INFO: [Place 30-612] Post-Placement Estimated Congestion 
 ____________________________________________________
|           | Global Congestion | Short Congestion  |
| Direction | Region Size       | Region Size       |
|___________|___________________|___________________|
|      North|                1x1|                1x1|
|___________|___________________|___________________|
|      South|                1x1|                1x1|
|___________|___________________|___________________|
|       East|                1x1|                1x1|
|___________|___________________|___________________|
|       West|                1x1|                1x1|
|___________|___________________|___________________|

Phase 4.3.1 Print Estimated Congestion | Checksum: 200da67d8

Time (s): cpu = 00:02:34 ; elapsed = 00:02:31 . Memory (MB): peak = 2163.875 ; gain = 35.391
Phase 4.3 Placer Reporting | Checksum: 200da67d8

Time (s): cpu = 00:02:34 ; elapsed = 00:02:31 . Memory (MB): peak = 2163.875 ; gain = 35.391

Phase 4.4 Final Placement Cleanup
Netlist sorting complete. Time (s): cpu = 00:00:00 ; elapsed = 00:00:00.003 . Memory (MB): peak = 2163.875 ; gain = 0.000

Time (s): cpu = 00:02:35 ; elapsed = 00:02:31 . Memory (MB): peak = 2163.875 ; gain = 35.391
Phase 4 Post Placement Optimization and Clean-Up | Checksum: 23868f7f8

Time (s): cpu = 00:02:35 ; elapsed = 00:02:31 . Memory (MB): peak = 2163.875 ; gain = 35.391
Ending Placer Task | Checksum: 14799c4d7

Time (s): cpu = 00:02:35 ; elapsed = 00:02:31 . Memory (MB): peak = 2163.875 ; gain = 35.391
137 Infos, 0 Warnings, 0 Critical Warnings and 0 Errors encountered.
place_design completed successfully
place_design: Time (s): cpu = 00:02:36 ; elapsed = 00:02:32 . Memory (MB): peak = 2163.875 ; gain = 35.391
INFO: [runtcl-4] Executing : report_io -file top_io_placed.rpt
report_io: Time (s): cpu = 00:00:00 ; elapsed = 00:00:00.096 . Memory (MB): peak = 2163.875 ; gain = 0.000
INFO: [runtcl-4] Executing : report_utilization -file top_utilization_placed.rpt -pb top_utilization_placed.pb
INFO: [runtcl-4] Executing : report_control_sets -verbose -file top_control_sets_placed.rpt
report_control_sets: Time (s): cpu = 00:00:00 ; elapsed = 00:00:00.012 . Memory (MB): peak = 2163.875 ; gain = 0.000
INFO: [Timing 38-480] Writing timing data to binary archive.
Write ShapeDB Complete: Time (s): cpu = 00:00:00 ; elapsed = 00:00:00.007 . Memory (MB): peak = 2163.875 ; gain = 0.000
Wrote PlaceDB: Time (s): cpu = 00:00:01 ; elapsed = 00:00:00.348 . Memory (MB): peak = 2171.664 ; gain = 7.789
Wrote PulsedLatchDB: Time (s): cpu = 00:00:00 ; elapsed = 00:00:00 . Memory (MB): peak = 2171.664 ; gain = 0.000
Writing XDEF routing.
Writing XDEF routing logical nets.
Writing XDEF routing special nets.
Wrote RouteStorage: Time (s): cpu = 00:00:00 ; elapsed = 00:00:00.013 . Memory (MB): peak = 2171.664 ; gain = 0.000
Wrote Netlist Cache: Time (s): cpu = 00:00:00 ; elapsed = 00:00:00.007 . Memory (MB): peak = 2171.664 ; gain = 0.000
Wrote Device Cache: Time (s): cpu = 00:00:00 ; elapsed = 00:00:00.004 . Memory (MB): peak = 2171.664 ; gain = 0.000
Write Physdb Complete: Time (s): cpu = 00:00:01 ; elapsed = 00:00:00.377 . Memory (MB): peak = 2171.664 ; gain = 7.789
INFO: [Common 17-1381] The checkpoint 'D:/FPGA/FPGA_study/AAAriscv_branch_predict/five_level_200MHz_with_global_branch/digital_twin.runs/impl_1/top_placed.dcp' has been generated.
Command: phys_opt_design -directive ExploreWithAggressiveHoldFix
Attempting to get a license for feature 'Implementation' and/or device 'xc7k325t'
INFO: [Common 17-349] Got license for feature 'Implementation' and/or device 'xc7k325t'
INFO: [Vivado_Tcl 4-137] Directive used for phys_opt_design is: ExploreWithAggressiveHoldFix

Starting Initial Update Timing Task

Time (s): cpu = 00:00:01 ; elapsed = 00:00:00.638 . Memory (MB): peak = 2175.922 ; gain = 4.258
INFO: [Vivado_Tcl 4-1435] PhysOpt_Tcl_Interface Runtime Before Starting Physical Synthesis Task | CPU: 1.00s |  WALL: 0.68s
Netlist sorting complete. Time (s): cpu = 00:00:00 ; elapsed = 00:00:00.001 . Memory (MB): peak = 2175.922 ; gain = 0.000

Starting Physical Synthesis Task

Phase 1 Physical Synthesis Initialization
INFO: [Physopt 32-721] Multithreading enabled for phys_opt_design using a maximum of 2 CPUs
INFO: [Physopt 32-619] Estimated Timing Summary | WNS=-0.430 | TNS=-5.355 |
Phase 1 Physical Synthesis Initialization | Checksum: 150a856f8

Time (s): cpu = 00:00:01 ; elapsed = 00:00:00.433 . Memory (MB): peak = 2182.715 ; gain = 6.793

Phase 2 SLR Crossing Optimization
Phase 2 SLR Crossing Optimization | Checksum: 150a856f8

Time (s): cpu = 00:00:01 ; elapsed = 00:00:00.446 . Memory (MB): peak = 2182.715 ; gain = 6.793
INFO: [Physopt 32-619] Estimated Timing Summary | WNS=-0.430 | TNS=-5.355 |

Phase 3 Fanout Optimization
INFO: [Physopt 32-76] Pass 1. Identified 12 candidate nets for fanout optimization.
INFO: [Physopt 32-572] Net student_top_inst/u_RISCV_CORE/INST_IF_UNIT/u_pc/pc_o_reg[2]_0 was not replicated.
Resolution: phys_opt_design can be forced to replicate a net driver using the option -force_replication_on_nets <list of net objects>.
INFO: [Physopt 32-81] Processed net student_top_inst/u_RISCV_CORE/INST_IF_UNIT/u_pc/pc_o_reg[3]_rep__0_0. Replicated 6 times.
INFO: [Physopt 32-782] Net student_top_inst/u_RISCV_CORE/INST_IF_UNIT/u_pc/pc_o_reg[8]_0 was not replicated
INFO: [Physopt 32-780] Instance student_top_inst/u_RISCV_CORE has DONT_TOUCH and is preventing optimization
Resolution: Removing DONT_TOUCH attributes may enable additional optimization
INFO: [Physopt 32-81] Processed net student_top_inst/u_RISCV_CORE/INST_ID_UNIT/u_id_ex/Q[26]. Replicated 1 times.
INFO: [Physopt 32-782] Net student_top_inst/u_RISCV_CORE/INST_IF_UNIT/u_pc/pc_o_reg[3]_0 was not replicated
INFO: [Physopt 32-780] Instance student_top_inst/u_RISCV_CORE has DONT_TOUCH and is preventing optimization
Resolution: Removing DONT_TOUCH attributes may enable additional optimization
INFO: [Physopt 32-81] Processed net student_top_inst/u_RISCV_CORE/INST_ID_UNIT/u_id_ex/id_imm_o[3]. Replicated 2 times.
INFO: [Physopt 32-81] Processed net student_top_inst/u_RISCV_CORE/INST_ID_UNIT/u_id_ex/reg2_rd_data_o_reg[31]_0[3]. Replicated 2 times.
INFO: [Physopt 32-782] Net student_top_inst/u_RISCV_CORE/INST_IF_UNIT/u_pc/pc_o_reg[13]_0 was not replicated
INFO: [Physopt 32-780] Instance student_top_inst/u_RISCV_CORE has DONT_TOUCH and is preventing optimization
Resolution: Removing DONT_TOUCH attributes may enable additional optimization
INFO: [Physopt 32-782] Net student_top_inst/u_RISCV_CORE/INST_IF_UNIT/u_pc/pc_o[2] was not replicated
INFO: [Physopt 32-780] Instance student_top_inst/u_RISCV_CORE has DONT_TOUCH and is preventing optimization
Resolution: Removing DONT_TOUCH attributes may enable additional optimization
INFO: [Physopt 32-81] Processed net student_top_inst/u_RISCV_CORE/INST_ID_UNIT/u_id_ex/reg2_rd_data_o_reg[31]_0[4]. Replicated 2 times.
INFO: [Physopt 32-81] Processed net student_top_inst/u_RISCV_CORE/INST_EX_UNIT/actual_taken_reg_0. Replicated 3 times.
INFO: [Physopt 32-232] Optimized 6 nets. Created 16 new instances.
INFO: [Physopt 32-775] End 1 Pass. Optimized 6 nets or cells. Created 16 new cells, deleted 0 existing cell and moved 0 existing cell
INFO: [Physopt 32-619] Estimated Timing Summary | WNS=-0.430 | TNS=-5.220 |
Netlist sorting complete. Time (s): cpu = 00:00:00 ; elapsed = 00:00:00.019 . Memory (MB): peak = 2182.715 ; gain = 0.000
Phase 3 Fanout Optimization | Checksum: 290266629

Time (s): cpu = 00:00:03 ; elapsed = 00:00:02 . Memory (MB): peak = 2182.715 ; gain = 6.793

Phase 4 Single Cell Placement Optimization
INFO: [Physopt 32-660] Identified 207 candidate nets for placement-based optimization.
INFO: [Physopt 32-663] Processed net student_top_inst/bridge_inst/counter_inst/mem_rd_data_i[12].  Re-placed instance student_top_inst/bridge_inst/counter_inst/u_RISCV_CORE_i_20
INFO: [Physopt 32-662] Processed net student_top_inst/bridge_inst/dram_driver_inst/Mem_DRAM/uut_BLOCKRAM/U0/inst_blk_mem_gen/gnbram.gnativebmg.native_blk_mem_gen/valid.cstr/has_mux_b.B/doutb[12].  Did not re-place instance student_top_inst/bridge_inst/dram_driver_inst/Mem_DRAM/uut_BLOCKRAM/U0/inst_blk_mem_gen/gnbram.gnativebmg.native_blk_mem_gen/valid.cstr/has_mux_b.B/doutb[12]_INST_0
INFO: [Physopt 32-662] Processed net student_top_inst/bridge_inst/dram_driver_inst/Mem_DRAM/wr_data_reg_reg[12]_0.  Did not re-place instance student_top_inst/bridge_inst/dram_driver_inst/Mem_DRAM/u_RISCV_CORE_i_76
INFO: [Physopt 32-662] Processed net student_top_inst/u_RISCV_CORE/INST_MEM_BUFFER/D[4].  Did not re-place instance student_top_inst/u_RISCV_CORE/INST_MEM_BUFFER/rd_data_o[12]_i_1
INFO: [Physopt 32-662] Processed net student_top_inst/u_RISCV_CORE/INST_MEM_UNIT/mem_wr_buffer_inst/wr_data_buffer_reg[12]_0.  Did not re-place instance student_top_inst/u_RISCV_CORE/INST_MEM_UNIT/mem_wr_buffer_inst/rd_data_o[12]_i_2
INFO: [Physopt 32-662] Processed net student_top_inst/u_RISCV_CORE/INST_MEM_UNIT/mem_wr_buffer_inst/p_5_in[4].  Did not re-place instance student_top_inst/u_RISCV_CORE/INST_MEM_UNIT/mem_wr_buffer_inst/rd_data_o_reg[12]
INFO: [Physopt 32-663] Processed net student_top_inst/bridge_inst/counter_inst/mem_rd_data_i[10].  Re-placed instance student_top_inst/bridge_inst/counter_inst/u_RISCV_CORE_i_22
INFO: [Physopt 32-662] Processed net student_top_inst/bridge_inst/dram_driver_inst/Mem_DRAM/uut_BLOCKRAM/U0/inst_blk_mem_gen/gnbram.gnativebmg.native_blk_mem_gen/valid.cstr/has_mux_b.B/doutb[10].  Did not re-place instance student_top_inst/bridge_inst/dram_driver_inst/Mem_DRAM/uut_BLOCKRAM/U0/inst_blk_mem_gen/gnbram.gnativebmg.native_blk_mem_gen/valid.cstr/has_mux_b.B/doutb[10]_INST_0
INFO: [Physopt 32-663] Processed net student_top_inst/bridge_inst/dram_driver_inst/Mem_DRAM/wr_data_reg_reg[10]_0.  Re-placed instance student_top_inst/bridge_inst/dram_driver_inst/Mem_DRAM/u_RISCV_CORE_i_80
INFO: [Physopt 32-662] Processed net student_top_inst/u_RISCV_CORE/INST_MEM_BUFFER/D[2].  Did not re-place instance student_top_inst/u_RISCV_CORE/INST_MEM_BUFFER/rd_data_o[10]_i_1
INFO: [Physopt 32-662] Processed net student_top_inst/u_RISCV_CORE/INST_MEM_UNIT/mem_wr_buffer_inst/wr_data_buffer_reg[10]_0.  Did not re-place instance student_top_inst/u_RISCV_CORE/INST_MEM_UNIT/mem_wr_buffer_inst/rd_data_o[10]_i_2
INFO: [Physopt 32-662] Processed net student_top_inst/u_RISCV_CORE/INST_MEM_UNIT/mem_wr_buffer_inst/p_5_in[2].  Did not re-place instance student_top_inst/u_RISCV_CORE/INST_MEM_UNIT/mem_wr_buffer_inst/rd_data_o_reg[10]
INFO: [Physopt 32-663] Processed net student_top_inst/bridge_inst/counter_inst/mem_rd_data_i[13].  Re-placed instance student_top_inst/bridge_inst/counter_inst/u_RISCV_CORE_i_19
INFO: [Physopt 32-662] Processed net student_top_inst/bridge_inst/dram_driver_inst/Mem_DRAM/uut_BLOCKRAM/U0/inst_blk_mem_gen/gnbram.gnativebmg.native_blk_mem_gen/valid.cstr/has_mux_b.B/doutb[13].  Did not re-place instance student_top_inst/bridge_inst/dram_driver_inst/Mem_DRAM/uut_BLOCKRAM/U0/inst_blk_mem_gen/gnbram.gnativebmg.native_blk_mem_gen/valid.cstr/has_mux_b.B/doutb[13]_INST_0
INFO: [Physopt 32-662] Processed net student_top_inst/bridge_inst/dram_driver_inst/Mem_DRAM/wr_data_reg_reg[13]_0.  Did not re-place instance student_top_inst/bridge_inst/dram_driver_inst/Mem_DRAM/u_RISCV_CORE_i_74
INFO: [Physopt 32-662] Processed net student_top_inst/u_RISCV_CORE/INST_MEM_BUFFER/D[5].  Did not re-place instance student_top_inst/u_RISCV_CORE/INST_MEM_BUFFER/rd_data_o[13]_i_1
INFO: [Physopt 32-662] Processed net student_top_inst/u_RISCV_CORE/INST_MEM_UNIT/mem_wr_buffer_inst/wr_data_buffer_reg[13]_0.  Did not re-place instance student_top_inst/u_RISCV_CORE/INST_MEM_UNIT/mem_wr_buffer_inst/rd_data_o[13]_i_2
INFO: [Physopt 32-662] Processed net student_top_inst/u_RISCV_CORE/INST_MEM_UNIT/mem_wr_buffer_inst/p_5_in[5].  Did not re-place instance student_top_inst/u_RISCV_CORE/INST_MEM_UNIT/mem_wr_buffer_inst/rd_data_o_reg[13]
INFO: [Physopt 32-663] Processed net student_top_inst/bridge_inst/counter_inst/mem_rd_data_i[20].  Re-placed instance student_top_inst/bridge_inst/counter_inst/u_RISCV_CORE_i_12
INFO: [Physopt 32-663] Processed net student_top_inst/bridge_inst/dram_driver_inst/Mem_DRAM/uut_BLOCKRAM/U0/inst_blk_mem_gen/gnbram.gnativebmg.native_blk_mem_gen/valid.cstr/has_mux_b.B/doutb[20].  Re-placed instance student_top_inst/bridge_inst/dram_driver_inst/Mem_DRAM/uut_BLOCKRAM/U0/inst_blk_mem_gen/gnbram.gnativebmg.native_blk_mem_gen/valid.cstr/has_mux_b.B/doutb[20]_INST_0
INFO: [Physopt 32-662] Processed net student_top_inst/bridge_inst/dram_driver_inst/Mem_DRAM/wr_data_reg_reg[20]_0.  Did not re-place instance student_top_inst/bridge_inst/dram_driver_inst/Mem_DRAM/u_RISCV_CORE_i_60
INFO: [Physopt 32-662] Processed net student_top_inst/u_RISCV_CORE/INST_MEM_BUFFER/D[12].  Did not re-place instance student_top_inst/u_RISCV_CORE/INST_MEM_BUFFER/rd_data_o[20]_i_1
INFO: [Physopt 32-662] Processed net student_top_inst/u_RISCV_CORE/INST_MEM_UNIT/mem_wr_buffer_inst/wr_data_buffer_reg[20]_0.  Did not re-place instance student_top_inst/u_RISCV_CORE/INST_MEM_UNIT/mem_wr_buffer_inst/rd_data_o[20]_i_2
INFO: [Physopt 32-662] Processed net student_top_inst/u_RISCV_CORE/INST_MEM_UNIT/mem_wr_buffer_inst/rd_data_o_reg[31]_0[12].  Did not re-place instance student_top_inst/u_RISCV_CORE/INST_MEM_UNIT/mem_wr_buffer_inst/rd_data_o_reg[20]
INFO: [Physopt 32-663] Processed net student_top_inst/bridge_inst/counter_inst/mem_rd_data_i[9].  Re-placed instance student_top_inst/bridge_inst/counter_inst/u_RISCV_CORE_i_23
INFO: [Physopt 32-663] Processed net student_top_inst/bridge_inst/dram_driver_inst/Mem_DRAM/uut_BLOCKRAM/U0/inst_blk_mem_gen/gnbram.gnativebmg.native_blk_mem_gen/valid.cstr/has_mux_b.B/doutb[9].  Re-placed instance student_top_inst/bridge_inst/dram_driver_inst/Mem_DRAM/uut_BLOCKRAM/U0/inst_blk_mem_gen/gnbram.gnativebmg.native_blk_mem_gen/valid.cstr/has_mux_b.B/doutb[9]_INST_0
INFO: [Physopt 32-663] Processed net student_top_inst/bridge_inst/dram_driver_inst/Mem_DRAM/wr_data_reg_reg[9]_0.  Re-placed instance student_top_inst/bridge_inst/dram_driver_inst/Mem_DRAM/u_RISCV_CORE_i_82
INFO: [Physopt 32-662] Processed net student_top_inst/u_RISCV_CORE/INST_MEM_BUFFER/D[1].  Did not re-place instance student_top_inst/u_RISCV_CORE/INST_MEM_BUFFER/rd_data_o[9]_i_1
INFO: [Physopt 32-662] Processed net student_top_inst/u_RISCV_CORE/INST_MEM_UNIT/mem_wr_buffer_inst/wr_data_buffer_reg[9]_0.  Did not re-place instance student_top_inst/u_RISCV_CORE/INST_MEM_UNIT/mem_wr_buffer_inst/rd_data_o[9]_i_2
INFO: [Physopt 32-662] Processed net student_top_inst/u_RISCV_CORE/INST_MEM_UNIT/mem_wr_buffer_inst/p_5_in[1].  Did not re-place instance student_top_inst/u_RISCV_CORE/INST_MEM_UNIT/mem_wr_buffer_inst/rd_data_o_reg[9]
INFO: [Physopt 32-663] Processed net student_top_inst/bridge_inst/counter_inst/mem_rd_data_i[21].  Re-placed instance student_top_inst/bridge_inst/counter_inst/u_RISCV_CORE_i_11
INFO: [Physopt 32-662] Processed net student_top_inst/bridge_inst/dram_driver_inst/Mem_DRAM/uut_BLOCKRAM/U0/inst_blk_mem_gen/gnbram.gnativebmg.native_blk_mem_gen/valid.cstr/has_mux_b.B/doutb[21].  Did not re-place instance student_top_inst/bridge_inst/dram_driver_inst/Mem_DRAM/uut_BLOCKRAM/U0/inst_blk_mem_gen/gnbram.gnativebmg.native_blk_mem_gen/valid.cstr/has_mux_b.B/doutb[21]_INST_0
INFO: [Physopt 32-662] Processed net student_top_inst/bridge_inst/dram_driver_inst/Mem_DRAM/wr_data_reg_reg[21]_0.  Did not re-place instance student_top_inst/bridge_inst/dram_driver_inst/Mem_DRAM/u_RISCV_CORE_i_58
INFO: [Physopt 32-662] Processed net student_top_inst/u_RISCV_CORE/INST_MEM_BUFFER/D[13].  Did not re-place instance student_top_inst/u_RISCV_CORE/INST_MEM_BUFFER/rd_data_o[21]_i_1
INFO: [Physopt 32-662] Processed net student_top_inst/u_RISCV_CORE/INST_MEM_UNIT/mem_wr_buffer_inst/wr_data_buffer_reg[21]_0.  Did not re-place instance student_top_inst/u_RISCV_CORE/INST_MEM_UNIT/mem_wr_buffer_inst/rd_data_o[21]_i_2
INFO: [Physopt 32-662] Processed net student_top_inst/u_RISCV_CORE/INST_MEM_UNIT/mem_wr_buffer_inst/rd_data_o_reg[31]_0[13].  Did not re-place instance student_top_inst/u_RISCV_CORE/INST_MEM_UNIT/mem_wr_buffer_inst/rd_data_o_reg[21]
INFO: [Physopt 32-662] Processed net student_top_inst/u_RISCV_CORE/INST_MEM_UNIT/mem_wr_buffer_inst/rd_data_o_reg[31]_0[3].  Did not re-place instance student_top_inst/u_RISCV_CORE/INST_MEM_UNIT/mem_wr_buffer_inst/rd_data_o_reg[3]
INFO: [Physopt 32-663] Processed net student_top_inst/bridge_inst/counter_inst/mem_rd_data_i[3].  Re-placed instance student_top_inst/bridge_inst/counter_inst/u_RISCV_CORE_i_29
INFO: [Physopt 32-663] Processed net student_top_inst/bridge_inst/dram_driver_inst/Mem_DRAM/uut_BLOCKRAM/U0/inst_blk_mem_gen/gnbram.gnativebmg.native_blk_mem_gen/valid.cstr/has_mux_b.B/doutb[3].  Re-placed instance student_top_inst/bridge_inst/dram_driver_inst/Mem_DRAM/uut_BLOCKRAM/U0/inst_blk_mem_gen/gnbram.gnativebmg.native_blk_mem_gen/valid.cstr/has_mux_b.B/doutb[3]_INST_0
INFO: [Physopt 32-662] Processed net student_top_inst/bridge_inst/dram_driver_inst/Mem_DRAM/wr_data_reg_reg[3]_0.  Did not re-place instance student_top_inst/bridge_inst/dram_driver_inst/Mem_DRAM/u_RISCV_CORE_i_94
INFO: [Physopt 32-662] Processed net student_top_inst/u_RISCV_CORE/INST_MEM_UNIT/mem_wr_buffer_inst/p_0_in[3].  Did not re-place instance student_top_inst/u_RISCV_CORE/INST_MEM_UNIT/mem_wr_buffer_inst/rd_data_o[3]_i_1
INFO: [Physopt 32-663] Processed net student_top_inst/bridge_inst/counter_inst/mem_rd_data_i[23].  Re-placed instance student_top_inst/bridge_inst/counter_inst/u_RISCV_CORE_i_9
INFO: [Physopt 32-662] Processed net student_top_inst/bridge_inst/dram_driver_inst/Mem_DRAM/uut_BLOCKRAM/U0/inst_blk_mem_gen/gnbram.gnativebmg.native_blk_mem_gen/valid.cstr/has_mux_b.B/doutb[23].  Did not re-place instance student_top_inst/bridge_inst/dram_driver_inst/Mem_DRAM/uut_BLOCKRAM/U0/inst_blk_mem_gen/gnbram.gnativebmg.native_blk_mem_gen/valid.cstr/has_mux_b.B/doutb[23]_INST_0
INFO: [Physopt 32-663] Processed net student_top_inst/bridge_inst/dram_driver_inst/Mem_DRAM/wr_data_reg_reg[23]_0.  Re-placed instance student_top_inst/bridge_inst/dram_driver_inst/Mem_DRAM/u_RISCV_CORE_i_54
INFO: [Physopt 32-662] Processed net student_top_inst/u_RISCV_CORE/INST_MEM_BUFFER/D[15].  Did not re-place instance student_top_inst/u_RISCV_CORE/INST_MEM_BUFFER/rd_data_o[23]_i_1
INFO: [Physopt 32-662] Processed net student_top_inst/u_RISCV_CORE/INST_MEM_UNIT/mem_wr_buffer_inst/wr_data_buffer_reg[23]_0.  Did not re-place instance student_top_inst/u_RISCV_CORE/INST_MEM_UNIT/mem_wr_buffer_inst/rd_data_o[23]_i_2
INFO: [Physopt 32-662] Processed net student_top_inst/u_RISCV_CORE/INST_MEM_UNIT/mem_wr_buffer_inst/rd_data_o_reg[31]_0[15].  Did not re-place instance student_top_inst/u_RISCV_CORE/INST_MEM_UNIT/mem_wr_buffer_inst/rd_data_o_reg[23]
INFO: [Physopt 32-662] Processed net student_top_inst/bridge_inst/perip_bridge_net_4.  Did not re-place instance student_top_inst/bridge_inst/perip_bridge_LUT3
INFO: [Physopt 32-662] Processed net student_top_inst/bridge_inst/u_RISCV_CORE_i_33_n_0.  Did not re-place instance student_top_inst/bridge_inst/perip_bridge_LUT4_2
INFO: [Physopt 32-662] Processed net student_top_inst/bridge_inst/perip_bridge_net.  Did not re-place instance student_top_inst/bridge_inst/perip_bridge_LUT5
INFO: [Physopt 32-662] Processed net student_top_inst/bridge_inst/perip_rd_addr_reg[23].  Did not re-place instance student_top_inst/bridge_inst/perip_rd_addr_reg_reg[23]
INFO: [Physopt 32-663] Processed net student_top_inst/u_RISCV_CORE/INST_IF_UNIT/u_pc/pc_o_reg[3]_rep__0_0_repN.  Re-placed instance student_top_inst/u_RISCV_CORE/INST_IF_UNIT/u_pc/pc_o_reg[3]_rep__0_replica
INFO: [Physopt 32-662] Processed net student_top_inst/u_RISCV_CORE/INST_AREA_PREDICTOR/pred_taken.  Did not re-place instance student_top_inst/u_RISCV_CORE/INST_AREA_PREDICTOR/predict_taken_reg_i_1
INFO: [Physopt 32-662] Processed net student_top_inst/u_RISCV_CORE/INST_IF_UNIT/u_pc/pc_o[3]_rep__0_i_1_n_0.  Did not re-place instance student_top_inst/u_RISCV_CORE/INST_IF_UNIT/u_pc/pc_o[3]_rep__0_i_1
INFO: [Physopt 32-663] Processed net student_top_inst/u_RISCV_CORE/INST_AREA_PREDICTOR/BTB_TAG_reg[39]__0[3].  Re-placed instance student_top_inst/u_RISCV_CORE/INST_AREA_PREDICTOR/BTB_TAG_reg[39][3]
INFO: [Physopt 32-663] Processed net student_top_inst/u_RISCV_CORE/INST_AREA_PREDICTOR/predict_taken_reg_i_129_n_0.  Re-placed instance student_top_inst/u_RISCV_CORE/INST_AREA_PREDICTOR/predict_taken_reg_i_129
INFO: [Physopt 32-662] Processed net student_top_inst/u_RISCV_CORE/INST_AREA_PREDICTOR/predict_taken_reg_i_14_n_0.  Did not re-place instance student_top_inst/u_RISCV_CORE/INST_AREA_PREDICTOR/predict_taken_reg_i_14
INFO: [Physopt 32-663] Processed net student_top_inst/u_RISCV_CORE/INST_AREA_PREDICTOR/predict_taken_reg_i_4_n_0.  Re-placed instance student_top_inst/u_RISCV_CORE/INST_AREA_PREDICTOR/predict_taken_reg_i_4
INFO: [Physopt 32-663] Processed net student_top_inst/u_RISCV_CORE/INST_AREA_PREDICTOR/predict_taken_reg_i_50_n_0.  Re-placed instance student_top_inst/u_RISCV_CORE/INST_AREA_PREDICTOR/predict_taken_reg_i_50
INFO: [Physopt 32-663] Processed net student_top_inst/bridge_inst/counter_inst/mem_rd_data_i[2].  Re-placed instance student_top_inst/bridge_inst/counter_inst/u_RISCV_CORE_i_30
INFO: [Physopt 32-662] Processed net student_top_inst/bridge_inst/dram_driver_inst/Mem_DRAM/uut_BLOCKRAM/U0/inst_blk_mem_gen/gnbram.gnativebmg.native_blk_mem_gen/valid.cstr/has_mux_b.B/doutb[2].  Did not re-place instance student_top_inst/bridge_inst/dram_driver_inst/Mem_DRAM/uut_BLOCKRAM/U0/inst_blk_mem_gen/gnbram.gnativebmg.native_blk_mem_gen/valid.cstr/has_mux_b.B/doutb[2]_INST_0
INFO: [Physopt 32-662] Processed net student_top_inst/bridge_inst/dram_driver_inst/Mem_DRAM/wr_data_reg_reg[2]_0.  Did not re-place instance student_top_inst/bridge_inst/dram_driver_inst/Mem_DRAM/u_RISCV_CORE_i_96
INFO: [Physopt 32-662] Processed net student_top_inst/u_RISCV_CORE/INST_MEM_UNIT/mem_wr_buffer_inst/p_0_in[2].  Did not re-place instance student_top_inst/u_RISCV_CORE/INST_MEM_UNIT/mem_wr_buffer_inst/rd_data_o[2]_i_1
INFO: [Physopt 32-662] Processed net student_top_inst/u_RISCV_CORE/INST_MEM_UNIT/mem_wr_buffer_inst/rd_data_o_reg[31]_0[2].  Did not re-place instance student_top_inst/u_RISCV_CORE/INST_MEM_UNIT/mem_wr_buffer_inst/rd_data_o_reg[2]
INFO: [Physopt 32-663] Processed net student_top_inst/bridge_inst/dram_driver_inst/Mem_DRAM/uut_BLOCKRAM/U0/inst_blk_mem_gen/gnbram.gnativebmg.native_blk_mem_gen/valid.cstr/ramloop[61].ram.r/prim_init.ram/ramloop[1].ram.ram_ena.  Re-placed instance student_top_inst/bridge_inst/dram_driver_inst/Mem_DRAM/uut_BLOCKRAM/U0/inst_blk_mem_gen/gnbram.gnativebmg.native_blk_mem_gen/valid.cstr/ramloop[61].ram.r/prim_init.ram/DEVICE_7SERIES.NO_BMM_INFO.SDP.SIMPLE_PRIM36.ram_i_1__1
INFO: [Physopt 32-662] Processed net student_top_inst/bridge_inst/dram_driver_inst/Mem_DRAM/dram_wen0.  Did not re-place instance student_top_inst/bridge_inst/dram_driver_inst/Mem_DRAM/ram_LUT2_1
INFO: [Physopt 32-663] Processed net student_top_inst/u_RISCV_CORE/INST_MEM_UNIT/mem_wr_buffer_inst/mem_wr_addr_o[29].  Re-placed instance student_top_inst/u_RISCV_CORE/INST_MEM_UNIT/mem_wr_buffer_inst/wr_addr_buffer_reg[29]
INFO: [Physopt 32-662] Processed net student_top_inst/bridge_inst/counter_inst/wr_addr_buffer_reg[23].  Did not re-place instance student_top_inst/bridge_inst/counter_inst/uut_BLOCKRAM_i_7
INFO: [Physopt 32-662] Processed net student_top_inst/bridge_inst/dram_driver_inst/Mem_DRAM/ram_net_6.  Did not re-place instance student_top_inst/bridge_inst/dram_driver_inst/Mem_DRAM/ram_LUT2
INFO: [Physopt 32-663] Processed net student_top_inst/bridge_inst/dram_driver_inst/Mem_DRAM/ram_net_4.  Re-placed instance student_top_inst/bridge_inst/dram_driver_inst/Mem_DRAM/ram_LUT6_3
INFO: [Physopt 32-663] Processed net student_top_inst/u_RISCV_CORE/INST_ID_UNIT/u_id_ex/Q[5].  Re-placed instance student_top_inst/u_RISCV_CORE/INST_ID_UNIT/u_id_ex/reg1_rd_data_o_reg[5]
INFO: [Physopt 32-663] Processed net student_top_inst/bridge_inst/dram_driver_inst/Mem_DRAM/uut_BLOCKRAM/U0/inst_blk_mem_gen/gnbram.gnativebmg.native_blk_mem_gen/valid.cstr/ramloop[60].ram.r/prim_init.ram/ramloop[0].ram.ram_enb.  Re-placed instance student_top_inst/bridge_inst/dram_driver_inst/Mem_DRAM/uut_BLOCKRAM/U0/inst_blk_mem_gen/gnbram.gnativebmg.native_blk_mem_gen/valid.cstr/ramloop[60].ram.r/prim_init.ram/DEVICE_7SERIES.NO_BMM_INFO.SDP.SIMPLE_PRIM36.ram_i_2__2
INFO: [Physopt 32-662] Processed net student_top_inst/u_RISCV_CORE/INST_ID_UNIT/u_id_ex/mem_rd_addr_o[4]_INST_0_i_3_n_0.  Did not re-place instance student_top_inst/u_RISCV_CORE/INST_ID_UNIT/u_id_ex/mem_rd_addr_o[4]_INST_0_i_3
INFO: [Physopt 32-662] Processed net student_top_inst/bridge_inst/perip_bridge_net_5.  Did not re-place instance student_top_inst/bridge_inst/perip_bridge_LUT6
INFO: [Physopt 32-663] Processed net student_top_inst/bridge_inst/u_RISCV_CORE_i_35_n_0.  Re-placed instance student_top_inst/bridge_inst/perip_bridge_LUT6_4
INFO: [Physopt 32-663] Processed net student_top_inst/bridge_inst/perip_rd_addr_reg[11].  Re-placed instance student_top_inst/bridge_inst/perip_rd_addr_reg_reg[11]
INFO: [Physopt 32-663] Processed net student_top_inst/bridge_inst/perip_bridge_net_1.  Re-placed instance student_top_inst/bridge_inst/perip_bridge_LUT4
INFO: [Physopt 32-662] Processed net student_top_inst/u_RISCV_CORE/INST_MEM_UNIT/mem_wr_buffer_inst/rd_data_o_reg[31]_0[7].  Did not re-place instance student_top_inst/u_RISCV_CORE/INST_MEM_UNIT/mem_wr_buffer_inst/rd_data_o_reg[7]
INFO: [Physopt 32-663] Processed net student_top_inst/bridge_inst/counter_inst/mem_rd_data_i[7].  Re-placed instance student_top_inst/bridge_inst/counter_inst/u_RISCV_CORE_i_25
INFO: [Physopt 32-663] Processed net student_top_inst/bridge_inst/dram_driver_inst/Mem_DRAM/uut_BLOCKRAM/U0/inst_blk_mem_gen/gnbram.gnativebmg.native_blk_mem_gen/valid.cstr/has_mux_b.B/doutb[7].  Re-placed instance student_top_inst/bridge_inst/dram_driver_inst/Mem_DRAM/uut_BLOCKRAM/U0/inst_blk_mem_gen/gnbram.gnativebmg.native_blk_mem_gen/valid.cstr/has_mux_b.B/doutb[7]_INST_0
INFO: [Physopt 32-663] Processed net student_top_inst/bridge_inst/dram_driver_inst/Mem_DRAM/wr_data_reg_reg[7]_0.  Re-placed instance student_top_inst/bridge_inst/dram_driver_inst/Mem_DRAM/u_RISCV_CORE_i_86
INFO: [Physopt 32-662] Processed net student_top_inst/u_RISCV_CORE/INST_MEM_UNIT/mem_wr_buffer_inst/p_0_in[7].  Did not re-place instance student_top_inst/u_RISCV_CORE/INST_MEM_UNIT/mem_wr_buffer_inst/rd_data_o[7]_i_1
INFO: [Physopt 32-663] Processed net student_top_inst/u_RISCV_CORE/INST_MEM_UNIT/mem_wr_buffer_inst/mem_wr_addr_o[23].  Re-placed instance student_top_inst/u_RISCV_CORE/INST_MEM_UNIT/mem_wr_buffer_inst/wr_addr_buffer_reg[23]
INFO: [Physopt 32-663] Processed net student_top_inst/u_RISCV_CORE/INST_AREA_PREDICTOR/predict_taken_reg_i_9_n_0.  Re-placed instance student_top_inst/u_RISCV_CORE/INST_AREA_PREDICTOR/predict_taken_reg_i_9
INFO: [Physopt 32-663] Processed net student_top_inst/u_RISCV_CORE/INST_AREA_PREDICTOR/BTB_TAG_reg[54]__0[1].  Re-placed instance student_top_inst/u_RISCV_CORE/INST_AREA_PREDICTOR/BTB_TAG_reg[54][1]
INFO: [Physopt 32-663] Processed net student_top_inst/u_RISCV_CORE/INST_AREA_PREDICTOR/predict_taken_reg_i_111_n_0.  Re-placed instance student_top_inst/u_RISCV_CORE/INST_AREA_PREDICTOR/predict_taken_reg_i_111
INFO: [Physopt 32-662] Processed net student_top_inst/u_RISCV_CORE/INST_AREA_PREDICTOR/predict_taken_reg_i_29_n_0.  Did not re-place instance student_top_inst/u_RISCV_CORE/INST_AREA_PREDICTOR/predict_taken_reg_i_29
INFO: [Physopt 32-663] Processed net student_top_inst/u_RISCV_CORE/INST_AREA_PREDICTOR/predict_taken_reg_i_5_n_0.  Re-placed instance student_top_inst/u_RISCV_CORE/INST_AREA_PREDICTOR/predict_taken_reg_i_5
INFO: [Physopt 32-663] Processed net student_top_inst/u_RISCV_CORE/INST_AREA_PREDICTOR/BTB_TAG_reg[58]__0[1].  Re-placed instance student_top_inst/u_RISCV_CORE/INST_AREA_PREDICTOR/BTB_TAG_reg[58][1]
INFO: [Physopt 32-663] Processed net student_top_inst/u_RISCV_CORE/INST_AREA_PREDICTOR/predict_taken_reg_i_110_n_0.  Re-placed instance student_top_inst/u_RISCV_CORE/INST_AREA_PREDICTOR/predict_taken_reg_i_110
INFO: [Physopt 32-663] Processed net student_top_inst/bridge_inst/counter_inst/mem_rd_data_i[11].  Re-placed instance student_top_inst/bridge_inst/counter_inst/u_RISCV_CORE_i_21
INFO: [Physopt 32-662] Processed net student_top_inst/bridge_inst/dram_driver_inst/Mem_DRAM/uut_BLOCKRAM/U0/inst_blk_mem_gen/gnbram.gnativebmg.native_blk_mem_gen/valid.cstr/has_mux_b.B/doutb[11].  Did not re-place instance student_top_inst/bridge_inst/dram_driver_inst/Mem_DRAM/uut_BLOCKRAM/U0/inst_blk_mem_gen/gnbram.gnativebmg.native_blk_mem_gen/valid.cstr/has_mux_b.B/doutb[11]_INST_0
INFO: [Physopt 32-663] Processed net student_top_inst/bridge_inst/dram_driver_inst/Mem_DRAM/wr_data_reg_reg[11]_0.  Re-placed instance student_top_inst/bridge_inst/dram_driver_inst/Mem_DRAM/u_RISCV_CORE_i_78
INFO: [Physopt 32-662] Processed net student_top_inst/u_RISCV_CORE/INST_MEM_BUFFER/D[3].  Did not re-place instance student_top_inst/u_RISCV_CORE/INST_MEM_BUFFER/rd_data_o[11]_i_1
INFO: [Physopt 32-662] Processed net student_top_inst/u_RISCV_CORE/INST_MEM_UNIT/mem_wr_buffer_inst/wr_data_buffer_reg[11]_0.  Did not re-place instance student_top_inst/u_RISCV_CORE/INST_MEM_UNIT/mem_wr_buffer_inst/rd_data_o[11]_i_2
INFO: [Physopt 32-662] Processed net student_top_inst/u_RISCV_CORE/INST_MEM_UNIT/mem_wr_buffer_inst/p_5_in[3].  Did not re-place instance student_top_inst/u_RISCV_CORE/INST_MEM_UNIT/mem_wr_buffer_inst/rd_data_o_reg[11]
INFO: [Physopt 32-663] Processed net student_top_inst/u_RISCV_CORE/INST_ID_UNIT/u_id_ex/Q[2].  Re-placed instance student_top_inst/u_RISCV_CORE/INST_ID_UNIT/u_id_ex/reg1_rd_data_o_reg[2]
INFO: [Physopt 32-662] Processed net student_top_inst/u_RISCV_CORE/INST_ID_UNIT/u_id_ex/mem_rd_addr_o[1]_INST_0_i_2_n_0.  Did not re-place instance student_top_inst/u_RISCV_CORE/INST_ID_UNIT/u_id_ex/mem_rd_addr_o[1]_INST_0_i_2
INFO: [Physopt 32-663] Processed net student_top_inst/u_RISCV_CORE/INST_IF_UNIT/u_pc/pc_o_reg[3]_rep_0.  Re-placed instance student_top_inst/u_RISCV_CORE/INST_IF_UNIT/u_pc/pc_o_reg[3]_rep
INFO: [Physopt 32-662] Processed net student_top_inst/u_RISCV_CORE/INST_AREA_PREDICTOR/predict_taken_reg_i_10_n_0.  Did not re-place instance student_top_inst/u_RISCV_CORE/INST_AREA_PREDICTOR/predict_taken_reg_i_10
INFO: [Physopt 32-663] Processed net student_top_inst/u_RISCV_CORE/INST_AREA_PREDICTOR/predict_taken_reg_i_33_n_0.  Re-placed instance student_top_inst/u_RISCV_CORE/INST_AREA_PREDICTOR/predict_taken_reg_i_33
INFO: [Physopt 32-662] Processed net student_top_inst/u_RISCV_CORE/INST_AREA_PREDICTOR/predict_taken_reg_i_3_n_0.  Did not re-place instance student_top_inst/u_RISCV_CORE/INST_AREA_PREDICTOR/predict_taken_reg_i_3
INFO: [Physopt 32-663] Processed net student_top_inst/bridge_inst/counter_inst/mem_rd_data_i[0].  Re-placed instance student_top_inst/bridge_inst/counter_inst/u_RISCV_CORE_i_32
INFO: [Physopt 32-662] Processed net student_top_inst/bridge_inst/dram_driver_inst/Mem_DRAM/uut_BLOCKRAM/U0/inst_blk_mem_gen/gnbram.gnativebmg.native_blk_mem_gen/valid.cstr/has_mux_b.B/doutb[0].  Did not re-place instance student_top_inst/bridge_inst/dram_driver_inst/Mem_DRAM/uut_BLOCKRAM/U0/inst_blk_mem_gen/gnbram.gnativebmg.native_blk_mem_gen/valid.cstr/has_mux_b.B/doutb[0]_INST_0
INFO: [Physopt 32-663] Processed net student_top_inst/bridge_inst/dram_driver_inst/Mem_DRAM/wr_data_reg_reg[0]_0.  Re-placed instance student_top_inst/bridge_inst/dram_driver_inst/Mem_DRAM/u_RISCV_CORE_i_100
INFO: [Physopt 32-662] Processed net student_top_inst/u_RISCV_CORE/INST_MEM_UNIT/mem_wr_buffer_inst/p_0_in[0].  Did not re-place instance student_top_inst/u_RISCV_CORE/INST_MEM_UNIT/mem_wr_buffer_inst/rd_data_o[0]_i_1
INFO: [Physopt 32-662] Processed net student_top_inst/u_RISCV_CORE/INST_MEM_UNIT/mem_wr_buffer_inst/rd_data_o_reg[31]_0[0].  Did not re-place instance student_top_inst/u_RISCV_CORE/INST_MEM_UNIT/mem_wr_buffer_inst/rd_data_o_reg[0]
INFO: [Physopt 32-662] Processed net student_top_inst/u_RISCV_CORE/INST_IF_UNIT/u_if_id/is_load_o_reg.  Did not re-place instance student_top_inst/u_RISCV_CORE/INST_IF_UNIT/u_if_id/pc_o[13]_i_4
INFO: [Physopt 32-662] Processed net student_top_inst/u_RISCV_CORE/INST_ID_UNIT/u_id_ex/Q[29].  Did not re-place instance student_top_inst/u_RISCV_CORE/INST_ID_UNIT/u_id_ex/reg1_rd_data_o_reg[29]
INFO: [Physopt 32-663] Processed net student_top_inst/u_RISCV_CORE/INST_IF_UNIT/u_if_id/imm_o[4]_i_2_n_0.  Re-placed instance student_top_inst/u_RISCV_CORE/INST_IF_UNIT/u_if_id/imm_o[4]_i_2
INFO: [Physopt 32-662] Processed net student_top_inst/u_RISCV_CORE/INST_ID_UNIT/u_id_ex/ins_o_reg[4]_0.  Did not re-place instance student_top_inst/u_RISCV_CORE/INST_ID_UNIT/u_id_ex/pc_o[13]_i_10
INFO: [Physopt 32-663] Processed net student_top_inst/u_RISCV_CORE/INST_ID_UNIT/u_id_ex/id_imm_o[2].  Re-placed instance student_top_inst/u_RISCV_CORE/INST_ID_UNIT/u_id_ex/imm_o_reg[2]
INFO: [Physopt 32-662] Processed net student_top_inst/u_RISCV_CORE/INST_EX_UNIT/u_cu/ins_o_reg[14].  Did not re-place instance student_top_inst/u_RISCV_CORE/INST_EX_UNIT/u_cu/pc_o[13]_i_22
INFO: [Physopt 32-662] Processed net student_top_inst/u_RISCV_CORE/INST_ID_UNIT/u_id_ex/reg2_rd_data_o_reg[31]_3[1].  Did not re-place instance student_top_inst/u_RISCV_CORE/INST_ID_UNIT/u_id_ex/in00_carry__1_i_2
INFO: [Physopt 32-662] Processed net student_top_inst/u_RISCV_CORE/INST_IF_UNIT/u_if_id/ins_o_reg[31]_0[2].  Did not re-place instance student_top_inst/u_RISCV_CORE/INST_IF_UNIT/u_if_id/imm_o[2]_i_1
INFO: [Physopt 32-663] Processed net student_top_inst/bridge_inst/counter_inst/mem_rd_data_i[26].  Re-placed instance student_top_inst/bridge_inst/counter_inst/u_RISCV_CORE_i_6
INFO: [Physopt 32-662] Processed net student_top_inst/bridge_inst/dram_driver_inst/Mem_DRAM/uut_BLOCKRAM/U0/inst_blk_mem_gen/gnbram.gnativebmg.native_blk_mem_gen/valid.cstr/has_mux_b.B/doutb[26].  Did not re-place instance student_top_inst/bridge_inst/dram_driver_inst/Mem_DRAM/uut_BLOCKRAM/U0/inst_blk_mem_gen/gnbram.gnativebmg.native_blk_mem_gen/valid.cstr/has_mux_b.B/doutb[26]_INST_0
INFO: [Physopt 32-663] Processed net student_top_inst/bridge_inst/dram_driver_inst/Mem_DRAM/wr_data_reg_reg[26]_0.  Re-placed instance student_top_inst/bridge_inst/dram_driver_inst/Mem_DRAM/u_RISCV_CORE_i_47
INFO: [Physopt 32-662] Processed net student_top_inst/u_RISCV_CORE/INST_MEM_BUFFER/D[18].  Did not re-place instance student_top_inst/u_RISCV_CORE/INST_MEM_BUFFER/rd_data_o[26]_i_1
INFO: [Physopt 32-662] Processed net student_top_inst/u_RISCV_CORE/INST_MEM_UNIT/mem_wr_buffer_inst/wr_data_buffer_reg[26]_0.  Did not re-place instance student_top_inst/u_RISCV_CORE/INST_MEM_UNIT/mem_wr_buffer_inst/rd_data_o[26]_i_2
INFO: [Physopt 32-662] Processed net student_top_inst/u_RISCV_CORE/INST_MEM_UNIT/mem_wr_buffer_inst/rd_data_o_reg[31]_0[18].  Did not re-place instance student_top_inst/u_RISCV_CORE/INST_MEM_UNIT/mem_wr_buffer_inst/rd_data_o_reg[26]
INFO: [Physopt 32-663] Processed net student_top_inst/bridge_inst/counter_inst/mem_rd_data_i[22].  Re-placed instance student_top_inst/bridge_inst/counter_inst/u_RISCV_CORE_i_10
INFO: [Physopt 32-662] Processed net student_top_inst/bridge_inst/dram_driver_inst/Mem_DRAM/uut_BLOCKRAM/U0/inst_blk_mem_gen/gnbram.gnativebmg.native_blk_mem_gen/valid.cstr/has_mux_b.B/doutb[22].  Did not re-place instance student_top_inst/bridge_inst/dram_driver_inst/Mem_DRAM/uut_BLOCKRAM/U0/inst_blk_mem_gen/gnbram.gnativebmg.native_blk_mem_gen/valid.cstr/has_mux_b.B/doutb[22]_INST_0
INFO: [Physopt 32-662] Processed net student_top_inst/bridge_inst/dram_driver_inst/Mem_DRAM/wr_data_reg_reg[22]_0.  Did not re-place instance student_top_inst/bridge_inst/dram_driver_inst/Mem_DRAM/u_RISCV_CORE_i_56
INFO: [Physopt 32-662] Processed net student_top_inst/u_RISCV_CORE/INST_MEM_BUFFER/D[14].  Did not re-place instance student_top_inst/u_RISCV_CORE/INST_MEM_BUFFER/rd_data_o[22]_i_1
INFO: [Physopt 32-662] Processed net student_top_inst/u_RISCV_CORE/INST_MEM_UNIT/mem_wr_buffer_inst/wr_data_buffer_reg[22]_0.  Did not re-place instance student_top_inst/u_RISCV_CORE/INST_MEM_UNIT/mem_wr_buffer_inst/rd_data_o[22]_i_2
INFO: [Physopt 32-662] Processed net student_top_inst/u_RISCV_CORE/INST_MEM_UNIT/mem_wr_buffer_inst/rd_data_o_reg[31]_0[14].  Did not re-place instance student_top_inst/u_RISCV_CORE/INST_MEM_UNIT/mem_wr_buffer_inst/rd_data_o_reg[22]
INFO: [Physopt 32-663] Processed net student_top_inst/u_RISCV_CORE/INST_MEM_BUFFER/rd_data_o[7]_i_5_n_0.  Re-placed instance student_top_inst/u_RISCV_CORE/INST_MEM_BUFFER/rd_data_o[7]_i_5
INFO: [Physopt 32-663] Processed net student_top_inst/u_RISCV_CORE/INST_EX_UNIT/mem_rd_addr_to_mem_reg[31]_0[5].  Re-placed instance student_top_inst/u_RISCV_CORE/INST_EX_UNIT/mem_rd_addr_to_mem_reg[5]
INFO: [Physopt 32-663] Processed net student_top_inst/u_RISCV_CORE/INST_MEM_BUFFER/reg2_rd_data_o_reg[4]_0.  Re-placed instance student_top_inst/u_RISCV_CORE/INST_MEM_BUFFER/rd_data_o[4]_i_2
INFO: [Physopt 32-662] Processed net student_top_inst/u_RISCV_CORE/INST_MEM_UNIT/mem_wr_buffer_inst/p_0_in[4].  Did not re-place instance student_top_inst/u_RISCV_CORE/INST_MEM_UNIT/mem_wr_buffer_inst/rd_data_o[4]_i_1
INFO: [Physopt 32-662] Processed net student_top_inst/u_RISCV_CORE/INST_MEM_UNIT/mem_wr_buffer_inst/rd_data_o2_carry_i_3_n_0.  Did not re-place instance student_top_inst/u_RISCV_CORE/INST_MEM_UNIT/mem_wr_buffer_inst/rd_data_o2_carry_i_3
INFO: [Physopt 32-662] Processed net student_top_inst/u_RISCV_CORE/INST_MEM_UNIT/mem_wr_buffer_inst/rd_data_o_reg[31]_0[4].  Did not re-place instance student_top_inst/u_RISCV_CORE/INST_MEM_UNIT/mem_wr_buffer_inst/rd_data_o_reg[4]
INFO: [Physopt 32-663] Processed net student_top_inst/u_RISCV_CORE/INST_IF_UNIT/u_pc/pc_o_reg[2]_0.  Re-placed instance student_top_inst/u_RISCV_CORE/INST_IF_UNIT/u_pc/pc_o_reg[2]
INFO: [Physopt 32-662] Processed net student_top_inst/u_RISCV_CORE/INST_ID_UNIT/u_id_ex/Q[1].  Did not re-place instance student_top_inst/u_RISCV_CORE/INST_ID_UNIT/u_id_ex/reg1_rd_data_o_reg[1]
INFO: [Physopt 32-663] Processed net student_top_inst/u_RISCV_CORE/INST_ID_UNIT/u_id_ex/pc_o[13]_i_21_n_0.  Re-placed instance student_top_inst/u_RISCV_CORE/INST_ID_UNIT/u_id_ex/pc_o[13]_i_21
INFO: [Physopt 32-662] Processed net student_top_inst/u_RISCV_CORE/INST_ID_UNIT/u_id_ex/reg2_rd_data_o_reg[7]_0[0].  Did not re-place instance student_top_inst/u_RISCV_CORE/INST_ID_UNIT/u_id_ex/sltu_1_2_carry_i_8
INFO: [Physopt 32-663] Processed net student_top_inst/u_RISCV_CORE/INST_IF_UNIT/u_if_id/p_1_in[2].  Re-placed instance student_top_inst/u_RISCV_CORE/INST_IF_UNIT/u_if_id/pc_o[2]_i_1
INFO: [Physopt 32-662] Processed net student_top_inst/bridge_inst/dram_driver_inst/Mem_DRAM/ram_net_3.  Did not re-place instance student_top_inst/bridge_inst/dram_driver_inst/Mem_DRAM/ram_LUT6
INFO: [Physopt 32-663] Processed net student_top_inst/bridge_inst/counter_inst/mem_rd_data_i[30].  Re-placed instance student_top_inst/bridge_inst/counter_inst/u_RISCV_CORE_i_2
INFO: [Physopt 32-663] Processed net student_top_inst/bridge_inst/dram_driver_inst/Mem_DRAM/uut_BLOCKRAM/U0/inst_blk_mem_gen/gnbram.gnativebmg.native_blk_mem_gen/valid.cstr/has_mux_b.B/doutb[30].  Re-placed instance student_top_inst/bridge_inst/dram_driver_inst/Mem_DRAM/uut_BLOCKRAM/U0/inst_blk_mem_gen/gnbram.gnativebmg.native_blk_mem_gen/valid.cstr/has_mux_b.B/doutb[30]_INST_0
INFO: [Physopt 32-662] Processed net student_top_inst/bridge_inst/dram_driver_inst/Mem_DRAM/wr_data_reg_reg[30]_0.  Did not re-place instance student_top_inst/bridge_inst/dram_driver_inst/Mem_DRAM/u_RISCV_CORE_i_39
INFO: [Physopt 32-662] Processed net student_top_inst/u_RISCV_CORE/INST_MEM_BUFFER/D[22].  Did not re-place instance student_top_inst/u_RISCV_CORE/INST_MEM_BUFFER/rd_data_o[30]_i_1
INFO: [Physopt 32-662] Processed net student_top_inst/u_RISCV_CORE/INST_MEM_UNIT/mem_wr_buffer_inst/wr_data_buffer_reg[30]_0.  Did not re-place instance student_top_inst/u_RISCV_CORE/INST_MEM_UNIT/mem_wr_buffer_inst/rd_data_o[30]_i_2
INFO: [Physopt 32-662] Processed net student_top_inst/u_RISCV_CORE/INST_MEM_UNIT/mem_wr_buffer_inst/rd_data_o_reg[31]_0[22].  Did not re-place instance student_top_inst/u_RISCV_CORE/INST_MEM_UNIT/mem_wr_buffer_inst/rd_data_o_reg[30]
INFO: [Physopt 32-663] Processed net student_top_inst/bridge_inst/counter_inst/mem_rd_data_i[25].  Re-placed instance student_top_inst/bridge_inst/counter_inst/u_RISCV_CORE_i_7
INFO: [Physopt 32-662] Processed net student_top_inst/bridge_inst/dram_driver_inst/Mem_DRAM/uut_BLOCKRAM/U0/inst_blk_mem_gen/gnbram.gnativebmg.native_blk_mem_gen/valid.cstr/has_mux_b.B/doutb[25].  Did not re-place instance student_top_inst/bridge_inst/dram_driver_inst/Mem_DRAM/uut_BLOCKRAM/U0/inst_blk_mem_gen/gnbram.gnativebmg.native_blk_mem_gen/valid.cstr/has_mux_b.B/doutb[25]_INST_0
INFO: [Physopt 32-663] Processed net student_top_inst/bridge_inst/dram_driver_inst/Mem_DRAM/wr_data_reg_reg[25]_0.  Re-placed instance student_top_inst/bridge_inst/dram_driver_inst/Mem_DRAM/u_RISCV_CORE_i_49
INFO: [Physopt 32-662] Processed net student_top_inst/u_RISCV_CORE/INST_MEM_BUFFER/D[17].  Did not re-place instance student_top_inst/u_RISCV_CORE/INST_MEM_BUFFER/rd_data_o[25]_i_1
INFO: [Physopt 32-662] Processed net student_top_inst/u_RISCV_CORE/INST_MEM_UNIT/mem_wr_buffer_inst/wr_data_buffer_reg[25]_0.  Did not re-place instance student_top_inst/u_RISCV_CORE/INST_MEM_UNIT/mem_wr_buffer_inst/rd_data_o[25]_i_2
INFO: [Physopt 32-662] Processed net student_top_inst/u_RISCV_CORE/INST_MEM_UNIT/mem_wr_buffer_inst/rd_data_o_reg[31]_0[17].  Did not re-place instance student_top_inst/u_RISCV_CORE/INST_MEM_UNIT/mem_wr_buffer_inst/rd_data_o_reg[25]
INFO: [Physopt 32-663] Processed net student_top_inst/bridge_inst/counter_inst/mem_rd_data_i[14].  Re-placed instance student_top_inst/bridge_inst/counter_inst/u_RISCV_CORE_i_18
INFO: [Physopt 32-662] Processed net student_top_inst/bridge_inst/dram_driver_inst/Mem_DRAM/uut_BLOCKRAM/U0/inst_blk_mem_gen/gnbram.gnativebmg.native_blk_mem_gen/valid.cstr/has_mux_b.B/doutb[14].  Did not re-place instance student_top_inst/bridge_inst/dram_driver_inst/Mem_DRAM/uut_BLOCKRAM/U0/inst_blk_mem_gen/gnbram.gnativebmg.native_blk_mem_gen/valid.cstr/has_mux_b.B/doutb[14]_INST_0
INFO: [Physopt 32-662] Processed net student_top_inst/bridge_inst/dram_driver_inst/Mem_DRAM/wr_data_reg_reg[14]_0.  Did not re-place instance student_top_inst/bridge_inst/dram_driver_inst/Mem_DRAM/u_RISCV_CORE_i_72
INFO: [Physopt 32-662] Processed net student_top_inst/u_RISCV_CORE/INST_MEM_BUFFER/D[6].  Did not re-place instance student_top_inst/u_RISCV_CORE/INST_MEM_BUFFER/rd_data_o[14]_i_1
INFO: [Physopt 32-662] Processed net student_top_inst/u_RISCV_CORE/INST_MEM_UNIT/mem_wr_buffer_inst/wr_data_buffer_reg[14]_0.  Did not re-place instance student_top_inst/u_RISCV_CORE/INST_MEM_UNIT/mem_wr_buffer_inst/rd_data_o[14]_i_2
INFO: [Physopt 32-662] Processed net student_top_inst/u_RISCV_CORE/INST_MEM_UNIT/mem_wr_buffer_inst/p_5_in[6].  Did not re-place instance student_top_inst/u_RISCV_CORE/INST_MEM_UNIT/mem_wr_buffer_inst/rd_data_o_reg[14]
INFO: [Physopt 32-663] Processed net student_top_inst/bridge_inst/perip_bridge_net_6.  Re-placed instance student_top_inst/bridge_inst/perip_bridge_LUT6_1
INFO: [Physopt 32-662] Processed net student_top_inst/bridge_inst/perip_bridge_net_3.  Did not re-place instance student_top_inst/bridge_inst/perip_bridge_LUT5_1
INFO: [Physopt 32-662] Processed net student_top_inst/bridge_inst/perip_rd_addr_reg[17].  Did not re-place instance student_top_inst/bridge_inst/perip_rd_addr_reg_reg[17]
INFO: [Physopt 32-663] Processed net student_top_inst/bridge_inst/counter_inst/mem_rd_data_i[4].  Re-placed instance student_top_inst/bridge_inst/counter_inst/u_RISCV_CORE_i_28
INFO: [Physopt 32-662] Processed net student_top_inst/bridge_inst/dram_driver_inst/Mem_DRAM/uut_BLOCKRAM/U0/inst_blk_mem_gen/gnbram.gnativebmg.native_blk_mem_gen/valid.cstr/has_mux_b.B/doutb[4].  Did not re-place instance student_top_inst/bridge_inst/dram_driver_inst/Mem_DRAM/uut_BLOCKRAM/U0/inst_blk_mem_gen/gnbram.gnativebmg.native_blk_mem_gen/valid.cstr/has_mux_b.B/doutb[4]_INST_0
INFO: [Physopt 32-662] Processed net student_top_inst/bridge_inst/dram_driver_inst/Mem_DRAM/wr_data_reg_reg[4]_0.  Did not re-place instance student_top_inst/bridge_inst/dram_driver_inst/Mem_DRAM/u_RISCV_CORE_i_92
INFO: [Physopt 32-663] Processed net student_top_inst/bridge_inst/perip_rd_addr_reg[13].  Re-placed instance student_top_inst/bridge_inst/perip_rd_addr_reg_reg[13]
INFO: [Physopt 32-662] Processed net student_top_inst/u_RISCV_CORE/INST_IF_UNIT/u_if_id/imm_o[11]_i_4_n_0.  Did not re-place instance student_top_inst/u_RISCV_CORE/INST_IF_UNIT/u_if_id/imm_o[11]_i_4
INFO: [Physopt 32-662] Processed net student_top_inst/u_RISCV_CORE/INST_ID_UNIT/u_id_ex/reg2_rd_data_o_reg[6]_0[0].  Did not re-place instance student_top_inst/u_RISCV_CORE/INST_ID_UNIT/u_id_ex/sltu_1_2_carry_i_4
INFO: [Physopt 32-662] Processed net twin_controller_inst/Q[5].  Did not re-place instance twin_controller_inst/sw_reg[12]
INFO: [Physopt 32-662] Processed net student_top_inst/bridge_inst/perip_bridge_net_33.  Did not re-place instance student_top_inst/bridge_inst/perip_bridge_LUT6_25
INFO: [Physopt 32-663] Processed net student_top_inst/bridge_inst/u_RISCV_CORE_i_75_n_0.  Re-placed instance student_top_inst/bridge_inst/perip_bridge_LUT5_15
INFO: [Physopt 32-663] Processed net student_top_inst/u_RISCV_CORE/INST_MEM_UNIT/mem_rd_addr_reg[14].  Re-placed instance student_top_inst/u_RISCV_CORE/INST_MEM_UNIT/mem_rd_addr_reg_reg[14]
INFO: [Physopt 32-662] Processed net student_top_inst/u_RISCV_CORE/INST_MEM_UNIT/mem_wr_buffer_inst/rd_data_o2_carry__0_i_4_n_0.  Did not re-place instance student_top_inst/u_RISCV_CORE/INST_MEM_UNIT/mem_wr_buffer_inst/rd_data_o2_carry__0_i_4
INFO: [Physopt 32-662] Processed net twin_controller_inst/Q[30].  Did not re-place instance twin_controller_inst/sw_reg[44]
INFO: [Physopt 32-663] Processed net student_top_inst/bridge_inst/counter_inst/mem_rd_data_i[31].  Re-placed instance student_top_inst/bridge_inst/counter_inst/u_RISCV_CORE_i_1
INFO: [Physopt 32-662] Processed net student_top_inst/bridge_inst/dram_driver_inst/Mem_DRAM/uut_BLOCKRAM/U0/inst_blk_mem_gen/gnbram.gnativebmg.native_blk_mem_gen/valid.cstr/has_mux_b.B/doutb[31].  Did not re-place instance student_top_inst/bridge_inst/dram_driver_inst/Mem_DRAM/uut_BLOCKRAM/U0/inst_blk_mem_gen/gnbram.gnativebmg.native_blk_mem_gen/valid.cstr/has_mux_b.B/doutb[31]_INST_0
INFO: [Physopt 32-662] Processed net student_top_inst/bridge_inst/dram_driver_inst/Mem_DRAM/wr_data_reg_reg[31]_0.  Did not re-place instance student_top_inst/bridge_inst/dram_driver_inst/Mem_DRAM/u_RISCV_CORE_i_36
INFO: [Physopt 32-662] Processed net student_top_inst/u_RISCV_CORE/INST_MEM_BUFFER/D[23].  Did not re-place instance student_top_inst/u_RISCV_CORE/INST_MEM_BUFFER/rd_data_o[31]_i_1
INFO: [Physopt 32-662] Processed net student_top_inst/u_RISCV_CORE/INST_MEM_UNIT/mem_wr_buffer_inst/wr_data_buffer_reg[31]_0.  Did not re-place instance student_top_inst/u_RISCV_CORE/INST_MEM_UNIT/mem_wr_buffer_inst/rd_data_o[31]_i_2
INFO: [Physopt 32-662] Processed net student_top_inst/u_RISCV_CORE/INST_MEM_UNIT/mem_wr_buffer_inst/rd_data_o_reg[31]_0[23].  Did not re-place instance student_top_inst/u_RISCV_CORE/INST_MEM_UNIT/mem_wr_buffer_inst/rd_data_o_reg[31]
INFO: [Physopt 32-662] Processed net student_top_inst/u_RISCV_CORE/INST_ID_UNIT/u_id_ex/Q[3].  Did not re-place instance student_top_inst/u_RISCV_CORE/INST_ID_UNIT/u_id_ex/reg1_rd_data_o_reg[3]
INFO: [Physopt 32-662] Processed net student_top_inst/u_RISCV_CORE/INST_ID_UNIT/u_id_ex/reg2_rd_data_o_reg[7]_0[1].  Did not re-place instance student_top_inst/u_RISCV_CORE/INST_ID_UNIT/u_id_ex/sltu_1_2_carry_i_7
INFO: [Physopt 32-663] Processed net student_top_inst/bridge_inst/perip_rd_addr_reg[4].  Re-placed instance student_top_inst/bridge_inst/perip_rd_addr_reg_reg[4]
INFO: [Physopt 32-663] Processed net student_top_inst/bridge_inst/perip_bridge_net_9.  Re-placed instance student_top_inst/bridge_inst/perip_bridge_LUT6_3
INFO: [Physopt 32-662] Processed net student_top_inst/bridge_inst/perip_rd_addr_reg[26].  Did not re-place instance student_top_inst/bridge_inst/perip_rd_addr_reg_reg[26]
INFO: [Physopt 32-663] Processed net student_top_inst/bridge_inst/counter_inst/mem_rd_data_i[5].  Re-placed instance student_top_inst/bridge_inst/counter_inst/u_RISCV_CORE_i_27
INFO: [Physopt 32-662] Processed net student_top_inst/bridge_inst/dram_driver_inst/Mem_DRAM/uut_BLOCKRAM/U0/inst_blk_mem_gen/gnbram.gnativebmg.native_blk_mem_gen/valid.cstr/has_mux_b.B/doutb[5].  Did not re-place instance student_top_inst/bridge_inst/dram_driver_inst/Mem_DRAM/uut_BLOCKRAM/U0/inst_blk_mem_gen/gnbram.gnativebmg.native_blk_mem_gen/valid.cstr/has_mux_b.B/doutb[5]_INST_0
INFO: [Physopt 32-663] Processed net student_top_inst/bridge_inst/dram_driver_inst/Mem_DRAM/wr_data_reg_reg[5]_0.  Re-placed instance student_top_inst/bridge_inst/dram_driver_inst/Mem_DRAM/u_RISCV_CORE_i_90
INFO: [Physopt 32-662] Processed net student_top_inst/u_RISCV_CORE/INST_MEM_UNIT/mem_wr_buffer_inst/p_0_in[5].  Did not re-place instance student_top_inst/u_RISCV_CORE/INST_MEM_UNIT/mem_wr_buffer_inst/rd_data_o[5]_i_1
INFO: [Physopt 32-662] Processed net student_top_inst/u_RISCV_CORE/INST_MEM_UNIT/mem_wr_buffer_inst/rd_data_o_reg[31]_0[5].  Did not re-place instance student_top_inst/u_RISCV_CORE/INST_MEM_UNIT/mem_wr_buffer_inst/rd_data_o_reg[5]
INFO: [Physopt 32-663] Processed net student_top_inst/bridge_inst/counter_inst/mem_rd_data_i[24].  Re-placed instance student_top_inst/bridge_inst/counter_inst/u_RISCV_CORE_i_8
INFO: [Physopt 32-662] Processed net student_top_inst/bridge_inst/dram_driver_inst/Mem_DRAM/uut_BLOCKRAM/U0/inst_blk_mem_gen/gnbram.gnativebmg.native_blk_mem_gen/valid.cstr/has_mux_b.B/doutb[24].  Did not re-place instance student_top_inst/bridge_inst/dram_driver_inst/Mem_DRAM/uut_BLOCKRAM/U0/inst_blk_mem_gen/gnbram.gnativebmg.native_blk_mem_gen/valid.cstr/has_mux_b.B/doutb[24]_INST_0
INFO: [Physopt 32-662] Processed net student_top_inst/bridge_inst/dram_driver_inst/Mem_DRAM/wr_data_reg_reg[24]_0.  Did not re-place instance student_top_inst/bridge_inst/dram_driver_inst/Mem_DRAM/u_RISCV_CORE_i_52
INFO: [Physopt 32-662] Processed net student_top_inst/u_RISCV_CORE/INST_MEM_BUFFER/D[16].  Did not re-place instance student_top_inst/u_RISCV_CORE/INST_MEM_BUFFER/rd_data_o[24]_i_1
INFO: [Physopt 32-662] Processed net student_top_inst/u_RISCV_CORE/INST_MEM_UNIT/mem_wr_buffer_inst/wr_data_buffer_reg[24]_0.  Did not re-place instance student_top_inst/u_RISCV_CORE/INST_MEM_UNIT/mem_wr_buffer_inst/rd_data_o[24]_i_2
INFO: [Physopt 32-662] Processed net student_top_inst/u_RISCV_CORE/INST_MEM_UNIT/mem_wr_buffer_inst/rd_data_o_reg[31]_0[16].  Did not re-place instance student_top_inst/u_RISCV_CORE/INST_MEM_UNIT/mem_wr_buffer_inst/rd_data_o_reg[24]
INFO: [Physopt 32-662] Processed net student_top_inst/bridge_inst/perip_rd_addr_reg[15].  Did not re-place instance student_top_inst/bridge_inst/perip_rd_addr_reg_reg[15]
INFO: [Physopt 32-662] Processed net student_top_inst/bridge_inst/perip_rd_addr_reg[24].  Did not re-place instance student_top_inst/bridge_inst/perip_rd_addr_reg_reg[24]
INFO: [Physopt 32-662] Processed net student_top_inst/bridge_inst/perip_rd_addr_reg[2].  Did not re-place instance student_top_inst/bridge_inst/perip_rd_addr_reg_reg[2]
INFO: [Physopt 32-662] Processed net student_top_inst/bridge_inst/perip_bridge_net_7.  Did not re-place instance student_top_inst/bridge_inst/perip_bridge_LUT3_1
INFO: [Physopt 32-662] Processed net student_top_inst/u_RISCV_CORE/INST_ID_UNIT/u_id_ex/S[0].  Did not re-place instance student_top_inst/u_RISCV_CORE/INST_ID_UNIT/u_id_ex/in00_carry_i_4
INFO: [Physopt 32-663] Processed net student_top_inst/u_RISCV_CORE/INST_MEM_UNIT/mem_rd_addr_reg[17].  Re-placed instance student_top_inst/u_RISCV_CORE/INST_MEM_UNIT/mem_rd_addr_reg_reg[17]
INFO: [Physopt 32-662] Processed net student_top_inst/u_RISCV_CORE/INST_MEM_UNIT/mem_wr_buffer_inst/rd_data_o2_carry__0_i_3_n_0.  Did not re-place instance student_top_inst/u_RISCV_CORE/INST_MEM_UNIT/mem_wr_buffer_inst/rd_data_o2_carry__0_i_3
INFO: [Physopt 32-663] Processed net student_top_inst/bridge_inst/perip_rd_addr_reg[10].  Re-placed instance student_top_inst/bridge_inst/perip_rd_addr_reg_reg[10]
INFO: [Physopt 32-663] Processed net student_top_inst/bridge_inst/counter_inst/mem_rd_data_i[1].  Re-placed instance student_top_inst/bridge_inst/counter_inst/u_RISCV_CORE_i_31
INFO: [Physopt 32-663] Processed net student_top_inst/bridge_inst/dram_driver_inst/Mem_DRAM/uut_BLOCKRAM/U0/inst_blk_mem_gen/gnbram.gnativebmg.native_blk_mem_gen/valid.cstr/has_mux_b.B/doutb[1].  Re-placed instance student_top_inst/bridge_inst/dram_driver_inst/Mem_DRAM/uut_BLOCKRAM/U0/inst_blk_mem_gen/gnbram.gnativebmg.native_blk_mem_gen/valid.cstr/has_mux_b.B/doutb[1]_INST_0
INFO: [Physopt 32-663] Processed net student_top_inst/bridge_inst/dram_driver_inst/Mem_DRAM/wr_data_reg_reg[1]_0.  Re-placed instance student_top_inst/bridge_inst/dram_driver_inst/Mem_DRAM/u_RISCV_CORE_i_98
INFO: [Physopt 32-662] Processed net student_top_inst/u_RISCV_CORE/INST_MEM_UNIT/mem_wr_buffer_inst/p_0_in[1].  Did not re-place instance student_top_inst/u_RISCV_CORE/INST_MEM_UNIT/mem_wr_buffer_inst/rd_data_o[1]_i_1
INFO: [Physopt 32-662] Processed net student_top_inst/u_RISCV_CORE/INST_MEM_UNIT/mem_wr_buffer_inst/rd_data_o_reg[31]_0[1].  Did not re-place instance student_top_inst/u_RISCV_CORE/INST_MEM_UNIT/mem_wr_buffer_inst/rd_data_o_reg[1]
INFO: [Physopt 32-661] Optimized 77 nets.  Re-placed 77 instances.
INFO: [Physopt 32-775] End 1 Pass. Optimized 77 nets or cells. Created 0 new cell, deleted 0 existing cell and moved 77 existing cells
INFO: [Physopt 32-619] Estimated Timing Summary | WNS=-0.282 | TNS=-1.362 |
Netlist sorting complete. Time (s): cpu = 00:00:00 ; elapsed = 00:00:00.002 . Memory (MB): peak = 2182.715 ; gain = 0.000
Phase 4 Single Cell Placement Optimization | Checksum: 2872d6ffb

Time (s): cpu = 00:00:08 ; elapsed = 00:00:05 . Memory (MB): peak = 2182.715 ; gain = 6.793

Phase 5 Multi Cell Placement Optimization
INFO: [Physopt 32-660] Identified 100 candidate nets for placement-based optimization.
INFO: [Physopt 32-662] Processed net student_top_inst/bridge_inst/counter_inst/mem_rd_data_i[12].  Did not re-place instance student_top_inst/bridge_inst/counter_inst/u_RISCV_CORE_i_20/O
INFO: [Physopt 32-663] Processed net student_top_inst/bridge_inst/dram_driver_inst/Mem_DRAM/uut_BLOCKRAM/U0/inst_blk_mem_gen/gnbram.gnativebmg.native_blk_mem_gen/valid.cstr/has_mux_b.B/doutb[12].  Re-placed instance student_top_inst/bridge_inst/dram_driver_inst/Mem_DRAM/uut_BLOCKRAM/U0/inst_blk_mem_gen/gnbram.gnativebmg.native_blk_mem_gen/valid.cstr/has_mux_b.B/doutb[12]_INST_0/O
INFO: [Physopt 32-662] Processed net student_top_inst/bridge_inst/dram_driver_inst/Mem_DRAM/wr_data_reg_reg[12]_0.  Did not re-place instance student_top_inst/bridge_inst/dram_driver_inst/Mem_DRAM/u_RISCV_CORE_i_76/O
INFO: [Physopt 32-662] Processed net student_top_inst/u_RISCV_CORE/INST_MEM_BUFFER/D[4].  Did not re-place instance student_top_inst/u_RISCV_CORE/INST_MEM_BUFFER/rd_data_o[12]_i_1/O
INFO: [Physopt 32-662] Processed net student_top_inst/u_RISCV_CORE/INST_MEM_UNIT/mem_wr_buffer_inst/wr_data_buffer_reg[12]_0.  Did not re-place instance student_top_inst/u_RISCV_CORE/INST_MEM_UNIT/mem_wr_buffer_inst/rd_data_o[12]_i_2/O
INFO: [Physopt 32-662] Processed net student_top_inst/bridge_inst/counter_inst/mem_rd_data_i[10].  Did not re-place instance student_top_inst/bridge_inst/counter_inst/u_RISCV_CORE_i_22/O
INFO: [Physopt 32-662] Processed net student_top_inst/bridge_inst/dram_driver_inst/Mem_DRAM/uut_BLOCKRAM/U0/inst_blk_mem_gen/gnbram.gnativebmg.native_blk_mem_gen/valid.cstr/has_mux_b.B/doutb[10].  Did not re-place instance student_top_inst/bridge_inst/dram_driver_inst/Mem_DRAM/uut_BLOCKRAM/U0/inst_blk_mem_gen/gnbram.gnativebmg.native_blk_mem_gen/valid.cstr/has_mux_b.B/doutb[10]_INST_0/O
INFO: [Physopt 32-662] Processed net student_top_inst/bridge_inst/dram_driver_inst/Mem_DRAM/wr_data_reg_reg[10]_0.  Did not re-place instance student_top_inst/bridge_inst/dram_driver_inst/Mem_DRAM/u_RISCV_CORE_i_80/O
INFO: [Physopt 32-662] Processed net student_top_inst/u_RISCV_CORE/INST_MEM_BUFFER/D[2].  Did not re-place instance student_top_inst/u_RISCV_CORE/INST_MEM_BUFFER/rd_data_o[10]_i_1/O
INFO: [Physopt 32-662] Processed net student_top_inst/u_RISCV_CORE/INST_MEM_UNIT/mem_wr_buffer_inst/wr_data_buffer_reg[10]_0.  Did not re-place instance student_top_inst/u_RISCV_CORE/INST_MEM_UNIT/mem_wr_buffer_inst/rd_data_o[10]_i_2/O
INFO: [Physopt 32-662] Processed net student_top_inst/bridge_inst/counter_inst/mem_rd_data_i[20].  Did not re-place instance student_top_inst/bridge_inst/counter_inst/u_RISCV_CORE_i_12/O
INFO: [Physopt 32-662] Processed net student_top_inst/bridge_inst/dram_driver_inst/Mem_DRAM/uut_BLOCKRAM/U0/inst_blk_mem_gen/gnbram.gnativebmg.native_blk_mem_gen/valid.cstr/has_mux_b.B/doutb[20].  Did not re-place instance student_top_inst/bridge_inst/dram_driver_inst/Mem_DRAM/uut_BLOCKRAM/U0/inst_blk_mem_gen/gnbram.gnativebmg.native_blk_mem_gen/valid.cstr/has_mux_b.B/doutb[20]_INST_0/O
INFO: [Physopt 32-662] Processed net student_top_inst/bridge_inst/dram_driver_inst/Mem_DRAM/wr_data_reg_reg[20]_0.  Did not re-place instance student_top_inst/bridge_inst/dram_driver_inst/Mem_DRAM/u_RISCV_CORE_i_60/O
INFO: [Physopt 32-662] Processed net student_top_inst/u_RISCV_CORE/INST_MEM_BUFFER/D[12].  Did not re-place instance student_top_inst/u_RISCV_CORE/INST_MEM_BUFFER/rd_data_o[20]_i_1/O
INFO: [Physopt 32-662] Processed net student_top_inst/u_RISCV_CORE/INST_MEM_UNIT/mem_wr_buffer_inst/wr_data_buffer_reg[20]_0.  Did not re-place instance student_top_inst/u_RISCV_CORE/INST_MEM_UNIT/mem_wr_buffer_inst/rd_data_o[20]_i_2/O
INFO: [Physopt 32-662] Processed net student_top_inst/bridge_inst/counter_inst/mem_rd_data_i[13].  Did not re-place instance student_top_inst/bridge_inst/counter_inst/u_RISCV_CORE_i_19/O
INFO: [Physopt 32-663] Processed net student_top_inst/bridge_inst/dram_driver_inst/Mem_DRAM/uut_BLOCKRAM/U0/inst_blk_mem_gen/gnbram.gnativebmg.native_blk_mem_gen/valid.cstr/has_mux_b.B/doutb[13].  Re-placed instance student_top_inst/bridge_inst/dram_driver_inst/Mem_DRAM/uut_BLOCKRAM/U0/inst_blk_mem_gen/gnbram.gnativebmg.native_blk_mem_gen/valid.cstr/has_mux_b.B/doutb[13]_INST_0/O
INFO: [Physopt 32-662] Processed net student_top_inst/bridge_inst/dram_driver_inst/Mem_DRAM/wr_data_reg_reg[13]_0.  Did not re-place instance student_top_inst/bridge_inst/dram_driver_inst/Mem_DRAM/u_RISCV_CORE_i_74/O
INFO: [Physopt 32-662] Processed net student_top_inst/u_RISCV_CORE/INST_MEM_BUFFER/D[5].  Did not re-place instance student_top_inst/u_RISCV_CORE/INST_MEM_BUFFER/rd_data_o[13]_i_1/O
INFO: [Physopt 32-662] Processed net student_top_inst/u_RISCV_CORE/INST_MEM_UNIT/mem_wr_buffer_inst/wr_data_buffer_reg[13]_0.  Did not re-place instance student_top_inst/u_RISCV_CORE/INST_MEM_UNIT/mem_wr_buffer_inst/rd_data_o[13]_i_2/O
INFO: [Physopt 32-663] Processed net student_top_inst/bridge_inst/counter_inst/mem_rd_data_i[19].  Re-placed instance student_top_inst/bridge_inst/counter_inst/u_RISCV_CORE_i_13/O
INFO: [Physopt 32-662] Processed net student_top_inst/bridge_inst/dram_driver_inst/Mem_DRAM/uut_BLOCKRAM/U0/inst_blk_mem_gen/gnbram.gnativebmg.native_blk_mem_gen/valid.cstr/has_mux_b.B/doutb[19].  Did not re-place instance student_top_inst/bridge_inst/dram_driver_inst/Mem_DRAM/uut_BLOCKRAM/U0/inst_blk_mem_gen/gnbram.gnativebmg.native_blk_mem_gen/valid.cstr/has_mux_b.B/doutb[19]_INST_0/O
INFO: [Physopt 32-663] Processed net student_top_inst/bridge_inst/dram_driver_inst/Mem_DRAM/wr_data_reg_reg[19]_0.  Re-placed instance student_top_inst/bridge_inst/dram_driver_inst/Mem_DRAM/u_RISCV_CORE_i_62/O
INFO: [Physopt 32-662] Processed net student_top_inst/u_RISCV_CORE/INST_MEM_BUFFER/D[11].  Did not re-place instance student_top_inst/u_RISCV_CORE/INST_MEM_BUFFER/rd_data_o[19]_i_1/O
INFO: [Physopt 32-662] Processed net student_top_inst/u_RISCV_CORE/INST_MEM_UNIT/mem_wr_buffer_inst/wr_data_buffer_reg[19]_0.  Did not re-place instance student_top_inst/u_RISCV_CORE/INST_MEM_UNIT/mem_wr_buffer_inst/rd_data_o[19]_i_2/O
INFO: [Physopt 32-662] Processed net student_top_inst/u_RISCV_CORE/INST_MEM_UNIT/mem_wr_buffer_inst/rd_data_o[7]_i_3_n_0.  Did not re-place instance student_top_inst/u_RISCV_CORE/INST_MEM_UNIT/mem_wr_buffer_inst/rd_data_o[7]_i_3/O
INFO: [Physopt 32-663] Processed net student_top_inst/u_RISCV_CORE/INST_MEM_UNIT/mem_wr_buffer_inst/mem_wr_addr_o[5].  Re-placed instance student_top_inst/u_RISCV_CORE/INST_MEM_UNIT/mem_wr_buffer_inst/wr_addr_buffer_reg[5]/Q
INFO: [Physopt 32-662] Processed net student_top_inst/u_RISCV_CORE/INST_MEM_UNIT/mem_wr_buffer_inst/p_0_in[3].  Did not re-place instance student_top_inst/u_RISCV_CORE/INST_MEM_UNIT/mem_wr_buffer_inst/rd_data_o[3]_i_1/O
INFO: [Physopt 32-663] Processed net student_top_inst/u_RISCV_CORE/INST_IF_UNIT/u_if_id/regs_reg_r1_0_31_0_5_i_7_n_0.  Re-placed instance student_top_inst/u_RISCV_CORE/INST_IF_UNIT/u_if_id/regs_reg_r1_0_31_0_5_i_7/O
INFO: [Physopt 32-662] Processed net student_top_inst/bridge_inst/counter_inst/mem_rd_data_i[5].  Did not re-place instance student_top_inst/bridge_inst/counter_inst/u_RISCV_CORE_i_27/O
INFO: [Physopt 32-663] Processed net student_top_inst/bridge_inst/dram_driver_inst/Mem_DRAM/uut_BLOCKRAM/U0/inst_blk_mem_gen/gnbram.gnativebmg.native_blk_mem_gen/valid.cstr/has_mux_b.B/doutb[5].  Re-placed instance student_top_inst/bridge_inst/dram_driver_inst/Mem_DRAM/uut_BLOCKRAM/U0/inst_blk_mem_gen/gnbram.gnativebmg.native_blk_mem_gen/valid.cstr/has_mux_b.B/doutb[5]_INST_0/O
INFO: [Physopt 32-662] Processed net student_top_inst/u_RISCV_CORE/INST_MEM_UNIT/mem_wr_buffer_inst/p_0_in[2].  Did not re-place instance student_top_inst/u_RISCV_CORE/INST_MEM_UNIT/mem_wr_buffer_inst/rd_data_o[2]_i_1/O
INFO: [Physopt 32-662] Processed net student_top_inst/bridge_inst/counter_inst/mem_rd_data_i[16].  Did not re-place instance student_top_inst/bridge_inst/counter_inst/u_RISCV_CORE_i_16/O
INFO: [Physopt 32-662] Processed net student_top_inst/bridge_inst/dram_driver_inst/Mem_DRAM/uut_BLOCKRAM/U0/inst_blk_mem_gen/gnbram.gnativebmg.native_blk_mem_gen/valid.cstr/has_mux_b.B/doutb[16].  Did not re-place instance student_top_inst/bridge_inst/dram_driver_inst/Mem_DRAM/uut_BLOCKRAM/U0/inst_blk_mem_gen/gnbram.gnativebmg.native_blk_mem_gen/valid.cstr/has_mux_b.B/doutb[16]_INST_0/O
INFO: [Physopt 32-662] Processed net student_top_inst/bridge_inst/dram_driver_inst/Mem_DRAM/wr_data_reg_reg[16]_0.  Did not re-place instance student_top_inst/bridge_inst/dram_driver_inst/Mem_DRAM/u_RISCV_CORE_i_68/O
INFO: [Physopt 32-662] Processed net student_top_inst/u_RISCV_CORE/INST_MEM_BUFFER/D[8].  Did not re-place instance student_top_inst/u_RISCV_CORE/INST_MEM_BUFFER/rd_data_o[16]_i_1/O
INFO: [Physopt 32-662] Processed net student_top_inst/u_RISCV_CORE/INST_MEM_UNIT/mem_wr_buffer_inst/wr_data_buffer_reg[16]_0.  Did not re-place instance student_top_inst/u_RISCV_CORE/INST_MEM_UNIT/mem_wr_buffer_inst/rd_data_o[16]_i_2/O
INFO: [Physopt 32-662] Processed net student_top_inst/bridge_inst/counter_inst/mem_rd_data_i[15].  Did not re-place instance student_top_inst/bridge_inst/counter_inst/u_RISCV_CORE_i_17/O
INFO: [Physopt 32-662] Processed net student_top_inst/bridge_inst/dram_driver_inst/Mem_DRAM/uut_BLOCKRAM/U0/inst_blk_mem_gen/gnbram.gnativebmg.native_blk_mem_gen/valid.cstr/has_mux_b.B/doutb[15].  Did not re-place instance student_top_inst/bridge_inst/dram_driver_inst/Mem_DRAM/uut_BLOCKRAM/U0/inst_blk_mem_gen/gnbram.gnativebmg.native_blk_mem_gen/valid.cstr/has_mux_b.B/doutb[15]_INST_0/O
INFO: [Physopt 32-662] Processed net student_top_inst/bridge_inst/dram_driver_inst/Mem_DRAM/wr_data_reg_reg[15]_0.  Did not re-place instance student_top_inst/bridge_inst/dram_driver_inst/Mem_DRAM/u_RISCV_CORE_i_70/O
INFO: [Physopt 32-662] Processed net student_top_inst/u_RISCV_CORE/INST_MEM_BUFFER/D[7].  Did not re-place instance student_top_inst/u_RISCV_CORE/INST_MEM_BUFFER/rd_data_o[15]_i_1/O
INFO: [Physopt 32-662] Processed net student_top_inst/u_RISCV_CORE/INST_MEM_UNIT/mem_wr_buffer_inst/wr_data_buffer_reg[15]_0.  Did not re-place instance student_top_inst/u_RISCV_CORE/INST_MEM_UNIT/mem_wr_buffer_inst/rd_data_o[15]_i_2/O
INFO: [Physopt 32-662] Processed net student_top_inst/bridge_inst/counter_inst/mem_rd_data_i[8].  Did not re-place instance student_top_inst/bridge_inst/counter_inst/u_RISCV_CORE_i_24/O
INFO: [Physopt 32-662] Processed net student_top_inst/bridge_inst/counter_inst/mem_rd_data_i[9].  Did not re-place instance student_top_inst/bridge_inst/counter_inst/u_RISCV_CORE_i_23/O
INFO: [Physopt 32-662] Processed net student_top_inst/bridge_inst/dram_driver_inst/Mem_DRAM/uut_BLOCKRAM/U0/inst_blk_mem_gen/gnbram.gnativebmg.native_blk_mem_gen/valid.cstr/has_mux_b.B/doutb[8].  Did not re-place instance student_top_inst/bridge_inst/dram_driver_inst/Mem_DRAM/uut_BLOCKRAM/U0/inst_blk_mem_gen/gnbram.gnativebmg.native_blk_mem_gen/valid.cstr/has_mux_b.B/doutb[8]_INST_0/O
INFO: [Physopt 32-662] Processed net student_top_inst/bridge_inst/dram_driver_inst/Mem_DRAM/uut_BLOCKRAM/U0/inst_blk_mem_gen/gnbram.gnativebmg.native_blk_mem_gen/valid.cstr/has_mux_b.B/doutb[9].  Did not re-place instance student_top_inst/bridge_inst/dram_driver_inst/Mem_DRAM/uut_BLOCKRAM/U0/inst_blk_mem_gen/gnbram.gnativebmg.native_blk_mem_gen/valid.cstr/has_mux_b.B/doutb[9]_INST_0/O
INFO: [Physopt 32-662] Processed net student_top_inst/bridge_inst/dram_driver_inst/Mem_DRAM/wr_data_reg_reg[8]_0.  Did not re-place instance student_top_inst/bridge_inst/dram_driver_inst/Mem_DRAM/u_RISCV_CORE_i_84/O
INFO: [Physopt 32-663] Processed net student_top_inst/bridge_inst/dram_driver_inst/Mem_DRAM/wr_data_reg_reg[9]_0.  Re-placed instance student_top_inst/bridge_inst/dram_driver_inst/Mem_DRAM/u_RISCV_CORE_i_82/O
INFO: [Physopt 32-662] Processed net student_top_inst/u_RISCV_CORE/INST_MEM_BUFFER/D[0].  Did not re-place instance student_top_inst/u_RISCV_CORE/INST_MEM_BUFFER/rd_data_o[8]_i_1/O
INFO: [Physopt 32-662] Processed net student_top_inst/u_RISCV_CORE/INST_MEM_BUFFER/D[1].  Did not re-place instance student_top_inst/u_RISCV_CORE/INST_MEM_BUFFER/rd_data_o[9]_i_1/O
INFO: [Physopt 32-662] Processed net student_top_inst/u_RISCV_CORE/INST_MEM_UNIT/mem_wr_buffer_inst/wr_data_buffer_reg[8]_0.  Did not re-place instance student_top_inst/u_RISCV_CORE/INST_MEM_UNIT/mem_wr_buffer_inst/rd_data_o[8]_i_2/O
INFO: [Physopt 32-662] Processed net student_top_inst/u_RISCV_CORE/INST_MEM_UNIT/mem_wr_buffer_inst/wr_data_buffer_reg[9]_0.  Did not re-place instance student_top_inst/u_RISCV_CORE/INST_MEM_UNIT/mem_wr_buffer_inst/rd_data_o[9]_i_2/O
INFO: [Physopt 32-663] Processed net student_top_inst/bridge_inst/counter_inst/mem_rd_data_i[6].  Re-placed instance student_top_inst/bridge_inst/counter_inst/u_RISCV_CORE_i_26/O
INFO: [Physopt 32-662] Processed net student_top_inst/u_RISCV_CORE/INST_IF_UNIT/u_pc/pc_o_reg[3]_rep__0_0_repN.  Did not re-place instance student_top_inst/u_RISCV_CORE/INST_IF_UNIT/u_pc/pc_o_reg[3]_rep__0_replica/Q
INFO: [Physopt 32-662] Processed net student_top_inst/u_RISCV_CORE/INST_AREA_PREDICTOR/pred_taken.  Did not re-place instance student_top_inst/u_RISCV_CORE/INST_AREA_PREDICTOR/predict_taken_reg_i_1/O
INFO: [Physopt 32-662] Processed net student_top_inst/u_RISCV_CORE/INST_AREA_PREDICTOR/predict_taken_reg_i_127_n_0.  Did not re-place instance student_top_inst/u_RISCV_CORE/INST_AREA_PREDICTOR/predict_taken_reg_i_127/O
INFO: [Physopt 32-662] Processed net student_top_inst/u_RISCV_CORE/INST_AREA_PREDICTOR/predict_taken_reg_i_14_n_0.  Did not re-place instance student_top_inst/u_RISCV_CORE/INST_AREA_PREDICTOR/predict_taken_reg_i_14/O
INFO: [Physopt 32-662] Processed net student_top_inst/u_RISCV_CORE/INST_AREA_PREDICTOR/predict_taken_reg_i_49_n_0.  Did not re-place instance student_top_inst/u_RISCV_CORE/INST_AREA_PREDICTOR/predict_taken_reg_i_49/O
INFO: [Physopt 32-662] Processed net student_top_inst/u_RISCV_CORE/INST_AREA_PREDICTOR/predict_taken_reg_i_4_n_0.  Did not re-place instance student_top_inst/u_RISCV_CORE/INST_AREA_PREDICTOR/predict_taken_reg_i_4/O
INFO: [Physopt 32-663] Processed net student_top_inst/u_RISCV_CORE/INST_IF_UNIT/u_pc/p_1_in[8].  Re-placed instance student_top_inst/u_RISCV_CORE/INST_IF_UNIT/u_pc/pc_o[8]_i_1/O
INFO: [Physopt 32-663] Processed net student_top_inst/u_RISCV_CORE/INST_MEM_UNIT/mem_wr_buffer_inst/mem_wr_addr_o[8].  Re-placed instance student_top_inst/u_RISCV_CORE/INST_MEM_UNIT/mem_wr_buffer_inst/wr_addr_buffer_reg[8]/Q
INFO: [Physopt 32-662] Processed net student_top_inst/bridge_inst/counter_inst/mem_rd_data_i[18].  Did not re-place instance student_top_inst/bridge_inst/counter_inst/u_RISCV_CORE_i_14/O
INFO: [Physopt 32-662] Processed net student_top_inst/bridge_inst/counter_inst/mem_rd_data_i[2].  Did not re-place instance student_top_inst/bridge_inst/counter_inst/u_RISCV_CORE_i_30/O
INFO: [Physopt 32-662] Processed net student_top_inst/bridge_inst/dram_driver_inst/Mem_DRAM/uut_BLOCKRAM/U0/inst_blk_mem_gen/gnbram.gnativebmg.native_blk_mem_gen/valid.cstr/has_mux_b.B/doutb[18].  Did not re-place instance student_top_inst/bridge_inst/dram_driver_inst/Mem_DRAM/uut_BLOCKRAM/U0/inst_blk_mem_gen/gnbram.gnativebmg.native_blk_mem_gen/valid.cstr/has_mux_b.B/doutb[18]_INST_0/O
INFO: [Physopt 32-662] Processed net student_top_inst/bridge_inst/dram_driver_inst/Mem_DRAM/uut_BLOCKRAM/U0/inst_blk_mem_gen/gnbram.gnativebmg.native_blk_mem_gen/valid.cstr/has_mux_b.B/doutb[2].  Did not re-place instance student_top_inst/bridge_inst/dram_driver_inst/Mem_DRAM/uut_BLOCKRAM/U0/inst_blk_mem_gen/gnbram.gnativebmg.native_blk_mem_gen/valid.cstr/has_mux_b.B/doutb[2]_INST_0/O
INFO: [Physopt 32-663] Processed net student_top_inst/bridge_inst/dram_driver_inst/Mem_DRAM/wr_data_reg_reg[18]_0.  Re-placed instance student_top_inst/bridge_inst/dram_driver_inst/Mem_DRAM/u_RISCV_CORE_i_64/O
INFO: [Physopt 32-662] Processed net student_top_inst/bridge_inst/dram_driver_inst/Mem_DRAM/wr_data_reg_reg[2]_0.  Did not re-place instance student_top_inst/bridge_inst/dram_driver_inst/Mem_DRAM/u_RISCV_CORE_i_96/O
INFO: [Physopt 32-661] Optimized 12 nets.  Re-placed 24 instances.
INFO: [Physopt 32-775] End 1 Pass. Optimized 12 nets or cells. Created 0 new cell, deleted 0 existing cell and moved 24 existing cells
INFO: [Physopt 32-619] Estimated Timing Summary | WNS=-0.279 | TNS=-0.971 |
Netlist sorting complete. Time (s): cpu = 00:00:00 ; elapsed = 00:00:00.001 . Memory (MB): peak = 2182.715 ; gain = 0.000
Phase 5 Multi Cell Placement Optimization | Checksum: 1f705c6ac

Time (s): cpu = 00:00:12 ; elapsed = 00:00:07 . Memory (MB): peak = 2182.715 ; gain = 6.793

Phase 6 Rewire
INFO: [Physopt 32-246] Starting Signal Push optimization...
INFO: [Physopt 32-241] No nets found for rewiring () optimization.
INFO: [Physopt 32-232] Optimized 0 net. Created 0 new instance.
INFO: [Physopt 32-775] End 1 Pass. Optimized 0 net or cell. Created 0 new cell, deleted 0 existing cell and moved 0 existing cell
Netlist sorting complete. Time (s): cpu = 00:00:00 ; elapsed = 00:00:00.001 . Memory (MB): peak = 2182.715 ; gain = 0.000
Phase 6 Rewire | Checksum: 1f705c6ac

Time (s): cpu = 00:00:12 ; elapsed = 00:00:07 . Memory (MB): peak = 2182.715 ; gain = 6.793

Phase 7 Critical Cell Optimization
INFO: [Physopt 32-68] No nets found for critical-cell optimization.
INFO: [Physopt 32-232] Optimized 0 net. Created 0 new instance.
INFO: [Physopt 32-775] End 1 Pass. Optimized 0 net or cell. Created 0 new cell, deleted 0 existing cell and moved 0 existing cell
Phase 7 Critical Cell Optimization | Checksum: 1f705c6ac

Time (s): cpu = 00:00:12 ; elapsed = 00:00:07 . Memory (MB): peak = 2182.715 ; gain = 6.793

Phase 8 Fanout Optimization
INFO: [Physopt 32-76] Pass 1. Identified 8 candidate nets for fanout optimization.
INFO: [Physopt 32-81] Processed net student_top_inst/u_RISCV_CORE/INST_IF_UNIT/u_pc/pc_o_reg[3]_rep__0_0_repN. Replicated 2 times.
INFO: [Physopt 32-572] Net student_top_inst/u_RISCV_CORE/INST_IF_UNIT/u_pc/pc_o_reg[3]_0 was not replicated.
Resolution: phys_opt_design can be forced to replicate a net driver using the option -force_replication_on_nets <list of net objects>.
INFO: [Physopt 32-782] Net student_top_inst/u_RISCV_CORE/INST_IF_UNIT/u_pc/pc_o_reg[13]_0 was not replicated
INFO: [Physopt 32-780] Instance student_top_inst/u_RISCV_CORE has DONT_TOUCH and is preventing optimization
Resolution: Removing DONT_TOUCH attributes may enable additional optimization
INFO: [Physopt 32-782] Net student_top_inst/u_RISCV_CORE/INST_IF_UNIT/u_pc/pc_o_reg[4]_0 was not replicated
INFO: [Physopt 32-780] Instance student_top_inst/u_RISCV_CORE has DONT_TOUCH and is preventing optimization
Resolution: Removing DONT_TOUCH attributes may enable additional optimization
INFO: [Physopt 32-782] Net student_top_inst/u_RISCV_CORE/INST_IF_UNIT/u_pc/pc_o[2] was not replicated
INFO: [Physopt 32-780] Instance student_top_inst/u_RISCV_CORE has DONT_TOUCH and is preventing optimization
Resolution: Removing DONT_TOUCH attributes may enable additional optimization
INFO: [Physopt 32-782] Net student_top_inst/u_RISCV_CORE/INST_IF_UNIT/u_pc/pc_o_reg[8]_0 was not replicated
INFO: [Physopt 32-780] Instance student_top_inst/u_RISCV_CORE has DONT_TOUCH and is preventing optimization
Resolution: Removing DONT_TOUCH attributes may enable additional optimization
INFO: [Physopt 32-572] Net student_top_inst/u_RISCV_CORE/INST_IF_UNIT/u_pc/pc_o_reg[2]_0 was not replicated.
Resolution: phys_opt_design can be forced to replicate a net driver using the option -force_replication_on_nets <list of net objects>.
INFO: [Physopt 32-782] Net student_top_inst/u_RISCV_CORE/INST_IF_UNIT/u_pc/pc_o_reg[7]_0 was not replicated
INFO: [Physopt 32-780] Instance student_top_inst/u_RISCV_CORE has DONT_TOUCH and is preventing optimization
Resolution: Removing DONT_TOUCH attributes may enable additional optimization
INFO: [Physopt 32-232] Optimized 1 net. Created 2 new instances.
INFO: [Physopt 32-775] End 1 Pass. Optimized 1 net or cell. Created 2 new cells, deleted 0 existing cell and moved 0 existing cell
INFO: [Physopt 32-619] Estimated Timing Summary | WNS=-0.279 | TNS=-0.932 |
Netlist sorting complete. Time (s): cpu = 00:00:00 ; elapsed = 00:00:00.011 . Memory (MB): peak = 2182.715 ; gain = 0.000
Phase 8 Fanout Optimization | Checksum: 1ce3b50a8

Time (s): cpu = 00:00:13 ; elapsed = 00:00:08 . Memory (MB): peak = 2182.715 ; gain = 6.793

Phase 9 Single Cell Placement Optimization
INFO: [Physopt 32-660] Identified 250 candidate nets for placement-based optimization.
INFO: [Physopt 32-663] Processed net student_top_inst/bridge_inst/counter_inst/mem_rd_data_i[12].  Re-placed instance student_top_inst/bridge_inst/counter_inst/u_RISCV_CORE_i_20
INFO: [Physopt 32-663] Processed net student_top_inst/bridge_inst/dram_driver_inst/Mem_DRAM/uut_BLOCKRAM/U0/inst_blk_mem_gen/gnbram.gnativebmg.native_blk_mem_gen/valid.cstr/has_mux_b.B/doutb[12].  Re-placed instance student_top_inst/bridge_inst/dram_driver_inst/Mem_DRAM/uut_BLOCKRAM/U0/inst_blk_mem_gen/gnbram.gnativebmg.native_blk_mem_gen/valid.cstr/has_mux_b.B/doutb[12]_INST_0
INFO: [Physopt 32-662] Processed net student_top_inst/bridge_inst/dram_driver_inst/Mem_DRAM/wr_data_reg_reg[12]_0.  Did not re-place instance student_top_inst/bridge_inst/dram_driver_inst/Mem_DRAM/u_RISCV_CORE_i_76
INFO: [Physopt 32-662] Processed net student_top_inst/u_RISCV_CORE/INST_MEM_BUFFER/D[4].  Did not re-place instance student_top_inst/u_RISCV_CORE/INST_MEM_BUFFER/rd_data_o[12]_i_1
INFO: [Physopt 32-662] Processed net student_top_inst/u_RISCV_CORE/INST_MEM_UNIT/mem_wr_buffer_inst/wr_data_buffer_reg[12]_0.  Did not re-place instance student_top_inst/u_RISCV_CORE/INST_MEM_UNIT/mem_wr_buffer_inst/rd_data_o[12]_i_2
INFO: [Physopt 32-662] Processed net student_top_inst/u_RISCV_CORE/INST_MEM_UNIT/mem_wr_buffer_inst/p_5_in[4].  Did not re-place instance student_top_inst/u_RISCV_CORE/INST_MEM_UNIT/mem_wr_buffer_inst/rd_data_o_reg[12]
INFO: [Physopt 32-662] Processed net student_top_inst/bridge_inst/counter_inst/mem_rd_data_i[10].  Did not re-place instance student_top_inst/bridge_inst/counter_inst/u_RISCV_CORE_i_22
INFO: [Physopt 32-662] Processed net student_top_inst/bridge_inst/dram_driver_inst/Mem_DRAM/uut_BLOCKRAM/U0/inst_blk_mem_gen/gnbram.gnativebmg.native_blk_mem_gen/valid.cstr/has_mux_b.B/doutb[10].  Did not re-place instance student_top_inst/bridge_inst/dram_driver_inst/Mem_DRAM/uut_BLOCKRAM/U0/inst_blk_mem_gen/gnbram.gnativebmg.native_blk_mem_gen/valid.cstr/has_mux_b.B/doutb[10]_INST_0
INFO: [Physopt 32-662] Processed net student_top_inst/bridge_inst/dram_driver_inst/Mem_DRAM/wr_data_reg_reg[10]_0.  Did not re-place instance student_top_inst/bridge_inst/dram_driver_inst/Mem_DRAM/u_RISCV_CORE_i_80
INFO: [Physopt 32-662] Processed net student_top_inst/u_RISCV_CORE/INST_MEM_BUFFER/D[2].  Did not re-place instance student_top_inst/u_RISCV_CORE/INST_MEM_BUFFER/rd_data_o[10]_i_1
INFO: [Physopt 32-662] Processed net student_top_inst/u_RISCV_CORE/INST_MEM_UNIT/mem_wr_buffer_inst/wr_data_buffer_reg[10]_0.  Did not re-place instance student_top_inst/u_RISCV_CORE/INST_MEM_UNIT/mem_wr_buffer_inst/rd_data_o[10]_i_2
INFO: [Physopt 32-662] Processed net student_top_inst/u_RISCV_CORE/INST_MEM_UNIT/mem_wr_buffer_inst/p_5_in[2].  Did not re-place instance student_top_inst/u_RISCV_CORE/INST_MEM_UNIT/mem_wr_buffer_inst/rd_data_o_reg[10]
INFO: [Physopt 32-662] Processed net student_top_inst/bridge_inst/counter_inst/mem_rd_data_i[20].  Did not re-place instance student_top_inst/bridge_inst/counter_inst/u_RISCV_CORE_i_12
INFO: [Physopt 32-662] Processed net student_top_inst/bridge_inst/dram_driver_inst/Mem_DRAM/uut_BLOCKRAM/U0/inst_blk_mem_gen/gnbram.gnativebmg.native_blk_mem_gen/valid.cstr/has_mux_b.B/doutb[20].  Did not re-place instance student_top_inst/bridge_inst/dram_driver_inst/Mem_DRAM/uut_BLOCKRAM/U0/inst_blk_mem_gen/gnbram.gnativebmg.native_blk_mem_gen/valid.cstr/has_mux_b.B/doutb[20]_INST_0
INFO: [Physopt 32-662] Processed net student_top_inst/bridge_inst/dram_driver_inst/Mem_DRAM/wr_data_reg_reg[20]_0.  Did not re-place instance student_top_inst/bridge_inst/dram_driver_inst/Mem_DRAM/u_RISCV_CORE_i_60
INFO: [Physopt 32-662] Processed net student_top_inst/u_RISCV_CORE/INST_MEM_BUFFER/D[12].  Did not re-place instance student_top_inst/u_RISCV_CORE/INST_MEM_BUFFER/rd_data_o[20]_i_1
INFO: [Physopt 32-662] Processed net student_top_inst/u_RISCV_CORE/INST_MEM_UNIT/mem_wr_buffer_inst/wr_data_buffer_reg[20]_0.  Did not re-place instance student_top_inst/u_RISCV_CORE/INST_MEM_UNIT/mem_wr_buffer_inst/rd_data_o[20]_i_2
INFO: [Physopt 32-662] Processed net student_top_inst/u_RISCV_CORE/INST_MEM_UNIT/mem_wr_buffer_inst/rd_data_o_reg[31]_0[12].  Did not re-place instance student_top_inst/u_RISCV_CORE/INST_MEM_UNIT/mem_wr_buffer_inst/rd_data_o_reg[20]
INFO: [Physopt 32-662] Processed net student_top_inst/bridge_inst/counter_inst/mem_rd_data_i[13].  Did not re-place instance student_top_inst/bridge_inst/counter_inst/u_RISCV_CORE_i_19
INFO: [Physopt 32-662] Processed net student_top_inst/bridge_inst/dram_driver_inst/Mem_DRAM/uut_BLOCKRAM/U0/inst_blk_mem_gen/gnbram.gnativebmg.native_blk_mem_gen/valid.cstr/has_mux_b.B/doutb[13].  Did not re-place instance student_top_inst/bridge_inst/dram_driver_inst/Mem_DRAM/uut_BLOCKRAM/U0/inst_blk_mem_gen/gnbram.gnativebmg.native_blk_mem_gen/valid.cstr/has_mux_b.B/doutb[13]_INST_0
INFO: [Physopt 32-662] Processed net student_top_inst/bridge_inst/dram_driver_inst/Mem_DRAM/wr_data_reg_reg[13]_0.  Did not re-place instance student_top_inst/bridge_inst/dram_driver_inst/Mem_DRAM/u_RISCV_CORE_i_74
INFO: [Physopt 32-662] Processed net student_top_inst/u_RISCV_CORE/INST_MEM_BUFFER/D[5].  Did not re-place instance student_top_inst/u_RISCV_CORE/INST_MEM_BUFFER/rd_data_o[13]_i_1
INFO: [Physopt 32-662] Processed net student_top_inst/u_RISCV_CORE/INST_MEM_UNIT/mem_wr_buffer_inst/wr_data_buffer_reg[13]_0.  Did not re-place instance student_top_inst/u_RISCV_CORE/INST_MEM_UNIT/mem_wr_buffer_inst/rd_data_o[13]_i_2
INFO: [Physopt 32-662] Processed net student_top_inst/u_RISCV_CORE/INST_MEM_UNIT/mem_wr_buffer_inst/p_5_in[5].  Did not re-place instance student_top_inst/u_RISCV_CORE/INST_MEM_UNIT/mem_wr_buffer_inst/rd_data_o_reg[13]
INFO: [Physopt 32-662] Processed net student_top_inst/bridge_inst/counter_inst/mem_rd_data_i[19].  Did not re-place instance student_top_inst/bridge_inst/counter_inst/u_RISCV_CORE_i_13
INFO: [Physopt 32-662] Processed net student_top_inst/bridge_inst/dram_driver_inst/Mem_DRAM/uut_BLOCKRAM/U0/inst_blk_mem_gen/gnbram.gnativebmg.native_blk_mem_gen/valid.cstr/has_mux_b.B/doutb[19].  Did not re-place instance student_top_inst/bridge_inst/dram_driver_inst/Mem_DRAM/uut_BLOCKRAM/U0/inst_blk_mem_gen/gnbram.gnativebmg.native_blk_mem_gen/valid.cstr/has_mux_b.B/doutb[19]_INST_0
INFO: [Physopt 32-662] Processed net student_top_inst/bridge_inst/dram_driver_inst/Mem_DRAM/wr_data_reg_reg[19]_0.  Did not re-place instance student_top_inst/bridge_inst/dram_driver_inst/Mem_DRAM/u_RISCV_CORE_i_62
INFO: [Physopt 32-662] Processed net student_top_inst/u_RISCV_CORE/INST_MEM_BUFFER/D[11].  Did not re-place instance student_top_inst/u_RISCV_CORE/INST_MEM_BUFFER/rd_data_o[19]_i_1
INFO: [Physopt 32-663] Processed net student_top_inst/u_RISCV_CORE/INST_MEM_UNIT/mem_wr_buffer_inst/wr_data_buffer_reg[19]_0.  Re-placed instance student_top_inst/u_RISCV_CORE/INST_MEM_UNIT/mem_wr_buffer_inst/rd_data_o[19]_i_2
INFO: [Physopt 32-662] Processed net student_top_inst/u_RISCV_CORE/INST_MEM_UNIT/mem_wr_buffer_inst/rd_data_o_reg[31]_0[11].  Did not re-place instance student_top_inst/u_RISCV_CORE/INST_MEM_UNIT/mem_wr_buffer_inst/rd_data_o_reg[19]
INFO: [Physopt 32-663] Processed net student_top_inst/bridge_inst/counter_inst/mem_rd_data_i[16].  Re-placed instance student_top_inst/bridge_inst/counter_inst/u_RISCV_CORE_i_16
INFO: [Physopt 32-663] Processed net student_top_inst/bridge_inst/dram_driver_inst/Mem_DRAM/uut_BLOCKRAM/U0/inst_blk_mem_gen/gnbram.gnativebmg.native_blk_mem_gen/valid.cstr/has_mux_b.B/doutb[16].  Re-placed instance student_top_inst/bridge_inst/dram_driver_inst/Mem_DRAM/uut_BLOCKRAM/U0/inst_blk_mem_gen/gnbram.gnativebmg.native_blk_mem_gen/valid.cstr/has_mux_b.B/doutb[16]_INST_0
INFO: [Physopt 32-662] Processed net student_top_inst/bridge_inst/dram_driver_inst/Mem_DRAM/wr_data_reg_reg[16]_0.  Did not re-place instance student_top_inst/bridge_inst/dram_driver_inst/Mem_DRAM/u_RISCV_CORE_i_68
INFO: [Physopt 32-662] Processed net student_top_inst/u_RISCV_CORE/INST_MEM_BUFFER/D[8].  Did not re-place instance student_top_inst/u_RISCV_CORE/INST_MEM_BUFFER/rd_data_o[16]_i_1
INFO: [Physopt 32-662] Processed net student_top_inst/u_RISCV_CORE/INST_MEM_UNIT/mem_wr_buffer_inst/wr_data_buffer_reg[16]_0.  Did not re-place instance student_top_inst/u_RISCV_CORE/INST_MEM_UNIT/mem_wr_buffer_inst/rd_data_o[16]_i_2
INFO: [Physopt 32-662] Processed net student_top_inst/u_RISCV_CORE/INST_MEM_UNIT/mem_wr_buffer_inst/rd_data_o_reg[31]_0[8].  Did not re-place instance student_top_inst/u_RISCV_CORE/INST_MEM_UNIT/mem_wr_buffer_inst/rd_data_o_reg[16]
INFO: [Physopt 32-663] Processed net student_top_inst/bridge_inst/counter_inst/mem_rd_data_i[15].  Re-placed instance student_top_inst/bridge_inst/counter_inst/u_RISCV_CORE_i_17
INFO: [Physopt 32-663] Processed net student_top_inst/bridge_inst/dram_driver_inst/Mem_DRAM/uut_BLOCKRAM/U0/inst_blk_mem_gen/gnbram.gnativebmg.native_blk_mem_gen/valid.cstr/has_mux_b.B/doutb[15].  Re-placed instance student_top_inst/bridge_inst/dram_driver_inst/Mem_DRAM/uut_BLOCKRAM/U0/inst_blk_mem_gen/gnbram.gnativebmg.native_blk_mem_gen/valid.cstr/has_mux_b.B/doutb[15]_INST_0
INFO: [Physopt 32-663] Processed net student_top_inst/bridge_inst/dram_driver_inst/Mem_DRAM/wr_data_reg_reg[15]_0.  Re-placed instance student_top_inst/bridge_inst/dram_driver_inst/Mem_DRAM/u_RISCV_CORE_i_70
INFO: [Physopt 32-662] Processed net student_top_inst/u_RISCV_CORE/INST_MEM_BUFFER/D[7].  Did not re-place instance student_top_inst/u_RISCV_CORE/INST_MEM_BUFFER/rd_data_o[15]_i_1
INFO: [Physopt 32-662] Processed net student_top_inst/u_RISCV_CORE/INST_MEM_UNIT/mem_wr_buffer_inst/wr_data_buffer_reg[15]_0.  Did not re-place instance student_top_inst/u_RISCV_CORE/INST_MEM_UNIT/mem_wr_buffer_inst/rd_data_o[15]_i_2
INFO: [Physopt 32-662] Processed net student_top_inst/u_RISCV_CORE/INST_MEM_UNIT/mem_wr_buffer_inst/p_5_in[7].  Did not re-place instance student_top_inst/u_RISCV_CORE/INST_MEM_UNIT/mem_wr_buffer_inst/rd_data_o_reg[15]
INFO: [Physopt 32-663] Processed net student_top_inst/bridge_inst/counter_inst/mem_rd_data_i[8].  Re-placed instance student_top_inst/bridge_inst/counter_inst/u_RISCV_CORE_i_24
INFO: [Physopt 32-662] Processed net student_top_inst/bridge_inst/dram_driver_inst/Mem_DRAM/uut_BLOCKRAM/U0/inst_blk_mem_gen/gnbram.gnativebmg.native_blk_mem_gen/valid.cstr/has_mux_b.B/doutb[8].  Did not re-place instance student_top_inst/bridge_inst/dram_driver_inst/Mem_DRAM/uut_BLOCKRAM/U0/inst_blk_mem_gen/gnbram.gnativebmg.native_blk_mem_gen/valid.cstr/has_mux_b.B/doutb[8]_INST_0
INFO: [Physopt 32-663] Processed net student_top_inst/bridge_inst/dram_driver_inst/Mem_DRAM/wr_data_reg_reg[8]_0.  Re-placed instance student_top_inst/bridge_inst/dram_driver_inst/Mem_DRAM/u_RISCV_CORE_i_84
INFO: [Physopt 32-662] Processed net student_top_inst/u_RISCV_CORE/INST_MEM_BUFFER/D[0].  Did not re-place instance student_top_inst/u_RISCV_CORE/INST_MEM_BUFFER/rd_data_o[8]_i_1
INFO: [Physopt 32-662] Processed net student_top_inst/u_RISCV_CORE/INST_MEM_UNIT/mem_wr_buffer_inst/wr_data_buffer_reg[8]_0.  Did not re-place instance student_top_inst/u_RISCV_CORE/INST_MEM_UNIT/mem_wr_buffer_inst/rd_data_o[8]_i_2
INFO: [Physopt 32-662] Processed net student_top_inst/u_RISCV_CORE/INST_MEM_UNIT/mem_wr_buffer_inst/p_5_in[0].  Did not re-place instance student_top_inst/u_RISCV_CORE/INST_MEM_UNIT/mem_wr_buffer_inst/rd_data_o_reg[8]
INFO: [Physopt 32-662] Processed net student_top_inst/bridge_inst/counter_inst/mem_rd_data_i[2].  Did not re-place instance student_top_inst/bridge_inst/counter_inst/u_RISCV_CORE_i_30
INFO: [Physopt 32-662] Processed net student_top_inst/bridge_inst/dram_driver_inst/Mem_DRAM/uut_BLOCKRAM/U0/inst_blk_mem_gen/gnbram.gnativebmg.native_blk_mem_gen/valid.cstr/has_mux_b.B/doutb[2].  Did not re-place instance student_top_inst/bridge_inst/dram_driver_inst/Mem_DRAM/uut_BLOCKRAM/U0/inst_blk_mem_gen/gnbram.gnativebmg.native_blk_mem_gen/valid.cstr/has_mux_b.B/doutb[2]_INST_0
INFO: [Physopt 32-662] Processed net student_top_inst/bridge_inst/dram_driver_inst/Mem_DRAM/wr_data_reg_reg[2]_0.  Did not re-place instance student_top_inst/bridge_inst/dram_driver_inst/Mem_DRAM/u_RISCV_CORE_i_96
INFO: [Physopt 32-662] Processed net student_top_inst/u_RISCV_CORE/INST_MEM_UNIT/mem_wr_buffer_inst/p_0_in[2].  Did not re-place instance student_top_inst/u_RISCV_CORE/INST_MEM_UNIT/mem_wr_buffer_inst/rd_data_o[2]_i_1
INFO: [Physopt 32-662] Processed net student_top_inst/u_RISCV_CORE/INST_MEM_UNIT/mem_wr_buffer_inst/rd_data_o_reg[31]_0[2].  Did not re-place instance student_top_inst/u_RISCV_CORE/INST_MEM_UNIT/mem_wr_buffer_inst/rd_data_o_reg[2]
INFO: [Physopt 32-662] Processed net student_top_inst/bridge_inst/counter_inst/mem_rd_data_i[9].  Did not re-place instance student_top_inst/bridge_inst/counter_inst/u_RISCV_CORE_i_23
INFO: [Physopt 32-662] Processed net student_top_inst/bridge_inst/dram_driver_inst/Mem_DRAM/uut_BLOCKRAM/U0/inst_blk_mem_gen/gnbram.gnativebmg.native_blk_mem_gen/valid.cstr/has_mux_b.B/doutb[9].  Did not re-place instance student_top_inst/bridge_inst/dram_driver_inst/Mem_DRAM/uut_BLOCKRAM/U0/inst_blk_mem_gen/gnbram.gnativebmg.native_blk_mem_gen/valid.cstr/has_mux_b.B/doutb[9]_INST_0
INFO: [Physopt 32-662] Processed net student_top_inst/bridge_inst/dram_driver_inst/Mem_DRAM/wr_data_reg_reg[9]_0.  Did not re-place instance student_top_inst/bridge_inst/dram_driver_inst/Mem_DRAM/u_RISCV_CORE_i_82
INFO: [Physopt 32-662] Processed net student_top_inst/u_RISCV_CORE/INST_MEM_BUFFER/D[1].  Did not re-place instance student_top_inst/u_RISCV_CORE/INST_MEM_BUFFER/rd_data_o[9]_i_1
INFO: [Physopt 32-662] Processed net student_top_inst/u_RISCV_CORE/INST_MEM_UNIT/mem_wr_buffer_inst/wr_data_buffer_reg[9]_0.  Did not re-place instance student_top_inst/u_RISCV_CORE/INST_MEM_UNIT/mem_wr_buffer_inst/rd_data_o[9]_i_2
INFO: [Physopt 32-662] Processed net student_top_inst/u_RISCV_CORE/INST_MEM_UNIT/mem_wr_buffer_inst/p_5_in[1].  Did not re-place instance student_top_inst/u_RISCV_CORE/INST_MEM_UNIT/mem_wr_buffer_inst/rd_data_o_reg[9]
INFO: [Physopt 32-663] Processed net student_top_inst/u_RISCV_CORE/INST_IF_UNIT/u_pc/pc_o_reg[3]_0.  Re-placed instance student_top_inst/u_RISCV_CORE/INST_IF_UNIT/u_pc/pc_o_reg[3]
INFO: [Common 17-14] Message 'Physopt 32-663' appears 100 times and further instances of the messages will be disabled. Use the Tcl command set_msg_config to change the current settings.
INFO: [Physopt 32-662] Processed net student_top_inst/Mem_IROM/U0/synth_options.dist_mem_inst/gen_rom.rom_inst/spo[28]_INST_0_i_6_n_0.  Did not re-place instance student_top_inst/Mem_IROM/U0/synth_options.dist_mem_inst/gen_rom.rom_inst/spo[28]_INST_0_i_6
INFO: [Physopt 32-662] Processed net student_top_inst/u_RISCV_CORE/INST_IF_UNIT/u_if_id/p_0_in[28].  Did not re-place instance student_top_inst/u_RISCV_CORE/INST_IF_UNIT/u_if_id/ins_o[28]_i_1
INFO: [Physopt 32-662] Processed net student_top_inst/u_RISCV_CORE/INST_IF_UNIT/u_if_id/if_ins_o[28].  Did not re-place instance student_top_inst/u_RISCV_CORE/INST_IF_UNIT/u_if_id/ins_o_reg[28]
INFO: [Physopt 32-662] Processed net student_top_inst/bridge_inst/dram_driver_inst/Mem_DRAM/uut_BLOCKRAM/U0/inst_blk_mem_gen/gnbram.gnativebmg.native_blk_mem_gen/valid.cstr/ramloop[60].ram.r/prim_init.ram/ramloop[0].ram.ram_enb.  Did not re-place instance student_top_inst/bridge_inst/dram_driver_inst/Mem_DRAM/uut_BLOCKRAM/U0/inst_blk_mem_gen/gnbram.gnativebmg.native_blk_mem_gen/valid.cstr/ramloop[60].ram.r/prim_init.ram/DEVICE_7SERIES.NO_BMM_INFO.SDP.SIMPLE_PRIM36.ram_i_2__2
INFO: [Physopt 32-662] Processed net student_top_inst/u_RISCV_CORE/INST_ID_UNIT/u_id_ex/mem_rd_addr_o[1]_INST_0_i_2_n_0.  Did not re-place instance student_top_inst/u_RISCV_CORE/INST_ID_UNIT/u_id_ex/mem_rd_addr_o[1]_INST_0_i_2
INFO: [Physopt 32-662] Processed net student_top_inst/u_RISCV_CORE/INST_IF_UNIT/u_if_id/regs_reg_r1_0_31_0_5_i_7_n_0.  Did not re-place instance student_top_inst/u_RISCV_CORE/INST_IF_UNIT/u_if_id/regs_reg_r1_0_31_0_5_i_7
INFO: [Physopt 32-662] Processed net student_top_inst/u_RISCV_CORE/INST_ID_UNIT/u_id_ex/Q[16].  Did not re-place instance student_top_inst/u_RISCV_CORE/INST_ID_UNIT/u_id_ex/reg1_rd_data_o_reg[16]
INFO: [Physopt 32-662] Processed net student_top_inst/u_RISCV_CORE/INST_IF_UNIT/u_if_id/ins_o_reg[18]_0[15].  Did not re-place instance student_top_inst/u_RISCV_CORE/INST_IF_UNIT/u_if_id/reg1_rd_data_o[16]_i_1
INFO: [Physopt 32-662] Processed net student_top_inst/u_RISCV_CORE/INST_AREA_PREDICTOR/pred_taken.  Did not re-place instance student_top_inst/u_RISCV_CORE/INST_AREA_PREDICTOR/predict_taken_reg_i_1
INFO: [Physopt 32-662] Processed net student_top_inst/u_RISCV_CORE/INST_IF_UNIT/u_pc/pc_o[3]_rep__0_i_1_n_0.  Did not re-place instance student_top_inst/u_RISCV_CORE/INST_IF_UNIT/u_pc/pc_o[3]_rep__0_i_1
INFO: [Physopt 32-662] Processed net student_top_inst/u_RISCV_CORE/INST_AREA_PREDICTOR/predict_taken_reg_i_18_n_0.  Did not re-place instance student_top_inst/u_RISCV_CORE/INST_AREA_PREDICTOR/predict_taken_reg_i_18
INFO: [Physopt 32-662] Processed net student_top_inst/u_RISCV_CORE/INST_AREA_PREDICTOR/predict_taken_reg_i_2_n_0.  Did not re-place instance student_top_inst/u_RISCV_CORE/INST_AREA_PREDICTOR/predict_taken_reg_i_2
INFO: [Physopt 32-662] Processed net student_top_inst/u_RISCV_CORE/INST_AREA_PREDICTOR/predict_taken_reg_i_6_n_0.  Did not re-place instance student_top_inst/u_RISCV_CORE/INST_AREA_PREDICTOR/predict_taken_reg_i_6
INFO: [Physopt 32-662] Processed net student_top_inst/u_RISCV_CORE/INST_AREA_PREDICTOR/predict_taken_reg_i_16_n_0.  Did not re-place instance student_top_inst/u_RISCV_CORE/INST_AREA_PREDICTOR/predict_taken_reg_i_16
INFO: [Physopt 32-662] Processed net student_top_inst/u_RISCV_CORE/INST_MEM_UNIT/mem_wr_buffer_inst/rd_data_o_reg[31]_0[3].  Did not re-place instance student_top_inst/u_RISCV_CORE/INST_MEM_UNIT/mem_wr_buffer_inst/rd_data_o_reg[3]
INFO: [Physopt 32-662] Processed net student_top_inst/u_RISCV_CORE/INST_AREA_PREDICTOR/predict_taken_reg_i_161_n_0.  Did not re-place instance student_top_inst/u_RISCV_CORE/INST_AREA_PREDICTOR/predict_taken_reg_i_161
INFO: [Physopt 32-662] Processed net student_top_inst/u_RISCV_CORE/INST_AREA_PREDICTOR/predict_taken_reg_i_5_n_0.  Did not re-place instance student_top_inst/u_RISCV_CORE/INST_AREA_PREDICTOR/predict_taken_reg_i_5
INFO: [Physopt 32-662] Processed net student_top_inst/u_RISCV_CORE/INST_MEM_UNIT/mem_wr_buffer_inst/equal_wr_rd_buffer_carry__0_i_4_n_0.  Did not re-place instance student_top_inst/u_RISCV_CORE/INST_MEM_UNIT/mem_wr_buffer_inst/equal_wr_rd_buffer_carry__0_i_4
INFO: [Physopt 32-662] Processed net student_top_inst/u_RISCV_CORE/INST_MEM_UNIT/mem_wr_buffer_inst/p_0_in[3].  Did not re-place instance student_top_inst/u_RISCV_CORE/INST_MEM_UNIT/mem_wr_buffer_inst/rd_data_o[3]_i_1
INFO: [Physopt 32-662] Processed net student_top_inst/bridge_inst/counter_inst/mem_rd_data_i[21].  Did not re-place instance student_top_inst/bridge_inst/counter_inst/u_RISCV_CORE_i_11
INFO: [Physopt 32-662] Processed net student_top_inst/bridge_inst/dram_driver_inst/Mem_DRAM/uut_BLOCKRAM/U0/inst_blk_mem_gen/gnbram.gnativebmg.native_blk_mem_gen/valid.cstr/has_mux_b.B/doutb[21].  Did not re-place instance student_top_inst/bridge_inst/dram_driver_inst/Mem_DRAM/uut_BLOCKRAM/U0/inst_blk_mem_gen/gnbram.gnativebmg.native_blk_mem_gen/valid.cstr/has_mux_b.B/doutb[21]_INST_0
INFO: [Physopt 32-662] Processed net student_top_inst/bridge_inst/dram_driver_inst/Mem_DRAM/wr_data_reg_reg[21]_0.  Did not re-place instance student_top_inst/bridge_inst/dram_driver_inst/Mem_DRAM/u_RISCV_CORE_i_58
INFO: [Physopt 32-662] Processed net student_top_inst/u_RISCV_CORE/INST_MEM_BUFFER/D[13].  Did not re-place instance student_top_inst/u_RISCV_CORE/INST_MEM_BUFFER/rd_data_o[21]_i_1
INFO: [Physopt 32-662] Processed net student_top_inst/u_RISCV_CORE/INST_MEM_UNIT/mem_wr_buffer_inst/wr_data_buffer_reg[21]_0.  Did not re-place instance student_top_inst/u_RISCV_CORE/INST_MEM_UNIT/mem_wr_buffer_inst/rd_data_o[21]_i_2
INFO: [Physopt 32-662] Processed net student_top_inst/u_RISCV_CORE/INST_MEM_UNIT/mem_wr_buffer_inst/rd_data_o_reg[31]_0[13].  Did not re-place instance student_top_inst/u_RISCV_CORE/INST_MEM_UNIT/mem_wr_buffer_inst/rd_data_o_reg[21]
INFO: [Physopt 32-662] Processed net student_top_inst/u_RISCV_CORE/INST_ID_UNIT/u_id_ex/Q[21].  Did not re-place instance student_top_inst/u_RISCV_CORE/INST_ID_UNIT/u_id_ex/reg1_rd_data_o_reg[21]
INFO: [Physopt 32-662] Processed net student_top_inst/u_RISCV_CORE/INST_IF_UNIT/u_if_id/ins_o_reg[18]_0[20].  Did not re-place instance student_top_inst/u_RISCV_CORE/INST_IF_UNIT/u_if_id/reg1_rd_data_o[21]_i_1
INFO: [Physopt 32-662] Processed net student_top_inst/bridge_inst/counter_inst/mem_rd_data_i[4].  Did not re-place instance student_top_inst/bridge_inst/counter_inst/u_RISCV_CORE_i_28
INFO: [Physopt 32-662] Processed net student_top_inst/bridge_inst/dram_driver_inst/Mem_DRAM/uut_BLOCKRAM/U0/inst_blk_mem_gen/gnbram.gnativebmg.native_blk_mem_gen/valid.cstr/has_mux_b.B/doutb[4].  Did not re-place instance student_top_inst/bridge_inst/dram_driver_inst/Mem_DRAM/uut_BLOCKRAM/U0/inst_blk_mem_gen/gnbram.gnativebmg.native_blk_mem_gen/valid.cstr/has_mux_b.B/doutb[4]_INST_0
INFO: [Physopt 32-662] Processed net student_top_inst/bridge_inst/dram_driver_inst/Mem_DRAM/wr_data_reg_reg[4]_0.  Did not re-place instance student_top_inst/bridge_inst/dram_driver_inst/Mem_DRAM/u_RISCV_CORE_i_92
INFO: [Physopt 32-662] Processed net student_top_inst/bridge_inst/dram_driver_inst/Mem_DRAM/dram_wen0.  Did not re-place instance student_top_inst/bridge_inst/dram_driver_inst/Mem_DRAM/ram_LUT2_1
INFO: [Physopt 32-662] Processed net student_top_inst/bridge_inst/dram_driver_inst/Mem_DRAM/ram_net_3.  Did not re-place instance student_top_inst/bridge_inst/dram_driver_inst/Mem_DRAM/ram_LUT6
INFO: [Physopt 32-662] Processed net student_top_inst/bridge_inst/dram_driver_inst/Mem_DRAM/ram_net_6.  Did not re-place instance student_top_inst/bridge_inst/dram_driver_inst/Mem_DRAM/ram_LUT2
INFO: [Physopt 32-662] Processed net student_top_inst/bridge_inst/dram_driver_inst/Mem_DRAM/wr_addr_buffer_reg[25].  Did not re-place instance student_top_inst/bridge_inst/dram_driver_inst/Mem_DRAM/ram_LUT4
INFO: [Physopt 32-662] Processed net student_top_inst/u_RISCV_CORE/INST_MEM_UNIT/mem_wr_buffer_inst/mem_wr_addr_o[2].  Did not re-place instance student_top_inst/u_RISCV_CORE/INST_MEM_UNIT/mem_wr_buffer_inst/wr_addr_buffer_reg[2]
INFO: [Physopt 32-662] Processed net student_top_inst/u_RISCV_CORE/INST_MEM_UNIT/mem_wr_buffer_inst/equal_wr_rd_buffer_carry_i_4_n_0.  Did not re-place instance student_top_inst/u_RISCV_CORE/INST_MEM_UNIT/mem_wr_buffer_inst/equal_wr_rd_buffer_carry_i_4
INFO: [Physopt 32-662] Processed net student_top_inst/bridge_inst/dram_driver_inst/Mem_DRAM/uut_BLOCKRAM/U0/inst_blk_mem_gen/gnbram.gnativebmg.native_blk_mem_gen/valid.cstr/has_mux_b.B/doutb[17].  Did not re-place instance student_top_inst/bridge_inst/dram_driver_inst/Mem_DRAM/uut_BLOCKRAM/U0/inst_blk_mem_gen/gnbram.gnativebmg.native_blk_mem_gen/valid.cstr/has_mux_b.B/doutb[17]_INST_0
INFO: [Physopt 32-662] Processed net student_top_inst/bridge_inst/dram_driver_inst/Mem_DRAM/wr_data_reg_reg[17]_0.  Did not re-place instance student_top_inst/bridge_inst/dram_driver_inst/Mem_DRAM/u_RISCV_CORE_i_66
INFO: [Physopt 32-662] Processed net student_top_inst/u_RISCV_CORE/INST_MEM_BUFFER/D[9].  Did not re-place instance student_top_inst/u_RISCV_CORE/INST_MEM_BUFFER/rd_data_o[17]_i_1
INFO: [Physopt 32-662] Processed net student_top_inst/u_RISCV_CORE/INST_MEM_UNIT/mem_wr_buffer_inst/wr_data_buffer_reg[17]_0.  Did not re-place instance student_top_inst/u_RISCV_CORE/INST_MEM_UNIT/mem_wr_buffer_inst/rd_data_o[17]_i_2
INFO: [Physopt 32-662] Processed net student_top_inst/u_RISCV_CORE/INST_MEM_UNIT/mem_wr_buffer_inst/rd_data_o_reg[31]_0[9].  Did not re-place instance student_top_inst/u_RISCV_CORE/INST_MEM_UNIT/mem_wr_buffer_inst/rd_data_o_reg[17]
INFO: [Physopt 32-662] Processed net student_top_inst/u_RISCV_CORE/INST_IF_UNIT/u_pc/pc_o_reg[3]_rep__0_0_repN.  Did not re-place instance student_top_inst/u_RISCV_CORE/INST_IF_UNIT/u_pc/pc_o_reg[3]_rep__0_replica
INFO: [Physopt 32-662] Processed net student_top_inst/u_RISCV_CORE/INST_IF_UNIT/u_pc/pc_o_reg[3]_rep__0_0_repN_5.  Did not re-place instance student_top_inst/u_RISCV_CORE/INST_IF_UNIT/u_pc/pc_o_reg[3]_rep__0_replica_5
INFO: [Physopt 32-662] Processed net student_top_inst/bridge_inst/counter_inst/mem_rd_data_i[30].  Did not re-place instance student_top_inst/bridge_inst/counter_inst/u_RISCV_CORE_i_2
INFO: [Physopt 32-662] Processed net student_top_inst/bridge_inst/dram_driver_inst/Mem_DRAM/uut_BLOCKRAM/U0/inst_blk_mem_gen/gnbram.gnativebmg.native_blk_mem_gen/valid.cstr/has_mux_b.B/doutb[30].  Did not re-place instance student_top_inst/bridge_inst/dram_driver_inst/Mem_DRAM/uut_BLOCKRAM/U0/inst_blk_mem_gen/gnbram.gnativebmg.native_blk_mem_gen/valid.cstr/has_mux_b.B/doutb[30]_INST_0
INFO: [Physopt 32-662] Processed net student_top_inst/bridge_inst/dram_driver_inst/Mem_DRAM/wr_data_reg_reg[30]_0.  Did not re-place instance student_top_inst/bridge_inst/dram_driver_inst/Mem_DRAM/u_RISCV_CORE_i_39
INFO: [Physopt 32-662] Processed net student_top_inst/u_RISCV_CORE/INST_MEM_BUFFER/D[22].  Did not re-place instance student_top_inst/u_RISCV_CORE/INST_MEM_BUFFER/rd_data_o[30]_i_1
INFO: [Physopt 32-662] Processed net student_top_inst/u_RISCV_CORE/INST_MEM_UNIT/mem_wr_buffer_inst/wr_data_buffer_reg[30]_0.  Did not re-place instance student_top_inst/u_RISCV_CORE/INST_MEM_UNIT/mem_wr_buffer_inst/rd_data_o[30]_i_2
INFO: [Physopt 32-662] Processed net student_top_inst/u_RISCV_CORE/INST_MEM_UNIT/mem_wr_buffer_inst/rd_data_o_reg[31]_0[22].  Did not re-place instance student_top_inst/u_RISCV_CORE/INST_MEM_UNIT/mem_wr_buffer_inst/rd_data_o_reg[30]
INFO: [Physopt 32-662] Processed net student_top_inst/u_RISCV_CORE/INST_IF_UNIT/u_pc/pc_o_reg[3]_rep__0_0_repN_6.  Did not re-place instance student_top_inst/u_RISCV_CORE/INST_IF_UNIT/u_pc/pc_o_reg[3]_rep__0_replica_6
INFO: [Physopt 32-662] Processed net student_top_inst/bridge_inst/dram_driver_inst/Mem_DRAM/uut_BLOCKRAM/U0/inst_blk_mem_gen/gnbram.gnativebmg.native_blk_mem_gen/valid.cstr/ramloop[60].ram.r/prim_init.ram/ramloop[0].ram.ram_ena.  Did not re-place instance student_top_inst/bridge_inst/dram_driver_inst/Mem_DRAM/uut_BLOCKRAM/U0/inst_blk_mem_gen/gnbram.gnativebmg.native_blk_mem_gen/valid.cstr/ramloop[60].ram.r/prim_init.ram/DEVICE_7SERIES.NO_BMM_INFO.SDP.SIMPLE_PRIM36.ram_i_1__2
INFO: [Physopt 32-662] Processed net student_top_inst/bridge_inst/counter_inst/mem_rd_data_i[27].  Did not re-place instance student_top_inst/bridge_inst/counter_inst/u_RISCV_CORE_i_5
INFO: [Physopt 32-662] Processed net student_top_inst/bridge_inst/dram_driver_inst/Mem_DRAM/uut_BLOCKRAM/U0/inst_blk_mem_gen/gnbram.gnativebmg.native_blk_mem_gen/valid.cstr/has_mux_b.B/doutb[27].  Did not re-place instance student_top_inst/bridge_inst/dram_driver_inst/Mem_DRAM/uut_BLOCKRAM/U0/inst_blk_mem_gen/gnbram.gnativebmg.native_blk_mem_gen/valid.cstr/has_mux_b.B/doutb[27]_INST_0
INFO: [Physopt 32-662] Processed net student_top_inst/bridge_inst/dram_driver_inst/Mem_DRAM/wr_data_reg_reg[27]_0.  Did not re-place instance student_top_inst/bridge_inst/dram_driver_inst/Mem_DRAM/u_RISCV_CORE_i_45
INFO: [Physopt 32-662] Processed net student_top_inst/u_RISCV_CORE/INST_MEM_BUFFER/D[19].  Did not re-place instance student_top_inst/u_RISCV_CORE/INST_MEM_BUFFER/rd_data_o[27]_i_1
INFO: [Physopt 32-662] Processed net student_top_inst/u_RISCV_CORE/INST_MEM_UNIT/mem_wr_buffer_inst/wr_data_buffer_reg[27]_0.  Did not re-place instance student_top_inst/u_RISCV_CORE/INST_MEM_UNIT/mem_wr_buffer_inst/rd_data_o[27]_i_2
INFO: [Physopt 32-662] Processed net student_top_inst/u_RISCV_CORE/INST_MEM_UNIT/mem_wr_buffer_inst/rd_data_o_reg[31]_0[19].  Did not re-place instance student_top_inst/u_RISCV_CORE/INST_MEM_UNIT/mem_wr_buffer_inst/rd_data_o_reg[27]
INFO: [Physopt 32-662] Processed net student_top_inst/u_RISCV_CORE/INST_IF_UNIT/u_pc/pc_o_reg[3]_rep__0_0.  Did not re-place instance student_top_inst/u_RISCV_CORE/INST_IF_UNIT/u_pc/pc_o_reg[3]_rep__0
INFO: [Physopt 32-662] Processed net student_top_inst/u_RISCV_CORE/INST_IF_UNIT/u_if_id/pc_o_reg[2]_rep_0.  Did not re-place instance student_top_inst/u_RISCV_CORE/INST_IF_UNIT/u_if_id/pc_o[2]_rep__0_i_1
INFO: [Physopt 32-662] Processed net student_top_inst/u_RISCV_CORE/INST_IF_UNIT/u_pc/p_1_in[12].  Did not re-place instance student_top_inst/u_RISCV_CORE/INST_IF_UNIT/u_pc/pc_o[12]_i_1
INFO: [Physopt 32-662] Processed net student_top_inst/u_RISCV_CORE/INST_IF_UNIT/u_pc/pc_o_reg[3]_rep__0_0_repN_4.  Did not re-place instance student_top_inst/u_RISCV_CORE/INST_IF_UNIT/u_pc/pc_o_reg[3]_rep__0_replica_4
INFO: [Physopt 32-662] Processed net student_top_inst/u_RISCV_CORE/INST_ID_UNIT/u_id_ex/Q[5].  Did not re-place instance student_top_inst/u_RISCV_CORE/INST_ID_UNIT/u_id_ex/reg1_rd_data_o_reg[5]
INFO: [Physopt 32-662] Processed net student_top_inst/u_RISCV_CORE/INST_IF_UNIT/u_if_id/ins_o_reg[18]_0[5].  Did not re-place instance student_top_inst/u_RISCV_CORE/INST_IF_UNIT/u_if_id/reg1_rd_data_o[5]_i_1
INFO: [Physopt 32-662] Processed net student_top_inst/u_RISCV_CORE/INST_IF_UNIT/u_if_id/reg_wr_data_o_reg[5]_0.  Did not re-place instance student_top_inst/u_RISCV_CORE/INST_IF_UNIT/u_if_id/reg1_rd_data_o[5]_i_3
INFO: [Physopt 32-662] Processed net student_top_inst/u_RISCV_CORE/INST_ID_UNIT/u_id_ex/Q[29].  Did not re-place instance student_top_inst/u_RISCV_CORE/INST_ID_UNIT/u_id_ex/reg1_rd_data_o_reg[29]
INFO: [Physopt 32-662] Processed net student_top_inst/u_RISCV_CORE/INST_ID_UNIT/u_id_ex/ins_o_reg[4]_0.  Did not re-place instance student_top_inst/u_RISCV_CORE/INST_ID_UNIT/u_id_ex/pc_o[13]_i_10
INFO: [Physopt 32-662] Processed net student_top_inst/u_RISCV_CORE/INST_ID_UNIT/u_id_ex/ex_jump_addr_o[3].  Did not re-place instance student_top_inst/u_RISCV_CORE/INST_ID_UNIT/u_id_ex/pc_o[3]_i_2
INFO: [Physopt 32-662] Processed net student_top_inst/u_RISCV_CORE/INST_EX_UNIT/u_cu/ins_o_reg[14].  Did not re-place instance student_top_inst/u_RISCV_CORE/INST_EX_UNIT/u_cu/pc_o[13]_i_22
INFO: [Physopt 32-662] Processed net student_top_inst/u_RISCV_CORE/INST_ID_UNIT/u_id_ex/reg2_rd_data_o_reg[31]_3[1].  Did not re-place instance student_top_inst/u_RISCV_CORE/INST_ID_UNIT/u_id_ex/in00_carry__1_i_2
INFO: [Physopt 32-662] Processed net student_top_inst/u_RISCV_CORE/INST_MEM_BUFFER/D[20].  Did not re-place instance student_top_inst/u_RISCV_CORE/INST_MEM_BUFFER/rd_data_o[28]_i_1
INFO: [Physopt 32-662] Processed net student_top_inst/u_RISCV_CORE/INST_MEM_UNIT/mem_wr_buffer_inst/wr_data_buffer_reg[28]_0.  Did not re-place instance student_top_inst/u_RISCV_CORE/INST_MEM_UNIT/mem_wr_buffer_inst/rd_data_o[28]_i_2
INFO: [Physopt 32-662] Processed net student_top_inst/u_RISCV_CORE/INST_MEM_UNIT/mem_wr_buffer_inst/rd_data_o_reg[31]_0[20].  Did not re-place instance student_top_inst/u_RISCV_CORE/INST_MEM_UNIT/mem_wr_buffer_inst/rd_data_o_reg[28]
INFO: [Physopt 32-662] Processed net student_top_inst/u_RISCV_CORE/INST_MEM_UNIT/mem_wr_buffer_inst/rd_data_o_reg[31]_0[5].  Did not re-place instance student_top_inst/u_RISCV_CORE/INST_MEM_UNIT/mem_wr_buffer_inst/rd_data_o_reg[5]
INFO: [Physopt 32-662] Processed net student_top_inst/bridge_inst/counter_inst/mem_rd_data_i[5].  Did not re-place instance student_top_inst/bridge_inst/counter_inst/u_RISCV_CORE_i_27
INFO: [Physopt 32-662] Processed net student_top_inst/bridge_inst/dram_driver_inst/Mem_DRAM/uut_BLOCKRAM/U0/inst_blk_mem_gen/gnbram.gnativebmg.native_blk_mem_gen/valid.cstr/has_mux_b.B/doutb[5].  Did not re-place instance student_top_inst/bridge_inst/dram_driver_inst/Mem_DRAM/uut_BLOCKRAM/U0/inst_blk_mem_gen/gnbram.gnativebmg.native_blk_mem_gen/valid.cstr/has_mux_b.B/doutb[5]_INST_0
INFO: [Physopt 32-662] Processed net student_top_inst/bridge_inst/dram_driver_inst/Mem_DRAM/wr_data_reg_reg[5]_0.  Did not re-place instance student_top_inst/bridge_inst/dram_driver_inst/Mem_DRAM/u_RISCV_CORE_i_90
INFO: [Physopt 32-662] Processed net student_top_inst/u_RISCV_CORE/INST_MEM_UNIT/mem_wr_buffer_inst/p_0_in[5].  Did not re-place instance student_top_inst/u_RISCV_CORE/INST_MEM_UNIT/mem_wr_buffer_inst/rd_data_o[5]_i_1
INFO: [Physopt 32-662] Processed net student_top_inst/Mem_IROM/U0/synth_options.dist_mem_inst/gen_rom.rom_inst/spo[28]_INST_0_i_17_n_0.  Did not re-place instance student_top_inst/Mem_IROM/U0/synth_options.dist_mem_inst/gen_rom.rom_inst/spo[28]_INST_0_i_17
INFO: [Physopt 32-662] Processed net student_top_inst/u_RISCV_CORE/INST_IF_UNIT/u_pc/pc_o_reg[3]_rep__0_0_repN_1.  Did not re-place instance student_top_inst/u_RISCV_CORE/INST_IF_UNIT/u_pc/pc_o_reg[3]_rep__0_replica_1
INFO: [Physopt 32-662] Processed net student_top_inst/Mem_IROM/U0/synth_options.dist_mem_inst/gen_rom.rom_inst/spo[24]_INST_0_i_4_n_0.  Did not re-place instance student_top_inst/Mem_IROM/U0/synth_options.dist_mem_inst/gen_rom.rom_inst/spo[24]_INST_0_i_4
INFO: [Physopt 32-662] Processed net student_top_inst/u_RISCV_CORE/INST_IF_UNIT/u_if_id/p_0_in[24].  Did not re-place instance student_top_inst/u_RISCV_CORE/INST_IF_UNIT/u_if_id/ins_o[24]_i_1
INFO: [Physopt 32-662] Processed net student_top_inst/u_RISCV_CORE/INST_IF_UNIT/u_if_id/if_ins_o[24].  Did not re-place instance student_top_inst/u_RISCV_CORE/INST_IF_UNIT/u_if_id/ins_o_reg[24]
INFO: [Physopt 32-662] Processed net student_top_inst/u_RISCV_CORE/INST_IF_UNIT/u_pc/pc_o_reg[3]_rep__0_0_repN_3.  Did not re-place instance student_top_inst/u_RISCV_CORE/INST_IF_UNIT/u_pc/pc_o_reg[3]_rep__0_replica_3
INFO: [Physopt 32-662] Processed net student_top_inst/bridge_inst/counter_inst/mem_rd_data_i[3].  Did not re-place instance student_top_inst/bridge_inst/counter_inst/u_RISCV_CORE_i_29
INFO: [Physopt 32-662] Processed net student_top_inst/bridge_inst/dram_driver_inst/Mem_DRAM/uut_BLOCKRAM/U0/inst_blk_mem_gen/gnbram.gnativebmg.native_blk_mem_gen/valid.cstr/has_mux_b.B/doutb[3].  Did not re-place instance student_top_inst/bridge_inst/dram_driver_inst/Mem_DRAM/uut_BLOCKRAM/U0/inst_blk_mem_gen/gnbram.gnativebmg.native_blk_mem_gen/valid.cstr/has_mux_b.B/doutb[3]_INST_0
INFO: [Physopt 32-662] Processed net student_top_inst/bridge_inst/dram_driver_inst/Mem_DRAM/wr_data_reg_reg[3]_0.  Did not re-place instance student_top_inst/bridge_inst/dram_driver_inst/Mem_DRAM/u_RISCV_CORE_i_94
INFO: [Physopt 32-662] Processed net student_top_inst/u_RISCV_CORE/INST_AREA_PREDICTOR/predict_taken_reg_i_30_n_0.  Did not re-place instance student_top_inst/u_RISCV_CORE/INST_AREA_PREDICTOR/predict_taken_reg_i_30
INFO: [Physopt 32-662] Processed net student_top_inst/bridge_inst/dram_driver_inst/Mem_DRAM/uut_BLOCKRAM/U0/inst_blk_mem_gen/gnbram.gnativebmg.native_blk_mem_gen/valid.cstr/has_mux_b.B/doutb[31].  Did not re-place instance student_top_inst/bridge_inst/dram_driver_inst/Mem_DRAM/uut_BLOCKRAM/U0/inst_blk_mem_gen/gnbram.gnativebmg.native_blk_mem_gen/valid.cstr/has_mux_b.B/doutb[31]_INST_0
INFO: [Physopt 32-662] Processed net student_top_inst/bridge_inst/dram_driver_inst/Mem_DRAM/uut_BLOCKRAM/U0/inst_blk_mem_gen/gnbram.gnativebmg.native_blk_mem_gen/valid.cstr/has_mux_b.B/doutb[6].  Did not re-place instance student_top_inst/bridge_inst/dram_driver_inst/Mem_DRAM/uut_BLOCKRAM/U0/inst_blk_mem_gen/gnbram.gnativebmg.native_blk_mem_gen/valid.cstr/has_mux_b.B/doutb[6]_INST_0
INFO: [Physopt 32-662] Processed net student_top_inst/bridge_inst/dram_driver_inst/Mem_DRAM/wr_data_reg_reg[31]_0.  Did not re-place instance student_top_inst/bridge_inst/dram_driver_inst/Mem_DRAM/u_RISCV_CORE_i_36
INFO: [Physopt 32-662] Processed net student_top_inst/u_RISCV_CORE/INST_MEM_BUFFER/D[23].  Did not re-place instance student_top_inst/u_RISCV_CORE/INST_MEM_BUFFER/rd_data_o[31]_i_1
INFO: [Physopt 32-662] Processed net student_top_inst/u_RISCV_CORE/INST_MEM_UNIT/mem_wr_buffer_inst/p_0_in[6].  Did not re-place instance student_top_inst/u_RISCV_CORE/INST_MEM_UNIT/mem_wr_buffer_inst/rd_data_o[6]_i_1
INFO: [Physopt 32-662] Processed net student_top_inst/u_RISCV_CORE/INST_MEM_UNIT/mem_wr_buffer_inst/wr_data_buffer_reg[31]_0.  Did not re-place instance student_top_inst/u_RISCV_CORE/INST_MEM_UNIT/mem_wr_buffer_inst/rd_data_o[31]_i_2
INFO: [Physopt 32-662] Processed net student_top_inst/u_RISCV_CORE/INST_MEM_UNIT/mem_wr_buffer_inst/rd_data_o_reg[31]_0[23].  Did not re-place instance student_top_inst/u_RISCV_CORE/INST_MEM_UNIT/mem_wr_buffer_inst/rd_data_o_reg[31]
INFO: [Physopt 32-662] Processed net student_top_inst/u_RISCV_CORE/INST_MEM_UNIT/mem_wr_buffer_inst/rd_data_o_reg[31]_0[6].  Did not re-place instance student_top_inst/u_RISCV_CORE/INST_MEM_UNIT/mem_wr_buffer_inst/rd_data_o_reg[6]
INFO: [Physopt 32-662] Processed net student_top_inst/Mem_IROM/U0/synth_options.dist_mem_inst/gen_rom.rom_inst/spo[28].  Did not re-place instance student_top_inst/Mem_IROM/U0/synth_options.dist_mem_inst/gen_rom.rom_inst/spo[29]_INST_0
INFO: [Physopt 32-662] Processed net student_top_inst/Mem_IROM/U0/synth_options.dist_mem_inst/gen_rom.rom_inst/spo[29]_INST_0_i_1_n_0.  Did not re-place instance student_top_inst/Mem_IROM/U0/synth_options.dist_mem_inst/gen_rom.rom_inst/spo[29]_INST_0_i_1
INFO: [Physopt 32-662] Processed net student_top_inst/Mem_IROM/U0/synth_options.dist_mem_inst/gen_rom.rom_inst/spo[29]_INST_0_i_5_n_0.  Did not re-place instance student_top_inst/Mem_IROM/U0/synth_options.dist_mem_inst/gen_rom.rom_inst/spo[29]_INST_0_i_5
INFO: [Physopt 32-662] Processed net student_top_inst/u_RISCV_CORE/INST_IF_UNIT/u_if_id/p_0_in[29].  Did not re-place instance student_top_inst/u_RISCV_CORE/INST_IF_UNIT/u_if_id/ins_o[29]_i_1
INFO: [Physopt 32-662] Processed net student_top_inst/u_RISCV_CORE/INST_IF_UNIT/u_if_id/if_ins_o[29].  Did not re-place instance student_top_inst/u_RISCV_CORE/INST_IF_UNIT/u_if_id/ins_o_reg[29]
INFO: [Physopt 32-662] Processed net student_top_inst/Mem_IROM/U0/synth_options.dist_mem_inst/gen_rom.rom_inst/spo[18].  Did not re-place instance student_top_inst/Mem_IROM/U0/synth_options.dist_mem_inst/gen_rom.rom_inst/spo[19]_INST_0
INFO: [Physopt 32-662] Processed net student_top_inst/Mem_IROM/U0/synth_options.dist_mem_inst/gen_rom.rom_inst/spo[19]_INST_0_i_1_n_0.  Did not re-place instance student_top_inst/Mem_IROM/U0/synth_options.dist_mem_inst/gen_rom.rom_inst/spo[19]_INST_0_i_1
INFO: [Physopt 32-662] Processed net student_top_inst/u_RISCV_CORE/INST_IF_UNIT/u_if_id/p_0_in[19].  Did not re-place instance student_top_inst/u_RISCV_CORE/INST_IF_UNIT/u_if_id/ins_o[19]_i_1
INFO: [Physopt 32-662] Processed net student_top_inst/u_RISCV_CORE/INST_IF_UNIT/u_if_id/if_ins_o[19].  Did not re-place instance student_top_inst/u_RISCV_CORE/INST_IF_UNIT/u_if_id/ins_o_reg[19]
INFO: [Physopt 32-662] Processed net student_top_inst/bridge_inst/counter_inst/mem_rd_data_i[23].  Did not re-place instance student_top_inst/bridge_inst/counter_inst/u_RISCV_CORE_i_9
INFO: [Physopt 32-662] Processed net student_top_inst/bridge_inst/dram_driver_inst/Mem_DRAM/wr_data_reg_reg[23]_0.  Did not re-place instance student_top_inst/bridge_inst/dram_driver_inst/Mem_DRAM/u_RISCV_CORE_i_54
INFO: [Physopt 32-662] Processed net student_top_inst/u_RISCV_CORE/INST_MEM_BUFFER/D[15].  Did not re-place instance student_top_inst/u_RISCV_CORE/INST_MEM_BUFFER/rd_data_o[23]_i_1
INFO: [Physopt 32-662] Processed net student_top_inst/u_RISCV_CORE/INST_MEM_UNIT/mem_wr_buffer_inst/wr_data_buffer_reg[23]_0.  Did not re-place instance student_top_inst/u_RISCV_CORE/INST_MEM_UNIT/mem_wr_buffer_inst/rd_data_o[23]_i_2
INFO: [Physopt 32-662] Processed net student_top_inst/u_RISCV_CORE/INST_MEM_UNIT/mem_wr_buffer_inst/rd_data_o_reg[31]_0[15].  Did not re-place instance student_top_inst/u_RISCV_CORE/INST_MEM_UNIT/mem_wr_buffer_inst/rd_data_o_reg[23]
INFO: [Physopt 32-662] Processed net student_top_inst/bridge_inst/counter_inst/mem_rd_data_i[24].  Did not re-place instance student_top_inst/bridge_inst/counter_inst/u_RISCV_CORE_i_8
INFO: [Physopt 32-662] Processed net student_top_inst/bridge_inst/dram_driver_inst/Mem_DRAM/uut_BLOCKRAM/U0/inst_blk_mem_gen/gnbram.gnativebmg.native_blk_mem_gen/valid.cstr/has_mux_b.B/doutb[24].  Did not re-place instance student_top_inst/bridge_inst/dram_driver_inst/Mem_DRAM/uut_BLOCKRAM/U0/inst_blk_mem_gen/gnbram.gnativebmg.native_blk_mem_gen/valid.cstr/has_mux_b.B/doutb[24]_INST_0
INFO: [Physopt 32-662] Processed net student_top_inst/bridge_inst/dram_driver_inst/Mem_DRAM/wr_data_reg_reg[24]_0.  Did not re-place instance student_top_inst/bridge_inst/dram_driver_inst/Mem_DRAM/u_RISCV_CORE_i_52
INFO: [Physopt 32-662] Processed net student_top_inst/u_RISCV_CORE/INST_MEM_BUFFER/D[16].  Did not re-place instance student_top_inst/u_RISCV_CORE/INST_MEM_BUFFER/rd_data_o[24]_i_1
INFO: [Physopt 32-662] Processed net student_top_inst/u_RISCV_CORE/INST_MEM_UNIT/mem_wr_buffer_inst/wr_data_buffer_reg[24]_0.  Did not re-place instance student_top_inst/u_RISCV_CORE/INST_MEM_UNIT/mem_wr_buffer_inst/rd_data_o[24]_i_2
INFO: [Physopt 32-662] Processed net student_top_inst/u_RISCV_CORE/INST_MEM_UNIT/mem_wr_buffer_inst/rd_data_o_reg[31]_0[16].  Did not re-place instance student_top_inst/u_RISCV_CORE/INST_MEM_UNIT/mem_wr_buffer_inst/rd_data_o_reg[24]
INFO: [Physopt 32-662] Processed net student_top_inst/u_RISCV_CORE/INST_ID_UNIT/u_id_ex/Q[8].  Did not re-place instance student_top_inst/u_RISCV_CORE/INST_ID_UNIT/u_id_ex/reg1_rd_data_o_reg[8]
INFO: [Physopt 32-662] Processed net student_top_inst/u_RISCV_CORE/INST_ID_UNIT/u_id_ex/S[2].  Did not re-place instance student_top_inst/u_RISCV_CORE/INST_ID_UNIT/u_id_ex/in00_carry_i_2
INFO: [Physopt 32-662] Processed net student_top_inst/u_RISCV_CORE/INST_MEM_UNIT/mem_wr_buffer_inst/mem_wr_addr_o[25].  Did not re-place instance student_top_inst/u_RISCV_CORE/INST_MEM_UNIT/mem_wr_buffer_inst/wr_addr_buffer_reg[25]
INFO: [Physopt 32-662] Processed net student_top_inst/u_RISCV_CORE/INST_ID_UNIT/u_id_ex/Q[1].  Did not re-place instance student_top_inst/u_RISCV_CORE/INST_ID_UNIT/u_id_ex/reg1_rd_data_o_reg[1]
INFO: [Physopt 32-662] Processed net student_top_inst/u_RISCV_CORE/INST_IF_UNIT/u_if_id/if_ins_o[3].  Did not re-place instance student_top_inst/u_RISCV_CORE/INST_IF_UNIT/u_if_id/ins_o_reg[3]
INFO: [Physopt 32-662] Processed net student_top_inst/Mem_IROM/U0/synth_options.dist_mem_inst/gen_rom.rom_inst/spo[2].  Did not re-place instance student_top_inst/Mem_IROM/U0/synth_options.dist_mem_inst/gen_rom.rom_inst/spo[3]_INST_0
INFO: [Physopt 32-662] Processed net student_top_inst/Mem_IROM/U0/synth_options.dist_mem_inst/gen_rom.rom_inst/spo[3]_INST_0_i_1_n_0.  Did not re-place instance student_top_inst/Mem_IROM/U0/synth_options.dist_mem_inst/gen_rom.rom_inst/spo[3]_INST_0_i_1
INFO: [Physopt 32-662] Processed net student_top_inst/Mem_IROM/U0/synth_options.dist_mem_inst/gen_rom.rom_inst/spo[3]_INST_0_i_4_n_0.  Did not re-place instance student_top_inst/Mem_IROM/U0/synth_options.dist_mem_inst/gen_rom.rom_inst/spo[3]_INST_0_i_4
INFO: [Physopt 32-662] Processed net student_top_inst/u_RISCV_CORE/INST_ID_UNIT/u_id_ex/pc_o[13]_i_21_n_0.  Did not re-place instance student_top_inst/u_RISCV_CORE/INST_ID_UNIT/u_id_ex/pc_o[13]_i_21
INFO: [Physopt 32-662] Processed net student_top_inst/u_RISCV_CORE/INST_ID_UNIT/u_id_ex/reg2_rd_data_o_reg[7]_0[0].  Did not re-place instance student_top_inst/u_RISCV_CORE/INST_ID_UNIT/u_id_ex/sltu_1_2_carry_i_8
INFO: [Physopt 32-662] Processed net student_top_inst/u_RISCV_CORE/INST_IF_UNIT/u_if_id/p_0_in[3].  Did not re-place instance student_top_inst/u_RISCV_CORE/INST_IF_UNIT/u_if_id/ins_o[3]_i_1
INFO: [Physopt 32-662] Processed net student_top_inst/u_RISCV_CORE/INST_ID_UNIT/u_id_ex/reg2_rd_data_o_reg[31]_0[1].  Did not re-place instance student_top_inst/u_RISCV_CORE/INST_ID_UNIT/u_id_ex/reg2_rd_data_o_reg[1]
INFO: [Physopt 32-662] Processed net student_top_inst/u_RISCV_CORE/INST_IF_UNIT/u_if_id/ins_o_reg[23]_0[4].  Did not re-place instance student_top_inst/u_RISCV_CORE/INST_IF_UNIT/u_if_id/reg2_rd_data_o[4]_i_1
INFO: [Physopt 32-662] Processed net student_top_inst/u_RISCV_CORE/INST_ID_UNIT/u_id_ex/ins_o_reg[3]_0[1].  Did not re-place instance student_top_inst/u_RISCV_CORE/INST_ID_UNIT/u_id_ex/reg_wr_data_o[1]_i_1
INFO: [Physopt 32-662] Processed net student_top_inst/u_RISCV_CORE/INST_AREA_PREDICTOR/predict_taken_reg_i_17_n_0.  Did not re-place instance student_top_inst/u_RISCV_CORE/INST_AREA_PREDICTOR/predict_taken_reg_i_17
INFO: [Physopt 32-661] Optimized 71 nets.  Re-placed 71 instances.
INFO: [Physopt 32-775] End 1 Pass. Optimized 71 nets or cells. Created 0 new cell, deleted 0 existing cell and moved 71 existing cells
INFO: [Physopt 32-619] Estimated Timing Summary | WNS=-0.262 | TNS=-0.743 |
Netlist sorting complete. Time (s): cpu = 00:00:00 ; elapsed = 00:00:00.001 . Memory (MB): peak = 2193.938 ; gain = 0.000
Phase 9 Single Cell Placement Optimization | Checksum: 2682b7625

Time (s): cpu = 00:00:21 ; elapsed = 00:00:13 . Memory (MB): peak = 2193.938 ; gain = 18.016

Phase 10 Multi Cell Placement Optimization
INFO: [Physopt 32-660] Identified 100 candidate nets for placement-based optimization.
INFO: [Physopt 32-662] Processed net student_top_inst/bridge_inst/counter_inst/mem_rd_data_i[12].  Did not re-place instance student_top_inst/bridge_inst/counter_inst/u_RISCV_CORE_i_20/O
INFO: [Physopt 32-662] Processed net student_top_inst/bridge_inst/dram_driver_inst/Mem_DRAM/uut_BLOCKRAM/U0/inst_blk_mem_gen/gnbram.gnativebmg.native_blk_mem_gen/valid.cstr/has_mux_b.B/doutb[12].  Did not re-place instance student_top_inst/bridge_inst/dram_driver_inst/Mem_DRAM/uut_BLOCKRAM/U0/inst_blk_mem_gen/gnbram.gnativebmg.native_blk_mem_gen/valid.cstr/has_mux_b.B/doutb[12]_INST_0/O
INFO: [Physopt 32-662] Processed net student_top_inst/bridge_inst/dram_driver_inst/Mem_DRAM/wr_data_reg_reg[12]_0.  Did not re-place instance student_top_inst/bridge_inst/dram_driver_inst/Mem_DRAM/u_RISCV_CORE_i_76/O
INFO: [Physopt 32-662] Processed net student_top_inst/u_RISCV_CORE/INST_MEM_BUFFER/D[4].  Did not re-place instance student_top_inst/u_RISCV_CORE/INST_MEM_BUFFER/rd_data_o[12]_i_1/O
INFO: [Physopt 32-662] Processed net student_top_inst/u_RISCV_CORE/INST_MEM_UNIT/mem_wr_buffer_inst/wr_data_buffer_reg[12]_0.  Did not re-place instance student_top_inst/u_RISCV_CORE/INST_MEM_UNIT/mem_wr_buffer_inst/rd_data_o[12]_i_2/O
INFO: [Physopt 32-662] Processed net student_top_inst/bridge_inst/counter_inst/mem_rd_data_i[10].  Did not re-place instance student_top_inst/bridge_inst/counter_inst/u_RISCV_CORE_i_22/O
INFO: [Physopt 32-662] Processed net student_top_inst/bridge_inst/dram_driver_inst/Mem_DRAM/uut_BLOCKRAM/U0/inst_blk_mem_gen/gnbram.gnativebmg.native_blk_mem_gen/valid.cstr/has_mux_b.B/doutb[10].  Did not re-place instance student_top_inst/bridge_inst/dram_driver_inst/Mem_DRAM/uut_BLOCKRAM/U0/inst_blk_mem_gen/gnbram.gnativebmg.native_blk_mem_gen/valid.cstr/has_mux_b.B/doutb[10]_INST_0/O
INFO: [Physopt 32-662] Processed net student_top_inst/bridge_inst/dram_driver_inst/Mem_DRAM/wr_data_reg_reg[10]_0.  Did not re-place instance student_top_inst/bridge_inst/dram_driver_inst/Mem_DRAM/u_RISCV_CORE_i_80/O
INFO: [Physopt 32-662] Processed net student_top_inst/u_RISCV_CORE/INST_MEM_BUFFER/D[2].  Did not re-place instance student_top_inst/u_RISCV_CORE/INST_MEM_BUFFER/rd_data_o[10]_i_1/O
INFO: [Physopt 32-662] Processed net student_top_inst/u_RISCV_CORE/INST_MEM_UNIT/mem_wr_buffer_inst/wr_data_buffer_reg[10]_0.  Did not re-place instance student_top_inst/u_RISCV_CORE/INST_MEM_UNIT/mem_wr_buffer_inst/rd_data_o[10]_i_2/O
INFO: [Physopt 32-662] Processed net student_top_inst/bridge_inst/counter_inst/mem_rd_data_i[20].  Did not re-place instance student_top_inst/bridge_inst/counter_inst/u_RISCV_CORE_i_12/O
INFO: [Physopt 32-662] Processed net student_top_inst/bridge_inst/dram_driver_inst/Mem_DRAM/uut_BLOCKRAM/U0/inst_blk_mem_gen/gnbram.gnativebmg.native_blk_mem_gen/valid.cstr/has_mux_b.B/doutb[20].  Did not re-place instance student_top_inst/bridge_inst/dram_driver_inst/Mem_DRAM/uut_BLOCKRAM/U0/inst_blk_mem_gen/gnbram.gnativebmg.native_blk_mem_gen/valid.cstr/has_mux_b.B/doutb[20]_INST_0/O
INFO: [Physopt 32-662] Processed net student_top_inst/bridge_inst/dram_driver_inst/Mem_DRAM/wr_data_reg_reg[20]_0.  Did not re-place instance student_top_inst/bridge_inst/dram_driver_inst/Mem_DRAM/u_RISCV_CORE_i_60/O
INFO: [Physopt 32-662] Processed net student_top_inst/u_RISCV_CORE/INST_MEM_BUFFER/D[12].  Did not re-place instance student_top_inst/u_RISCV_CORE/INST_MEM_BUFFER/rd_data_o[20]_i_1/O
INFO: [Physopt 32-662] Processed net student_top_inst/u_RISCV_CORE/INST_MEM_UNIT/mem_wr_buffer_inst/wr_data_buffer_reg[20]_0.  Did not re-place instance student_top_inst/u_RISCV_CORE/INST_MEM_UNIT/mem_wr_buffer_inst/rd_data_o[20]_i_2/O
INFO: [Physopt 32-662] Processed net student_top_inst/bridge_inst/counter_inst/mem_rd_data_i[13].  Did not re-place instance student_top_inst/bridge_inst/counter_inst/u_RISCV_CORE_i_19/O
INFO: [Physopt 32-662] Processed net student_top_inst/bridge_inst/dram_driver_inst/Mem_DRAM/uut_BLOCKRAM/U0/inst_blk_mem_gen/gnbram.gnativebmg.native_blk_mem_gen/valid.cstr/has_mux_b.B/doutb[13].  Did not re-place instance student_top_inst/bridge_inst/dram_driver_inst/Mem_DRAM/uut_BLOCKRAM/U0/inst_blk_mem_gen/gnbram.gnativebmg.native_blk_mem_gen/valid.cstr/has_mux_b.B/doutb[13]_INST_0/O
INFO: [Physopt 32-662] Processed net student_top_inst/bridge_inst/dram_driver_inst/Mem_DRAM/wr_data_reg_reg[13]_0.  Did not re-place instance student_top_inst/bridge_inst/dram_driver_inst/Mem_DRAM/u_RISCV_CORE_i_74/O
INFO: [Physopt 32-662] Processed net student_top_inst/u_RISCV_CORE/INST_MEM_BUFFER/D[5].  Did not re-place instance student_top_inst/u_RISCV_CORE/INST_MEM_BUFFER/rd_data_o[13]_i_1/O
INFO: [Physopt 32-662] Processed net student_top_inst/u_RISCV_CORE/INST_MEM_UNIT/mem_wr_buffer_inst/wr_data_buffer_reg[13]_0.  Did not re-place instance student_top_inst/u_RISCV_CORE/INST_MEM_UNIT/mem_wr_buffer_inst/rd_data_o[13]_i_2/O
INFO: [Physopt 32-662] Processed net student_top_inst/bridge_inst/counter_inst/mem_rd_data_i[2].  Did not re-place instance student_top_inst/bridge_inst/counter_inst/u_RISCV_CORE_i_30/O
INFO: [Physopt 32-662] Processed net student_top_inst/bridge_inst/dram_driver_inst/Mem_DRAM/uut_BLOCKRAM/U0/inst_blk_mem_gen/gnbram.gnativebmg.native_blk_mem_gen/valid.cstr/has_mux_b.B/doutb[2].  Did not re-place instance student_top_inst/bridge_inst/dram_driver_inst/Mem_DRAM/uut_BLOCKRAM/U0/inst_blk_mem_gen/gnbram.gnativebmg.native_blk_mem_gen/valid.cstr/has_mux_b.B/doutb[2]_INST_0/O
INFO: [Physopt 32-662] Processed net student_top_inst/bridge_inst/dram_driver_inst/Mem_DRAM/wr_data_reg_reg[2]_0.  Did not re-place instance student_top_inst/bridge_inst/dram_driver_inst/Mem_DRAM/u_RISCV_CORE_i_96/O
INFO: [Physopt 32-662] Processed net student_top_inst/u_RISCV_CORE/INST_MEM_UNIT/mem_wr_buffer_inst/p_0_in[2].  Did not re-place instance student_top_inst/u_RISCV_CORE/INST_MEM_UNIT/mem_wr_buffer_inst/rd_data_o[2]_i_1/O
INFO: [Physopt 32-662] Processed net student_top_inst/bridge_inst/counter_inst/mem_rd_data_i[9].  Did not re-place instance student_top_inst/bridge_inst/counter_inst/u_RISCV_CORE_i_23/O
INFO: [Physopt 32-661] Optimized 1 net.  Re-placed 2 instances.
INFO: [Physopt 32-775] End 1 Pass. Optimized 1 net or cell. Created 0 new cell, deleted 0 existing cell and moved 2 existing cells
INFO: [Physopt 32-619] Estimated Timing Summary | WNS=-0.262 | TNS=-0.727 |
Netlist sorting complete. Time (s): cpu = 00:00:00 ; elapsed = 00:00:00.001 . Memory (MB): peak = 2194.191 ; gain = 0.000
Phase 10 Multi Cell Placement Optimization | Checksum: 1ff37e628

Time (s): cpu = 00:00:22 ; elapsed = 00:00:14 . Memory (MB): peak = 2194.191 ; gain = 18.270

Phase 11 Rewire
INFO: [Physopt 32-246] Starting Signal Push optimization...
INFO: [Physopt 32-241] No nets found for rewiring () optimization.
INFO: [Physopt 32-232] Optimized 0 net. Created 0 new instance.
INFO: [Physopt 32-775] End 1 Pass. Optimized 0 net or cell. Created 0 new cell, deleted 0 existing cell and moved 0 existing cell
Netlist sorting complete. Time (s): cpu = 00:00:00 ; elapsed = 00:00:00.001 . Memory (MB): peak = 2194.191 ; gain = 0.000
Phase 11 Rewire | Checksum: 1ff37e628

Time (s): cpu = 00:00:22 ; elapsed = 00:00:14 . Memory (MB): peak = 2194.191 ; gain = 18.270

Phase 12 Critical Cell Optimization
INFO: [Physopt 32-68] No nets found for critical-cell optimization.
INFO: [Physopt 32-232] Optimized 0 net. Created 0 new instance.
INFO: [Physopt 32-775] End 1 Pass. Optimized 0 net or cell. Created 0 new cell, deleted 0 existing cell and moved 0 existing cell
Phase 12 Critical Cell Optimization | Checksum: 1ff37e628

Time (s): cpu = 00:00:22 ; elapsed = 00:00:14 . Memory (MB): peak = 2194.191 ; gain = 18.270

Phase 13 SLR Crossing Optimization
Phase 13 SLR Crossing Optimization | Checksum: 1ff37e628

Time (s): cpu = 00:00:22 ; elapsed = 00:00:14 . Memory (MB): peak = 2194.191 ; gain = 18.270

Phase 14 Fanout Optimization
INFO: [Physopt 32-76] Pass 1. Identified 4 candidate nets for fanout optimization.
INFO: [Physopt 32-782] Net student_top_inst/u_RISCV_CORE/INST_IF_UNIT/u_pc/pc_o_reg[13]_0 was not replicated
INFO: [Physopt 32-780] Instance student_top_inst/u_RISCV_CORE has DONT_TOUCH and is preventing optimization
Resolution: Removing DONT_TOUCH attributes may enable additional optimization
INFO: [Physopt 32-782] Net student_top_inst/u_RISCV_CORE/INST_IF_UNIT/u_pc/pc_o_reg[8]_0 was not replicated
INFO: [Physopt 32-780] Instance student_top_inst/u_RISCV_CORE has DONT_TOUCH and is preventing optimization
Resolution: Removing DONT_TOUCH attributes may enable additional optimization
INFO: [Physopt 32-782] Net student_top_inst/u_RISCV_CORE/INST_IF_UNIT/u_pc/pc_o_reg[4]_0 was not replicated
INFO: [Physopt 32-780] Instance student_top_inst/u_RISCV_CORE has DONT_TOUCH and is preventing optimization
Resolution: Removing DONT_TOUCH attributes may enable additional optimization
INFO: [Physopt 32-572] Net student_top_inst/u_RISCV_CORE/INST_IF_UNIT/u_pc/pc_o_reg[2]_0 was not replicated.
Resolution: phys_opt_design can be forced to replicate a net driver using the option -force_replication_on_nets <list of net objects>.
INFO: [Physopt 32-232] Optimized 0 net. Created 0 new instance.
INFO: [Physopt 32-775] End 1 Pass. Optimized 0 net or cell. Created 0 new cell, deleted 0 existing cell and moved 0 existing cell
Netlist sorting complete. Time (s): cpu = 00:00:00 ; elapsed = 00:00:00.006 . Memory (MB): peak = 2194.645 ; gain = 0.000
Phase 14 Fanout Optimization | Checksum: 1ff37e628

Time (s): cpu = 00:00:22 ; elapsed = 00:00:14 . Memory (MB): peak = 2194.645 ; gain = 18.723

Phase 15 Single Cell Placement Optimization
INFO: [Physopt 32-660] Identified 249 candidate nets for placement-based optimization.
INFO: [Physopt 32-662] Processed net student_top_inst/bridge_inst/counter_inst/mem_rd_data_i[12].  Did not re-place instance student_top_inst/bridge_inst/counter_inst/u_RISCV_CORE_i_20
INFO: [Physopt 32-662] Processed net student_top_inst/bridge_inst/dram_driver_inst/Mem_DRAM/uut_BLOCKRAM/U0/inst_blk_mem_gen/gnbram.gnativebmg.native_blk_mem_gen/valid.cstr/has_mux_b.B/doutb[12].  Did not re-place instance student_top_inst/bridge_inst/dram_driver_inst/Mem_DRAM/uut_BLOCKRAM/U0/inst_blk_mem_gen/gnbram.gnativebmg.native_blk_mem_gen/valid.cstr/has_mux_b.B/doutb[12]_INST_0
INFO: [Physopt 32-662] Processed net student_top_inst/bridge_inst/dram_driver_inst/Mem_DRAM/wr_data_reg_reg[12]_0.  Did not re-place instance student_top_inst/bridge_inst/dram_driver_inst/Mem_DRAM/u_RISCV_CORE_i_76
INFO: [Physopt 32-662] Processed net student_top_inst/u_RISCV_CORE/INST_MEM_BUFFER/D[4].  Did not re-place instance student_top_inst/u_RISCV_CORE/INST_MEM_BUFFER/rd_data_o[12]_i_1
INFO: [Physopt 32-662] Processed net student_top_inst/u_RISCV_CORE/INST_MEM_UNIT/mem_wr_buffer_inst/wr_data_buffer_reg[12]_0.  Did not re-place instance student_top_inst/u_RISCV_CORE/INST_MEM_UNIT/mem_wr_buffer_inst/rd_data_o[12]_i_2
INFO: [Physopt 32-662] Processed net student_top_inst/u_RISCV_CORE/INST_MEM_UNIT/mem_wr_buffer_inst/p_5_in[4].  Did not re-place instance student_top_inst/u_RISCV_CORE/INST_MEM_UNIT/mem_wr_buffer_inst/rd_data_o_reg[12]
INFO: [Physopt 32-662] Processed net student_top_inst/bridge_inst/counter_inst/mem_rd_data_i[10].  Did not re-place instance student_top_inst/bridge_inst/counter_inst/u_RISCV_CORE_i_22
INFO: [Physopt 32-662] Processed net student_top_inst/bridge_inst/dram_driver_inst/Mem_DRAM/uut_BLOCKRAM/U0/inst_blk_mem_gen/gnbram.gnativebmg.native_blk_mem_gen/valid.cstr/has_mux_b.B/doutb[10].  Did not re-place instance student_top_inst/bridge_inst/dram_driver_inst/Mem_DRAM/uut_BLOCKRAM/U0/inst_blk_mem_gen/gnbram.gnativebmg.native_blk_mem_gen/valid.cstr/has_mux_b.B/doutb[10]_INST_0
INFO: [Physopt 32-662] Processed net student_top_inst/bridge_inst/dram_driver_inst/Mem_DRAM/wr_data_reg_reg[10]_0.  Did not re-place instance student_top_inst/bridge_inst/dram_driver_inst/Mem_DRAM/u_RISCV_CORE_i_80
INFO: [Physopt 32-662] Processed net student_top_inst/u_RISCV_CORE/INST_MEM_BUFFER/D[2].  Did not re-place instance student_top_inst/u_RISCV_CORE/INST_MEM_BUFFER/rd_data_o[10]_i_1
INFO: [Physopt 32-662] Processed net student_top_inst/u_RISCV_CORE/INST_MEM_UNIT/mem_wr_buffer_inst/wr_data_buffer_reg[10]_0.  Did not re-place instance student_top_inst/u_RISCV_CORE/INST_MEM_UNIT/mem_wr_buffer_inst/rd_data_o[10]_i_2
INFO: [Physopt 32-662] Processed net student_top_inst/u_RISCV_CORE/INST_MEM_UNIT/mem_wr_buffer_inst/p_5_in[2].  Did not re-place instance student_top_inst/u_RISCV_CORE/INST_MEM_UNIT/mem_wr_buffer_inst/rd_data_o_reg[10]
INFO: [Physopt 32-662] Processed net student_top_inst/bridge_inst/counter_inst/mem_rd_data_i[20].  Did not re-place instance student_top_inst/bridge_inst/counter_inst/u_RISCV_CORE_i_12
INFO: [Physopt 32-662] Processed net student_top_inst/bridge_inst/dram_driver_inst/Mem_DRAM/uut_BLOCKRAM/U0/inst_blk_mem_gen/gnbram.gnativebmg.native_blk_mem_gen/valid.cstr/has_mux_b.B/doutb[20].  Did not re-place instance student_top_inst/bridge_inst/dram_driver_inst/Mem_DRAM/uut_BLOCKRAM/U0/inst_blk_mem_gen/gnbram.gnativebmg.native_blk_mem_gen/valid.cstr/has_mux_b.B/doutb[20]_INST_0
INFO: [Physopt 32-662] Processed net student_top_inst/bridge_inst/dram_driver_inst/Mem_DRAM/wr_data_reg_reg[20]_0.  Did not re-place instance student_top_inst/bridge_inst/dram_driver_inst/Mem_DRAM/u_RISCV_CORE_i_60
INFO: [Physopt 32-662] Processed net student_top_inst/u_RISCV_CORE/INST_MEM_BUFFER/D[12].  Did not re-place instance student_top_inst/u_RISCV_CORE/INST_MEM_BUFFER/rd_data_o[20]_i_1
INFO: [Physopt 32-662] Processed net student_top_inst/u_RISCV_CORE/INST_MEM_UNIT/mem_wr_buffer_inst/wr_data_buffer_reg[20]_0.  Did not re-place instance student_top_inst/u_RISCV_CORE/INST_MEM_UNIT/mem_wr_buffer_inst/rd_data_o[20]_i_2
INFO: [Physopt 32-662] Processed net student_top_inst/u_RISCV_CORE/INST_MEM_UNIT/mem_wr_buffer_inst/rd_data_o_reg[31]_0[12].  Did not re-place instance student_top_inst/u_RISCV_CORE/INST_MEM_UNIT/mem_wr_buffer_inst/rd_data_o_reg[20]
INFO: [Physopt 32-662] Processed net student_top_inst/bridge_inst/counter_inst/mem_rd_data_i[13].  Did not re-place instance student_top_inst/bridge_inst/counter_inst/u_RISCV_CORE_i_19
INFO: [Physopt 32-662] Processed net student_top_inst/bridge_inst/dram_driver_inst/Mem_DRAM/uut_BLOCKRAM/U0/inst_blk_mem_gen/gnbram.gnativebmg.native_blk_mem_gen/valid.cstr/has_mux_b.B/doutb[13].  Did not re-place instance student_top_inst/bridge_inst/dram_driver_inst/Mem_DRAM/uut_BLOCKRAM/U0/inst_blk_mem_gen/gnbram.gnativebmg.native_blk_mem_gen/valid.cstr/has_mux_b.B/doutb[13]_INST_0
INFO: [Physopt 32-662] Processed net student_top_inst/bridge_inst/dram_driver_inst/Mem_DRAM/wr_data_reg_reg[13]_0.  Did not re-place instance student_top_inst/bridge_inst/dram_driver_inst/Mem_DRAM/u_RISCV_CORE_i_74
INFO: [Physopt 32-662] Processed net student_top_inst/u_RISCV_CORE/INST_MEM_BUFFER/D[5].  Did not re-place instance student_top_inst/u_RISCV_CORE/INST_MEM_BUFFER/rd_data_o[13]_i_1
INFO: [Physopt 32-662] Processed net student_top_inst/u_RISCV_CORE/INST_MEM_UNIT/mem_wr_buffer_inst/wr_data_buffer_reg[13]_0.  Did not re-place instance student_top_inst/u_RISCV_CORE/INST_MEM_UNIT/mem_wr_buffer_inst/rd_data_o[13]_i_2
INFO: [Physopt 32-662] Processed net student_top_inst/u_RISCV_CORE/INST_MEM_UNIT/mem_wr_buffer_inst/p_5_in[5].  Did not re-place instance student_top_inst/u_RISCV_CORE/INST_MEM_UNIT/mem_wr_buffer_inst/rd_data_o_reg[13]
INFO: [Physopt 32-662] Processed net student_top_inst/bridge_inst/counter_inst/mem_rd_data_i[2].  Did not re-place instance student_top_inst/bridge_inst/counter_inst/u_RISCV_CORE_i_30
INFO: [Physopt 32-662] Processed net student_top_inst/bridge_inst/dram_driver_inst/Mem_DRAM/uut_BLOCKRAM/U0/inst_blk_mem_gen/gnbram.gnativebmg.native_blk_mem_gen/valid.cstr/has_mux_b.B/doutb[2].  Did not re-place instance student_top_inst/bridge_inst/dram_driver_inst/Mem_DRAM/uut_BLOCKRAM/U0/inst_blk_mem_gen/gnbram.gnativebmg.native_blk_mem_gen/valid.cstr/has_mux_b.B/doutb[2]_INST_0
INFO: [Physopt 32-662] Processed net student_top_inst/bridge_inst/dram_driver_inst/Mem_DRAM/wr_data_reg_reg[2]_0.  Did not re-place instance student_top_inst/bridge_inst/dram_driver_inst/Mem_DRAM/u_RISCV_CORE_i_96
INFO: [Physopt 32-662] Processed net student_top_inst/bridge_inst/counter_inst/mem_rd_data_i[21].  Did not re-place instance student_top_inst/bridge_inst/counter_inst/u_RISCV_CORE_i_11
INFO: [Physopt 32-662] Processed net student_top_inst/bridge_inst/dram_driver_inst/Mem_DRAM/uut_BLOCKRAM/U0/inst_blk_mem_gen/gnbram.gnativebmg.native_blk_mem_gen/valid.cstr/has_mux_b.B/doutb[21].  Did not re-place instance student_top_inst/bridge_inst/dram_driver_inst/Mem_DRAM/uut_BLOCKRAM/U0/inst_blk_mem_gen/gnbram.gnativebmg.native_blk_mem_gen/valid.cstr/has_mux_b.B/doutb[21]_INST_0
INFO: [Physopt 32-662] Processed net student_top_inst/bridge_inst/dram_driver_inst/Mem_DRAM/wr_data_reg_reg[21]_0.  Did not re-place instance student_top_inst/bridge_inst/dram_driver_inst/Mem_DRAM/u_RISCV_CORE_i_58
INFO: [Physopt 32-662] Processed net student_top_inst/u_RISCV_CORE/INST_MEM_BUFFER/D[13].  Did not re-place instance student_top_inst/u_RISCV_CORE/INST_MEM_BUFFER/rd_data_o[21]_i_1
INFO: [Physopt 32-662] Processed net student_top_inst/u_RISCV_CORE/INST_MEM_UNIT/mem_wr_buffer_inst/wr_data_buffer_reg[21]_0.  Did not re-place instance student_top_inst/u_RISCV_CORE/INST_MEM_UNIT/mem_wr_buffer_inst/rd_data_o[21]_i_2
INFO: [Physopt 32-662] Processed net student_top_inst/u_RISCV_CORE/INST_MEM_UNIT/mem_wr_buffer_inst/rd_data_o_reg[31]_0[13].  Did not re-place instance student_top_inst/u_RISCV_CORE/INST_MEM_UNIT/mem_wr_buffer_inst/rd_data_o_reg[21]
INFO: [Physopt 32-662] Processed net student_top_inst/bridge_inst/counter_inst/mem_rd_data_i[30].  Did not re-place instance student_top_inst/bridge_inst/counter_inst/u_RISCV_CORE_i_2
INFO: [Physopt 32-662] Processed net student_top_inst/bridge_inst/dram_driver_inst/Mem_DRAM/uut_BLOCKRAM/U0/inst_blk_mem_gen/gnbram.gnativebmg.native_blk_mem_gen/valid.cstr/has_mux_b.B/doutb[30].  Did not re-place instance student_top_inst/bridge_inst/dram_driver_inst/Mem_DRAM/uut_BLOCKRAM/U0/inst_blk_mem_gen/gnbram.gnativebmg.native_blk_mem_gen/valid.cstr/has_mux_b.B/doutb[30]_INST_0
INFO: [Physopt 32-662] Processed net student_top_inst/bridge_inst/dram_driver_inst/Mem_DRAM/wr_data_reg_reg[30]_0.  Did not re-place instance student_top_inst/bridge_inst/dram_driver_inst/Mem_DRAM/u_RISCV_CORE_i_39
INFO: [Physopt 32-662] Processed net student_top_inst/u_RISCV_CORE/INST_MEM_BUFFER/D[22].  Did not re-place instance student_top_inst/u_RISCV_CORE/INST_MEM_BUFFER/rd_data_o[30]_i_1
INFO: [Physopt 32-662] Processed net student_top_inst/u_RISCV_CORE/INST_MEM_UNIT/mem_wr_buffer_inst/wr_data_buffer_reg[30]_0.  Did not re-place instance student_top_inst/u_RISCV_CORE/INST_MEM_UNIT/mem_wr_buffer_inst/rd_data_o[30]_i_2
INFO: [Physopt 32-662] Processed net student_top_inst/u_RISCV_CORE/INST_MEM_UNIT/mem_wr_buffer_inst/rd_data_o_reg[31]_0[22].  Did not re-place instance student_top_inst/u_RISCV_CORE/INST_MEM_UNIT/mem_wr_buffer_inst/rd_data_o_reg[30]
INFO: [Physopt 32-662] Processed net student_top_inst/bridge_inst/counter_inst/mem_rd_data_i[27].  Did not re-place instance student_top_inst/bridge_inst/counter_inst/u_RISCV_CORE_i_5
INFO: [Physopt 32-662] Processed net student_top_inst/bridge_inst/dram_driver_inst/Mem_DRAM/uut_BLOCKRAM/U0/inst_blk_mem_gen/gnbram.gnativebmg.native_blk_mem_gen/valid.cstr/has_mux_b.B/doutb[27].  Did not re-place instance student_top_inst/bridge_inst/dram_driver_inst/Mem_DRAM/uut_BLOCKRAM/U0/inst_blk_mem_gen/gnbram.gnativebmg.native_blk_mem_gen/valid.cstr/has_mux_b.B/doutb[27]_INST_0
INFO: [Physopt 32-662] Processed net student_top_inst/bridge_inst/dram_driver_inst/Mem_DRAM/wr_data_reg_reg[27]_0.  Did not re-place instance student_top_inst/bridge_inst/dram_driver_inst/Mem_DRAM/u_RISCV_CORE_i_45
INFO: [Physopt 32-662] Processed net student_top_inst/u_RISCV_CORE/INST_MEM_BUFFER/D[19].  Did not re-place instance student_top_inst/u_RISCV_CORE/INST_MEM_BUFFER/rd_data_o[27]_i_1
INFO: [Physopt 32-662] Processed net student_top_inst/u_RISCV_CORE/INST_MEM_UNIT/mem_wr_buffer_inst/wr_data_buffer_reg[27]_0.  Did not re-place instance student_top_inst/u_RISCV_CORE/INST_MEM_UNIT/mem_wr_buffer_inst/rd_data_o[27]_i_2
INFO: [Physopt 32-662] Processed net student_top_inst/u_RISCV_CORE/INST_MEM_UNIT/mem_wr_buffer_inst/rd_data_o_reg[31]_0[19].  Did not re-place instance student_top_inst/u_RISCV_CORE/INST_MEM_UNIT/mem_wr_buffer_inst/rd_data_o_reg[27]
INFO: [Physopt 32-662] Processed net student_top_inst/bridge_inst/counter_inst/mem_rd_data_i[4].  Did not re-place instance student_top_inst/bridge_inst/counter_inst/u_RISCV_CORE_i_28
INFO: [Physopt 32-662] Processed net student_top_inst/bridge_inst/dram_driver_inst/Mem_DRAM/uut_BLOCKRAM/U0/inst_blk_mem_gen/gnbram.gnativebmg.native_blk_mem_gen/valid.cstr/has_mux_b.B/doutb[4].  Did not re-place instance student_top_inst/bridge_inst/dram_driver_inst/Mem_DRAM/uut_BLOCKRAM/U0/inst_blk_mem_gen/gnbram.gnativebmg.native_blk_mem_gen/valid.cstr/has_mux_b.B/doutb[4]_INST_0
INFO: [Physopt 32-662] Processed net student_top_inst/bridge_inst/dram_driver_inst/Mem_DRAM/wr_data_reg_reg[4]_0.  Did not re-place instance student_top_inst/bridge_inst/dram_driver_inst/Mem_DRAM/u_RISCV_CORE_i_92
INFO: [Physopt 32-662] Processed net student_top_inst/u_RISCV_CORE/INST_MEM_UNIT/mem_wr_buffer_inst/p_0_in[4].  Did not re-place instance student_top_inst/u_RISCV_CORE/INST_MEM_UNIT/mem_wr_buffer_inst/rd_data_o[4]_i_1
INFO: [Physopt 32-662] Processed net student_top_inst/u_RISCV_CORE/INST_MEM_UNIT/mem_wr_buffer_inst/rd_data_o_reg[31]_0[4].  Did not re-place instance student_top_inst/u_RISCV_CORE/INST_MEM_UNIT/mem_wr_buffer_inst/rd_data_o_reg[4]
INFO: [Physopt 32-662] Processed net student_top_inst/bridge_inst/counter_inst/mem_rd_data_i[5].  Did not re-place instance student_top_inst/bridge_inst/counter_inst/u_RISCV_CORE_i_27
INFO: [Physopt 32-662] Processed net student_top_inst/bridge_inst/dram_driver_inst/Mem_DRAM/uut_BLOCKRAM/U0/inst_blk_mem_gen/gnbram.gnativebmg.native_blk_mem_gen/valid.cstr/has_mux_b.B/doutb[5].  Did not re-place instance student_top_inst/bridge_inst/dram_driver_inst/Mem_DRAM/uut_BLOCKRAM/U0/inst_blk_mem_gen/gnbram.gnativebmg.native_blk_mem_gen/valid.cstr/has_mux_b.B/doutb[5]_INST_0
INFO: [Physopt 32-662] Processed net student_top_inst/bridge_inst/dram_driver_inst/Mem_DRAM/wr_data_reg_reg[5]_0.  Did not re-place instance student_top_inst/bridge_inst/dram_driver_inst/Mem_DRAM/u_RISCV_CORE_i_90
INFO: [Physopt 32-662] Processed net student_top_inst/u_RISCV_CORE/INST_MEM_UNIT/mem_wr_buffer_inst/p_0_in[5].  Did not re-place instance student_top_inst/u_RISCV_CORE/INST_MEM_UNIT/mem_wr_buffer_inst/rd_data_o[5]_i_1
INFO: [Physopt 32-662] Processed net student_top_inst/u_RISCV_CORE/INST_MEM_UNIT/mem_wr_buffer_inst/rd_data_o_reg[31]_0[5].  Did not re-place instance student_top_inst/u_RISCV_CORE/INST_MEM_UNIT/mem_wr_buffer_inst/rd_data_o_reg[5]
INFO: [Physopt 32-662] Processed net student_top_inst/bridge_inst/counter_inst/mem_rd_data_i[19].  Did not re-place instance student_top_inst/bridge_inst/counter_inst/u_RISCV_CORE_i_13
INFO: [Physopt 32-662] Processed net student_top_inst/bridge_inst/dram_driver_inst/Mem_DRAM/uut_BLOCKRAM/U0/inst_blk_mem_gen/gnbram.gnativebmg.native_blk_mem_gen/valid.cstr/has_mux_b.B/doutb[19].  Did not re-place instance student_top_inst/bridge_inst/dram_driver_inst/Mem_DRAM/uut_BLOCKRAM/U0/inst_blk_mem_gen/gnbram.gnativebmg.native_blk_mem_gen/valid.cstr/has_mux_b.B/doutb[19]_INST_0
INFO: [Physopt 32-662] Processed net student_top_inst/bridge_inst/dram_driver_inst/Mem_DRAM/wr_data_reg_reg[19]_0.  Did not re-place instance student_top_inst/bridge_inst/dram_driver_inst/Mem_DRAM/u_RISCV_CORE_i_62
INFO: [Physopt 32-662] Processed net student_top_inst/u_RISCV_CORE/INST_MEM_BUFFER/D[11].  Did not re-place instance student_top_inst/u_RISCV_CORE/INST_MEM_BUFFER/rd_data_o[19]_i_1
INFO: [Physopt 32-662] Processed net student_top_inst/u_RISCV_CORE/INST_MEM_UNIT/mem_wr_buffer_inst/wr_data_buffer_reg[19]_0.  Did not re-place instance student_top_inst/u_RISCV_CORE/INST_MEM_UNIT/mem_wr_buffer_inst/rd_data_o[19]_i_2
INFO: [Physopt 32-662] Processed net student_top_inst/u_RISCV_CORE/INST_MEM_UNIT/mem_wr_buffer_inst/rd_data_o_reg[31]_0[11].  Did not re-place instance student_top_inst/u_RISCV_CORE/INST_MEM_UNIT/mem_wr_buffer_inst/rd_data_o_reg[19]
INFO: [Physopt 32-662] Processed net student_top_inst/u_RISCV_CORE/INST_MEM_UNIT/mem_wr_buffer_inst/rd_data_o_reg[31]_0[3].  Did not re-place instance student_top_inst/u_RISCV_CORE/INST_MEM_UNIT/mem_wr_buffer_inst/rd_data_o_reg[3]
INFO: [Physopt 32-662] Processed net student_top_inst/bridge_inst/counter_inst/mem_rd_data_i[3].  Did not re-place instance student_top_inst/bridge_inst/counter_inst/u_RISCV_CORE_i_29
INFO: [Physopt 32-662] Processed net student_top_inst/bridge_inst/counter_inst/mem_rd_data_i[9].  Did not re-place instance student_top_inst/bridge_inst/counter_inst/u_RISCV_CORE_i_23
INFO: [Physopt 32-662] Processed net student_top_inst/bridge_inst/dram_driver_inst/Mem_DRAM/uut_BLOCKRAM/U0/inst_blk_mem_gen/gnbram.gnativebmg.native_blk_mem_gen/valid.cstr/has_mux_b.B/doutb[3].  Did not re-place instance student_top_inst/bridge_inst/dram_driver_inst/Mem_DRAM/uut_BLOCKRAM/U0/inst_blk_mem_gen/gnbram.gnativebmg.native_blk_mem_gen/valid.cstr/has_mux_b.B/doutb[3]_INST_0
INFO: [Physopt 32-662] Processed net student_top_inst/bridge_inst/dram_driver_inst/Mem_DRAM/uut_BLOCKRAM/U0/inst_blk_mem_gen/gnbram.gnativebmg.native_blk_mem_gen/valid.cstr/has_mux_b.B/doutb[9].  Did not re-place instance student_top_inst/bridge_inst/dram_driver_inst/Mem_DRAM/uut_BLOCKRAM/U0/inst_blk_mem_gen/gnbram.gnativebmg.native_blk_mem_gen/valid.cstr/has_mux_b.B/doutb[9]_INST_0
INFO: [Physopt 32-662] Processed net student_top_inst/bridge_inst/dram_driver_inst/Mem_DRAM/wr_data_reg_reg[3]_0.  Did not re-place instance student_top_inst/bridge_inst/dram_driver_inst/Mem_DRAM/u_RISCV_CORE_i_94
INFO: [Physopt 32-662] Processed net student_top_inst/bridge_inst/dram_driver_inst/Mem_DRAM/wr_data_reg_reg[9]_0.  Did not re-place instance student_top_inst/bridge_inst/dram_driver_inst/Mem_DRAM/u_RISCV_CORE_i_82
INFO: [Physopt 32-662] Processed net student_top_inst/u_RISCV_CORE/INST_MEM_BUFFER/D[1].  Did not re-place instance student_top_inst/u_RISCV_CORE/INST_MEM_BUFFER/rd_data_o[9]_i_1
INFO: [Physopt 32-662] Processed net student_top_inst/u_RISCV_CORE/INST_MEM_UNIT/mem_wr_buffer_inst/p_0_in[3].  Did not re-place instance student_top_inst/u_RISCV_CORE/INST_MEM_UNIT/mem_wr_buffer_inst/rd_data_o[3]_i_1
INFO: [Physopt 32-662] Processed net student_top_inst/u_RISCV_CORE/INST_MEM_UNIT/mem_wr_buffer_inst/wr_data_buffer_reg[9]_0.  Did not re-place instance student_top_inst/u_RISCV_CORE/INST_MEM_UNIT/mem_wr_buffer_inst/rd_data_o[9]_i_2
INFO: [Physopt 32-662] Processed net student_top_inst/u_RISCV_CORE/INST_MEM_UNIT/mem_wr_buffer_inst/p_5_in[1].  Did not re-place instance student_top_inst/u_RISCV_CORE/INST_MEM_UNIT/mem_wr_buffer_inst/rd_data_o_reg[9]
INFO: [Physopt 32-662] Processed net student_top_inst/bridge_inst/counter_inst/mem_rd_data_i[24].  Did not re-place instance student_top_inst/bridge_inst/counter_inst/u_RISCV_CORE_i_8
INFO: [Physopt 32-662] Processed net student_top_inst/bridge_inst/dram_driver_inst/Mem_DRAM/uut_BLOCKRAM/U0/inst_blk_mem_gen/gnbram.gnativebmg.native_blk_mem_gen/valid.cstr/has_mux_b.B/doutb[24].  Did not re-place instance student_top_inst/bridge_inst/dram_driver_inst/Mem_DRAM/uut_BLOCKRAM/U0/inst_blk_mem_gen/gnbram.gnativebmg.native_blk_mem_gen/valid.cstr/has_mux_b.B/doutb[24]_INST_0
INFO: [Physopt 32-662] Processed net student_top_inst/bridge_inst/dram_driver_inst/Mem_DRAM/wr_data_reg_reg[24]_0.  Did not re-place instance student_top_inst/bridge_inst/dram_driver_inst/Mem_DRAM/u_RISCV_CORE_i_52
INFO: [Physopt 32-662] Processed net student_top_inst/u_RISCV_CORE/INST_MEM_BUFFER/D[16].  Did not re-place instance student_top_inst/u_RISCV_CORE/INST_MEM_BUFFER/rd_data_o[24]_i_1
INFO: [Physopt 32-662] Processed net student_top_inst/u_RISCV_CORE/INST_MEM_UNIT/mem_wr_buffer_inst/wr_data_buffer_reg[24]_0.  Did not re-place instance student_top_inst/u_RISCV_CORE/INST_MEM_UNIT/mem_wr_buffer_inst/rd_data_o[24]_i_2
INFO: [Physopt 32-662] Processed net student_top_inst/u_RISCV_CORE/INST_MEM_UNIT/mem_wr_buffer_inst/rd_data_o_reg[31]_0[16].  Did not re-place instance student_top_inst/u_RISCV_CORE/INST_MEM_UNIT/mem_wr_buffer_inst/rd_data_o_reg[24]
INFO: [Physopt 32-662] Processed net student_top_inst/bridge_inst/counter_inst/mem_rd_data_i[15].  Did not re-place instance student_top_inst/bridge_inst/counter_inst/u_RISCV_CORE_i_17
INFO: [Physopt 32-662] Processed net student_top_inst/bridge_inst/counter_inst/mem_rd_data_i[17].  Did not re-place instance student_top_inst/bridge_inst/counter_inst/u_RISCV_CORE_i_15
INFO: [Physopt 32-662] Processed net student_top_inst/bridge_inst/dram_driver_inst/Mem_DRAM/uut_BLOCKRAM/U0/inst_blk_mem_gen/gnbram.gnativebmg.native_blk_mem_gen/valid.cstr/has_mux_b.B/doutb[15].  Did not re-place instance student_top_inst/bridge_inst/dram_driver_inst/Mem_DRAM/uut_BLOCKRAM/U0/inst_blk_mem_gen/gnbram.gnativebmg.native_blk_mem_gen/valid.cstr/has_mux_b.B/doutb[15]_INST_0
INFO: [Physopt 32-662] Processed net student_top_inst/bridge_inst/dram_driver_inst/Mem_DRAM/uut_BLOCKRAM/U0/inst_blk_mem_gen/gnbram.gnativebmg.native_blk_mem_gen/valid.cstr/has_mux_b.B/doutb[17].  Did not re-place instance student_top_inst/bridge_inst/dram_driver_inst/Mem_DRAM/uut_BLOCKRAM/U0/inst_blk_mem_gen/gnbram.gnativebmg.native_blk_mem_gen/valid.cstr/has_mux_b.B/doutb[17]_INST_0
INFO: [Physopt 32-662] Processed net student_top_inst/bridge_inst/dram_driver_inst/Mem_DRAM/wr_data_reg_reg[15]_0.  Did not re-place instance student_top_inst/bridge_inst/dram_driver_inst/Mem_DRAM/u_RISCV_CORE_i_70
INFO: [Physopt 32-662] Processed net student_top_inst/bridge_inst/dram_driver_inst/Mem_DRAM/wr_data_reg_reg[17]_0.  Did not re-place instance student_top_inst/bridge_inst/dram_driver_inst/Mem_DRAM/u_RISCV_CORE_i_66
INFO: [Physopt 32-662] Processed net student_top_inst/u_RISCV_CORE/INST_MEM_BUFFER/D[7].  Did not re-place instance student_top_inst/u_RISCV_CORE/INST_MEM_BUFFER/rd_data_o[15]_i_1
INFO: [Physopt 32-662] Processed net student_top_inst/u_RISCV_CORE/INST_MEM_BUFFER/D[9].  Did not re-place instance student_top_inst/u_RISCV_CORE/INST_MEM_BUFFER/rd_data_o[17]_i_1
INFO: [Physopt 32-662] Processed net student_top_inst/u_RISCV_CORE/INST_MEM_UNIT/mem_wr_buffer_inst/wr_data_buffer_reg[15]_0.  Did not re-place instance student_top_inst/u_RISCV_CORE/INST_MEM_UNIT/mem_wr_buffer_inst/rd_data_o[15]_i_2
INFO: [Physopt 32-662] Processed net student_top_inst/u_RISCV_CORE/INST_MEM_UNIT/mem_wr_buffer_inst/wr_data_buffer_reg[17]_0.  Did not re-place instance student_top_inst/u_RISCV_CORE/INST_MEM_UNIT/mem_wr_buffer_inst/rd_data_o[17]_i_2
INFO: [Physopt 32-662] Processed net student_top_inst/u_RISCV_CORE/INST_MEM_UNIT/mem_wr_buffer_inst/p_5_in[7].  Did not re-place instance student_top_inst/u_RISCV_CORE/INST_MEM_UNIT/mem_wr_buffer_inst/rd_data_o_reg[15]
INFO: [Physopt 32-662] Processed net student_top_inst/u_RISCV_CORE/INST_MEM_UNIT/mem_wr_buffer_inst/rd_data_o_reg[31]_0[9].  Did not re-place instance student_top_inst/u_RISCV_CORE/INST_MEM_UNIT/mem_wr_buffer_inst/rd_data_o_reg[17]
INFO: [Physopt 32-662] Processed net student_top_inst/bridge_inst/dram_driver_inst/Mem_DRAM/uut_BLOCKRAM/U0/inst_blk_mem_gen/gnbram.gnativebmg.native_blk_mem_gen/valid.cstr/ramloop[60].ram.r/prim_init.ram/ramloop[0].ram.ram_ena.  Did not re-place instance student_top_inst/bridge_inst/dram_driver_inst/Mem_DRAM/uut_BLOCKRAM/U0/inst_blk_mem_gen/gnbram.gnativebmg.native_blk_mem_gen/valid.cstr/ramloop[60].ram.r/prim_init.ram/DEVICE_7SERIES.NO_BMM_INFO.SDP.SIMPLE_PRIM36.ram_i_1__2
INFO: [Physopt 32-662] Processed net student_top_inst/bridge_inst/dram_driver_inst/Mem_DRAM/uut_BLOCKRAM/U0/inst_blk_mem_gen/gnbram.gnativebmg.native_blk_mem_gen/valid.cstr/ramloop[62].ram.r/prim_init.ram/ramloop[2].ram.ram_ena.  Did not re-place instance student_top_inst/bridge_inst/dram_driver_inst/Mem_DRAM/uut_BLOCKRAM/U0/inst_blk_mem_gen/gnbram.gnativebmg.native_blk_mem_gen/valid.cstr/ramloop[62].ram.r/prim_init.ram/DEVICE_7SERIES.NO_BMM_INFO.SDP.SIMPLE_PRIM36.ram_i_1__0
INFO: [Physopt 32-662] Processed net student_top_inst/bridge_inst/dram_driver_inst/Mem_DRAM/dram_wen0.  Did not re-place instance student_top_inst/bridge_inst/dram_driver_inst/Mem_DRAM/ram_LUT2_1
INFO: [Physopt 32-662] Processed net student_top_inst/bridge_inst/dram_driver_inst/Mem_DRAM/ram_net_3.  Did not re-place instance student_top_inst/bridge_inst/dram_driver_inst/Mem_DRAM/ram_LUT6
INFO: [Physopt 32-662] Processed net student_top_inst/bridge_inst/dram_driver_inst/Mem_DRAM/ram_net_6.  Did not re-place instance student_top_inst/bridge_inst/dram_driver_inst/Mem_DRAM/ram_LUT2
INFO: [Physopt 32-662] Processed net student_top_inst/bridge_inst/dram_driver_inst/Mem_DRAM/wr_addr_buffer_reg[25].  Did not re-place instance student_top_inst/bridge_inst/dram_driver_inst/Mem_DRAM/ram_LUT4
INFO: [Physopt 32-662] Processed net student_top_inst/u_RISCV_CORE/INST_ID_UNIT/u_id_ex/Q[5].  Did not re-place instance student_top_inst/u_RISCV_CORE/INST_ID_UNIT/u_id_ex/reg1_rd_data_o_reg[5]
INFO: [Physopt 32-662] Processed net student_top_inst/bridge_inst/dram_driver_inst/Mem_DRAM/uut_BLOCKRAM/U0/inst_blk_mem_gen/gnbram.gnativebmg.native_blk_mem_gen/valid.cstr/ramloop[60].ram.r/prim_init.ram/ramloop[0].ram.ram_enb.  Did not re-place instance student_top_inst/bridge_inst/dram_driver_inst/Mem_DRAM/uut_BLOCKRAM/U0/inst_blk_mem_gen/gnbram.gnativebmg.native_blk_mem_gen/valid.cstr/ramloop[60].ram.r/prim_init.ram/DEVICE_7SERIES.NO_BMM_INFO.SDP.SIMPLE_PRIM36.ram_i_2__2
INFO: [Physopt 32-662] Processed net student_top_inst/u_RISCV_CORE/INST_ID_UNIT/u_id_ex/mem_rd_addr_o[4]_INST_0_i_3_n_0.  Did not re-place instance student_top_inst/u_RISCV_CORE/INST_ID_UNIT/u_id_ex/mem_rd_addr_o[4]_INST_0_i_3
INFO: [Physopt 32-662] Processed net student_top_inst/u_RISCV_CORE/INST_AREA_PREDICTOR/pred_taken.  Did not re-place instance student_top_inst/u_RISCV_CORE/INST_AREA_PREDICTOR/predict_taken_reg_i_1
INFO: [Physopt 32-662] Processed net student_top_inst/u_RISCV_CORE/INST_IF_UNIT/u_pc/pc_o[3]_rep__0_i_1_n_0.  Did not re-place instance student_top_inst/u_RISCV_CORE/INST_IF_UNIT/u_pc/pc_o[3]_rep__0_i_1
INFO: [Physopt 32-662] Processed net student_top_inst/u_RISCV_CORE/INST_ID_UNIT/u_id_ex/Q[29].  Did not re-place instance student_top_inst/u_RISCV_CORE/INST_ID_UNIT/u_id_ex/reg1_rd_data_o_reg[29]
INFO: [Physopt 32-662] Processed net student_top_inst/u_RISCV_CORE/INST_ID_UNIT/u_id_ex/ex_jump_addr_o[3].  Did not re-place instance student_top_inst/u_RISCV_CORE/INST_ID_UNIT/u_id_ex/pc_o[3]_i_2
INFO: [Physopt 32-662] Processed net student_top_inst/u_RISCV_CORE/INST_IF_UNIT/u_pc/pc_o_reg[3]_rep__0_0_repN.  Did not re-place instance student_top_inst/u_RISCV_CORE/INST_IF_UNIT/u_pc/pc_o_reg[3]_rep__0_replica
INFO: [Physopt 32-662] Processed net student_top_inst/u_RISCV_CORE/INST_AREA_PREDICTOR/predict_taken_reg_i_17_n_0.  Did not re-place instance student_top_inst/u_RISCV_CORE/INST_AREA_PREDICTOR/predict_taken_reg_i_17
INFO: [Physopt 32-662] Processed net student_top_inst/u_RISCV_CORE/INST_AREA_PREDICTOR/predict_taken_reg_i_2_n_0.  Did not re-place instance student_top_inst/u_RISCV_CORE/INST_AREA_PREDICTOR/predict_taken_reg_i_2
INFO: [Physopt 32-662] Processed net student_top_inst/u_RISCV_CORE/INST_AREA_PREDICTOR/predict_taken_reg_i_6_n_0.  Did not re-place instance student_top_inst/u_RISCV_CORE/INST_AREA_PREDICTOR/predict_taken_reg_i_6
INFO: [Physopt 32-662] Processed net student_top_inst/u_RISCV_CORE/INST_EX_UNIT/u_cu/predict_taken_reg1_reg_0.  Did not re-place instance student_top_inst/u_RISCV_CORE/INST_EX_UNIT/u_cu/pc_o[3]_i_9
INFO: [Physopt 32-662] Processed net student_top_inst/u_RISCV_CORE/INST_ID_UNIT/u_id_ex/reg2_rd_data_o_reg[31]_3[1].  Did not re-place instance student_top_inst/u_RISCV_CORE/INST_ID_UNIT/u_id_ex/in00_carry__1_i_2
INFO: [Physopt 32-662] Processed net student_top_inst/bridge_inst/dram_driver_inst/Mem_DRAM/uut_BLOCKRAM/U0/inst_blk_mem_gen/gnbram.gnativebmg.native_blk_mem_gen/valid.cstr/has_mux_b.B/doutb[18].  Did not re-place instance student_top_inst/bridge_inst/dram_driver_inst/Mem_DRAM/uut_BLOCKRAM/U0/inst_blk_mem_gen/gnbram.gnativebmg.native_blk_mem_gen/valid.cstr/has_mux_b.B/doutb[18]_INST_0
INFO: [Physopt 32-662] Processed net student_top_inst/bridge_inst/dram_driver_inst/Mem_DRAM/wr_data_reg_reg[18]_0.  Did not re-place instance student_top_inst/bridge_inst/dram_driver_inst/Mem_DRAM/u_RISCV_CORE_i_64
INFO: [Physopt 32-662] Processed net student_top_inst/u_RISCV_CORE/INST_MEM_BUFFER/D[10].  Did not re-place instance student_top_inst/u_RISCV_CORE/INST_MEM_BUFFER/rd_data_o[18]_i_1
INFO: [Physopt 32-662] Processed net student_top_inst/u_RISCV_CORE/INST_MEM_UNIT/mem_wr_buffer_inst/wr_data_buffer_reg[18]_0.  Did not re-place instance student_top_inst/u_RISCV_CORE/INST_MEM_UNIT/mem_wr_buffer_inst/rd_data_o[18]_i_2
INFO: [Physopt 32-662] Processed net student_top_inst/u_RISCV_CORE/INST_MEM_UNIT/mem_wr_buffer_inst/rd_data_o_reg[31]_0[10].  Did not re-place instance student_top_inst/u_RISCV_CORE/INST_MEM_UNIT/mem_wr_buffer_inst/rd_data_o_reg[18]
INFO: [Physopt 32-662] Processed net student_top_inst/u_RISCV_CORE/INST_IF_UNIT/u_pc/pc_o_reg[3]_rep__0_0_repN_7.  Did not re-place instance student_top_inst/u_RISCV_CORE/INST_IF_UNIT/u_pc/pc_o_reg[3]_rep__0_replica_7
INFO: [Physopt 32-662] Processed net student_top_inst/u_RISCV_CORE/INST_AREA_PREDICTOR/predict_taken_reg_i_16_n_0.  Did not re-place instance student_top_inst/u_RISCV_CORE/INST_AREA_PREDICTOR/predict_taken_reg_i_16
INFO: [Physopt 32-662] Processed net student_top_inst/u_RISCV_CORE/INST_AREA_PREDICTOR/predict_taken_reg_i_5_n_0.  Did not re-place instance student_top_inst/u_RISCV_CORE/INST_AREA_PREDICTOR/predict_taken_reg_i_5
INFO: [Physopt 32-662] Processed net student_top_inst/u_RISCV_CORE/INST_IF_UNIT/u_if_id/ins_o_reg[23]_0[3].  Did not re-place instance student_top_inst/u_RISCV_CORE/INST_IF_UNIT/u_if_id/reg2_rd_data_o[3]_i_1
INFO: [Physopt 32-662] Processed net student_top_inst/u_RISCV_CORE/INST_MEM_UNIT/mem_wr_buffer_inst/mem_rd_addr_reg_reg[0][3].  Did not re-place instance student_top_inst/u_RISCV_CORE/INST_MEM_UNIT/mem_wr_buffer_inst/reg_wr_data_o[3]_i_1__0
INFO: [Physopt 32-662] Processed net student_top_inst/u_RISCV_CORE/INST_IF_UNIT/u_if_id/reg_wr_data_o_reg[3].  Did not re-place instance student_top_inst/u_RISCV_CORE/INST_IF_UNIT/u_if_id/reg2_rd_data_o[3]_i_3
INFO: [Physopt 32-662] Processed net student_top_inst/bridge_inst/dram_driver_inst/Mem_DRAM/uut_BLOCKRAM/U0/inst_blk_mem_gen/gnbram.gnativebmg.native_blk_mem_gen/valid.cstr/has_mux_b.B/doutb[14].  Did not re-place instance student_top_inst/bridge_inst/dram_driver_inst/Mem_DRAM/uut_BLOCKRAM/U0/inst_blk_mem_gen/gnbram.gnativebmg.native_blk_mem_gen/valid.cstr/has_mux_b.B/doutb[14]_INST_0
INFO: [Physopt 32-662] Processed net student_top_inst/bridge_inst/dram_driver_inst/Mem_DRAM/wr_data_reg_reg[14]_0.  Did not re-place instance student_top_inst/bridge_inst/dram_driver_inst/Mem_DRAM/u_RISCV_CORE_i_72
INFO: [Physopt 32-662] Processed net student_top_inst/u_RISCV_CORE/INST_MEM_BUFFER/D[6].  Did not re-place instance student_top_inst/u_RISCV_CORE/INST_MEM_BUFFER/rd_data_o[14]_i_1
INFO: [Physopt 32-662] Processed net student_top_inst/u_RISCV_CORE/INST_MEM_UNIT/mem_wr_buffer_inst/wr_data_buffer_reg[14]_0.  Did not re-place instance student_top_inst/u_RISCV_CORE/INST_MEM_UNIT/mem_wr_buffer_inst/rd_data_o[14]_i_2
INFO: [Physopt 32-662] Processed net student_top_inst/u_RISCV_CORE/INST_MEM_UNIT/mem_wr_buffer_inst/p_5_in[6].  Did not re-place instance student_top_inst/u_RISCV_CORE/INST_MEM_UNIT/mem_wr_buffer_inst/rd_data_o_reg[14]
INFO: [Physopt 32-662] Processed net student_top_inst/u_RISCV_CORE/INST_IF_UNIT/u_pc/pc_o_reg[3]_rep__0_0_repN_6.  Did not re-place instance student_top_inst/u_RISCV_CORE/INST_IF_UNIT/u_pc/pc_o_reg[3]_rep__0_replica_6
INFO: [Physopt 32-662] Processed net student_top_inst/u_RISCV_CORE/INST_ID_UNIT/u_id_ex/Q[1].  Did not re-place instance student_top_inst/u_RISCV_CORE/INST_ID_UNIT/u_id_ex/reg1_rd_data_o_reg[1]
INFO: [Physopt 32-662] Processed net student_top_inst/u_RISCV_CORE/INST_ID_UNIT/u_id_ex/reg2_rd_data_o_reg[31]_0[1].  Did not re-place instance student_top_inst/u_RISCV_CORE/INST_ID_UNIT/u_id_ex/reg2_rd_data_o_reg[1]
INFO: [Physopt 32-662] Processed net student_top_inst/u_RISCV_CORE/INST_ID_UNIT/u_id_ex/reg_wr_data_o[1]_i_15_n_0.  Did not re-place instance student_top_inst/u_RISCV_CORE/INST_ID_UNIT/u_id_ex/reg_wr_data_o[1]_i_15
INFO: [Physopt 32-662] Processed net student_top_inst/u_RISCV_CORE/INST_ID_UNIT/u_id_ex/ins_o_reg[3]_0[1].  Did not re-place instance student_top_inst/u_RISCV_CORE/INST_ID_UNIT/u_id_ex/reg_wr_data_o[1]_i_1
INFO: [Physopt 32-662] Processed net student_top_inst/u_RISCV_CORE/INST_ID_UNIT/u_id_ex/reg_wr_data_o[1]_i_3_n_0.  Did not re-place instance student_top_inst/u_RISCV_CORE/INST_ID_UNIT/u_id_ex/reg_wr_data_o[1]_i_3
INFO: [Physopt 32-662] Processed net student_top_inst/u_RISCV_CORE/INST_ID_UNIT/u_id_ex/reg_wr_data_o[1]_i_9_n_0.  Did not re-place instance student_top_inst/u_RISCV_CORE/INST_ID_UNIT/u_id_ex/reg_wr_data_o[1]_i_9
INFO: [Physopt 32-662] Processed net student_top_inst/u_RISCV_CORE/INST_IF_UNIT/u_if_id/ins_o_reg[23]_0[1].  Did not re-place instance student_top_inst/u_RISCV_CORE/INST_IF_UNIT/u_if_id/reg2_rd_data_o[1]_i_1
INFO: [Physopt 32-662] Processed net student_top_inst/u_RISCV_CORE/INST_ID_UNIT/u_id_ex/Q[8].  Did not re-place instance student_top_inst/u_RISCV_CORE/INST_ID_UNIT/u_id_ex/reg1_rd_data_o_reg[8]
INFO: [Physopt 32-662] Processed net student_top_inst/u_RISCV_CORE/INST_ID_UNIT/u_id_ex/mem_rd_addr_o[4]_INST_0_i_4_n_0.  Did not re-place instance student_top_inst/u_RISCV_CORE/INST_ID_UNIT/u_id_ex/mem_rd_addr_o[4]_INST_0_i_4
INFO: [Physopt 32-662] Processed net student_top_inst/u_RISCV_CORE/INST_IF_UNIT/u_pc/pc_o_reg[3]_rep__0_0_repN_5.  Did not re-place instance student_top_inst/u_RISCV_CORE/INST_IF_UNIT/u_pc/pc_o_reg[3]_rep__0_replica_5
INFO: [Physopt 32-662] Processed net student_top_inst/bridge_inst/dram_driver_inst/Mem_DRAM/uut_BLOCKRAM/U0/inst_blk_mem_gen/gnbram.gnativebmg.native_blk_mem_gen/valid.cstr/has_mux_b.B/doutb[29].  Did not re-place instance student_top_inst/bridge_inst/dram_driver_inst/Mem_DRAM/uut_BLOCKRAM/U0/inst_blk_mem_gen/gnbram.gnativebmg.native_blk_mem_gen/valid.cstr/has_mux_b.B/doutb[29]_INST_0
INFO: [Physopt 32-662] Processed net student_top_inst/u_RISCV_CORE/INST_MEM_BUFFER/D[21].  Did not re-place instance student_top_inst/u_RISCV_CORE/INST_MEM_BUFFER/rd_data_o[29]_i_1
INFO: [Physopt 32-662] Processed net student_top_inst/u_RISCV_CORE/INST_MEM_UNIT/mem_wr_buffer_inst/wr_data_buffer_reg[29]_0.  Did not re-place instance student_top_inst/u_RISCV_CORE/INST_MEM_UNIT/mem_wr_buffer_inst/rd_data_o[29]_i_2
INFO: [Physopt 32-662] Processed net student_top_inst/u_RISCV_CORE/INST_MEM_UNIT/mem_wr_buffer_inst/rd_data_o_reg[31]_0[21].  Did not re-place instance student_top_inst/u_RISCV_CORE/INST_MEM_UNIT/mem_wr_buffer_inst/rd_data_o_reg[29]
INFO: [Physopt 32-662] Processed net student_top_inst/u_RISCV_CORE/INST_IF_UNIT/u_pc/pc_o_reg[3]_rep_0.  Did not re-place instance student_top_inst/u_RISCV_CORE/INST_IF_UNIT/u_pc/pc_o_reg[3]_rep
INFO: [Physopt 32-662] Processed net student_top_inst/u_RISCV_CORE/INST_AREA_PREDICTOR/predict_taken_reg_i_10_n_0.  Did not re-place instance student_top_inst/u_RISCV_CORE/INST_AREA_PREDICTOR/predict_taken_reg_i_10
INFO: [Physopt 32-662] Processed net student_top_inst/u_RISCV_CORE/INST_AREA_PREDICTOR/predict_taken_reg_i_33_n_0.  Did not re-place instance student_top_inst/u_RISCV_CORE/INST_AREA_PREDICTOR/predict_taken_reg_i_33
INFO: [Physopt 32-662] Processed net student_top_inst/u_RISCV_CORE/INST_AREA_PREDICTOR/predict_taken_reg_i_3_n_0.  Did not re-place instance student_top_inst/u_RISCV_CORE/INST_AREA_PREDICTOR/predict_taken_reg_i_3
INFO: [Physopt 32-662] Processed net student_top_inst/u_RISCV_CORE/INST_IF_UNIT/u_pc/pc_o_reg[3]_rep__0_0.  Did not re-place instance student_top_inst/u_RISCV_CORE/INST_IF_UNIT/u_pc/pc_o_reg[3]_rep__0
INFO: [Physopt 32-662] Processed net student_top_inst/u_RISCV_CORE/INST_IF_UNIT/u_pc/pc_o_reg[3]_rep__0_0_repN_4.  Did not re-place instance student_top_inst/u_RISCV_CORE/INST_IF_UNIT/u_pc/pc_o_reg[3]_rep__0_replica_4
INFO: [Physopt 32-662] Processed net student_top_inst/u_RISCV_CORE/INST_ID_UNIT/u_id_ex/reg2_rd_data_o_reg[31]_0[3]_repN_1.  Did not re-place instance student_top_inst/u_RISCV_CORE/INST_ID_UNIT/u_id_ex/reg2_rd_data_o_reg[3]_replica_1
INFO: [Physopt 32-662] Processed net student_top_inst/u_RISCV_CORE/INST_IF_UNIT/u_if_id/is_load_o_reg.  Did not re-place instance student_top_inst/u_RISCV_CORE/INST_IF_UNIT/u_if_id/pc_o[13]_i_4
INFO: [Physopt 32-662] Processed net student_top_inst/u_RISCV_CORE/INST_IF_UNIT/u_if_id/imm_o[11]_i_4_n_0.  Did not re-place instance student_top_inst/u_RISCV_CORE/INST_IF_UNIT/u_if_id/imm_o[11]_i_4
INFO: [Physopt 32-662] Processed net student_top_inst/u_RISCV_CORE/INST_ID_UNIT/u_id_ex/ins_o_reg[4]_0.  Did not re-place instance student_top_inst/u_RISCV_CORE/INST_ID_UNIT/u_id_ex/pc_o[13]_i_10
INFO: [Physopt 32-662] Processed net student_top_inst/u_RISCV_CORE/INST_AREA_PREDICTOR/predict_taken_reg_i_18_n_0.  Did not re-place instance student_top_inst/u_RISCV_CORE/INST_AREA_PREDICTOR/predict_taken_reg_i_18
INFO: [Physopt 32-662] Processed net student_top_inst/u_RISCV_CORE/INST_AREA_PREDICTOR/predict_taken_reg_i_65_n_0.  Did not re-place instance student_top_inst/u_RISCV_CORE/INST_AREA_PREDICTOR/predict_taken_reg_i_65
INFO: [Physopt 32-662] Processed net student_top_inst/u_RISCV_CORE/INST_EX_UNIT/u_cu/ins_o_reg[14].  Did not re-place instance student_top_inst/u_RISCV_CORE/INST_EX_UNIT/u_cu/pc_o[13]_i_22
INFO: [Physopt 32-662] Processed net student_top_inst/u_RISCV_CORE/INST_IF_UNIT/u_pc/p_1_in[10].  Did not re-place instance student_top_inst/u_RISCV_CORE/INST_IF_UNIT/u_pc/pc_o[10]_i_1
INFO: [Physopt 32-662] Processed net student_top_inst/u_RISCV_CORE/INST_IF_UNIT/u_pc/pc_o_reg[10]_0.  Did not re-place instance student_top_inst/u_RISCV_CORE/INST_IF_UNIT/u_pc/pc_o_reg[10]
INFO: [Physopt 32-662] Processed net student_top_inst/u_RISCV_CORE/INST_IF_UNIT/u_pc/pc_o_reg[3]_rep__0_0_repN_1.  Did not re-place instance student_top_inst/u_RISCV_CORE/INST_IF_UNIT/u_pc/pc_o_reg[3]_rep__0_replica_1
INFO: [Physopt 32-662] Processed net student_top_inst/u_RISCV_CORE/INST_IF_UNIT/u_pc/pc_o_reg[3]_rep__0_0_repN_3.  Did not re-place instance student_top_inst/u_RISCV_CORE/INST_IF_UNIT/u_pc/pc_o_reg[3]_rep__0_replica_3
INFO: [Physopt 32-662] Processed net student_top_inst/u_RISCV_CORE/INST_ID_UNIT/u_id_ex/S[2].  Did not re-place instance student_top_inst/u_RISCV_CORE/INST_ID_UNIT/u_id_ex/in00_carry_i_2
INFO: [Physopt 32-662] Processed net student_top_inst/u_RISCV_CORE/INST_AREA_PREDICTOR/predict_taken_reg_i_49_n_0.  Did not re-place instance student_top_inst/u_RISCV_CORE/INST_AREA_PREDICTOR/predict_taken_reg_i_49
INFO: [Physopt 32-662] Processed net student_top_inst/u_RISCV_CORE/INST_AREA_PREDICTOR/predict_taken_reg_i_4_n_0.  Did not re-place instance student_top_inst/u_RISCV_CORE/INST_AREA_PREDICTOR/predict_taken_reg_i_4
INFO: [Physopt 32-662] Processed net student_top_inst/u_RISCV_CORE/INST_AREA_PREDICTOR/predict_taken_reg_i_8_n_0.  Did not re-place instance student_top_inst/u_RISCV_CORE/INST_AREA_PREDICTOR/predict_taken_reg_i_8
INFO: [Physopt 32-662] Processed net student_top_inst/bridge_inst/counter_inst/mem_rd_data_i[23].  Did not re-place instance student_top_inst/bridge_inst/counter_inst/u_RISCV_CORE_i_9
INFO: [Physopt 32-662] Processed net student_top_inst/bridge_inst/dram_driver_inst/Mem_DRAM/uut_BLOCKRAM/U0/inst_blk_mem_gen/gnbram.gnativebmg.native_blk_mem_gen/valid.cstr/has_mux_b.B/doutb[23].  Did not re-place instance student_top_inst/bridge_inst/dram_driver_inst/Mem_DRAM/uut_BLOCKRAM/U0/inst_blk_mem_gen/gnbram.gnativebmg.native_blk_mem_gen/valid.cstr/has_mux_b.B/doutb[23]_INST_0
INFO: [Physopt 32-662] Processed net student_top_inst/bridge_inst/dram_driver_inst/Mem_DRAM/wr_data_reg_reg[23]_0.  Did not re-place instance student_top_inst/bridge_inst/dram_driver_inst/Mem_DRAM/u_RISCV_CORE_i_54
INFO: [Physopt 32-662] Processed net student_top_inst/u_RISCV_CORE/INST_MEM_BUFFER/D[15].  Did not re-place instance student_top_inst/u_RISCV_CORE/INST_MEM_BUFFER/rd_data_o[23]_i_1
INFO: [Physopt 32-662] Processed net student_top_inst/u_RISCV_CORE/INST_MEM_UNIT/mem_wr_buffer_inst/wr_data_buffer_reg[23]_0.  Did not re-place instance student_top_inst/u_RISCV_CORE/INST_MEM_UNIT/mem_wr_buffer_inst/rd_data_o[23]_i_2
INFO: [Physopt 32-662] Processed net student_top_inst/u_RISCV_CORE/INST_MEM_UNIT/mem_wr_buffer_inst/rd_data_o_reg[31]_0[15].  Did not re-place instance student_top_inst/u_RISCV_CORE/INST_MEM_UNIT/mem_wr_buffer_inst/rd_data_o_reg[23]
INFO: [Physopt 32-662] Processed net student_top_inst/u_RISCV_CORE/INST_AREA_PREDICTOR/BTB_TAG_reg[63]__0[4].  Did not re-place instance student_top_inst/u_RISCV_CORE/INST_AREA_PREDICTOR/BTB_TAG_reg[63][4]
INFO: [Physopt 32-662] Processed net student_top_inst/u_RISCV_CORE/INST_ID_UNIT/u_id_ex/reg_wr_data_o[3]_i_14_n_0.  Did not re-place instance student_top_inst/u_RISCV_CORE/INST_ID_UNIT/u_id_ex/reg_wr_data_o[3]_i_14
INFO: [Physopt 32-662] Processed net student_top_inst/u_RISCV_CORE/INST_ID_UNIT/u_id_ex/ins_o_reg[3]_0[3].  Did not re-place instance student_top_inst/u_RISCV_CORE/INST_ID_UNIT/u_id_ex/reg_wr_data_o[3]_i_1
INFO: [Physopt 32-662] Processed net student_top_inst/u_RISCV_CORE/INST_ID_UNIT/u_id_ex/reg_wr_data_o[3]_i_7_n_0.  Did not re-place instance student_top_inst/u_RISCV_CORE/INST_ID_UNIT/u_id_ex/reg_wr_data_o[3]_i_7
INFO: [Physopt 32-662] Processed net student_top_inst/u_RISCV_CORE/INST_MEM_UNIT/mem_wr_buffer_inst/rd_data_o_reg[31]_0[7].  Did not re-place instance student_top_inst/u_RISCV_CORE/INST_MEM_UNIT/mem_wr_buffer_inst/rd_data_o_reg[7]
INFO: [Physopt 32-662] Processed net student_top_inst/bridge_inst/counter_inst/mem_rd_data_i[7].  Did not re-place instance student_top_inst/bridge_inst/counter_inst/u_RISCV_CORE_i_25
INFO: [Physopt 32-662] Processed net student_top_inst/bridge_inst/dram_driver_inst/Mem_DRAM/uut_BLOCKRAM/U0/inst_blk_mem_gen/gnbram.gnativebmg.native_blk_mem_gen/valid.cstr/has_mux_b.B/doutb[7].  Did not re-place instance student_top_inst/bridge_inst/dram_driver_inst/Mem_DRAM/uut_BLOCKRAM/U0/inst_blk_mem_gen/gnbram.gnativebmg.native_blk_mem_gen/valid.cstr/has_mux_b.B/doutb[7]_INST_0
INFO: [Physopt 32-662] Processed net student_top_inst/bridge_inst/dram_driver_inst/Mem_DRAM/wr_data_reg_reg[7]_0.  Did not re-place instance student_top_inst/bridge_inst/dram_driver_inst/Mem_DRAM/u_RISCV_CORE_i_86
INFO: [Physopt 32-662] Processed net student_top_inst/u_RISCV_CORE/INST_MEM_UNIT/mem_wr_buffer_inst/p_0_in[7].  Did not re-place instance student_top_inst/u_RISCV_CORE/INST_MEM_UNIT/mem_wr_buffer_inst/rd_data_o[7]_i_1
INFO: [Physopt 32-662] Processed net student_top_inst/u_RISCV_CORE/INST_AREA_PREDICTOR/BTB_TAG_reg[54]__0[3].  Did not re-place instance student_top_inst/u_RISCV_CORE/INST_AREA_PREDICTOR/BTB_TAG_reg[54][3]
INFO: [Physopt 32-662] Processed net student_top_inst/u_RISCV_CORE/INST_AREA_PREDICTOR/predict_taken_reg_i_15_n_0.  Did not re-place instance student_top_inst/u_RISCV_CORE/INST_AREA_PREDICTOR/predict_taken_reg_i_15
INFO: [Physopt 32-662] Processed net student_top_inst/u_RISCV_CORE/INST_AREA_PREDICTOR/predict_taken_reg_i_54_n_0.  Did not re-place instance student_top_inst/u_RISCV_CORE/INST_AREA_PREDICTOR/predict_taken_reg_i_54
INFO: [Physopt 32-662] Processed net student_top_inst/bridge_inst/counter_inst/mem_rd_data_i[11].  Did not re-place instance student_top_inst/bridge_inst/counter_inst/u_RISCV_CORE_i_21
INFO: [Physopt 32-662] Processed net student_top_inst/bridge_inst/counter_inst/mem_rd_data_i[22].  Did not re-place instance student_top_inst/bridge_inst/counter_inst/u_RISCV_CORE_i_10
INFO: [Physopt 32-662] Processed net student_top_inst/bridge_inst/dram_driver_inst/Mem_DRAM/uut_BLOCKRAM/U0/inst_blk_mem_gen/gnbram.gnativebmg.native_blk_mem_gen/valid.cstr/has_mux_b.B/doutb[11].  Did not re-place instance student_top_inst/bridge_inst/dram_driver_inst/Mem_DRAM/uut_BLOCKRAM/U0/inst_blk_mem_gen/gnbram.gnativebmg.native_blk_mem_gen/valid.cstr/has_mux_b.B/doutb[11]_INST_0
INFO: [Physopt 32-662] Processed net student_top_inst/bridge_inst/dram_driver_inst/Mem_DRAM/uut_BLOCKRAM/U0/inst_blk_mem_gen/gnbram.gnativebmg.native_blk_mem_gen/valid.cstr/has_mux_b.B/doutb[22].  Did not re-place instance student_top_inst/bridge_inst/dram_driver_inst/Mem_DRAM/uut_BLOCKRAM/U0/inst_blk_mem_gen/gnbram.gnativebmg.native_blk_mem_gen/valid.cstr/has_mux_b.B/doutb[22]_INST_0
INFO: [Physopt 32-662] Processed net student_top_inst/bridge_inst/dram_driver_inst/Mem_DRAM/wr_data_reg_reg[11]_0.  Did not re-place instance student_top_inst/bridge_inst/dram_driver_inst/Mem_DRAM/u_RISCV_CORE_i_78
INFO: [Physopt 32-662] Processed net student_top_inst/bridge_inst/dram_driver_inst/Mem_DRAM/wr_data_reg_reg[22]_0.  Did not re-place instance student_top_inst/bridge_inst/dram_driver_inst/Mem_DRAM/u_RISCV_CORE_i_56
INFO: [Physopt 32-662] Processed net student_top_inst/u_RISCV_CORE/INST_MEM_BUFFER/D[14].  Did not re-place instance student_top_inst/u_RISCV_CORE/INST_MEM_BUFFER/rd_data_o[22]_i_1
INFO: [Physopt 32-662] Processed net student_top_inst/u_RISCV_CORE/INST_MEM_BUFFER/D[3].  Did not re-place instance student_top_inst/u_RISCV_CORE/INST_MEM_BUFFER/rd_data_o[11]_i_1
INFO: [Physopt 32-662] Processed net student_top_inst/u_RISCV_CORE/INST_MEM_UNIT/mem_wr_buffer_inst/wr_data_buffer_reg[11]_0.  Did not re-place instance student_top_inst/u_RISCV_CORE/INST_MEM_UNIT/mem_wr_buffer_inst/rd_data_o[11]_i_2
INFO: [Physopt 32-662] Processed net student_top_inst/u_RISCV_CORE/INST_MEM_UNIT/mem_wr_buffer_inst/wr_data_buffer_reg[22]_0.  Did not re-place instance student_top_inst/u_RISCV_CORE/INST_MEM_UNIT/mem_wr_buffer_inst/rd_data_o[22]_i_2
INFO: [Physopt 32-662] Processed net student_top_inst/u_RISCV_CORE/INST_MEM_UNIT/mem_wr_buffer_inst/p_5_in[3].  Did not re-place instance student_top_inst/u_RISCV_CORE/INST_MEM_UNIT/mem_wr_buffer_inst/rd_data_o_reg[11]
INFO: [Physopt 32-662] Processed net student_top_inst/u_RISCV_CORE/INST_MEM_UNIT/mem_wr_buffer_inst/rd_data_o_reg[31]_0[14].  Did not re-place instance student_top_inst/u_RISCV_CORE/INST_MEM_UNIT/mem_wr_buffer_inst/rd_data_o_reg[22]
INFO: [Physopt 32-662] Processed net student_top_inst/u_RISCV_CORE/INST_IF_UNIT/u_pc/pc_o_reg[8]_0.  Did not re-place instance student_top_inst/u_RISCV_CORE/INST_IF_UNIT/u_pc/pc_o_reg[8]
INFO: [Physopt 32-662] Processed net student_top_inst/u_RISCV_CORE/INST_IF_UNIT/u_pc/pc_o_reg[3]_0.  Did not re-place instance student_top_inst/u_RISCV_CORE/INST_IF_UNIT/u_pc/pc_o_reg[3]
INFO: [Physopt 32-662] Processed net student_top_inst/u_RISCV_CORE/INST_ID_UNIT/u_id_ex/pc_o[13]_i_9_n_0.  Did not re-place instance student_top_inst/u_RISCV_CORE/INST_ID_UNIT/u_id_ex/pc_o[13]_i_9
INFO: [Physopt 32-662] Processed net student_top_inst/u_RISCV_CORE/INST_ID_UNIT/u_id_ex/reg2_rd_data_o_reg[7]_0[0].  Did not re-place instance student_top_inst/u_RISCV_CORE/INST_ID_UNIT/u_id_ex/sltu_1_2_carry_i_8
INFO: [Physopt 32-662] Processed net student_top_inst/u_RISCV_CORE/INST_IF_UNIT/u_pc/p_1_in[8].  Did not re-place instance student_top_inst/u_RISCV_CORE/INST_IF_UNIT/u_pc/pc_o[8]_i_1
INFO: [Physopt 32-662] Processed net student_top_inst/u_RISCV_CORE/INST_ID_UNIT/u_id_ex/mem_rd_addr_o[1]_INST_0_i_3_n_0.  Did not re-place instance student_top_inst/u_RISCV_CORE/INST_ID_UNIT/u_id_ex/mem_rd_addr_o[1]_INST_0_i_3
INFO: [Physopt 32-662] Processed net student_top_inst/bridge_inst/counter_inst/mem_rd_data_i[0].  Did not re-place instance student_top_inst/bridge_inst/counter_inst/u_RISCV_CORE_i_32
INFO: [Physopt 32-662] Processed net student_top_inst/bridge_inst/dram_driver_inst/Mem_DRAM/uut_BLOCKRAM/U0/inst_blk_mem_gen/gnbram.gnativebmg.native_blk_mem_gen/valid.cstr/has_mux_b.B/doutb[0].  Did not re-place instance student_top_inst/bridge_inst/dram_driver_inst/Mem_DRAM/uut_BLOCKRAM/U0/inst_blk_mem_gen/gnbram.gnativebmg.native_blk_mem_gen/valid.cstr/has_mux_b.B/doutb[0]_INST_0
INFO: [Physopt 32-662] Processed net student_top_inst/bridge_inst/dram_driver_inst/Mem_DRAM/wr_data_reg_reg[0]_0.  Did not re-place instance student_top_inst/bridge_inst/dram_driver_inst/Mem_DRAM/u_RISCV_CORE_i_100
INFO: [Physopt 32-662] Processed net student_top_inst/u_RISCV_CORE/INST_MEM_UNIT/mem_wr_buffer_inst/p_0_in[0].  Did not re-place instance student_top_inst/u_RISCV_CORE/INST_MEM_UNIT/mem_wr_buffer_inst/rd_data_o[0]_i_1
INFO: [Physopt 32-662] Processed net student_top_inst/u_RISCV_CORE/INST_MEM_UNIT/mem_wr_buffer_inst/rd_data_o_reg[31]_0[0].  Did not re-place instance student_top_inst/u_RISCV_CORE/INST_MEM_UNIT/mem_wr_buffer_inst/rd_data_o_reg[0]
INFO: [Physopt 32-662] Processed net student_top_inst/u_RISCV_CORE/INST_IF_UNIT/u_pc/pc_o_reg[2]_0.  Did not re-place instance student_top_inst/u_RISCV_CORE/INST_IF_UNIT/u_pc/pc_o_reg[2]
INFO: [Physopt 32-662] Processed net student_top_inst/u_RISCV_CORE/INST_ID_UNIT/u_id_ex/ex_jump_addr_o[2].  Did not re-place instance student_top_inst/u_RISCV_CORE/INST_ID_UNIT/u_id_ex/pc_o[2]_rep_i_2
INFO: [Physopt 32-662] Processed net student_top_inst/u_RISCV_CORE/INST_IF_UNIT/u_if_id/p_1_in[2].  Did not re-place instance student_top_inst/u_RISCV_CORE/INST_IF_UNIT/u_if_id/pc_o[2]_i_1
INFO: [Physopt 32-662] Processed net student_top_inst/bridge_inst/dram_driver_inst/Mem_DRAM/uut_BLOCKRAM/U0/inst_blk_mem_gen/gnbram.gnativebmg.native_blk_mem_gen/valid.cstr/ramloop[63].ram.r/prim_init.ram/ramloop[3].ram.ram_ena.  Did not re-place instance student_top_inst/bridge_inst/dram_driver_inst/Mem_DRAM/uut_BLOCKRAM/U0/inst_blk_mem_gen/gnbram.gnativebmg.native_blk_mem_gen/valid.cstr/ramloop[63].ram.r/prim_init.ram/DEVICE_7SERIES.NO_BMM_INFO.SDP.SIMPLE_PRIM36.ram_i_1
INFO: [Physopt 32-661] Optimized 43 nets.  Re-placed 43 instances.
INFO: [Physopt 32-775] End 1 Pass. Optimized 43 nets or cells. Created 0 new cell, deleted 0 existing cell and moved 43 existing cells
INFO: [Physopt 32-619] Estimated Timing Summary | WNS=-0.262 | TNS=-0.711 |
Netlist sorting complete. Time (s): cpu = 00:00:00 ; elapsed = 00:00:00.001 . Memory (MB): peak = 2213.762 ; gain = 0.000
Phase 15 Single Cell Placement Optimization | Checksum: 1b0df2b80

Time (s): cpu = 00:00:31 ; elapsed = 00:00:20 . Memory (MB): peak = 2213.762 ; gain = 37.840

Phase 16 Multi Cell Placement Optimization
INFO: [Physopt 32-660] Identified 100 candidate nets for placement-based optimization.
INFO: [Physopt 32-662] Processed net student_top_inst/bridge_inst/counter_inst/mem_rd_data_i[12].  Did not re-place instance student_top_inst/bridge_inst/counter_inst/u_RISCV_CORE_i_20/O
INFO: [Physopt 32-662] Processed net student_top_inst/bridge_inst/dram_driver_inst/Mem_DRAM/uut_BLOCKRAM/U0/inst_blk_mem_gen/gnbram.gnativebmg.native_blk_mem_gen/valid.cstr/has_mux_b.B/doutb[12].  Did not re-place instance student_top_inst/bridge_inst/dram_driver_inst/Mem_DRAM/uut_BLOCKRAM/U0/inst_blk_mem_gen/gnbram.gnativebmg.native_blk_mem_gen/valid.cstr/has_mux_b.B/doutb[12]_INST_0/O
INFO: [Physopt 32-662] Processed net student_top_inst/bridge_inst/dram_driver_inst/Mem_DRAM/wr_data_reg_reg[12]_0.  Did not re-place instance student_top_inst/bridge_inst/dram_driver_inst/Mem_DRAM/u_RISCV_CORE_i_76/O
INFO: [Physopt 32-662] Processed net student_top_inst/u_RISCV_CORE/INST_MEM_BUFFER/D[4].  Did not re-place instance student_top_inst/u_RISCV_CORE/INST_MEM_BUFFER/rd_data_o[12]_i_1/O
INFO: [Physopt 32-662] Processed net student_top_inst/u_RISCV_CORE/INST_MEM_UNIT/mem_wr_buffer_inst/wr_data_buffer_reg[12]_0.  Did not re-place instance student_top_inst/u_RISCV_CORE/INST_MEM_UNIT/mem_wr_buffer_inst/rd_data_o[12]_i_2/O
INFO: [Physopt 32-662] Processed net student_top_inst/bridge_inst/counter_inst/mem_rd_data_i[10].  Did not re-place instance student_top_inst/bridge_inst/counter_inst/u_RISCV_CORE_i_22/O
INFO: [Physopt 32-662] Processed net student_top_inst/bridge_inst/dram_driver_inst/Mem_DRAM/uut_BLOCKRAM/U0/inst_blk_mem_gen/gnbram.gnativebmg.native_blk_mem_gen/valid.cstr/has_mux_b.B/doutb[10].  Did not re-place instance student_top_inst/bridge_inst/dram_driver_inst/Mem_DRAM/uut_BLOCKRAM/U0/inst_blk_mem_gen/gnbram.gnativebmg.native_blk_mem_gen/valid.cstr/has_mux_b.B/doutb[10]_INST_0/O
INFO: [Physopt 32-662] Processed net student_top_inst/bridge_inst/dram_driver_inst/Mem_DRAM/wr_data_reg_reg[10]_0.  Did not re-place instance student_top_inst/bridge_inst/dram_driver_inst/Mem_DRAM/u_RISCV_CORE_i_80/O
INFO: [Physopt 32-662] Processed net student_top_inst/u_RISCV_CORE/INST_MEM_BUFFER/D[2].  Did not re-place instance student_top_inst/u_RISCV_CORE/INST_MEM_BUFFER/rd_data_o[10]_i_1/O
INFO: [Physopt 32-662] Processed net student_top_inst/u_RISCV_CORE/INST_MEM_UNIT/mem_wr_buffer_inst/wr_data_buffer_reg[10]_0.  Did not re-place instance student_top_inst/u_RISCV_CORE/INST_MEM_UNIT/mem_wr_buffer_inst/rd_data_o[10]_i_2/O
INFO: [Physopt 32-662] Processed net student_top_inst/bridge_inst/counter_inst/mem_rd_data_i[20].  Did not re-place instance student_top_inst/bridge_inst/counter_inst/u_RISCV_CORE_i_12/O
INFO: [Physopt 32-662] Processed net student_top_inst/bridge_inst/dram_driver_inst/Mem_DRAM/uut_BLOCKRAM/U0/inst_blk_mem_gen/gnbram.gnativebmg.native_blk_mem_gen/valid.cstr/has_mux_b.B/doutb[20].  Did not re-place instance student_top_inst/bridge_inst/dram_driver_inst/Mem_DRAM/uut_BLOCKRAM/U0/inst_blk_mem_gen/gnbram.gnativebmg.native_blk_mem_gen/valid.cstr/has_mux_b.B/doutb[20]_INST_0/O
INFO: [Physopt 32-662] Processed net student_top_inst/bridge_inst/dram_driver_inst/Mem_DRAM/wr_data_reg_reg[20]_0.  Did not re-place instance student_top_inst/bridge_inst/dram_driver_inst/Mem_DRAM/u_RISCV_CORE_i_60/O
INFO: [Physopt 32-662] Processed net student_top_inst/u_RISCV_CORE/INST_MEM_BUFFER/D[12].  Did not re-place instance student_top_inst/u_RISCV_CORE/INST_MEM_BUFFER/rd_data_o[20]_i_1/O
INFO: [Physopt 32-662] Processed net student_top_inst/u_RISCV_CORE/INST_MEM_UNIT/mem_wr_buffer_inst/wr_data_buffer_reg[20]_0.  Did not re-place instance student_top_inst/u_RISCV_CORE/INST_MEM_UNIT/mem_wr_buffer_inst/rd_data_o[20]_i_2/O
INFO: [Physopt 32-662] Processed net student_top_inst/bridge_inst/counter_inst/mem_rd_data_i[13].  Did not re-place instance student_top_inst/bridge_inst/counter_inst/u_RISCV_CORE_i_19/O
INFO: [Physopt 32-662] Processed net student_top_inst/bridge_inst/dram_driver_inst/Mem_DRAM/uut_BLOCKRAM/U0/inst_blk_mem_gen/gnbram.gnativebmg.native_blk_mem_gen/valid.cstr/has_mux_b.B/doutb[13].  Did not re-place instance student_top_inst/bridge_inst/dram_driver_inst/Mem_DRAM/uut_BLOCKRAM/U0/inst_blk_mem_gen/gnbram.gnativebmg.native_blk_mem_gen/valid.cstr/has_mux_b.B/doutb[13]_INST_0/O
INFO: [Physopt 32-662] Processed net student_top_inst/bridge_inst/dram_driver_inst/Mem_DRAM/wr_data_reg_reg[13]_0.  Did not re-place instance student_top_inst/bridge_inst/dram_driver_inst/Mem_DRAM/u_RISCV_CORE_i_74/O
INFO: [Physopt 32-662] Processed net student_top_inst/u_RISCV_CORE/INST_MEM_BUFFER/D[5].  Did not re-place instance student_top_inst/u_RISCV_CORE/INST_MEM_BUFFER/rd_data_o[13]_i_1/O
INFO: [Physopt 32-662] Processed net student_top_inst/u_RISCV_CORE/INST_MEM_UNIT/mem_wr_buffer_inst/wr_data_buffer_reg[13]_0.  Did not re-place instance student_top_inst/u_RISCV_CORE/INST_MEM_UNIT/mem_wr_buffer_inst/rd_data_o[13]_i_2/O
INFO: [Physopt 32-662] Processed net student_top_inst/bridge_inst/counter_inst/mem_rd_data_i[2].  Did not re-place instance student_top_inst/bridge_inst/counter_inst/u_RISCV_CORE_i_30/O
INFO: [Physopt 32-662] Processed net student_top_inst/bridge_inst/dram_driver_inst/Mem_DRAM/uut_BLOCKRAM/U0/inst_blk_mem_gen/gnbram.gnativebmg.native_blk_mem_gen/valid.cstr/has_mux_b.B/doutb[2].  Did not re-place instance student_top_inst/bridge_inst/dram_driver_inst/Mem_DRAM/uut_BLOCKRAM/U0/inst_blk_mem_gen/gnbram.gnativebmg.native_blk_mem_gen/valid.cstr/has_mux_b.B/doutb[2]_INST_0/O
INFO: [Physopt 32-662] Processed net student_top_inst/bridge_inst/dram_driver_inst/Mem_DRAM/wr_data_reg_reg[2]_0.  Did not re-place instance student_top_inst/bridge_inst/dram_driver_inst/Mem_DRAM/u_RISCV_CORE_i_96/O
INFO: [Physopt 32-662] Processed net student_top_inst/u_RISCV_CORE/INST_MEM_UNIT/mem_wr_buffer_inst/p_0_in[2].  Did not re-place instance student_top_inst/u_RISCV_CORE/INST_MEM_UNIT/mem_wr_buffer_inst/rd_data_o[2]_i_1/O
INFO: [Physopt 32-661] Optimized 0 net.  Re-placed 0 instance.
INFO: [Physopt 32-775] End 1 Pass. Optimized 0 net or cell. Created 0 new cell, deleted 0 existing cell and moved 0 existing cell
Netlist sorting complete. Time (s): cpu = 00:00:00 ; elapsed = 00:00:00.001 . Memory (MB): peak = 2214.020 ; gain = 0.000
Phase 16 Multi Cell Placement Optimization | Checksum: 1b0df2b80

Time (s): cpu = 00:00:31 ; elapsed = 00:00:20 . Memory (MB): peak = 2214.020 ; gain = 38.098

Phase 17 Rewire
INFO: [Physopt 32-246] Starting Signal Push optimization...
INFO: [Physopt 32-241] No nets found for rewiring () optimization.
INFO: [Physopt 32-232] Optimized 0 net. Created 0 new instance.
INFO: [Physopt 32-775] End 1 Pass. Optimized 0 net or cell. Created 0 new cell, deleted 0 existing cell and moved 0 existing cell
Netlist sorting complete. Time (s): cpu = 00:00:00 ; elapsed = 00:00:00.001 . Memory (MB): peak = 2214.020 ; gain = 0.000
Phase 17 Rewire | Checksum: 1b0df2b80

Time (s): cpu = 00:00:31 ; elapsed = 00:00:20 . Memory (MB): peak = 2214.020 ; gain = 38.098

Phase 18 Critical Cell Optimization
INFO: [Physopt 32-68] No nets found for critical-cell optimization.
INFO: [Physopt 32-232] Optimized 0 net. Created 0 new instance.
INFO: [Physopt 32-775] End 1 Pass. Optimized 0 net or cell. Created 0 new cell, deleted 0 existing cell and moved 0 existing cell
Phase 18 Critical Cell Optimization | Checksum: 1b0df2b80

Time (s): cpu = 00:00:31 ; elapsed = 00:00:20 . Memory (MB): peak = 2214.020 ; gain = 38.098

Phase 19 DSP Register Optimization
INFO: [Physopt 32-456] No candidate cells for DSP register optimization found in the design.
INFO: [Physopt 32-775] End 1 Pass. Optimized 0 net or cell. Created 0 new cell, deleted 0 existing cell and moved 0 existing cell
Phase 19 DSP Register Optimization | Checksum: 1b0df2b80

Time (s): cpu = 00:00:31 ; elapsed = 00:00:20 . Memory (MB): peak = 2214.020 ; gain = 38.098

Phase 20 BRAM Register Optimization
INFO: [Physopt 32-526] No candidate cells for BRAM register optimization found in the design
INFO: [Physopt 32-775] End 1 Pass. Optimized 0 net or cell. Created 0 new cell, deleted 0 existing cell and moved 0 existing cell
Phase 20 BRAM Register Optimization | Checksum: 1b0df2b80

Time (s): cpu = 00:00:32 ; elapsed = 00:00:20 . Memory (MB): peak = 2214.020 ; gain = 38.098

Phase 21 URAM Register Optimization
INFO: [Physopt 32-846] No candidate cells for URAM register optimization found in the design
INFO: [Physopt 32-775] End 1 Pass. Optimized 0 net or cell. Created 0 new cell, deleted 0 existing cell and moved 0 existing cell
INFO: [Physopt 32-846] No candidate cells for URAM register optimization found in the design
INFO: [Physopt 32-775] End 1 Pass. Optimized 0 net or cell. Created 0 new cell, deleted 0 existing cell and moved 0 existing cell
Phase 21 URAM Register Optimization | Checksum: 1b0df2b80

Time (s): cpu = 00:00:32 ; elapsed = 00:00:20 . Memory (MB): peak = 2214.020 ; gain = 38.098

Phase 22 Shift Register Optimization
INFO: [Physopt 32-1401] No candidate cells found for Shift Register optimization.
INFO: [Physopt 32-677] No candidate cells for Shift Register optimization found in the design
INFO: [Physopt 32-775] End 1 Pass. Optimized 0 net or cell. Created 0 new cell, deleted 0 existing cell and moved 0 existing cell
Phase 22 Shift Register Optimization | Checksum: 1b0df2b80

Time (s): cpu = 00:00:32 ; elapsed = 00:00:20 . Memory (MB): peak = 2214.020 ; gain = 38.098

Phase 23 DSP Register Optimization
INFO: [Physopt 32-456] No candidate cells for DSP register optimization found in the design.
INFO: [Physopt 32-775] End 1 Pass. Optimized 0 net or cell. Created 0 new cell, deleted 0 existing cell and moved 0 existing cell
Phase 23 DSP Register Optimization | Checksum: 1b0df2b80

Time (s): cpu = 00:00:32 ; elapsed = 00:00:20 . Memory (MB): peak = 2214.020 ; gain = 38.098

Phase 24 BRAM Register Optimization
INFO: [Physopt 32-526] No candidate cells for BRAM register optimization found in the design
INFO: [Physopt 32-775] End 1 Pass. Optimized 0 net or cell. Created 0 new cell, deleted 0 existing cell and moved 0 existing cell
Phase 24 BRAM Register Optimization | Checksum: 1b0df2b80

Time (s): cpu = 00:00:32 ; elapsed = 00:00:20 . Memory (MB): peak = 2214.020 ; gain = 38.098

Phase 25 URAM Register Optimization
INFO: [Physopt 32-846] No candidate cells for URAM register optimization found in the design
INFO: [Physopt 32-775] End 1 Pass. Optimized 0 net or cell. Created 0 new cell, deleted 0 existing cell and moved 0 existing cell
INFO: [Physopt 32-846] No candidate cells for URAM register optimization found in the design
INFO: [Physopt 32-775] End 1 Pass. Optimized 0 net or cell. Created 0 new cell, deleted 0 existing cell and moved 0 existing cell
Phase 25 URAM Register Optimization | Checksum: 1b0df2b80

Time (s): cpu = 00:00:32 ; elapsed = 00:00:20 . Memory (MB): peak = 2214.020 ; gain = 38.098

Phase 26 Shift Register Optimization
INFO: [Physopt 32-1401] No candidate cells found for Shift Register optimization.
INFO: [Physopt 32-677] No candidate cells for Shift Register optimization found in the design
INFO: [Physopt 32-775] End 1 Pass. Optimized 0 net or cell. Created 0 new cell, deleted 0 existing cell and moved 0 existing cell
Phase 26 Shift Register Optimization | Checksum: 1b0df2b80

Time (s): cpu = 00:00:32 ; elapsed = 00:00:20 . Memory (MB): peak = 2214.020 ; gain = 38.098

Phase 27 Critical Pin Optimization
INFO: [Physopt 32-606] Identified 15 candidate nets for critical-pin optimization.
INFO: [Physopt 32-608] Optimized 7 nets.  Swapped 69 pins.
INFO: [Physopt 32-775] End 1 Pass. Optimized 7 nets or cells. Created 0 new cell, deleted 0 existing cell and moved 69 existing cells
INFO: [Physopt 32-619] Estimated Timing Summary | WNS=-0.132 | TNS=-0.301 |
Netlist sorting complete. Time (s): cpu = 00:00:00 ; elapsed = 00:00:00.001 . Memory (MB): peak = 2214.020 ; gain = 0.000
Phase 27 Critical Pin Optimization | Checksum: 1a913df0e

Time (s): cpu = 00:00:32 ; elapsed = 00:00:20 . Memory (MB): peak = 2214.020 ; gain = 38.098

Phase 28 Very High Fanout Optimization
INFO: [Physopt 32-76] Pass 1. Identified 8 candidate nets for fanout optimization.
INFO: [Physopt 32-782] Net student_top_inst/u_RISCV_CORE/INST_IF_UNIT/u_pc/pc_o_reg[8]_0 was not replicated
INFO: [Physopt 32-780] Instance student_top_inst/u_RISCV_CORE has DONT_TOUCH and is preventing optimization
Resolution: Removing DONT_TOUCH attributes may enable additional optimization
INFO: [Physopt 32-782] Net student_top_inst/u_RISCV_CORE/INST_IF_UNIT/u_pc/pc_o_reg[13]_0 was not replicated
INFO: [Physopt 32-780] Instance student_top_inst/u_RISCV_CORE has DONT_TOUCH and is preventing optimization
Resolution: Removing DONT_TOUCH attributes may enable additional optimization
INFO: [Physopt 32-782] Net student_top_inst/u_RISCV_CORE/INST_IF_UNIT/u_pc/pc_o_reg[4]_0 was not replicated
INFO: [Physopt 32-780] Instance student_top_inst/u_RISCV_CORE has DONT_TOUCH and is preventing optimization
Resolution: Removing DONT_TOUCH attributes may enable additional optimization
INFO: [Physopt 32-782] Net student_top_inst/u_RISCV_CORE/INST_IF_UNIT/u_pc/pc_o_reg[7]_0 was not replicated
INFO: [Physopt 32-780] Instance student_top_inst/u_RISCV_CORE has DONT_TOUCH and is preventing optimization
Resolution: Removing DONT_TOUCH attributes may enable additional optimization
INFO: [Physopt 32-782] Net student_top_inst/u_RISCV_CORE/INST_IF_UNIT/u_pc/pc_o_reg[3]_0 was not replicated
INFO: [Physopt 32-780] Instance student_top_inst/u_RISCV_CORE has DONT_TOUCH and is preventing optimization
Resolution: Removing DONT_TOUCH attributes may enable additional optimization
INFO: [Physopt 32-782] Net student_top_inst/u_RISCV_CORE/INST_IF_UNIT/u_pc/pc_o_reg[9]_0 was not replicated
INFO: [Physopt 32-780] Instance student_top_inst/u_RISCV_CORE has DONT_TOUCH and is preventing optimization
Resolution: Removing DONT_TOUCH attributes may enable additional optimization
INFO: [Physopt 32-782] Net student_top_inst/u_RISCV_CORE/INST_IF_UNIT/u_pc/pc_o[2] was not replicated
INFO: [Physopt 32-780] Instance student_top_inst/u_RISCV_CORE has DONT_TOUCH and is preventing optimization
Resolution: Removing DONT_TOUCH attributes may enable additional optimization
INFO: [Physopt 32-232] Optimized 0 net. Created 0 new instance.
INFO: [Physopt 32-775] End 1 Pass. Optimized 0 net or cell. Created 0 new cell, deleted 0 existing cell and moved 0 existing cell
Phase 28 Very High Fanout Optimization | Checksum: 1c11b73c0

Time (s): cpu = 00:00:32 ; elapsed = 00:00:21 . Memory (MB): peak = 2214.020 ; gain = 38.098

Phase 29 Single Cell Placement Optimization
INFO: [Physopt 32-660] Identified 250 candidate nets for placement-based optimization.
INFO: [Physopt 32-662] Processed net student_top_inst/bridge_inst/dram_driver_inst/Mem_DRAM/uut_BLOCKRAM/U0/inst_blk_mem_gen/gnbram.gnativebmg.native_blk_mem_gen/valid.cstr/has_mux_b.B/doutb[12].  Did not re-place instance student_top_inst/bridge_inst/dram_driver_inst/Mem_DRAM/uut_BLOCKRAM/U0/inst_blk_mem_gen/gnbram.gnativebmg.native_blk_mem_gen/valid.cstr/has_mux_b.B/doutb[12]_INST_0
INFO: [Physopt 32-662] Processed net student_top_inst/u_RISCV_CORE/INST_MEM_BUFFER/D[4].  Did not re-place instance student_top_inst/u_RISCV_CORE/INST_MEM_BUFFER/rd_data_o[12]_i_1
INFO: [Physopt 32-662] Processed net student_top_inst/u_RISCV_CORE/INST_MEM_UNIT/mem_wr_buffer_inst/wr_data_buffer_reg[12]_0.  Did not re-place instance student_top_inst/u_RISCV_CORE/INST_MEM_UNIT/mem_wr_buffer_inst/rd_data_o[12]_i_2
INFO: [Physopt 32-662] Processed net student_top_inst/u_RISCV_CORE/INST_MEM_UNIT/mem_wr_buffer_inst/p_5_in[4].  Did not re-place instance student_top_inst/u_RISCV_CORE/INST_MEM_UNIT/mem_wr_buffer_inst/rd_data_o_reg[12]
INFO: [Physopt 32-662] Processed net student_top_inst/bridge_inst/dram_driver_inst/Mem_DRAM/uut_BLOCKRAM/U0/inst_blk_mem_gen/gnbram.gnativebmg.native_blk_mem_gen/valid.cstr/has_mux_b.B/doutb[10].  Did not re-place instance student_top_inst/bridge_inst/dram_driver_inst/Mem_DRAM/uut_BLOCKRAM/U0/inst_blk_mem_gen/gnbram.gnativebmg.native_blk_mem_gen/valid.cstr/has_mux_b.B/doutb[10]_INST_0
INFO: [Physopt 32-662] Processed net student_top_inst/u_RISCV_CORE/INST_MEM_BUFFER/D[2].  Did not re-place instance student_top_inst/u_RISCV_CORE/INST_MEM_BUFFER/rd_data_o[10]_i_1
INFO: [Physopt 32-662] Processed net student_top_inst/u_RISCV_CORE/INST_MEM_UNIT/mem_wr_buffer_inst/wr_data_buffer_reg[10]_0.  Did not re-place instance student_top_inst/u_RISCV_CORE/INST_MEM_UNIT/mem_wr_buffer_inst/rd_data_o[10]_i_2
INFO: [Physopt 32-662] Processed net student_top_inst/u_RISCV_CORE/INST_MEM_UNIT/mem_wr_buffer_inst/p_5_in[2].  Did not re-place instance student_top_inst/u_RISCV_CORE/INST_MEM_UNIT/mem_wr_buffer_inst/rd_data_o_reg[10]
INFO: [Physopt 32-662] Processed net student_top_inst/bridge_inst/counter_inst/mem_rd_data_i[13].  Did not re-place instance student_top_inst/bridge_inst/counter_inst/u_RISCV_CORE_i_19
INFO: [Physopt 32-662] Processed net student_top_inst/bridge_inst/dram_driver_inst/Mem_DRAM/uut_BLOCKRAM/U0/inst_blk_mem_gen/gnbram.gnativebmg.native_blk_mem_gen/valid.cstr/has_mux_b.B/doutb[13].  Did not re-place instance student_top_inst/bridge_inst/dram_driver_inst/Mem_DRAM/uut_BLOCKRAM/U0/inst_blk_mem_gen/gnbram.gnativebmg.native_blk_mem_gen/valid.cstr/has_mux_b.B/doutb[13]_INST_0
INFO: [Physopt 32-662] Processed net student_top_inst/bridge_inst/dram_driver_inst/Mem_DRAM/wr_data_reg_reg[13]_0.  Did not re-place instance student_top_inst/bridge_inst/dram_driver_inst/Mem_DRAM/u_RISCV_CORE_i_74
INFO: [Physopt 32-662] Processed net student_top_inst/u_RISCV_CORE/INST_MEM_BUFFER/D[5].  Did not re-place instance student_top_inst/u_RISCV_CORE/INST_MEM_BUFFER/rd_data_o[13]_i_1
INFO: [Physopt 32-662] Processed net student_top_inst/u_RISCV_CORE/INST_MEM_UNIT/mem_wr_buffer_inst/wr_data_buffer_reg[13]_0.  Did not re-place instance student_top_inst/u_RISCV_CORE/INST_MEM_UNIT/mem_wr_buffer_inst/rd_data_o[13]_i_2
INFO: [Physopt 32-662] Processed net student_top_inst/u_RISCV_CORE/INST_MEM_UNIT/mem_wr_buffer_inst/p_5_in[5].  Did not re-place instance student_top_inst/u_RISCV_CORE/INST_MEM_UNIT/mem_wr_buffer_inst/rd_data_o_reg[13]
INFO: [Physopt 32-662] Processed net student_top_inst/bridge_inst/counter_inst/mem_rd_data_i[2].  Did not re-place instance student_top_inst/bridge_inst/counter_inst/u_RISCV_CORE_i_30
INFO: [Physopt 32-662] Processed net student_top_inst/bridge_inst/dram_driver_inst/Mem_DRAM/uut_BLOCKRAM/U0/inst_blk_mem_gen/gnbram.gnativebmg.native_blk_mem_gen/valid.cstr/has_mux_b.B/doutb[2].  Did not re-place instance student_top_inst/bridge_inst/dram_driver_inst/Mem_DRAM/uut_BLOCKRAM/U0/inst_blk_mem_gen/gnbram.gnativebmg.native_blk_mem_gen/valid.cstr/has_mux_b.B/doutb[2]_INST_0
INFO: [Physopt 32-662] Processed net student_top_inst/bridge_inst/dram_driver_inst/Mem_DRAM/wr_data_reg_reg[2]_0.  Did not re-place instance student_top_inst/bridge_inst/dram_driver_inst/Mem_DRAM/u_RISCV_CORE_i_96
INFO: [Physopt 32-662] Processed net student_top_inst/u_RISCV_CORE/INST_MEM_UNIT/mem_wr_buffer_inst/p_0_in[2].  Did not re-place instance student_top_inst/u_RISCV_CORE/INST_MEM_UNIT/mem_wr_buffer_inst/rd_data_o[2]_i_1
INFO: [Physopt 32-662] Processed net student_top_inst/u_RISCV_CORE/INST_MEM_UNIT/mem_wr_buffer_inst/rd_data_o_reg[31]_0[2].  Did not re-place instance student_top_inst/u_RISCV_CORE/INST_MEM_UNIT/mem_wr_buffer_inst/rd_data_o_reg[2]
INFO: [Physopt 32-662] Processed net student_top_inst/bridge_inst/counter_inst/mem_rd_data_i[21].  Did not re-place instance student_top_inst/bridge_inst/counter_inst/u_RISCV_CORE_i_11
INFO: [Physopt 32-662] Processed net student_top_inst/bridge_inst/dram_driver_inst/Mem_DRAM/uut_BLOCKRAM/U0/inst_blk_mem_gen/gnbram.gnativebmg.native_blk_mem_gen/valid.cstr/has_mux_b.B/doutb[21].  Did not re-place instance student_top_inst/bridge_inst/dram_driver_inst/Mem_DRAM/uut_BLOCKRAM/U0/inst_blk_mem_gen/gnbram.gnativebmg.native_blk_mem_gen/valid.cstr/has_mux_b.B/doutb[21]_INST_0
INFO: [Physopt 32-662] Processed net student_top_inst/bridge_inst/dram_driver_inst/Mem_DRAM/wr_data_reg_reg[21]_0.  Did not re-place instance student_top_inst/bridge_inst/dram_driver_inst/Mem_DRAM/u_RISCV_CORE_i_58
INFO: [Physopt 32-662] Processed net student_top_inst/u_RISCV_CORE/INST_MEM_BUFFER/D[13].  Did not re-place instance student_top_inst/u_RISCV_CORE/INST_MEM_BUFFER/rd_data_o[21]_i_1
INFO: [Physopt 32-662] Processed net student_top_inst/u_RISCV_CORE/INST_MEM_UNIT/mem_wr_buffer_inst/wr_data_buffer_reg[21]_0.  Did not re-place instance student_top_inst/u_RISCV_CORE/INST_MEM_UNIT/mem_wr_buffer_inst/rd_data_o[21]_i_2
INFO: [Physopt 32-662] Processed net student_top_inst/u_RISCV_CORE/INST_MEM_UNIT/mem_wr_buffer_inst/rd_data_o_reg[31]_0[13].  Did not re-place instance student_top_inst/u_RISCV_CORE/INST_MEM_UNIT/mem_wr_buffer_inst/rd_data_o_reg[21]
INFO: [Physopt 32-662] Processed net student_top_inst/u_RISCV_CORE/INST_MEM_BUFFER/reg2_rd_data_o_reg[2]_0.  Did not re-place instance student_top_inst/u_RISCV_CORE/INST_MEM_BUFFER/rd_data_o[2]_i_2
INFO: [Physopt 32-662] Processed net student_top_inst/u_RISCV_CORE/INST_MEM_UNIT/mem_wr_buffer_inst/rd_data_o2_carry_i_4_n_0.  Did not re-place instance student_top_inst/u_RISCV_CORE/INST_MEM_UNIT/mem_wr_buffer_inst/rd_data_o2_carry_i_4
INFO: [Physopt 32-662] Processed net student_top_inst/bridge_inst/counter_inst/mem_rd_data_i[30].  Did not re-place instance student_top_inst/bridge_inst/counter_inst/u_RISCV_CORE_i_2
INFO: [Physopt 32-662] Processed net student_top_inst/bridge_inst/dram_driver_inst/Mem_DRAM/uut_BLOCKRAM/U0/inst_blk_mem_gen/gnbram.gnativebmg.native_blk_mem_gen/valid.cstr/has_mux_b.B/doutb[30].  Did not re-place instance student_top_inst/bridge_inst/dram_driver_inst/Mem_DRAM/uut_BLOCKRAM/U0/inst_blk_mem_gen/gnbram.gnativebmg.native_blk_mem_gen/valid.cstr/has_mux_b.B/doutb[30]_INST_0
INFO: [Physopt 32-662] Processed net student_top_inst/bridge_inst/dram_driver_inst/Mem_DRAM/wr_data_reg_reg[30]_0.  Did not re-place instance student_top_inst/bridge_inst/dram_driver_inst/Mem_DRAM/u_RISCV_CORE_i_39
INFO: [Physopt 32-662] Processed net student_top_inst/u_RISCV_CORE/INST_MEM_BUFFER/D[22].  Did not re-place instance student_top_inst/u_RISCV_CORE/INST_MEM_BUFFER/rd_data_o[30]_i_1
INFO: [Physopt 32-662] Processed net student_top_inst/u_RISCV_CORE/INST_MEM_UNIT/mem_wr_buffer_inst/wr_data_buffer_reg[30]_0.  Did not re-place instance student_top_inst/u_RISCV_CORE/INST_MEM_UNIT/mem_wr_buffer_inst/rd_data_o[30]_i_2
INFO: [Physopt 32-662] Processed net student_top_inst/u_RISCV_CORE/INST_MEM_UNIT/mem_wr_buffer_inst/rd_data_o_reg[31]_0[22].  Did not re-place instance student_top_inst/u_RISCV_CORE/INST_MEM_UNIT/mem_wr_buffer_inst/rd_data_o_reg[30]
INFO: [Physopt 32-662] Processed net student_top_inst/bridge_inst/counter_inst/mem_rd_data_i[27].  Did not re-place instance student_top_inst/bridge_inst/counter_inst/u_RISCV_CORE_i_5
INFO: [Physopt 32-662] Processed net student_top_inst/bridge_inst/dram_driver_inst/Mem_DRAM/uut_BLOCKRAM/U0/inst_blk_mem_gen/gnbram.gnativebmg.native_blk_mem_gen/valid.cstr/has_mux_b.B/doutb[27].  Did not re-place instance student_top_inst/bridge_inst/dram_driver_inst/Mem_DRAM/uut_BLOCKRAM/U0/inst_blk_mem_gen/gnbram.gnativebmg.native_blk_mem_gen/valid.cstr/has_mux_b.B/doutb[27]_INST_0
INFO: [Physopt 32-662] Processed net student_top_inst/bridge_inst/dram_driver_inst/Mem_DRAM/wr_data_reg_reg[27]_0.  Did not re-place instance student_top_inst/bridge_inst/dram_driver_inst/Mem_DRAM/u_RISCV_CORE_i_45
INFO: [Physopt 32-662] Processed net student_top_inst/u_RISCV_CORE/INST_MEM_BUFFER/D[19].  Did not re-place instance student_top_inst/u_RISCV_CORE/INST_MEM_BUFFER/rd_data_o[27]_i_1
INFO: [Physopt 32-662] Processed net student_top_inst/u_RISCV_CORE/INST_MEM_UNIT/mem_wr_buffer_inst/wr_data_buffer_reg[27]_0.  Did not re-place instance student_top_inst/u_RISCV_CORE/INST_MEM_UNIT/mem_wr_buffer_inst/rd_data_o[27]_i_2
INFO: [Physopt 32-662] Processed net student_top_inst/u_RISCV_CORE/INST_MEM_UNIT/mem_wr_buffer_inst/rd_data_o_reg[31]_0[19].  Did not re-place instance student_top_inst/u_RISCV_CORE/INST_MEM_UNIT/mem_wr_buffer_inst/rd_data_o_reg[27]
INFO: [Physopt 32-662] Processed net student_top_inst/bridge_inst/counter_inst/mem_rd_data_i[4].  Did not re-place instance student_top_inst/bridge_inst/counter_inst/u_RISCV_CORE_i_28
INFO: [Physopt 32-662] Processed net student_top_inst/bridge_inst/dram_driver_inst/Mem_DRAM/uut_BLOCKRAM/U0/inst_blk_mem_gen/gnbram.gnativebmg.native_blk_mem_gen/valid.cstr/has_mux_b.B/doutb[4].  Did not re-place instance student_top_inst/bridge_inst/dram_driver_inst/Mem_DRAM/uut_BLOCKRAM/U0/inst_blk_mem_gen/gnbram.gnativebmg.native_blk_mem_gen/valid.cstr/has_mux_b.B/doutb[4]_INST_0
INFO: [Physopt 32-662] Processed net student_top_inst/bridge_inst/dram_driver_inst/Mem_DRAM/wr_data_reg_reg[4]_0.  Did not re-place instance student_top_inst/bridge_inst/dram_driver_inst/Mem_DRAM/u_RISCV_CORE_i_92
INFO: [Physopt 32-662] Processed net student_top_inst/u_RISCV_CORE/INST_MEM_UNIT/mem_wr_buffer_inst/p_0_in[4].  Did not re-place instance student_top_inst/u_RISCV_CORE/INST_MEM_UNIT/mem_wr_buffer_inst/rd_data_o[4]_i_1
INFO: [Physopt 32-662] Processed net student_top_inst/u_RISCV_CORE/INST_MEM_UNIT/mem_wr_buffer_inst/rd_data_o_reg[31]_0[4].  Did not re-place instance student_top_inst/u_RISCV_CORE/INST_MEM_UNIT/mem_wr_buffer_inst/rd_data_o_reg[4]
INFO: [Physopt 32-662] Processed net student_top_inst/bridge_inst/counter_inst/mem_rd_data_i[5].  Did not re-place instance student_top_inst/bridge_inst/counter_inst/u_RISCV_CORE_i_27
INFO: [Physopt 32-662] Processed net student_top_inst/bridge_inst/dram_driver_inst/Mem_DRAM/uut_BLOCKRAM/U0/inst_blk_mem_gen/gnbram.gnativebmg.native_blk_mem_gen/valid.cstr/has_mux_b.B/doutb[5].  Did not re-place instance student_top_inst/bridge_inst/dram_driver_inst/Mem_DRAM/uut_BLOCKRAM/U0/inst_blk_mem_gen/gnbram.gnativebmg.native_blk_mem_gen/valid.cstr/has_mux_b.B/doutb[5]_INST_0
INFO: [Physopt 32-662] Processed net student_top_inst/bridge_inst/dram_driver_inst/Mem_DRAM/wr_data_reg_reg[5]_0.  Did not re-place instance student_top_inst/bridge_inst/dram_driver_inst/Mem_DRAM/u_RISCV_CORE_i_90
INFO: [Physopt 32-662] Processed net student_top_inst/u_RISCV_CORE/INST_MEM_UNIT/mem_wr_buffer_inst/p_0_in[5].  Did not re-place instance student_top_inst/u_RISCV_CORE/INST_MEM_UNIT/mem_wr_buffer_inst/rd_data_o[5]_i_1
INFO: [Physopt 32-662] Processed net student_top_inst/u_RISCV_CORE/INST_MEM_UNIT/mem_wr_buffer_inst/rd_data_o_reg[31]_0[5].  Did not re-place instance student_top_inst/u_RISCV_CORE/INST_MEM_UNIT/mem_wr_buffer_inst/rd_data_o_reg[5]
INFO: [Physopt 32-662] Processed net student_top_inst/bridge_inst/counter_inst/mem_rd_data_i[19].  Did not re-place instance student_top_inst/bridge_inst/counter_inst/u_RISCV_CORE_i_13
INFO: [Physopt 32-662] Processed net student_top_inst/bridge_inst/dram_driver_inst/Mem_DRAM/uut_BLOCKRAM/U0/inst_blk_mem_gen/gnbram.gnativebmg.native_blk_mem_gen/valid.cstr/has_mux_b.B/doutb[19].  Did not re-place instance student_top_inst/bridge_inst/dram_driver_inst/Mem_DRAM/uut_BLOCKRAM/U0/inst_blk_mem_gen/gnbram.gnativebmg.native_blk_mem_gen/valid.cstr/has_mux_b.B/doutb[19]_INST_0
INFO: [Physopt 32-662] Processed net student_top_inst/bridge_inst/dram_driver_inst/Mem_DRAM/wr_data_reg_reg[19]_0.  Did not re-place instance student_top_inst/bridge_inst/dram_driver_inst/Mem_DRAM/u_RISCV_CORE_i_62
INFO: [Physopt 32-662] Processed net student_top_inst/u_RISCV_CORE/INST_MEM_BUFFER/D[11].  Did not re-place instance student_top_inst/u_RISCV_CORE/INST_MEM_BUFFER/rd_data_o[19]_i_1
INFO: [Physopt 32-662] Processed net student_top_inst/u_RISCV_CORE/INST_MEM_UNIT/mem_wr_buffer_inst/wr_data_buffer_reg[19]_0.  Did not re-place instance student_top_inst/u_RISCV_CORE/INST_MEM_UNIT/mem_wr_buffer_inst/rd_data_o[19]_i_2
INFO: [Physopt 32-662] Processed net student_top_inst/u_RISCV_CORE/INST_MEM_UNIT/mem_wr_buffer_inst/rd_data_o_reg[31]_0[11].  Did not re-place instance student_top_inst/u_RISCV_CORE/INST_MEM_UNIT/mem_wr_buffer_inst/rd_data_o_reg[19]
INFO: [Physopt 32-662] Processed net student_top_inst/bridge_inst/counter_inst/mem_rd_data_i[3].  Did not re-place instance student_top_inst/bridge_inst/counter_inst/u_RISCV_CORE_i_29
INFO: [Physopt 32-662] Processed net student_top_inst/bridge_inst/counter_inst/mem_rd_data_i[9].  Did not re-place instance student_top_inst/bridge_inst/counter_inst/u_RISCV_CORE_i_23
INFO: [Physopt 32-662] Processed net student_top_inst/bridge_inst/dram_driver_inst/Mem_DRAM/uut_BLOCKRAM/U0/inst_blk_mem_gen/gnbram.gnativebmg.native_blk_mem_gen/valid.cstr/has_mux_b.B/doutb[3].  Did not re-place instance student_top_inst/bridge_inst/dram_driver_inst/Mem_DRAM/uut_BLOCKRAM/U0/inst_blk_mem_gen/gnbram.gnativebmg.native_blk_mem_gen/valid.cstr/has_mux_b.B/doutb[3]_INST_0
INFO: [Physopt 32-662] Processed net student_top_inst/bridge_inst/dram_driver_inst/Mem_DRAM/uut_BLOCKRAM/U0/inst_blk_mem_gen/gnbram.gnativebmg.native_blk_mem_gen/valid.cstr/has_mux_b.B/doutb[9].  Did not re-place instance student_top_inst/bridge_inst/dram_driver_inst/Mem_DRAM/uut_BLOCKRAM/U0/inst_blk_mem_gen/gnbram.gnativebmg.native_blk_mem_gen/valid.cstr/has_mux_b.B/doutb[9]_INST_0
INFO: [Physopt 32-662] Processed net student_top_inst/bridge_inst/dram_driver_inst/Mem_DRAM/wr_data_reg_reg[3]_0.  Did not re-place instance student_top_inst/bridge_inst/dram_driver_inst/Mem_DRAM/u_RISCV_CORE_i_94
INFO: [Physopt 32-662] Processed net student_top_inst/bridge_inst/dram_driver_inst/Mem_DRAM/wr_data_reg_reg[9]_0.  Did not re-place instance student_top_inst/bridge_inst/dram_driver_inst/Mem_DRAM/u_RISCV_CORE_i_82
INFO: [Physopt 32-662] Processed net student_top_inst/u_RISCV_CORE/INST_MEM_BUFFER/D[1].  Did not re-place instance student_top_inst/u_RISCV_CORE/INST_MEM_BUFFER/rd_data_o[9]_i_1
INFO: [Physopt 32-662] Processed net student_top_inst/u_RISCV_CORE/INST_MEM_UNIT/mem_wr_buffer_inst/p_0_in[3].  Did not re-place instance student_top_inst/u_RISCV_CORE/INST_MEM_UNIT/mem_wr_buffer_inst/rd_data_o[3]_i_1
INFO: [Physopt 32-662] Processed net student_top_inst/u_RISCV_CORE/INST_MEM_UNIT/mem_wr_buffer_inst/wr_data_buffer_reg[9]_0.  Did not re-place instance student_top_inst/u_RISCV_CORE/INST_MEM_UNIT/mem_wr_buffer_inst/rd_data_o[9]_i_2
INFO: [Physopt 32-662] Processed net student_top_inst/u_RISCV_CORE/INST_MEM_UNIT/mem_wr_buffer_inst/p_5_in[1].  Did not re-place instance student_top_inst/u_RISCV_CORE/INST_MEM_UNIT/mem_wr_buffer_inst/rd_data_o_reg[9]
INFO: [Physopt 32-662] Processed net student_top_inst/u_RISCV_CORE/INST_MEM_UNIT/mem_wr_buffer_inst/rd_data_o_reg[31]_0[3].  Did not re-place instance student_top_inst/u_RISCV_CORE/INST_MEM_UNIT/mem_wr_buffer_inst/rd_data_o_reg[3]
INFO: [Physopt 32-662] Processed net student_top_inst/bridge_inst/counter_inst/mem_rd_data_i[24].  Did not re-place instance student_top_inst/bridge_inst/counter_inst/u_RISCV_CORE_i_8
INFO: [Physopt 32-662] Processed net student_top_inst/bridge_inst/dram_driver_inst/Mem_DRAM/uut_BLOCKRAM/U0/inst_blk_mem_gen/gnbram.gnativebmg.native_blk_mem_gen/valid.cstr/has_mux_b.B/doutb[24].  Did not re-place instance student_top_inst/bridge_inst/dram_driver_inst/Mem_DRAM/uut_BLOCKRAM/U0/inst_blk_mem_gen/gnbram.gnativebmg.native_blk_mem_gen/valid.cstr/has_mux_b.B/doutb[24]_INST_0
INFO: [Physopt 32-662] Processed net student_top_inst/bridge_inst/dram_driver_inst/Mem_DRAM/wr_data_reg_reg[24]_0.  Did not re-place instance student_top_inst/bridge_inst/dram_driver_inst/Mem_DRAM/u_RISCV_CORE_i_52
INFO: [Physopt 32-662] Processed net student_top_inst/u_RISCV_CORE/INST_MEM_BUFFER/D[16].  Did not re-place instance student_top_inst/u_RISCV_CORE/INST_MEM_BUFFER/rd_data_o[24]_i_1
INFO: [Physopt 32-662] Processed net student_top_inst/u_RISCV_CORE/INST_MEM_UNIT/mem_wr_buffer_inst/wr_data_buffer_reg[24]_0.  Did not re-place instance student_top_inst/u_RISCV_CORE/INST_MEM_UNIT/mem_wr_buffer_inst/rd_data_o[24]_i_2
INFO: [Physopt 32-662] Processed net student_top_inst/u_RISCV_CORE/INST_MEM_UNIT/mem_wr_buffer_inst/rd_data_o_reg[31]_0[16].  Did not re-place instance student_top_inst/u_RISCV_CORE/INST_MEM_UNIT/mem_wr_buffer_inst/rd_data_o_reg[24]
INFO: [Physopt 32-662] Processed net student_top_inst/bridge_inst/counter_inst/mem_rd_data_i[15].  Did not re-place instance student_top_inst/bridge_inst/counter_inst/u_RISCV_CORE_i_17
INFO: [Physopt 32-662] Processed net student_top_inst/bridge_inst/counter_inst/mem_rd_data_i[17].  Did not re-place instance student_top_inst/bridge_inst/counter_inst/u_RISCV_CORE_i_15
INFO: [Physopt 32-662] Processed net student_top_inst/bridge_inst/dram_driver_inst/Mem_DRAM/uut_BLOCKRAM/U0/inst_blk_mem_gen/gnbram.gnativebmg.native_blk_mem_gen/valid.cstr/has_mux_b.B/doutb[15].  Did not re-place instance student_top_inst/bridge_inst/dram_driver_inst/Mem_DRAM/uut_BLOCKRAM/U0/inst_blk_mem_gen/gnbram.gnativebmg.native_blk_mem_gen/valid.cstr/has_mux_b.B/doutb[15]_INST_0
INFO: [Physopt 32-662] Processed net student_top_inst/bridge_inst/dram_driver_inst/Mem_DRAM/uut_BLOCKRAM/U0/inst_blk_mem_gen/gnbram.gnativebmg.native_blk_mem_gen/valid.cstr/has_mux_b.B/doutb[17].  Did not re-place instance student_top_inst/bridge_inst/dram_driver_inst/Mem_DRAM/uut_BLOCKRAM/U0/inst_blk_mem_gen/gnbram.gnativebmg.native_blk_mem_gen/valid.cstr/has_mux_b.B/doutb[17]_INST_0
INFO: [Physopt 32-662] Processed net student_top_inst/bridge_inst/dram_driver_inst/Mem_DRAM/wr_data_reg_reg[15]_0.  Did not re-place instance student_top_inst/bridge_inst/dram_driver_inst/Mem_DRAM/u_RISCV_CORE_i_70
INFO: [Physopt 32-662] Processed net student_top_inst/bridge_inst/dram_driver_inst/Mem_DRAM/wr_data_reg_reg[17]_0.  Did not re-place instance student_top_inst/bridge_inst/dram_driver_inst/Mem_DRAM/u_RISCV_CORE_i_66
INFO: [Physopt 32-662] Processed net student_top_inst/u_RISCV_CORE/INST_MEM_BUFFER/D[7].  Did not re-place instance student_top_inst/u_RISCV_CORE/INST_MEM_BUFFER/rd_data_o[15]_i_1
INFO: [Physopt 32-662] Processed net student_top_inst/u_RISCV_CORE/INST_MEM_BUFFER/D[9].  Did not re-place instance student_top_inst/u_RISCV_CORE/INST_MEM_BUFFER/rd_data_o[17]_i_1
INFO: [Physopt 32-662] Processed net student_top_inst/u_RISCV_CORE/INST_MEM_UNIT/mem_wr_buffer_inst/wr_data_buffer_reg[15]_0.  Did not re-place instance student_top_inst/u_RISCV_CORE/INST_MEM_UNIT/mem_wr_buffer_inst/rd_data_o[15]_i_2
INFO: [Physopt 32-662] Processed net student_top_inst/u_RISCV_CORE/INST_MEM_UNIT/mem_wr_buffer_inst/wr_data_buffer_reg[17]_0.  Did not re-place instance student_top_inst/u_RISCV_CORE/INST_MEM_UNIT/mem_wr_buffer_inst/rd_data_o[17]_i_2
INFO: [Physopt 32-662] Processed net student_top_inst/u_RISCV_CORE/INST_MEM_UNIT/mem_wr_buffer_inst/p_5_in[7].  Did not re-place instance student_top_inst/u_RISCV_CORE/INST_MEM_UNIT/mem_wr_buffer_inst/rd_data_o_reg[15]
INFO: [Physopt 32-662] Processed net student_top_inst/u_RISCV_CORE/INST_MEM_UNIT/mem_wr_buffer_inst/rd_data_o_reg[31]_0[9].  Did not re-place instance student_top_inst/u_RISCV_CORE/INST_MEM_UNIT/mem_wr_buffer_inst/rd_data_o_reg[17]
INFO: [Physopt 32-662] Processed net student_top_inst/bridge_inst/dram_driver_inst/Mem_DRAM/uut_BLOCKRAM/U0/inst_blk_mem_gen/gnbram.gnativebmg.native_blk_mem_gen/valid.cstr/ramloop[60].ram.r/prim_init.ram/ramloop[0].ram.ram_enb.  Did not re-place instance student_top_inst/bridge_inst/dram_driver_inst/Mem_DRAM/uut_BLOCKRAM/U0/inst_blk_mem_gen/gnbram.gnativebmg.native_blk_mem_gen/valid.cstr/ramloop[60].ram.r/prim_init.ram/DEVICE_7SERIES.NO_BMM_INFO.SDP.SIMPLE_PRIM36.ram_i_2__2
INFO: [Physopt 32-662] Processed net student_top_inst/u_RISCV_CORE/INST_ID_UNIT/u_id_ex/mem_rd_addr_o[4]_INST_0_i_3_n_0.  Did not re-place instance student_top_inst/u_RISCV_CORE/INST_ID_UNIT/u_id_ex/mem_rd_addr_o[4]_INST_0_i_3
INFO: [Physopt 32-662] Processed net student_top_inst/u_RISCV_CORE/INST_AREA_PREDICTOR/pred_taken.  Did not re-place instance student_top_inst/u_RISCV_CORE/INST_AREA_PREDICTOR/predict_taken_reg_i_1
INFO: [Physopt 32-662] Processed net student_top_inst/u_RISCV_CORE/INST_IF_UNIT/u_pc/pc_o[3]_rep__0_i_1_n_0.  Did not re-place instance student_top_inst/u_RISCV_CORE/INST_IF_UNIT/u_pc/pc_o[3]_rep__0_i_1
INFO: [Physopt 32-662] Processed net student_top_inst/u_RISCV_CORE/INST_IF_UNIT/u_pc/pc_o_reg[3]_rep__0_0_repN.  Did not re-place instance student_top_inst/u_RISCV_CORE/INST_IF_UNIT/u_pc/pc_o_reg[3]_rep__0_replica
INFO: [Physopt 32-662] Processed net student_top_inst/u_RISCV_CORE/INST_AREA_PREDICTOR/predict_taken_reg_i_10_n_0.  Did not re-place instance student_top_inst/u_RISCV_CORE/INST_AREA_PREDICTOR/predict_taken_reg_i_10
INFO: [Physopt 32-662] Processed net student_top_inst/u_RISCV_CORE/INST_AREA_PREDICTOR/predict_taken_reg_i_33_n_0.  Did not re-place instance student_top_inst/u_RISCV_CORE/INST_AREA_PREDICTOR/predict_taken_reg_i_33
INFO: [Physopt 32-662] Processed net student_top_inst/u_RISCV_CORE/INST_AREA_PREDICTOR/predict_taken_reg_i_3_n_0.  Did not re-place instance student_top_inst/u_RISCV_CORE/INST_AREA_PREDICTOR/predict_taken_reg_i_3
INFO: [Physopt 32-662] Processed net student_top_inst/u_RISCV_CORE/INST_IF_UNIT/u_pc/pc_o_reg[3]_rep__0_0_repN_6.  Did not re-place instance student_top_inst/u_RISCV_CORE/INST_IF_UNIT/u_pc/pc_o_reg[3]_rep__0_replica_6
INFO: [Physopt 32-662] Processed net student_top_inst/u_RISCV_CORE/INST_IF_UNIT/u_pc/pc_o_reg[3]_rep__0_0_repN_7.  Did not re-place instance student_top_inst/u_RISCV_CORE/INST_IF_UNIT/u_pc/pc_o_reg[3]_rep__0_replica_7
INFO: [Physopt 32-662] Processed net student_top_inst/u_RISCV_CORE/INST_IF_UNIT/u_pc/pc_o_reg[3]_rep__0_0_repN_5.  Did not re-place instance student_top_inst/u_RISCV_CORE/INST_IF_UNIT/u_pc/pc_o_reg[3]_rep__0_replica_5
INFO: [Physopt 32-662] Processed net student_top_inst/u_RISCV_CORE/INST_IF_UNIT/u_pc/pc_o_reg[3]_rep__0_0.  Did not re-place instance student_top_inst/u_RISCV_CORE/INST_IF_UNIT/u_pc/pc_o_reg[3]_rep__0
INFO: [Physopt 32-662] Processed net student_top_inst/u_RISCV_CORE/INST_IF_UNIT/u_pc/pc_o_reg[3]_rep__0_0_repN_4.  Did not re-place instance student_top_inst/u_RISCV_CORE/INST_IF_UNIT/u_pc/pc_o_reg[3]_rep__0_replica_4
INFO: [Physopt 32-662] Processed net student_top_inst/bridge_inst/counter_inst/mem_rd_data_i[23].  Did not re-place instance student_top_inst/bridge_inst/counter_inst/u_RISCV_CORE_i_9
INFO: [Physopt 32-662] Processed net student_top_inst/bridge_inst/dram_driver_inst/Mem_DRAM/uut_BLOCKRAM/U0/inst_blk_mem_gen/gnbram.gnativebmg.native_blk_mem_gen/valid.cstr/has_mux_b.B/doutb[23].  Did not re-place instance student_top_inst/bridge_inst/dram_driver_inst/Mem_DRAM/uut_BLOCKRAM/U0/inst_blk_mem_gen/gnbram.gnativebmg.native_blk_mem_gen/valid.cstr/has_mux_b.B/doutb[23]_INST_0
INFO: [Physopt 32-662] Processed net student_top_inst/bridge_inst/dram_driver_inst/Mem_DRAM/wr_data_reg_reg[23]_0.  Did not re-place instance student_top_inst/bridge_inst/dram_driver_inst/Mem_DRAM/u_RISCV_CORE_i_54
INFO: [Physopt 32-662] Processed net student_top_inst/u_RISCV_CORE/INST_MEM_BUFFER/D[15].  Did not re-place instance student_top_inst/u_RISCV_CORE/INST_MEM_BUFFER/rd_data_o[23]_i_1
INFO: [Physopt 32-662] Processed net student_top_inst/u_RISCV_CORE/INST_MEM_UNIT/mem_wr_buffer_inst/wr_data_buffer_reg[23]_0.  Did not re-place instance student_top_inst/u_RISCV_CORE/INST_MEM_UNIT/mem_wr_buffer_inst/rd_data_o[23]_i_2
INFO: [Physopt 32-662] Processed net student_top_inst/u_RISCV_CORE/INST_MEM_UNIT/mem_wr_buffer_inst/rd_data_o_reg[31]_0[15].  Did not re-place instance student_top_inst/u_RISCV_CORE/INST_MEM_UNIT/mem_wr_buffer_inst/rd_data_o_reg[23]
INFO: [Physopt 32-662] Processed net student_top_inst/u_RISCV_CORE/INST_EX_UNIT/mem_rd_addr_to_mem_reg[31]_0[14].  Did not re-place instance student_top_inst/u_RISCV_CORE/INST_EX_UNIT/mem_rd_addr_to_mem_reg[14]
INFO: [Physopt 32-662] Processed net student_top_inst/u_RISCV_CORE/INST_MEM_UNIT/mem_wr_buffer_inst/rd_data_o2_carry__0_i_4_n_0.  Did not re-place instance student_top_inst/u_RISCV_CORE/INST_MEM_UNIT/mem_wr_buffer_inst/rd_data_o2_carry__0_i_4
INFO: [Physopt 32-662] Processed net student_top_inst/u_RISCV_CORE/INST_MEM_UNIT/mem_rd_addr_reg[17].  Did not re-place instance student_top_inst/u_RISCV_CORE/INST_MEM_UNIT/mem_rd_addr_reg_reg[17]
INFO: [Physopt 32-662] Processed net student_top_inst/u_RISCV_CORE/INST_MEM_UNIT/mem_wr_buffer_inst/rd_data_o2_carry__0_i_3_n_0.  Did not re-place instance student_top_inst/u_RISCV_CORE/INST_MEM_UNIT/mem_wr_buffer_inst/rd_data_o2_carry__0_i_3
INFO: [Physopt 32-662] Processed net student_top_inst/u_RISCV_CORE/INST_MEM_UNIT/mem_wr_buffer_inst/rd_data_o_reg[31]_0[7].  Did not re-place instance student_top_inst/u_RISCV_CORE/INST_MEM_UNIT/mem_wr_buffer_inst/rd_data_o_reg[7]
INFO: [Physopt 32-662] Processed net student_top_inst/bridge_inst/counter_inst/mem_rd_data_i[7].  Did not re-place instance student_top_inst/bridge_inst/counter_inst/u_RISCV_CORE_i_25
INFO: [Physopt 32-662] Processed net student_top_inst/bridge_inst/dram_driver_inst/Mem_DRAM/uut_BLOCKRAM/U0/inst_blk_mem_gen/gnbram.gnativebmg.native_blk_mem_gen/valid.cstr/has_mux_b.B/doutb[7].  Did not re-place instance student_top_inst/bridge_inst/dram_driver_inst/Mem_DRAM/uut_BLOCKRAM/U0/inst_blk_mem_gen/gnbram.gnativebmg.native_blk_mem_gen/valid.cstr/has_mux_b.B/doutb[7]_INST_0
INFO: [Physopt 32-662] Processed net student_top_inst/bridge_inst/dram_driver_inst/Mem_DRAM/wr_data_reg_reg[7]_0.  Did not re-place instance student_top_inst/bridge_inst/dram_driver_inst/Mem_DRAM/u_RISCV_CORE_i_86
INFO: [Physopt 32-662] Processed net student_top_inst/u_RISCV_CORE/INST_MEM_UNIT/mem_wr_buffer_inst/p_0_in[7].  Did not re-place instance student_top_inst/u_RISCV_CORE/INST_MEM_UNIT/mem_wr_buffer_inst/rd_data_o[7]_i_1
INFO: [Physopt 32-662] Processed net student_top_inst/u_RISCV_CORE/INST_IF_UNIT/u_pc/pc_o_reg[3]_rep__0_0_repN_1.  Did not re-place instance student_top_inst/u_RISCV_CORE/INST_IF_UNIT/u_pc/pc_o_reg[3]_rep__0_replica_1
INFO: [Physopt 32-662] Processed net student_top_inst/u_RISCV_CORE/INST_IF_UNIT/u_pc/pc_o_reg[3]_rep__0_0_repN_3.  Did not re-place instance student_top_inst/u_RISCV_CORE/INST_IF_UNIT/u_pc/pc_o_reg[3]_rep__0_replica_3
INFO: [Physopt 32-662] Processed net student_top_inst/bridge_inst/counter_inst/mem_rd_data_i[11].  Did not re-place instance student_top_inst/bridge_inst/counter_inst/u_RISCV_CORE_i_21
INFO: [Physopt 32-662] Processed net student_top_inst/bridge_inst/counter_inst/mem_rd_data_i[22].  Did not re-place instance student_top_inst/bridge_inst/counter_inst/u_RISCV_CORE_i_10
INFO: [Physopt 32-662] Processed net student_top_inst/bridge_inst/dram_driver_inst/Mem_DRAM/uut_BLOCKRAM/U0/inst_blk_mem_gen/gnbram.gnativebmg.native_blk_mem_gen/valid.cstr/has_mux_b.B/doutb[11].  Did not re-place instance student_top_inst/bridge_inst/dram_driver_inst/Mem_DRAM/uut_BLOCKRAM/U0/inst_blk_mem_gen/gnbram.gnativebmg.native_blk_mem_gen/valid.cstr/has_mux_b.B/doutb[11]_INST_0
INFO: [Physopt 32-662] Processed net student_top_inst/bridge_inst/dram_driver_inst/Mem_DRAM/uut_BLOCKRAM/U0/inst_blk_mem_gen/gnbram.gnativebmg.native_blk_mem_gen/valid.cstr/has_mux_b.B/doutb[22].  Did not re-place instance student_top_inst/bridge_inst/dram_driver_inst/Mem_DRAM/uut_BLOCKRAM/U0/inst_blk_mem_gen/gnbram.gnativebmg.native_blk_mem_gen/valid.cstr/has_mux_b.B/doutb[22]_INST_0
INFO: [Physopt 32-662] Processed net student_top_inst/bridge_inst/dram_driver_inst/Mem_DRAM/wr_data_reg_reg[11]_0.  Did not re-place instance student_top_inst/bridge_inst/dram_driver_inst/Mem_DRAM/u_RISCV_CORE_i_78
INFO: [Physopt 32-662] Processed net student_top_inst/bridge_inst/dram_driver_inst/Mem_DRAM/wr_data_reg_reg[22]_0.  Did not re-place instance student_top_inst/bridge_inst/dram_driver_inst/Mem_DRAM/u_RISCV_CORE_i_56
INFO: [Physopt 32-662] Processed net student_top_inst/u_RISCV_CORE/INST_MEM_BUFFER/D[14].  Did not re-place instance student_top_inst/u_RISCV_CORE/INST_MEM_BUFFER/rd_data_o[22]_i_1
INFO: [Physopt 32-662] Processed net student_top_inst/u_RISCV_CORE/INST_MEM_BUFFER/D[3].  Did not re-place instance student_top_inst/u_RISCV_CORE/INST_MEM_BUFFER/rd_data_o[11]_i_1
INFO: [Physopt 32-662] Processed net student_top_inst/u_RISCV_CORE/INST_MEM_UNIT/mem_wr_buffer_inst/wr_data_buffer_reg[11]_0.  Did not re-place instance student_top_inst/u_RISCV_CORE/INST_MEM_UNIT/mem_wr_buffer_inst/rd_data_o[11]_i_2
INFO: [Physopt 32-662] Processed net student_top_inst/u_RISCV_CORE/INST_MEM_UNIT/mem_wr_buffer_inst/wr_data_buffer_reg[22]_0.  Did not re-place instance student_top_inst/u_RISCV_CORE/INST_MEM_UNIT/mem_wr_buffer_inst/rd_data_o[22]_i_2
INFO: [Physopt 32-662] Processed net student_top_inst/u_RISCV_CORE/INST_MEM_UNIT/mem_wr_buffer_inst/p_5_in[3].  Did not re-place instance student_top_inst/u_RISCV_CORE/INST_MEM_UNIT/mem_wr_buffer_inst/rd_data_o_reg[11]
INFO: [Physopt 32-662] Processed net student_top_inst/u_RISCV_CORE/INST_MEM_UNIT/mem_wr_buffer_inst/rd_data_o_reg[31]_0[14].  Did not re-place instance student_top_inst/u_RISCV_CORE/INST_MEM_UNIT/mem_wr_buffer_inst/rd_data_o_reg[22]
INFO: [Physopt 32-662] Processed net student_top_inst/bridge_inst/dram_driver_inst/Mem_DRAM/uut_BLOCKRAM/U0/inst_blk_mem_gen/gnbram.gnativebmg.native_blk_mem_gen/valid.cstr/ramloop[62].ram.r/prim_init.ram/ramloop[2].ram.ram_ena.  Did not re-place instance student_top_inst/bridge_inst/dram_driver_inst/Mem_DRAM/uut_BLOCKRAM/U0/inst_blk_mem_gen/gnbram.gnativebmg.native_blk_mem_gen/valid.cstr/ramloop[62].ram.r/prim_init.ram/DEVICE_7SERIES.NO_BMM_INFO.SDP.SIMPLE_PRIM36.ram_i_1__0
INFO: [Physopt 32-662] Processed net student_top_inst/bridge_inst/dram_driver_inst/Mem_DRAM/uut_BLOCKRAM/U0/inst_blk_mem_gen/gnbram.gnativebmg.native_blk_mem_gen/valid.cstr/ramloop[60].ram.r/prim_init.ram/ramloop[0].ram.ram_ena.  Did not re-place instance student_top_inst/bridge_inst/dram_driver_inst/Mem_DRAM/uut_BLOCKRAM/U0/inst_blk_mem_gen/gnbram.gnativebmg.native_blk_mem_gen/valid.cstr/ramloop[60].ram.r/prim_init.ram/DEVICE_7SERIES.NO_BMM_INFO.SDP.SIMPLE_PRIM36.ram_i_1__2
INFO: [Physopt 32-662] Processed net student_top_inst/bridge_inst/dram_driver_inst/Mem_DRAM/dram_wen0.  Did not re-place instance student_top_inst/bridge_inst/dram_driver_inst/Mem_DRAM/ram_LUT2_1
INFO: [Physopt 32-662] Processed net student_top_inst/bridge_inst/dram_driver_inst/Mem_DRAM/ram_net_6.  Did not re-place instance student_top_inst/bridge_inst/dram_driver_inst/Mem_DRAM/ram_LUT2
INFO: [Physopt 32-662] Processed net student_top_inst/bridge_inst/dram_driver_inst/Mem_DRAM/ram_net_4.  Did not re-place instance student_top_inst/bridge_inst/dram_driver_inst/Mem_DRAM/ram_LUT6_3
INFO: [Physopt 32-662] Processed net student_top_inst/u_RISCV_CORE/INST_MEM_UNIT/mem_rd_addr_reg[11].  Did not re-place instance student_top_inst/u_RISCV_CORE/INST_MEM_UNIT/mem_rd_addr_reg_reg[11]
INFO: [Physopt 32-662] Processed net student_top_inst/u_RISCV_CORE/INST_MEM_UNIT/mem_wr_buffer_inst/rd_data_o2_carry_i_1_n_0.  Did not re-place instance student_top_inst/u_RISCV_CORE/INST_MEM_UNIT/mem_wr_buffer_inst/rd_data_o2_carry_i_1
INFO: [Physopt 32-662] Processed net student_top_inst/u_RISCV_CORE/INST_EX_UNIT/mem_rd_addr_to_mem_reg[31]_0[11].  Did not re-place instance student_top_inst/u_RISCV_CORE/INST_EX_UNIT/mem_rd_addr_to_mem_reg[11]
INFO: [Physopt 32-662] Processed net student_top_inst/u_RISCV_CORE/INST_EX_UNIT/mem_rd_addr_to_mem_reg[31]_0[8].  Did not re-place instance student_top_inst/u_RISCV_CORE/INST_EX_UNIT/mem_rd_addr_to_mem_reg[8]
INFO: [Physopt 32-662] Processed net student_top_inst/u_RISCV_CORE/INST_MEM_UNIT/mem_wr_buffer_inst/rd_data_o2_carry_i_2_n_0.  Did not re-place instance student_top_inst/u_RISCV_CORE/INST_MEM_UNIT/mem_wr_buffer_inst/rd_data_o2_carry_i_2
INFO: [Physopt 32-662] Processed net student_top_inst/u_RISCV_CORE/INST_ID_UNIT/u_id_ex/Q[1].  Did not re-place instance student_top_inst/u_RISCV_CORE/INST_ID_UNIT/u_id_ex/reg1_rd_data_o_reg[1]
INFO: [Physopt 32-662] Processed net student_top_inst/u_RISCV_CORE/INST_ID_UNIT/u_id_ex/mem_rd_addr_o[1]_INST_0_i_3_n_0.  Did not re-place instance student_top_inst/u_RISCV_CORE/INST_ID_UNIT/u_id_ex/mem_rd_addr_o[1]_INST_0_i_3
INFO: [Physopt 32-662] Processed net student_top_inst/u_RISCV_CORE/INST_EX_UNIT/mem_rd_addr_to_mem_reg[31]_0[5].  Did not re-place instance student_top_inst/u_RISCV_CORE/INST_EX_UNIT/mem_rd_addr_to_mem_reg[5]
INFO: [Physopt 32-662] Processed net student_top_inst/u_RISCV_CORE/INST_MEM_UNIT/mem_wr_buffer_inst/rd_data_o2_carry_i_3_n_0.  Did not re-place instance student_top_inst/u_RISCV_CORE/INST_MEM_UNIT/mem_wr_buffer_inst/rd_data_o2_carry_i_3
INFO: [Physopt 32-662] Processed net student_top_inst/bridge_inst/counter_inst/mem_rd_data_i[0].  Did not re-place instance student_top_inst/bridge_inst/counter_inst/u_RISCV_CORE_i_32
INFO: [Physopt 32-662] Processed net student_top_inst/bridge_inst/dram_driver_inst/Mem_DRAM/uut_BLOCKRAM/U0/inst_blk_mem_gen/gnbram.gnativebmg.native_blk_mem_gen/valid.cstr/has_mux_b.B/doutb[0].  Did not re-place instance student_top_inst/bridge_inst/dram_driver_inst/Mem_DRAM/uut_BLOCKRAM/U0/inst_blk_mem_gen/gnbram.gnativebmg.native_blk_mem_gen/valid.cstr/has_mux_b.B/doutb[0]_INST_0
INFO: [Physopt 32-662] Processed net student_top_inst/bridge_inst/dram_driver_inst/Mem_DRAM/wr_data_reg_reg[0]_0.  Did not re-place instance student_top_inst/bridge_inst/dram_driver_inst/Mem_DRAM/u_RISCV_CORE_i_100
INFO: [Physopt 32-662] Processed net student_top_inst/u_RISCV_CORE/INST_MEM_UNIT/mem_wr_buffer_inst/p_0_in[0].  Did not re-place instance student_top_inst/u_RISCV_CORE/INST_MEM_UNIT/mem_wr_buffer_inst/rd_data_o[0]_i_1
INFO: [Physopt 32-662] Processed net student_top_inst/u_RISCV_CORE/INST_MEM_UNIT/mem_wr_buffer_inst/rd_data_o_reg[31]_0[0].  Did not re-place instance student_top_inst/u_RISCV_CORE/INST_MEM_UNIT/mem_wr_buffer_inst/rd_data_o_reg[0]
INFO: [Physopt 32-662] Processed net student_top_inst/u_RISCV_CORE/INST_IF_UNIT/u_pc/pc_o_reg[2]_0.  Did not re-place instance student_top_inst/u_RISCV_CORE/INST_IF_UNIT/u_pc/pc_o_reg[2]
INFO: [Physopt 32-662] Processed net student_top_inst/u_RISCV_CORE/INST_ID_UNIT/u_id_ex/pc_o[13]_i_9_n_0.  Did not re-place instance student_top_inst/u_RISCV_CORE/INST_ID_UNIT/u_id_ex/pc_o[13]_i_9
INFO: [Physopt 32-662] Processed net student_top_inst/u_RISCV_CORE/INST_ID_UNIT/u_id_ex/Q[29].  Did not re-place instance student_top_inst/u_RISCV_CORE/INST_ID_UNIT/u_id_ex/reg1_rd_data_o_reg[29]
INFO: [Physopt 32-662] Processed net student_top_inst/u_RISCV_CORE/INST_ID_UNIT/u_id_ex/ins_o_reg[4]_0.  Did not re-place instance student_top_inst/u_RISCV_CORE/INST_ID_UNIT/u_id_ex/pc_o[13]_i_10
INFO: [Physopt 32-662] Processed net student_top_inst/u_RISCV_CORE/INST_ID_UNIT/u_id_ex/ex_jump_addr_o[2].  Did not re-place instance student_top_inst/u_RISCV_CORE/INST_ID_UNIT/u_id_ex/pc_o[2]_rep_i_2
INFO: [Physopt 32-662] Processed net student_top_inst/u_RISCV_CORE/INST_EX_UNIT/u_cu/ins_o_reg[14].  Did not re-place instance student_top_inst/u_RISCV_CORE/INST_EX_UNIT/u_cu/pc_o[13]_i_22
INFO: [Physopt 32-662] Processed net student_top_inst/u_RISCV_CORE/INST_ID_UNIT/u_id_ex/reg2_rd_data_o_reg[31]_3[1].  Did not re-place instance student_top_inst/u_RISCV_CORE/INST_ID_UNIT/u_id_ex/in00_carry__1_i_2
INFO: [Physopt 32-662] Processed net student_top_inst/u_RISCV_CORE/INST_IF_UNIT/u_if_id/p_1_in[2].  Did not re-place instance student_top_inst/u_RISCV_CORE/INST_IF_UNIT/u_if_id/pc_o[2]_i_1
INFO: [Physopt 32-662] Processed net student_top_inst/u_RISCV_CORE/INST_MEM_UNIT/mem_rd_addr_reg[5].  Did not re-place instance student_top_inst/u_RISCV_CORE/INST_MEM_UNIT/mem_rd_addr_reg_reg[5]
INFO: [Physopt 32-662] Processed net student_top_inst/u_RISCV_CORE/INST_AREA_PREDICTOR/predict_taken_reg_i_21_n_0.  Did not re-place instance student_top_inst/u_RISCV_CORE/INST_AREA_PREDICTOR/predict_taken_reg_i_21
INFO: [Physopt 32-662] Processed net student_top_inst/u_RISCV_CORE/INST_AREA_PREDICTOR/predict_taken_reg_i_2_n_0.  Did not re-place instance student_top_inst/u_RISCV_CORE/INST_AREA_PREDICTOR/predict_taken_reg_i_2
INFO: [Physopt 32-662] Processed net student_top_inst/u_RISCV_CORE/INST_AREA_PREDICTOR/predict_taken_reg_i_79_n_0.  Did not re-place instance student_top_inst/u_RISCV_CORE/INST_AREA_PREDICTOR/predict_taken_reg_i_79
INFO: [Physopt 32-662] Processed net student_top_inst/u_RISCV_CORE/INST_AREA_PREDICTOR/predict_taken_reg_i_7_n_0.  Did not re-place instance student_top_inst/u_RISCV_CORE/INST_AREA_PREDICTOR/predict_taken_reg_i_7
INFO: [Physopt 32-662] Processed net student_top_inst/bridge_inst/counter_inst/mem_rd_data_i[25].  Did not re-place instance student_top_inst/bridge_inst/counter_inst/u_RISCV_CORE_i_7
INFO: [Physopt 32-662] Processed net student_top_inst/bridge_inst/dram_driver_inst/Mem_DRAM/uut_BLOCKRAM/U0/inst_blk_mem_gen/gnbram.gnativebmg.native_blk_mem_gen/valid.cstr/has_mux_b.B/doutb[25].  Did not re-place instance student_top_inst/bridge_inst/dram_driver_inst/Mem_DRAM/uut_BLOCKRAM/U0/inst_blk_mem_gen/gnbram.gnativebmg.native_blk_mem_gen/valid.cstr/has_mux_b.B/doutb[25]_INST_0
INFO: [Physopt 32-662] Processed net student_top_inst/bridge_inst/dram_driver_inst/Mem_DRAM/wr_data_reg_reg[25]_0.  Did not re-place instance student_top_inst/bridge_inst/dram_driver_inst/Mem_DRAM/u_RISCV_CORE_i_49
INFO: [Physopt 32-662] Processed net student_top_inst/u_RISCV_CORE/INST_MEM_BUFFER/D[17].  Did not re-place instance student_top_inst/u_RISCV_CORE/INST_MEM_BUFFER/rd_data_o[25]_i_1
INFO: [Physopt 32-662] Processed net student_top_inst/u_RISCV_CORE/INST_MEM_UNIT/mem_wr_buffer_inst/wr_data_buffer_reg[25]_0.  Did not re-place instance student_top_inst/u_RISCV_CORE/INST_MEM_UNIT/mem_wr_buffer_inst/rd_data_o[25]_i_2
INFO: [Physopt 32-662] Processed net student_top_inst/u_RISCV_CORE/INST_MEM_UNIT/mem_wr_buffer_inst/rd_data_o_reg[31]_0[17].  Did not re-place instance student_top_inst/u_RISCV_CORE/INST_MEM_UNIT/mem_wr_buffer_inst/rd_data_o_reg[25]
INFO: [Physopt 32-662] Processed net student_top_inst/u_RISCV_CORE/INST_ID_UNIT/u_id_ex/Q[14].  Did not re-place instance student_top_inst/u_RISCV_CORE/INST_ID_UNIT/u_id_ex/reg1_rd_data_o_reg[14]
INFO: [Physopt 32-662] Processed net student_top_inst/u_RISCV_CORE/INST_ID_UNIT/u_id_ex/mem_rd_addr_o[12]_INST_0_i_2_n_0.  Did not re-place instance student_top_inst/u_RISCV_CORE/INST_ID_UNIT/u_id_ex/mem_rd_addr_o[12]_INST_0_i_2
INFO: [Physopt 32-662] Processed net student_top_inst/u_RISCV_CORE/INST_IF_UNIT/u_pc/pc_o_reg[13]_0.  Did not re-place instance student_top_inst/u_RISCV_CORE/INST_IF_UNIT/u_pc/pc_o_reg[13]
INFO: [Physopt 32-662] Processed net student_top_inst/Mem_IROM/U0/synth_options.dist_mem_inst/gen_rom.rom_inst/spo[24]_INST_0_i_13_n_0.  Did not re-place instance student_top_inst/Mem_IROM/U0/synth_options.dist_mem_inst/gen_rom.rom_inst/spo[24]_INST_0_i_13
INFO: [Physopt 32-662] Processed net student_top_inst/Mem_IROM/U0/synth_options.dist_mem_inst/gen_rom.rom_inst/spo[24]_INST_0_i_5_n_0.  Did not re-place instance student_top_inst/Mem_IROM/U0/synth_options.dist_mem_inst/gen_rom.rom_inst/spo[24]_INST_0_i_5
INFO: [Physopt 32-662] Processed net student_top_inst/Mem_IROM/U0/synth_options.dist_mem_inst/gen_rom.rom_inst/spo[26]_INST_0_i_10_n_0.  Did not re-place instance student_top_inst/Mem_IROM/U0/synth_options.dist_mem_inst/gen_rom.rom_inst/spo[26]_INST_0_i_10
INFO: [Physopt 32-662] Processed net student_top_inst/u_RISCV_CORE/INST_IF_UNIT/u_if_id/p_0_in[24].  Did not re-place instance student_top_inst/u_RISCV_CORE/INST_IF_UNIT/u_if_id/ins_o[24]_i_1
INFO: [Physopt 32-662] Processed net student_top_inst/u_RISCV_CORE/INST_IF_UNIT/u_if_id/p_0_in[26].  Did not re-place instance student_top_inst/u_RISCV_CORE/INST_IF_UNIT/u_if_id/ins_o[26]_i_1
INFO: [Physopt 32-662] Processed net student_top_inst/u_RISCV_CORE/INST_IF_UNIT/u_if_id/if_ins_o[24].  Did not re-place instance student_top_inst/u_RISCV_CORE/INST_IF_UNIT/u_if_id/ins_o_reg[24]
INFO: [Physopt 32-662] Processed net student_top_inst/u_RISCV_CORE/INST_IF_UNIT/u_if_id/if_ins_o[26].  Did not re-place instance student_top_inst/u_RISCV_CORE/INST_IF_UNIT/u_if_id/ins_o_reg[26]
INFO: [Physopt 32-662] Processed net student_top_inst/bridge_inst/counter_inst/mem_rd_data_i[1].  Did not re-place instance student_top_inst/bridge_inst/counter_inst/u_RISCV_CORE_i_31
INFO: [Physopt 32-662] Processed net student_top_inst/bridge_inst/dram_driver_inst/Mem_DRAM/uut_BLOCKRAM/U0/inst_blk_mem_gen/gnbram.gnativebmg.native_blk_mem_gen/valid.cstr/has_mux_b.B/doutb[1].  Did not re-place instance student_top_inst/bridge_inst/dram_driver_inst/Mem_DRAM/uut_BLOCKRAM/U0/inst_blk_mem_gen/gnbram.gnativebmg.native_blk_mem_gen/valid.cstr/has_mux_b.B/doutb[1]_INST_0
INFO: [Physopt 32-662] Processed net student_top_inst/bridge_inst/dram_driver_inst/Mem_DRAM/wr_data_reg_reg[1]_0.  Did not re-place instance student_top_inst/bridge_inst/dram_driver_inst/Mem_DRAM/u_RISCV_CORE_i_98
INFO: [Physopt 32-662] Processed net student_top_inst/u_RISCV_CORE/INST_MEM_UNIT/mem_wr_buffer_inst/p_0_in[1].  Did not re-place instance student_top_inst/u_RISCV_CORE/INST_MEM_UNIT/mem_wr_buffer_inst/rd_data_o[1]_i_1
INFO: [Physopt 32-662] Processed net student_top_inst/u_RISCV_CORE/INST_MEM_UNIT/mem_wr_buffer_inst/rd_data_o_reg[31]_0[1].  Did not re-place instance student_top_inst/u_RISCV_CORE/INST_MEM_UNIT/mem_wr_buffer_inst/rd_data_o_reg[1]
INFO: [Physopt 32-662] Processed net student_top_inst/u_RISCV_CORE/INST_MEM_UNIT/mem_wr_buffer_inst/mem_wr_addr_o[13].  Did not re-place instance student_top_inst/u_RISCV_CORE/INST_MEM_UNIT/mem_wr_buffer_inst/wr_addr_buffer_reg[13]
INFO: [Physopt 32-662] Processed net student_top_inst/bridge_inst/dram_driver_inst/Mem_DRAM/ram_net_5.  Did not re-place instance student_top_inst/bridge_inst/dram_driver_inst/Mem_DRAM/ram_LUT6_2
INFO: [Physopt 32-662] Processed net student_top_inst/bridge_inst/dram_driver_inst/Mem_DRAM/need_hypass_reg_i_6_n_0.  Did not re-place instance student_top_inst/bridge_inst/dram_driver_inst/Mem_DRAM/ram_LUT4_1
INFO: [Physopt 32-662] Processed net student_top_inst/bridge_inst/dram_driver_inst/Mem_DRAM/ram_net_1.  Did not re-place instance student_top_inst/bridge_inst/dram_driver_inst/Mem_DRAM/ram_LUT6_1
INFO: [Physopt 32-662] Processed net student_top_inst/bridge_inst/dram_driver_inst/Mem_DRAM/uut_BLOCKRAM_i_5_n_0.  Did not re-place instance student_top_inst/bridge_inst/dram_driver_inst/Mem_DRAM/uut_BLOCKRAM_i_5
INFO: [Physopt 32-662] Processed net student_top_inst/bridge_inst/counter_inst/mem_rd_data_i[14].  Did not re-place instance student_top_inst/bridge_inst/counter_inst/u_RISCV_CORE_i_18
INFO: [Physopt 32-662] Processed net student_top_inst/bridge_inst/dram_driver_inst/Mem_DRAM/uut_BLOCKRAM/U0/inst_blk_mem_gen/gnbram.gnativebmg.native_blk_mem_gen/valid.cstr/has_mux_b.B/doutb[14].  Did not re-place instance student_top_inst/bridge_inst/dram_driver_inst/Mem_DRAM/uut_BLOCKRAM/U0/inst_blk_mem_gen/gnbram.gnativebmg.native_blk_mem_gen/valid.cstr/has_mux_b.B/doutb[14]_INST_0
INFO: [Physopt 32-662] Processed net student_top_inst/bridge_inst/dram_driver_inst/Mem_DRAM/wr_data_reg_reg[14]_0.  Did not re-place instance student_top_inst/bridge_inst/dram_driver_inst/Mem_DRAM/u_RISCV_CORE_i_72
INFO: [Physopt 32-662] Processed net student_top_inst/u_RISCV_CORE/INST_MEM_BUFFER/D[6].  Did not re-place instance student_top_inst/u_RISCV_CORE/INST_MEM_BUFFER/rd_data_o[14]_i_1
INFO: [Physopt 32-662] Processed net student_top_inst/u_RISCV_CORE/INST_MEM_UNIT/mem_wr_buffer_inst/wr_data_buffer_reg[14]_0.  Did not re-place instance student_top_inst/u_RISCV_CORE/INST_MEM_UNIT/mem_wr_buffer_inst/rd_data_o[14]_i_2
INFO: [Physopt 32-662] Processed net student_top_inst/u_RISCV_CORE/INST_MEM_UNIT/mem_wr_buffer_inst/p_5_in[6].  Did not re-place instance student_top_inst/u_RISCV_CORE/INST_MEM_UNIT/mem_wr_buffer_inst/rd_data_o_reg[14]
INFO: [Physopt 32-662] Processed net student_top_inst/u_RISCV_CORE/INST_ID_UNIT/u_id_ex/mem_rd_addr_o[4]_INST_0_i_2_n_0.  Did not re-place instance student_top_inst/u_RISCV_CORE/INST_ID_UNIT/u_id_ex/mem_rd_addr_o[4]_INST_0_i_2
INFO: [Physopt 32-662] Processed net student_top_inst/u_RISCV_CORE/INST_MEM_UNIT/mem_rd_addr_reg[6].  Did not re-place instance student_top_inst/u_RISCV_CORE/INST_MEM_UNIT/mem_rd_addr_reg_reg[6]
INFO: [Physopt 32-662] Processed net student_top_inst/bridge_inst/counter_inst/mem_rd_data_i[16].  Did not re-place instance student_top_inst/bridge_inst/counter_inst/u_RISCV_CORE_i_16
INFO: [Physopt 32-662] Processed net student_top_inst/bridge_inst/dram_driver_inst/Mem_DRAM/uut_BLOCKRAM/U0/inst_blk_mem_gen/gnbram.gnativebmg.native_blk_mem_gen/valid.cstr/has_mux_b.B/doutb[16].  Did not re-place instance student_top_inst/bridge_inst/dram_driver_inst/Mem_DRAM/uut_BLOCKRAM/U0/inst_blk_mem_gen/gnbram.gnativebmg.native_blk_mem_gen/valid.cstr/has_mux_b.B/doutb[16]_INST_0
INFO: [Physopt 32-662] Processed net student_top_inst/bridge_inst/dram_driver_inst/Mem_DRAM/wr_data_reg_reg[16]_0.  Did not re-place instance student_top_inst/bridge_inst/dram_driver_inst/Mem_DRAM/u_RISCV_CORE_i_68
INFO: [Physopt 32-662] Processed net student_top_inst/u_RISCV_CORE/INST_MEM_BUFFER/D[8].  Did not re-place instance student_top_inst/u_RISCV_CORE/INST_MEM_BUFFER/rd_data_o[16]_i_1
INFO: [Physopt 32-662] Processed net student_top_inst/u_RISCV_CORE/INST_MEM_UNIT/mem_wr_buffer_inst/wr_data_buffer_reg[16]_0.  Did not re-place instance student_top_inst/u_RISCV_CORE/INST_MEM_UNIT/mem_wr_buffer_inst/rd_data_o[16]_i_2
INFO: [Physopt 32-662] Processed net student_top_inst/u_RISCV_CORE/INST_MEM_UNIT/mem_wr_buffer_inst/rd_data_o_reg[31]_0[8].  Did not re-place instance student_top_inst/u_RISCV_CORE/INST_MEM_UNIT/mem_wr_buffer_inst/rd_data_o_reg[16]
INFO: [Physopt 32-662] Processed net student_top_inst/u_RISCV_CORE/INST_MEM_UNIT/mem_rd_addr_reg[14].  Did not re-place instance student_top_inst/u_RISCV_CORE/INST_MEM_UNIT/mem_rd_addr_reg_reg[14]
INFO: [Physopt 32-662] Processed net student_top_inst/u_RISCV_CORE/INST_ID_UNIT/u_id_ex/ex_jump_addr_o[3].  Did not re-place instance student_top_inst/u_RISCV_CORE/INST_ID_UNIT/u_id_ex/pc_o[3]_i_2
INFO: [Physopt 32-662] Processed net student_top_inst/Mem_IROM/U0/synth_options.dist_mem_inst/gen_rom.rom_inst/spo[28].  Did not re-place instance student_top_inst/Mem_IROM/U0/synth_options.dist_mem_inst/gen_rom.rom_inst/spo[29]_INST_0
INFO: [Physopt 32-662] Processed net student_top_inst/Mem_IROM/U0/synth_options.dist_mem_inst/gen_rom.rom_inst/spo[29]_INST_0_i_7_n_0.  Did not re-place instance student_top_inst/Mem_IROM/U0/synth_options.dist_mem_inst/gen_rom.rom_inst/spo[29]_INST_0_i_7
INFO: [Physopt 32-662] Processed net student_top_inst/u_RISCV_CORE/INST_IF_UNIT/u_if_id/p_0_in[29].  Did not re-place instance student_top_inst/u_RISCV_CORE/INST_IF_UNIT/u_if_id/ins_o[29]_i_1
INFO: [Physopt 32-662] Processed net student_top_inst/u_RISCV_CORE/INST_IF_UNIT/u_if_id/if_ins_o[29].  Did not re-place instance student_top_inst/u_RISCV_CORE/INST_IF_UNIT/u_if_id/ins_o_reg[29]
INFO: [Physopt 32-662] Processed net student_top_inst/u_RISCV_CORE/INST_AREA_PREDICTOR/predict_taken_reg_i_8_n_0.  Did not re-place instance student_top_inst/u_RISCV_CORE/INST_AREA_PREDICTOR/predict_taken_reg_i_8
INFO: [Physopt 32-662] Processed net student_top_inst/bridge_inst/counter_inst/mem_rd_data_i[20].  Did not re-place instance student_top_inst/bridge_inst/counter_inst/u_RISCV_CORE_i_12
INFO: [Physopt 32-662] Processed net student_top_inst/bridge_inst/dram_driver_inst/Mem_DRAM/uut_BLOCKRAM/U0/inst_blk_mem_gen/gnbram.gnativebmg.native_blk_mem_gen/valid.cstr/has_mux_b.B/doutb[20].  Did not re-place instance student_top_inst/bridge_inst/dram_driver_inst/Mem_DRAM/uut_BLOCKRAM/U0/inst_blk_mem_gen/gnbram.gnativebmg.native_blk_mem_gen/valid.cstr/has_mux_b.B/doutb[20]_INST_0
INFO: [Physopt 32-662] Processed net student_top_inst/bridge_inst/dram_driver_inst/Mem_DRAM/wr_data_reg_reg[20]_0.  Did not re-place instance student_top_inst/bridge_inst/dram_driver_inst/Mem_DRAM/u_RISCV_CORE_i_60
INFO: [Physopt 32-662] Processed net student_top_inst/u_RISCV_CORE/INST_MEM_BUFFER/D[12].  Did not re-place instance student_top_inst/u_RISCV_CORE/INST_MEM_BUFFER/rd_data_o[20]_i_1
INFO: [Physopt 32-662] Processed net student_top_inst/u_RISCV_CORE/INST_MEM_UNIT/mem_wr_buffer_inst/wr_data_buffer_reg[20]_0.  Did not re-place instance student_top_inst/u_RISCV_CORE/INST_MEM_UNIT/mem_wr_buffer_inst/rd_data_o[20]_i_2
INFO: [Physopt 32-662] Processed net student_top_inst/u_RISCV_CORE/INST_MEM_UNIT/mem_wr_buffer_inst/rd_data_o_reg[31]_0[12].  Did not re-place instance student_top_inst/u_RISCV_CORE/INST_MEM_UNIT/mem_wr_buffer_inst/rd_data_o_reg[20]
INFO: [Physopt 32-662] Processed net student_top_inst/u_RISCV_CORE/INST_ID_UNIT/u_id_ex/Q[4].  Did not re-place instance student_top_inst/u_RISCV_CORE/INST_ID_UNIT/u_id_ex/reg1_rd_data_o_reg[4]
INFO: [Physopt 32-662] Processed net student_top_inst/u_RISCV_CORE/INST_ID_UNIT/u_id_ex/mem_rd_addr_o[4]_INST_0_i_4_n_0.  Did not re-place instance student_top_inst/u_RISCV_CORE/INST_ID_UNIT/u_id_ex/mem_rd_addr_o[4]_INST_0_i_4
INFO: [Physopt 32-662] Processed net twin_controller_inst/Q[20].  Did not re-place instance twin_controller_inst/sw_reg[27]
INFO: [Physopt 32-662] Processed net student_top_inst/u_RISCV_CORE/INST_ID_UNIT/u_id_ex/Q[8].  Did not re-place instance student_top_inst/u_RISCV_CORE/INST_ID_UNIT/u_id_ex/reg1_rd_data_o_reg[8]
INFO: [Physopt 32-662] Processed net student_top_inst/u_RISCV_CORE/INST_ID_UNIT/u_id_ex/S[2].  Did not re-place instance student_top_inst/u_RISCV_CORE/INST_ID_UNIT/u_id_ex/in00_carry_i_2
INFO: [Physopt 32-662] Processed net twin_controller_inst/Q[45].  Did not re-place instance twin_controller_inst/sw_reg[59]
INFO: [Physopt 32-662] Processed net student_top_inst/u_RISCV_CORE/INST_IF_UNIT/u_if_id/if_ins_o[6].  Did not re-place instance student_top_inst/u_RISCV_CORE/INST_IF_UNIT/u_if_id/ins_o_reg[6]
INFO: [Physopt 32-662] Processed net student_top_inst/Mem_IROM/U0/synth_options.dist_mem_inst/gen_rom.rom_inst/spo[5].  Did not re-place instance student_top_inst/Mem_IROM/U0/synth_options.dist_mem_inst/gen_rom.rom_inst/spo[6]_INST_0
INFO: [Physopt 32-661] Optimized 31 nets.  Re-placed 31 instances.
INFO: [Physopt 32-775] End 1 Pass. Optimized 31 nets or cells. Created 0 new cell, deleted 0 existing cell and moved 31 existing cells
INFO: [Physopt 32-619] Estimated Timing Summary | WNS=-0.082 | TNS=-0.205 |
Netlist sorting complete. Time (s): cpu = 00:00:00 ; elapsed = 00:00:00.006 . Memory (MB): peak = 2223.039 ; gain = 0.000
Phase 29 Single Cell Placement Optimization | Checksum: 1d038b3f7

Time (s): cpu = 00:00:41 ; elapsed = 00:00:26 . Memory (MB): peak = 2223.039 ; gain = 47.117

Phase 30 Multi Cell Placement Optimization
INFO: [Physopt 32-660] Identified 100 candidate nets for placement-based optimization.
INFO: [Physopt 32-662] Processed net student_top_inst/bridge_inst/counter_inst/mem_rd_data_i[10].  Did not re-place instance student_top_inst/bridge_inst/counter_inst/u_RISCV_CORE_i_22/O
INFO: [Physopt 32-662] Processed net student_top_inst/bridge_inst/dram_driver_inst/Mem_DRAM/wr_data_reg_reg[10]_0.  Did not re-place instance student_top_inst/bridge_inst/dram_driver_inst/Mem_DRAM/u_RISCV_CORE_i_80/O
INFO: [Physopt 32-662] Processed net student_top_inst/u_RISCV_CORE/INST_MEM_BUFFER/D[2].  Did not re-place instance student_top_inst/u_RISCV_CORE/INST_MEM_BUFFER/rd_data_o[10]_i_1/O
INFO: [Physopt 32-662] Processed net student_top_inst/u_RISCV_CORE/INST_MEM_UNIT/mem_wr_buffer_inst/wr_data_buffer_reg[10]_0.  Did not re-place instance student_top_inst/u_RISCV_CORE/INST_MEM_UNIT/mem_wr_buffer_inst/rd_data_o[10]_i_2/O
INFO: [Physopt 32-662] Processed net student_top_inst/bridge_inst/counter_inst/mem_rd_data_i[13].  Did not re-place instance student_top_inst/bridge_inst/counter_inst/u_RISCV_CORE_i_19/O
INFO: [Physopt 32-662] Processed net student_top_inst/bridge_inst/dram_driver_inst/Mem_DRAM/uut_BLOCKRAM/U0/inst_blk_mem_gen/gnbram.gnativebmg.native_blk_mem_gen/valid.cstr/has_mux_b.B/doutb[13].  Did not re-place instance student_top_inst/bridge_inst/dram_driver_inst/Mem_DRAM/uut_BLOCKRAM/U0/inst_blk_mem_gen/gnbram.gnativebmg.native_blk_mem_gen/valid.cstr/has_mux_b.B/doutb[13]_INST_0/O
INFO: [Physopt 32-662] Processed net student_top_inst/bridge_inst/dram_driver_inst/Mem_DRAM/wr_data_reg_reg[13]_0.  Did not re-place instance student_top_inst/bridge_inst/dram_driver_inst/Mem_DRAM/u_RISCV_CORE_i_74/O
INFO: [Physopt 32-662] Processed net student_top_inst/u_RISCV_CORE/INST_MEM_BUFFER/D[5].  Did not re-place instance student_top_inst/u_RISCV_CORE/INST_MEM_BUFFER/rd_data_o[13]_i_1/O
INFO: [Physopt 32-662] Processed net student_top_inst/u_RISCV_CORE/INST_MEM_UNIT/mem_wr_buffer_inst/wr_data_buffer_reg[13]_0.  Did not re-place instance student_top_inst/u_RISCV_CORE/INST_MEM_UNIT/mem_wr_buffer_inst/rd_data_o[13]_i_2/O
INFO: [Physopt 32-662] Processed net student_top_inst/bridge_inst/counter_inst/mem_rd_data_i[12].  Did not re-place instance student_top_inst/bridge_inst/counter_inst/u_RISCV_CORE_i_20/O
INFO: [Physopt 32-662] Processed net student_top_inst/bridge_inst/dram_driver_inst/Mem_DRAM/uut_BLOCKRAM/U0/inst_blk_mem_gen/gnbram.gnativebmg.native_blk_mem_gen/valid.cstr/has_mux_b.B/doutb[12].  Did not re-place instance student_top_inst/bridge_inst/dram_driver_inst/Mem_DRAM/uut_BLOCKRAM/U0/inst_blk_mem_gen/gnbram.gnativebmg.native_blk_mem_gen/valid.cstr/has_mux_b.B/doutb[12]_INST_0/O
INFO: [Physopt 32-662] Processed net student_top_inst/bridge_inst/dram_driver_inst/Mem_DRAM/wr_data_reg_reg[12]_0.  Did not re-place instance student_top_inst/bridge_inst/dram_driver_inst/Mem_DRAM/u_RISCV_CORE_i_76/O
INFO: [Physopt 32-662] Processed net student_top_inst/u_RISCV_CORE/INST_MEM_BUFFER/D[4].  Did not re-place instance student_top_inst/u_RISCV_CORE/INST_MEM_BUFFER/rd_data_o[12]_i_1/O
INFO: [Physopt 32-662] Processed net student_top_inst/u_RISCV_CORE/INST_MEM_UNIT/mem_wr_buffer_inst/wr_data_buffer_reg[12]_0.  Did not re-place instance student_top_inst/u_RISCV_CORE/INST_MEM_UNIT/mem_wr_buffer_inst/rd_data_o[12]_i_2/O
INFO: [Physopt 32-662] Processed net student_top_inst/bridge_inst/counter_inst/mem_rd_data_i[2].  Did not re-place instance student_top_inst/bridge_inst/counter_inst/u_RISCV_CORE_i_30/O
INFO: [Physopt 32-662] Processed net student_top_inst/bridge_inst/dram_driver_inst/Mem_DRAM/uut_BLOCKRAM/U0/inst_blk_mem_gen/gnbram.gnativebmg.native_blk_mem_gen/valid.cstr/has_mux_b.B/doutb[2].  Did not re-place instance student_top_inst/bridge_inst/dram_driver_inst/Mem_DRAM/uut_BLOCKRAM/U0/inst_blk_mem_gen/gnbram.gnativebmg.native_blk_mem_gen/valid.cstr/has_mux_b.B/doutb[2]_INST_0/O
INFO: [Physopt 32-662] Processed net student_top_inst/bridge_inst/dram_driver_inst/Mem_DRAM/wr_data_reg_reg[2]_0.  Did not re-place instance student_top_inst/bridge_inst/dram_driver_inst/Mem_DRAM/u_RISCV_CORE_i_96/O
INFO: [Physopt 32-662] Processed net student_top_inst/u_RISCV_CORE/INST_MEM_UNIT/mem_wr_buffer_inst/p_0_in[2].  Did not re-place instance student_top_inst/u_RISCV_CORE/INST_MEM_UNIT/mem_wr_buffer_inst/rd_data_o[2]_i_1/O
INFO: [Physopt 32-661] Optimized 1 net.  Re-placed 2 instances.
INFO: [Physopt 32-775] End 1 Pass. Optimized 1 net or cell. Created 0 new cell, deleted 0 existing cell and moved 2 existing cells
INFO: [Physopt 32-619] Estimated Timing Summary | WNS=-0.066 | TNS=-0.144 |
Netlist sorting complete. Time (s): cpu = 00:00:00 ; elapsed = 00:00:00.001 . Memory (MB): peak = 2223.039 ; gain = 0.000
Phase 30 Multi Cell Placement Optimization | Checksum: 22a0fd816

Time (s): cpu = 00:00:41 ; elapsed = 00:00:27 . Memory (MB): peak = 2223.039 ; gain = 47.117

Phase 31 SLR Crossing Optimization
Phase 31 SLR Crossing Optimization | Checksum: 22a0fd816

Time (s): cpu = 00:00:41 ; elapsed = 00:00:27 . Memory (MB): peak = 2223.039 ; gain = 47.117

Phase 32 Critical Path Optimization
INFO: [Physopt 32-619] Estimated Timing Summary | WNS=-0.066 | TNS=-0.144 |
INFO: [Physopt 32-702] Processed net student_top_inst/u_RISCV_CORE/INST_MEM_UNIT/mem_wr_buffer_inst/p_5_in[5]. Optimizations did not improve timing on the net.
INFO: [Physopt 32-702] Processed net pll_inst/inst/clk_out2_pll. Optimizations did not improve timing on the net.
INFO: [Physopt 32-710] Processed net student_top_inst/u_RISCV_CORE/INST_MEM_BUFFER/D[5]. Critical path length was reduced through logic transformation on cell student_top_inst/u_RISCV_CORE/INST_MEM_BUFFER/rd_data_o[13]_i_1_comp.
INFO: [Physopt 32-735] Processed net student_top_inst/u_RISCV_CORE/INST_MEM_UNIT/mem_wr_buffer_inst/wr_data_buffer_reg[13]_0. Optimization improves timing on the net.
INFO: [Physopt 32-619] Estimated Timing Summary | WNS=-0.051 | TNS=-0.078 |
INFO: [Physopt 32-702] Processed net student_top_inst/u_RISCV_CORE/INST_MEM_UNIT/mem_wr_buffer_inst/p_5_in[4]. Optimizations did not improve timing on the net.
INFO: [Physopt 32-710] Processed net student_top_inst/u_RISCV_CORE/INST_MEM_BUFFER/D[4]. Critical path length was reduced through logic transformation on cell student_top_inst/u_RISCV_CORE/INST_MEM_BUFFER/rd_data_o[12]_i_1_comp.
INFO: [Physopt 32-735] Processed net student_top_inst/u_RISCV_CORE/INST_MEM_UNIT/mem_wr_buffer_inst/wr_data_buffer_reg[12]_0. Optimization improves timing on the net.
INFO: [Physopt 32-619] Estimated Timing Summary | WNS=-0.021 | TNS=-0.027 |
INFO: [Physopt 32-702] Processed net student_top_inst/u_RISCV_CORE/INST_MEM_UNIT/mem_wr_buffer_inst/p_5_in[2]. Optimizations did not improve timing on the net.
INFO: [Physopt 32-702] Processed net student_top_inst/u_RISCV_CORE/INST_MEM_UNIT/mem_wr_buffer_inst/wr_data_buffer_reg[10]_0. Optimizations did not improve timing on the net.
INFO: [Physopt 32-702] Processed net student_top_inst/bridge_inst/counter_inst/mem_rd_data_i[10]. Optimizations did not improve timing on the net.
INFO: [Physopt 32-710] Processed net student_top_inst/bridge_inst/counter_inst/mem_rd_data_i[10]. Critical path length was reduced through logic transformation on cell student_top_inst/bridge_inst/counter_inst/u_RISCV_CORE_i_22_comp.
INFO: [Physopt 32-735] Processed net student_top_inst/bridge_inst/dram_driver_inst/Mem_DRAM/wr_data_reg_reg[10]_0. Optimization improves timing on the net.
INFO: [Physopt 32-619] Estimated Timing Summary | WNS=-0.005 | TNS=-0.005 |
INFO: [Physopt 32-702] Processed net student_top_inst/u_RISCV_CORE/INST_MEM_UNIT/mem_wr_buffer_inst/rd_data_o_reg[31]_0[2]. Optimizations did not improve timing on the net.
INFO: [Physopt 32-608] Optimized 1 net.  Swapped 6 pins.
INFO: [Physopt 32-735] Processed net student_top_inst/bridge_inst/counter_inst/mem_rd_data_i[2]. Optimization improves timing on the net.
INFO: [Physopt 32-619] Estimated Timing Summary | WNS=0.005 | TNS=0.000 |
INFO: [Physopt 32-619] Estimated Timing Summary | WNS=0.005 | TNS=0.000 |
Netlist sorting complete. Time (s): cpu = 00:00:00 ; elapsed = 00:00:00.010 . Memory (MB): peak = 2232.727 ; gain = 0.000
Phase 32 Critical Path Optimization | Checksum: 22a0fd816

Time (s): cpu = 00:00:42 ; elapsed = 00:00:27 . Memory (MB): peak = 2232.727 ; gain = 56.805

Phase 33 Critical Path Optimization
INFO: [Physopt 32-619] Estimated Timing Summary | WNS=0.005 | TNS=0.000 |
INFO: [Physopt 32-619] Estimated Timing Summary | WNS=0.005 | TNS=0.000 |
Netlist sorting complete. Time (s): cpu = 00:00:00 ; elapsed = 00:00:00.002 . Memory (MB): peak = 2232.727 ; gain = 0.000
Phase 33 Critical Path Optimization | Checksum: 22a0fd816

Time (s): cpu = 00:00:42 ; elapsed = 00:00:27 . Memory (MB): peak = 2232.727 ; gain = 56.805

Phase 34 BRAM Enable Optimization
Phase 34 BRAM Enable Optimization | Checksum: 22a0fd816

Time (s): cpu = 00:00:42 ; elapsed = 00:00:27 . Memory (MB): peak = 2232.727 ; gain = 56.805

Phase 35 Hold Fix Optimization
INFO: [Physopt 32-668] Estimated Timing Summary | WNS=0.005 | TNS=0.000 | WHS=-0.164 | THS=-6.044 |
INFO: [Physopt 32-45] Identified 38 candidate nets for hold slack optimization.
INFO: [Physopt 32-234] Optimized 37 nets. Inserted 0 new ZHOLD_DELAYs. Calibrated 0 existing ZHOLD_DELAYs. Inserted 37 buffers.

INFO: [Physopt 32-668] Estimated Timing Summary | WNS=0.005 | TNS=0.000 | WHS=-0.048 | THS=-1.389 |
Phase 35 Hold Fix Optimization | Checksum: 22a0fd816

Time (s): cpu = 00:00:43 ; elapsed = 00:00:28 . Memory (MB): peak = 2232.727 ; gain = 56.805
Netlist sorting complete. Time (s): cpu = 00:00:00 ; elapsed = 00:00:00.011 . Memory (MB): peak = 2232.727 ; gain = 0.000
INFO: [Physopt 32-669] Post Physical Optimization Timing Summary | WNS=0.005 | TNS=0.000 | WHS=-0.048 | THS=-1.389 |

Summary of Physical Synthesis Optimizations
============================================


----------------------------------------------------------------------------------------------------------------------------------------------------------------------
|  Optimization            |  WNS Gain (ns)  |  TNS Gain (ns)  |  Added Cells  |  Removed Cells  |  Optimized Cells/Nets  |  Dont Touch  |  Iterations  |  Elapsed   |
----------------------------------------------------------------------------------------------------------------------------------------------------------------------
|  Fanout                  |          0.000  |          0.214  |           18  |              0  |                     7  |          12  |           3  |  00:00:02  |
|  Single Cell Placement   |          0.215  |          4.159  |            0  |              0  |                   222  |           0  |           4  |  00:00:19  |
|  Multi Cell Placement    |          0.019  |          0.485  |            0  |              0  |                    14  |           0  |           4  |  00:00:04  |
|  Rewire                  |          0.000  |          0.000  |            0  |              0  |                     0  |           0  |           3  |  00:00:00  |
|  Critical Cell           |          0.000  |          0.000  |            0  |              0  |                     0  |           0  |           3  |  00:00:00  |
|  SLR Crossing            |          0.000  |          0.000  |            0  |              0  |                     0  |           0  |           3  |  00:00:00  |
|  DSP Register            |          0.000  |          0.000  |            0  |              0  |                     0  |           0  |           2  |  00:00:00  |
|  BRAM Register           |          0.000  |          0.000  |            0  |              0  |                     0  |           0  |           2  |  00:00:00  |
|  URAM Register           |          0.000  |          0.000  |            0  |              0  |                     0  |           0  |           2  |  00:00:00  |
|  Shift Register          |          0.000  |          0.000  |            0  |              0  |                     0  |           0  |           2  |  00:00:00  |
|  Critical Pin            |          0.130  |          0.409  |            0  |              0  |                     7  |           0  |           1  |  00:00:00  |
|  Very High Fanout        |          0.000  |          0.000  |            0  |              0  |                     0  |           7  |           1  |  00:00:00  |
|  BRAM Enable             |          0.000  |          0.000  |            0  |              0  |                     0  |           0  |           1  |  00:00:00  |
|  Critical Path           |          0.071  |          0.144  |            0  |              0  |                     4  |           0  |           2  |  00:00:00  |
|  Total                   |          0.435  |          5.411  |           18  |              0  |                   254  |          19  |          33  |  00:00:26  |
----------------------------------------------------------------------------------------------------------------------------------------------------------------------


Summary of Hold Fix Optimizations
=================================


--------------------------------------------------------------------------------------------------------------------------------------------------------------
|  Optimization               |  WHS Gain (ns)  |  THS Gain (ns)  |  Added LUTs  |  Added FFs  |  Optimized Nets  |  Dont Touch  |  Iterations  |  Elapsed   |
--------------------------------------------------------------------------------------------------------------------------------------------------------------
|  LUT1 and ZHOLD Insertion   |          0.116  |          4.655  |          37  |          0  |              37  |           0  |           1  |  00:00:00  |
|  Total                      |          0.116  |          4.655  |          37  |          0  |              37  |           0  |           1  |  00:00:00  |
--------------------------------------------------------------------------------------------------------------------------------------------------------------


Netlist sorting complete. Time (s): cpu = 00:00:00 ; elapsed = 00:00:00.002 . Memory (MB): peak = 2232.727 ; gain = 0.000
Ending Physical Synthesis Task | Checksum: 25055e47a

Time (s): cpu = 00:00:43 ; elapsed = 00:00:28 . Memory (MB): peak = 2232.727 ; gain = 56.805
INFO: [Common 17-83] Releasing license: Implementation
1275 Infos, 0 Warnings, 0 Critical Warnings and 0 Errors encountered.
phys_opt_design completed successfully
phys_opt_design: Time (s): cpu = 00:00:44 ; elapsed = 00:00:29 . Memory (MB): peak = 2232.727 ; gain = 61.062
INFO: [Timing 38-480] Writing timing data to binary archive.
Write ShapeDB Complete: Time (s): cpu = 00:00:00 ; elapsed = 00:00:00.008 . Memory (MB): peak = 2244.773 ; gain = 8.906
Wrote PlaceDB: Time (s): cpu = 00:00:01 ; elapsed = 00:00:00.413 . Memory (MB): peak = 2244.773 ; gain = 8.883
Wrote PulsedLatchDB: Time (s): cpu = 00:00:00 ; elapsed = 00:00:00 . Memory (MB): peak = 2244.773 ; gain = 0.000
Writing XDEF routing.
Writing XDEF routing logical nets.
Writing XDEF routing special nets.
Wrote RouteStorage: Time (s): cpu = 00:00:01 ; elapsed = 00:00:00.016 . Memory (MB): peak = 2244.773 ; gain = 0.000
Wrote Netlist Cache: Time (s): cpu = 00:00:00 ; elapsed = 00:00:00.009 . Memory (MB): peak = 2244.773 ; gain = 0.000
Wrote Device Cache: Time (s): cpu = 00:00:00 ; elapsed = 00:00:00.005 . Memory (MB): peak = 2244.773 ; gain = 0.000
Write Physdb Complete: Time (s): cpu = 00:00:02 ; elapsed = 00:00:00.452 . Memory (MB): peak = 2244.773 ; gain = 8.906
INFO: [Common 17-1381] The checkpoint 'D:/FPGA/FPGA_study/AAAriscv_branch_predict/five_level_200MHz_with_global_branch/digital_twin.runs/impl_1/top_physopt.dcp' has been generated.
Command: route_design -directive AlternateCLBRouting
Attempting to get a license for feature 'Implementation' and/or device 'xc7k325t'
INFO: [Common 17-349] Got license for feature 'Implementation' and/or device 'xc7k325t'
INFO: [DRC 23-27] Running DRC with 2 threads
INFO: [Vivado_Tcl 4-198] DRC finished with 0 Errors
INFO: [Vivado_Tcl 4-199] Please refer to the DRC report (report_drc) for more information.
Running DRC as a precondition to command route_design
INFO: [DRC 23-27] Running DRC with 2 threads
INFO: [Vivado_Tcl 4-198] DRC finished with 0 Errors
INFO: [Vivado_Tcl 4-199] Please refer to the DRC report (report_drc) for more information.


Starting Routing Task
INFO: [Route 35-270] Using Router directive 'AlternateCLBRouting'.
INFO: [Route 35-254] Multithreading enabled for route_design using a maximum of 8 CPUs

Phase 1 Build RT Design
Checksum: PlaceDB: 9b9facd3 ConstDB: 0 ShapeSum: d26efe5d RouteDB: 0
Post Restoration Checksum: NetGraph: 1ca5e1da | NumContArr: 4f9e7abf | Constraints: c2a8fa9d | Timing: c2a8fa9d
Phase 1 Build RT Design | Checksum: 1f19651d3

Time (s): cpu = 00:00:23 ; elapsed = 00:00:15 . Memory (MB): peak = 2504.520 ; gain = 259.520

Phase 2 Router Initialization

Phase 2.1 Fix Topology Constraints
Phase 2.1 Fix Topology Constraints | Checksum: 1f19651d3

Time (s): cpu = 00:00:23 ; elapsed = 00:00:15 . Memory (MB): peak = 2504.520 ; gain = 259.520

Phase 2.2 Pre Route Cleanup
Phase 2.2 Pre Route Cleanup | Checksum: 1f19651d3

Time (s): cpu = 00:00:23 ; elapsed = 00:00:15 . Memory (MB): peak = 2504.520 ; gain = 259.520
 Number of Nodes with overlaps = 0

Phase 2.3 Update Timing
Phase 2.3 Update Timing | Checksum: 1d9edb71e

Time (s): cpu = 00:00:27 ; elapsed = 00:00:17 . Memory (MB): peak = 2699.938 ; gain = 454.938
INFO: [Route 35-416] Intermediate Timing Summary | WNS=-0.074 | TNS=-0.448 | WHS=-0.302 | THS=-130.940|


Router Utilization Summary
  Global Vertical Routing Utilization    = 0.000141874 %
  Global Horizontal Routing Utilization  = 0.000393701 %
  Routable Net Status*
  *Does not include unroutable nets such as driverless and loadless.
  Run report_route_status for detailed report.
  Number of Failed Nets               = 6539
    (Failed Nets is the sum of unrouted and partially routed nets)
  Number of Unrouted Nets             = 6535
  Number of Partially Routed Nets     = 4
  Number of Node Overlaps             = 9

Phase 2 Router Initialization | Checksum: 21520b753

Time (s): cpu = 00:00:29 ; elapsed = 00:00:18 . Memory (MB): peak = 2736.375 ; gain = 491.375

Phase 3 Initial Routing

Phase 3.1 Global Routing
Phase 3.1 Global Routing | Checksum: 21520b753

Time (s): cpu = 00:00:29 ; elapsed = 00:00:18 . Memory (MB): peak = 2736.375 ; gain = 491.375

Phase 3.2 Initial Net Routing
Phase 3.2 Initial Net Routing | Checksum: 28f07b5d5

Time (s): cpu = 00:00:46 ; elapsed = 00:00:24 . Memory (MB): peak = 2910.957 ; gain = 665.957
Phase 3 Initial Routing | Checksum: 28f07b5d5

Time (s): cpu = 00:00:46 ; elapsed = 00:00:24 . Memory (MB): peak = 2910.957 ; gain = 665.957
INFO: [Route 35-580] Design has 36 pins with tight setup and hold constraints.

The top 5 pins with tight setup and hold constraints:

+====================+===================+====================================================================================+
| Launch Setup Clock | Launch Hold Clock | Pin                                                                                |
+====================+===================+====================================================================================+
| clk_out2_pll       | clk_out1_pll      | student_top_inst/u_RISCV_CORE/INST_MEM_UNIT/mem_wr_buffer_inst/rd_data_o_reg[7]/D  |
| clk_out2_pll       | clk_out1_pll      | student_top_inst/u_RISCV_CORE/INST_MEM_UNIT/mem_wr_buffer_inst/rd_data_o_reg[13]/D |
| clk_out2_pll       | clk_out1_pll      | student_top_inst/u_RISCV_CORE/INST_MEM_UNIT/mem_wr_buffer_inst/rd_data_o_reg[15]/D |
| clk_out2_pll       | clk_out1_pll      | student_top_inst/u_RISCV_CORE/INST_MEM_UNIT/mem_wr_buffer_inst/rd_data_o_reg[23]/D |
| clk_out2_pll       | clk_out1_pll      | student_top_inst/u_RISCV_CORE/INST_MEM_UNIT/mem_wr_buffer_inst/rd_data_o_reg[19]/D |
+--------------------+-------------------+------------------------------------------------------------------------------------+

File with complete list of pins: tight_setup_hold_pins.txt


Phase 4 Rip-up And Reroute

Phase 4.1 Global Iteration 0
 Number of Nodes with overlaps = 3618
 Number of Nodes with overlaps = 1012
 Number of Nodes with overlaps = 420
 Number of Nodes with overlaps = 225
 Number of Nodes with overlaps = 90
 Number of Nodes with overlaps = 24
 Number of Nodes with overlaps = 8
 Number of Nodes with overlaps = 3
 Number of Nodes with overlaps = 1
 Number of Nodes with overlaps = 0
INFO: [Route 35-416] Intermediate Timing Summary | WNS=-0.278 | TNS=-3.402 | WHS=N/A    | THS=N/A    |

Phase 4.1 Global Iteration 0 | Checksum: 31cf06062

Time (s): cpu = 00:01:38 ; elapsed = 00:00:57 . Memory (MB): peak = 2910.957 ; gain = 665.957

Phase 4.2 Global Iteration 1
 Number of Nodes with overlaps = 75
 Number of Nodes with overlaps = 126
 Number of Nodes with overlaps = 97
 Number of Nodes with overlaps = 42
 Number of Nodes with overlaps = 42
 Number of Nodes with overlaps = 18
 Number of Nodes with overlaps = 11
 Number of Nodes with overlaps = 11
 Number of Nodes with overlaps = 6
 Number of Nodes with overlaps = 2
 Number of Nodes with overlaps = 1
 Number of Nodes with overlaps = 0
INFO: [Route 35-416] Intermediate Timing Summary | WNS=-0.119 | TNS=-0.385 | WHS=N/A    | THS=N/A    |

Phase 4.2 Global Iteration 1 | Checksum: 10d976f80

Time (s): cpu = 00:01:46 ; elapsed = 00:01:02 . Memory (MB): peak = 2910.957 ; gain = 665.957

Phase 4.3 Global Iteration 2
 Number of Nodes with overlaps = 69
 Number of Nodes with overlaps = 31
 Number of Nodes with overlaps = 11
 Number of Nodes with overlaps = 7
 Number of Nodes with overlaps = 5
 Number of Nodes with overlaps = 3
 Number of Nodes with overlaps = 2
 Number of Nodes with overlaps = 2
 Number of Nodes with overlaps = 2
 Number of Nodes with overlaps = 0
INFO: [Route 35-416] Intermediate Timing Summary | WNS=-0.092 | TNS=-0.277 | WHS=N/A    | THS=N/A    |

Phase 4.3 Global Iteration 2 | Checksum: 1d7009501

Time (s): cpu = 00:01:50 ; elapsed = 00:01:05 . Memory (MB): peak = 2910.957 ; gain = 665.957

Phase 4.4 Global Iteration 3
 Number of Nodes with overlaps = 31
 Number of Nodes with overlaps = 42
 Number of Nodes with overlaps = 34
 Number of Nodes with overlaps = 34
 Number of Nodes with overlaps = 22
 Number of Nodes with overlaps = 25
 Number of Nodes with overlaps = 19
 Number of Nodes with overlaps = 5
 Number of Nodes with overlaps = 3
 Number of Nodes with overlaps = 5
 Number of Nodes with overlaps = 1
 Number of Nodes with overlaps = 1
 Number of Nodes with overlaps = 1
 Number of Nodes with overlaps = 0
INFO: [Route 35-416] Intermediate Timing Summary | WNS=-0.087 | TNS=-0.211 | WHS=N/A    | THS=N/A    |

Phase 4.4 Global Iteration 3 | Checksum: 26018dac8

Time (s): cpu = 00:01:56 ; elapsed = 00:01:10 . Memory (MB): peak = 2910.957 ; gain = 665.957

Phase 4.5 Global Iteration 4
 Number of Nodes with overlaps = 12
 Number of Nodes with overlaps = 5
 Number of Nodes with overlaps = 1
 Number of Nodes with overlaps = 2
 Number of Nodes with overlaps = 0
INFO: [Route 35-416] Intermediate Timing Summary | WNS=-0.092 | TNS=-0.226 | WHS=N/A    | THS=N/A    |

Phase 4.5 Global Iteration 4 | Checksum: 2385175ef

Time (s): cpu = 00:01:57 ; elapsed = 00:01:11 . Memory (MB): peak = 2910.957 ; gain = 665.957
Phase 4 Rip-up And Reroute | Checksum: 2385175ef

Time (s): cpu = 00:01:57 ; elapsed = 00:01:11 . Memory (MB): peak = 2910.957 ; gain = 665.957

Phase 5 Delay and Skew Optimization

Phase 5.1 Delay CleanUp

Phase 5.1.1 Update Timing
Phase 5.1.1 Update Timing | Checksum: 216b14b4a

Time (s): cpu = 00:01:58 ; elapsed = 00:01:11 . Memory (MB): peak = 2910.957 ; gain = 665.957
INFO: [Route 35-416] Intermediate Timing Summary | WNS=-0.001 | TNS=-0.001 | WHS=N/A    | THS=N/A    |

 Number of Nodes with overlaps = 0
Phase 5.1 Delay CleanUp | Checksum: 2d02b8144

Time (s): cpu = 00:01:58 ; elapsed = 00:01:11 . Memory (MB): peak = 2910.957 ; gain = 665.957

Phase 5.2 Clock Skew Optimization
Phase 5.2 Clock Skew Optimization | Checksum: 2d02b8144

Time (s): cpu = 00:01:58 ; elapsed = 00:01:11 . Memory (MB): peak = 2910.957 ; gain = 665.957
Phase 5 Delay and Skew Optimization | Checksum: 2d02b8144

Time (s): cpu = 00:01:58 ; elapsed = 00:01:11 . Memory (MB): peak = 2910.957 ; gain = 665.957

Phase 6 Post Hold Fix

Phase 6.1 Hold Fix Iter

Phase 6.1.1 Update Timing
Phase 6.1.1 Update Timing | Checksum: 1e2b43f1b

Time (s): cpu = 00:01:59 ; elapsed = 00:01:11 . Memory (MB): peak = 2910.957 ; gain = 665.957
INFO: [Route 35-416] Intermediate Timing Summary | WNS=-0.001 | TNS=-0.001 | WHS=0.070  | THS=0.000  |

Phase 6.1 Hold Fix Iter | Checksum: 1e2b43f1b

Time (s): cpu = 00:01:59 ; elapsed = 00:01:11 . Memory (MB): peak = 2910.957 ; gain = 665.957
Phase 6 Post Hold Fix | Checksum: 1e2b43f1b

Time (s): cpu = 00:01:59 ; elapsed = 00:01:11 . Memory (MB): peak = 2910.957 ; gain = 665.957

Phase 7 Timing Verification

Phase 7.1 Update Timing
Phase 7.1 Update Timing | Checksum: 1e2b43f1b

Time (s): cpu = 00:01:59 ; elapsed = 00:01:12 . Memory (MB): peak = 2910.957 ; gain = 665.957
INFO: [Route 35-416] Intermediate Timing Summary | WNS=-0.001 | TNS=-0.001 | WHS=N/A    | THS=N/A    |

Phase 7 Timing Verification | Checksum: 1e2b43f1b

Time (s): cpu = 00:01:59 ; elapsed = 00:01:12 . Memory (MB): peak = 2910.957 ; gain = 665.957

Phase 8 Route finalize

Router Utilization Summary
  Global Vertical Routing Utilization    = 1.02959 %
  Global Horizontal Routing Utilization  = 1.00491 %
  Routable Net Status*
  *Does not include unroutable nets such as driverless and loadless.
  Run report_route_status for detailed report.
  Number of Failed Nets               = 0
    (Failed Nets is the sum of unrouted and partially routed nets)
  Number of Unrouted Nets             = 0
  Number of Partially Routed Nets     = 0
  Number of Node Overlaps             = 0


--GLOBAL Congestion:
Utilization threshold used for congestion level computation: 0.85
Congestion Report
North Dir 1x1 Area, Max Cong = 66.6667%, No Congested Regions.
South Dir 1x1 Area, Max Cong = 69.3694%, No Congested Regions.
East Dir 1x1 Area, Max Cong = 80.8824%, No Congested Regions.
West Dir 1x1 Area, Max Cong = 76.4706%, No Congested Regions.

------------------------------
Reporting congestion hotspots
------------------------------
Direction: North
----------------
Congested clusters found at Level 0
Effective congestion level: 0 Aspect Ratio: 1 Sparse Ratio: 0
Direction: South
----------------
Congested clusters found at Level 0
Effective congestion level: 0 Aspect Ratio: 1 Sparse Ratio: 0
Direction: East
----------------
Congested clusters found at Level 0
Effective congestion level: 0 Aspect Ratio: 1 Sparse Ratio: 0
Direction: West
----------------
Congested clusters found at Level 0
Effective congestion level: 0 Aspect Ratio: 1 Sparse Ratio: 0

Phase 8 Route finalize | Checksum: 1e2b43f1b

Time (s): cpu = 00:02:00 ; elapsed = 00:01:12 . Memory (MB): peak = 2910.957 ; gain = 665.957

Phase 9 Verifying routed nets

 Verification completed successfully
Phase 9 Verifying routed nets | Checksum: 1e2b43f1b

Time (s): cpu = 00:02:00 ; elapsed = 00:01:12 . Memory (MB): peak = 2910.957 ; gain = 665.957

Phase 10 Depositing Routes
Phase 10 Depositing Routes | Checksum: 1efa25287

Time (s): cpu = 00:02:00 ; elapsed = 00:01:12 . Memory (MB): peak = 2910.957 ; gain = 665.957

Phase 11 Incr Placement Change
Netlist sorting complete. Time (s): cpu = 00:00:00 ; elapsed = 00:00:00.002 . Memory (MB): peak = 2910.957 ; gain = 0.000
INFO: [Place 30-746] Post Placement Timing Summary WNS=0.073. For the most accurate timing information please run report_timing.
Ending IncrPlace Task | Checksum: 196f340b3

Time (s): cpu = 00:00:15 ; elapsed = 00:00:14 . Memory (MB): peak = 2910.957 ; gain = 0.000
Google Cpuprofiler is only supported on Linux.
Phase 11 Incr Placement Change | Checksum: 196f340b3

Time (s): cpu = 00:02:15 ; elapsed = 00:01:26 . Memory (MB): peak = 2910.957 ; gain = 665.957

Phase 12 Build RT Design
Checksum: PlaceDB: b4895bff ConstDB: 0 ShapeSum: a80b4af4 RouteDB: 3a5e99c0
Post Restoration Checksum: NetGraph: 9499ae43 | NumContArr: 63d371d3 | Constraints: c2a8fa9d | Timing: c2a8fa9d
Phase 12 Build RT Design | Checksum: 27dbf1550

Time (s): cpu = 00:02:17 ; elapsed = 00:01:27 . Memory (MB): peak = 2910.957 ; gain = 665.957

Phase 13 Router Initialization

Phase 13.1 Fix Topology Constraints
Phase 13.1 Fix Topology Constraints | Checksum: 27dbf1550

Time (s): cpu = 00:02:17 ; elapsed = 00:01:27 . Memory (MB): peak = 2910.957 ; gain = 665.957

Phase 13.2 Pre Route Cleanup
Phase 13.2 Pre Route Cleanup | Checksum: 2a8e2c415

Time (s): cpu = 00:02:17 ; elapsed = 00:01:27 . Memory (MB): peak = 2910.957 ; gain = 665.957
 Number of Nodes with overlaps = 0

Phase 13.3 Update Timing
Phase 13.3 Update Timing | Checksum: 2e731bfe2

Time (s): cpu = 00:02:21 ; elapsed = 00:01:29 . Memory (MB): peak = 2910.957 ; gain = 665.957
INFO: [Route 35-416] Intermediate Timing Summary | WNS=0.006  | TNS=0.000  | WHS=-0.302 | THS=-130.812|


Router Utilization Summary
  Global Vertical Routing Utilization    = 1.02178 %
  Global Horizontal Routing Utilization  = 0.999537 %
  Routable Net Status*
  *Does not include unroutable nets such as driverless and loadless.
  Run report_route_status for detailed report.
  Number of Failed Nets               = 123
    (Failed Nets is the sum of unrouted and partially routed nets)
  Number of Unrouted Nets             = 52
  Number of Partially Routed Nets     = 71
  Number of Node Overlaps             = 0

Phase 13 Router Initialization | Checksum: 265c46f79

Time (s): cpu = 00:02:22 ; elapsed = 00:01:30 . Memory (MB): peak = 2910.957 ; gain = 665.957

Phase 14 Initial Routing

Phase 14.1 Global Routing
Phase 14.1 Global Routing | Checksum: 265c46f79

Time (s): cpu = 00:02:22 ; elapsed = 00:01:30 . Memory (MB): peak = 2910.957 ; gain = 665.957

Phase 14.2 Initial Net Routing
Phase 14.2 Initial Net Routing | Checksum: 11dff9343

Time (s): cpu = 00:02:23 ; elapsed = 00:01:30 . Memory (MB): peak = 2910.957 ; gain = 665.957
Phase 14 Initial Routing | Checksum: 11dff9343

Time (s): cpu = 00:02:23 ; elapsed = 00:01:30 . Memory (MB): peak = 2910.957 ; gain = 665.957
INFO: [Route 35-580] Design has 96 pins with tight setup and hold constraints.

The top 5 pins with tight setup and hold constraints:

+====================+===================+====================================================================================+
| Launch Setup Clock | Launch Hold Clock | Pin                                                                                |
+====================+===================+====================================================================================+
| clk_out2_pll       | clk_out1_pll      | student_top_inst/u_RISCV_CORE/INST_MEM_UNIT/mem_wr_buffer_inst/rd_data_o_reg[12]/D |
| clk_out2_pll       | clk_out1_pll      | student_top_inst/u_RISCV_CORE/INST_MEM_UNIT/mem_wr_buffer_inst/rd_data_o_reg[13]/D |
| clk_out2_pll       | clk_out1_pll      | student_top_inst/u_RISCV_CORE/INST_MEM_UNIT/mem_wr_buffer_inst/rd_data_o_reg[7]/D  |
| clk_out2_pll       | clk_out1_pll      | student_top_inst/u_RISCV_CORE/INST_MEM_UNIT/mem_wr_buffer_inst/rd_data_o_reg[15]/D |
| clk_out2_pll       | clk_out1_pll      | student_top_inst/u_RISCV_CORE/INST_MEM_UNIT/mem_wr_buffer_inst/rd_data_o_reg[18]/D |
+--------------------+-------------------+------------------------------------------------------------------------------------+

File with complete list of pins: tight_setup_hold_pins.txt


Phase 15 Rip-up And Reroute

Phase 15.1 Global Iteration 0
 Number of Nodes with overlaps = 119
 Number of Nodes with overlaps = 54
 Number of Nodes with overlaps = 31
 Number of Nodes with overlaps = 14
 Number of Nodes with overlaps = 11
 Number of Nodes with overlaps = 4
 Number of Nodes with overlaps = 1
 Number of Nodes with overlaps = 0
INFO: [Route 35-416] Intermediate Timing Summary | WNS=-0.052 | TNS=-0.069 | WHS=N/A    | THS=N/A    |

Phase 15.1 Global Iteration 0 | Checksum: 3065a4351

Time (s): cpu = 00:02:36 ; elapsed = 00:01:42 . Memory (MB): peak = 2910.957 ; gain = 665.957

Phase 15.2 Global Iteration 1
 Number of Nodes with overlaps = 353
 Number of Nodes with overlaps = 230
 Number of Nodes with overlaps = 164
 Number of Nodes with overlaps = 69
 Number of Nodes with overlaps = 52
 Number of Nodes with overlaps = 32
 Number of Nodes with overlaps = 15
 Number of Nodes with overlaps = 9
 Number of Nodes with overlaps = 6
 Number of Nodes with overlaps = 3
 Number of Nodes with overlaps = 3
 Number of Nodes with overlaps = 1
 Number of Nodes with overlaps = 2
 Number of Nodes with overlaps = 1
 Number of Nodes with overlaps = 1
 Number of Nodes with overlaps = 0
INFO: [Route 35-416] Intermediate Timing Summary | WNS=-0.052 | TNS=-0.069 | WHS=N/A    | THS=N/A    |

Phase 15.2 Global Iteration 1 | Checksum: 284eccac6

Time (s): cpu = 00:03:00 ; elapsed = 00:02:03 . Memory (MB): peak = 2910.957 ; gain = 665.957
Phase 15 Rip-up And Reroute | Checksum: 284eccac6

Time (s): cpu = 00:03:00 ; elapsed = 00:02:03 . Memory (MB): peak = 2910.957 ; gain = 665.957

Phase 16 Delay and Skew Optimization

Phase 16.1 Delay CleanUp

Phase 16.1.1 Update Timing
Phase 16.1.1 Update Timing | Checksum: 25ce43a35

Time (s): cpu = 00:03:00 ; elapsed = 00:02:03 . Memory (MB): peak = 2910.957 ; gain = 665.957
INFO: [Route 35-416] Intermediate Timing Summary | WNS=0.034  | TNS=0.000  | WHS=N/A    | THS=N/A    |

Phase 16.1 Delay CleanUp | Checksum: 25ce43a35

Time (s): cpu = 00:03:00 ; elapsed = 00:02:03 . Memory (MB): peak = 2910.957 ; gain = 665.957

Phase 16.2 Clock Skew Optimization
Phase 16.2 Clock Skew Optimization | Checksum: 25ce43a35

Time (s): cpu = 00:03:00 ; elapsed = 00:02:03 . Memory (MB): peak = 2910.957 ; gain = 665.957
Phase 16 Delay and Skew Optimization | Checksum: 25ce43a35

Time (s): cpu = 00:03:00 ; elapsed = 00:02:03 . Memory (MB): peak = 2910.957 ; gain = 665.957

Phase 17 Post Hold Fix

Phase 17.1 Hold Fix Iter

Phase 17.1.1 Update Timing
Phase 17.1.1 Update Timing | Checksum: 24d2b399b

Time (s): cpu = 00:03:01 ; elapsed = 00:02:03 . Memory (MB): peak = 2910.957 ; gain = 665.957
INFO: [Route 35-416] Intermediate Timing Summary | WNS=0.034  | TNS=0.000  | WHS=0.070  | THS=0.000  |

Phase 17.1 Hold Fix Iter | Checksum: 24d2b399b

Time (s): cpu = 00:03:01 ; elapsed = 00:02:03 . Memory (MB): peak = 2910.957 ; gain = 665.957
Phase 17 Post Hold Fix | Checksum: 24d2b399b

Time (s): cpu = 00:03:01 ; elapsed = 00:02:03 . Memory (MB): peak = 2910.957 ; gain = 665.957

Phase 18 Timing Verification

Phase 18.1 Update Timing
Phase 18.1 Update Timing | Checksum: 24d2b399b

Time (s): cpu = 00:03:02 ; elapsed = 00:02:04 . Memory (MB): peak = 2910.957 ; gain = 665.957
INFO: [Route 35-416] Intermediate Timing Summary | WNS=0.034  | TNS=0.000  | WHS=N/A    | THS=N/A    |

Phase 18 Timing Verification | Checksum: 24d2b399b

Time (s): cpu = 00:03:02 ; elapsed = 00:02:04 . Memory (MB): peak = 2910.957 ; gain = 665.957

Phase 19 Route finalize

Router Utilization Summary
  Global Vertical Routing Utilization    = 1.04002 %
  Global Horizontal Routing Utilization  = 1.01436 %
  Routable Net Status*
  *Does not include unroutable nets such as driverless and loadless.
  Run report_route_status for detailed report.
  Number of Failed Nets               = 0
    (Failed Nets is the sum of unrouted and partially routed nets)
  Number of Unrouted Nets             = 0
  Number of Partially Routed Nets     = 0
  Number of Node Overlaps             = 0

Phase 19 Route finalize | Checksum: 24d2b399b

Time (s): cpu = 00:03:02 ; elapsed = 00:02:04 . Memory (MB): peak = 2910.957 ; gain = 665.957

Phase 20 Verifying routed nets

 Verification completed successfully
Phase 20 Verifying routed nets | Checksum: 24d2b399b

Time (s): cpu = 00:03:02 ; elapsed = 00:02:04 . Memory (MB): peak = 2910.957 ; gain = 665.957

Phase 21 Depositing Routes
Phase 21 Depositing Routes | Checksum: 2a269c48d

Time (s): cpu = 00:03:02 ; elapsed = 00:02:04 . Memory (MB): peak = 2910.957 ; gain = 665.957

Phase 22 Post Router Timing
INFO: [Route 35-20] Post Routing Timing Summary | WNS=0.035  | TNS=0.000  | WHS=0.070  | THS=0.000  |

Phase 22 Post Router Timing | Checksum: 29e3b48c1

Time (s): cpu = 00:03:04 ; elapsed = 00:02:05 . Memory (MB): peak = 2910.957 ; gain = 665.957
INFO: [Route 35-61] The design met the timing requirement.
INFO: [Route 35-16] Router Completed Successfully

Phase 23 Post-Route Event Processing
Phase 23 Post-Route Event Processing | Checksum: 126263b64

Time (s): cpu = 00:03:04 ; elapsed = 00:02:05 . Memory (MB): peak = 2910.957 ; gain = 665.957
Ending Routing Task | Checksum: 126263b64

Time (s): cpu = 00:03:04 ; elapsed = 00:02:05 . Memory (MB): peak = 2910.957 ; gain = 665.957

Routing Is Done.
INFO: [Common 17-83] Releasing license: Implementation
1308 Infos, 0 Warnings, 0 Critical Warnings and 0 Errors encountered.
route_design completed successfully
route_design: Time (s): cpu = 00:03:06 ; elapsed = 00:02:06 . Memory (MB): peak = 2910.957 ; gain = 666.184
INFO: [runtcl-4] Executing : report_drc -file top_drc_routed.rpt -pb top_drc_routed.pb -rpx top_drc_routed.rpx
Command: report_drc -file top_drc_routed.rpt -pb top_drc_routed.pb -rpx top_drc_routed.rpx
INFO: [IP_Flow 19-1839] IP Catalog is up to date.
INFO: [DRC 23-27] Running DRC with 2 threads
INFO: [Vivado_Tcl 2-168] The results of DRC are in file D:/FPGA/FPGA_study/AAAriscv_branch_predict/five_level_200MHz_with_global_branch/digital_twin.runs/impl_1/top_drc_routed.rpt.
report_drc completed successfully
INFO: [runtcl-4] Executing : report_methodology -file top_methodology_drc_routed.rpt -pb top_methodology_drc_routed.pb -rpx top_methodology_drc_routed.rpx
Command: report_methodology -file top_methodology_drc_routed.rpt -pb top_methodology_drc_routed.pb -rpx top_methodology_drc_routed.rpx
INFO: [Timing 38-35] Done setting XDC timing constraints.
INFO: [DRC 23-133] Running Methodology with 2 threads
INFO: [Vivado_Tcl 2-1520] The results of Report Methodology are in file D:/FPGA/FPGA_study/AAAriscv_branch_predict/five_level_200MHz_with_global_branch/digital_twin.runs/impl_1/top_methodology_drc_routed.rpt.
report_methodology completed successfully
INFO: [runtcl-4] Executing : report_power -file top_power_routed.rpt -pb top_power_summary_routed.pb -rpx top_power_routed.rpx
Command: report_power -file top_power_routed.rpt -pb top_power_summary_routed.pb -rpx top_power_routed.rpx
INFO: [Timing 38-35] Done setting XDC timing constraints.
Running Vector-less Activity Propagation...

Finished Running Vector-less Activity Propagation
1318 Infos, 0 Warnings, 0 Critical Warnings and 0 Errors encountered.
report_power completed successfully
INFO: [runtcl-4] Executing : report_route_status -file top_route_status.rpt -pb top_route_status.pb
INFO: [runtcl-4] Executing : report_timing_summary -max_paths 10 -report_unconstrained -file top_timing_summary_routed.rpt -pb top_timing_summary_routed.pb -rpx top_timing_summary_routed.rpx -warn_on_violation 
INFO: [Timing 38-91] UpdateTimingParams: Speed grade: -2, Delay Type: min_max.
INFO: [Timing 38-191] Multithreading enabled for timing update using a maximum of 2 CPUs
INFO: [runtcl-4] Executing : report_incremental_reuse -file top_incremental_reuse_routed.rpt
INFO: [Vivado_Tcl 4-1062] Incremental flow is disabled. No incremental reuse Info to report.
INFO: [runtcl-4] Executing : report_clock_utilization -file top_clock_utilization_routed.rpt
INFO: [runtcl-4] Executing : report_bus_skew -warn_on_violation -file top_bus_skew_routed.rpt -pb top_bus_skew_routed.pb -rpx top_bus_skew_routed.rpx
INFO: [Timing 38-91] UpdateTimingParams: Speed grade: -2, Delay Type: min_max.
INFO: [Timing 38-191] Multithreading enabled for timing update using a maximum of 2 CPUs
INFO: [Timing 38-480] Writing timing data to binary archive.
Write ShapeDB Complete: Time (s): cpu = 00:00:00 ; elapsed = 00:00:00.008 . Memory (MB): peak = 2910.957 ; gain = 0.000
Wrote PlaceDB: Time (s): cpu = 00:00:01 ; elapsed = 00:00:00.342 . Memory (MB): peak = 2910.957 ; gain = 0.000
Wrote PulsedLatchDB: Time (s): cpu = 00:00:00 ; elapsed = 00:00:00 . Memory (MB): peak = 2910.957 ; gain = 0.000
Writing XDEF routing.
Writing XDEF routing logical nets.
Writing XDEF routing special nets.
Wrote RouteStorage: Time (s): cpu = 00:00:00 ; elapsed = 00:00:00.070 . Memory (MB): peak = 2910.957 ; gain = 0.000
Wrote Netlist Cache: Time (s): cpu = 00:00:00 ; elapsed = 00:00:00.006 . Memory (MB): peak = 2910.957 ; gain = 0.000
Wrote Device Cache: Time (s): cpu = 00:00:00 ; elapsed = 00:00:00.003 . Memory (MB): peak = 2910.957 ; gain = 0.000
Write Physdb Complete: Time (s): cpu = 00:00:01 ; elapsed = 00:00:00.427 . Memory (MB): peak = 2910.957 ; gain = 0.000
INFO: [Common 17-1381] The checkpoint 'D:/FPGA/FPGA_study/AAAriscv_branch_predict/five_level_200MHz_with_global_branch/digital_twin.runs/impl_1/top_routed.dcp' has been generated.
INFO: [Common 17-206] Exiting Vivado at Mon Jul 14 04:32:04 2025...
