Copyright 1986-2022 Xilinx, Inc. All Rights Reserved. Copyright 2022-2023 Advanced Micro Devices, Inc. All Rights Reserved.
------------------------------------------------------------------------------------------------------------------------------------------------------------------------------------------------------
| Tool Version : Vivado v.2023.2 (win64) Build 4029153 Fri Oct 13 20:14:34 MDT 2023
| Date         : Mon Jul 14 04:32:02 2025
| Host         : legend running 64-bit major release  (build 9200)
| Command      : report_timing_summary -max_paths 10 -report_unconstrained -file top_timing_summary_routed.rpt -pb top_timing_summary_routed.pb -rpx top_timing_summary_routed.rpx -warn_on_violation
| Design       : top
| Device       : 7k325t-ffg900
| Speed File   : -2  PRODUCTION 1.12 2017-02-17
| Design State : Routed
------------------------------------------------------------------------------------------------------------------------------------------------------------------------------------------------------

Timing Summary Report

------------------------------------------------------------------------------------------------
| Timer Settings
| --------------
------------------------------------------------------------------------------------------------

  Enable Multi Corner Analysis               :  Yes
  Enable Pessimism Removal                   :  Yes
  Pessimism Removal Resolution               :  Nearest Common Node
  Enable Input Delay Default Clock           :  No
  Enable Preset / Clear Arcs                 :  No
  Disable Flight Delays                      :  No
  Ignore I/O Paths                           :  No
  Timing Early Launch at Borrowing Latches   :  No
  Borrow Time for Max Delay Exceptions       :  Yes
  Merge Timing Exceptions                    :  Yes
  Inter-SLR Compensation                     :  Conservative

  Corner  Analyze    Analyze    
  Name    Max Paths  Min Paths  
  ------  ---------  ---------  
  Slow    Yes        Yes        
  Fast    Yes        Yes        


------------------------------------------------------------------------------------------------
| Report Methodology
| ------------------
------------------------------------------------------------------------------------------------

Rule       Severity  Description                     Violations  
---------  --------  ------------------------------  ----------  
LUTAR-1    Warning   LUT drives async reset alert    1           
TIMING-20  Warning   Non-clocked latch               1           
LATCH-1    Advisory  Existing latches in the design  1           

Note: This report is based on the most recent report_methodology run and may not be up-to-date. Run report_methodology on the current design for the latest report.



check_timing report

Table of Contents
-----------------
1. checking no_clock (65)
2. checking constant_clock (0)
3. checking pulse_width_clock (0)
4. checking unconstrained_internal_endpoints (1)
5. checking no_input_delay (1)
6. checking no_output_delay (69)
7. checking multiple_clock (0)
8. checking generated_clocks (0)
9. checking loops (0)
10. checking partial_input_delay (0)
11. checking partial_output_delay (0)
12. checking latch_loops (0)

1. checking no_clock (65)
-------------------------
 There is 1 register/latch pin with no clock driven by root clock pin: student_top_inst/u_RISCV_CORE/INST_MEM_UNIT/mem_wr_buffer_inst/wr_addr_buffer_reg[0]/Q (HIGH)

 There is 1 register/latch pin with no clock driven by root clock pin: student_top_inst/u_RISCV_CORE/INST_MEM_UNIT/mem_wr_buffer_inst/wr_addr_buffer_reg[10]/Q (HIGH)

 There is 1 register/latch pin with no clock driven by root clock pin: student_top_inst/u_RISCV_CORE/INST_MEM_UNIT/mem_wr_buffer_inst/wr_addr_buffer_reg[11]/Q (HIGH)

 There is 1 register/latch pin with no clock driven by root clock pin: student_top_inst/u_RISCV_CORE/INST_MEM_UNIT/mem_wr_buffer_inst/wr_addr_buffer_reg[12]/Q (HIGH)

 There is 1 register/latch pin with no clock driven by root clock pin: student_top_inst/u_RISCV_CORE/INST_MEM_UNIT/mem_wr_buffer_inst/wr_addr_buffer_reg[13]/Q (HIGH)

 There is 1 register/latch pin with no clock driven by root clock pin: student_top_inst/u_RISCV_CORE/INST_MEM_UNIT/mem_wr_buffer_inst/wr_addr_buffer_reg[14]/Q (HIGH)

 There is 1 register/latch pin with no clock driven by root clock pin: student_top_inst/u_RISCV_CORE/INST_MEM_UNIT/mem_wr_buffer_inst/wr_addr_buffer_reg[15]/Q (HIGH)

 There is 1 register/latch pin with no clock driven by root clock pin: student_top_inst/u_RISCV_CORE/INST_MEM_UNIT/mem_wr_buffer_inst/wr_addr_buffer_reg[16]/Q (HIGH)

 There is 1 register/latch pin with no clock driven by root clock pin: student_top_inst/u_RISCV_CORE/INST_MEM_UNIT/mem_wr_buffer_inst/wr_addr_buffer_reg[17]/Q (HIGH)

 There is 1 register/latch pin with no clock driven by root clock pin: student_top_inst/u_RISCV_CORE/INST_MEM_UNIT/mem_wr_buffer_inst/wr_addr_buffer_reg[18]/Q (HIGH)

 There is 1 register/latch pin with no clock driven by root clock pin: student_top_inst/u_RISCV_CORE/INST_MEM_UNIT/mem_wr_buffer_inst/wr_addr_buffer_reg[19]/Q (HIGH)

 There is 1 register/latch pin with no clock driven by root clock pin: student_top_inst/u_RISCV_CORE/INST_MEM_UNIT/mem_wr_buffer_inst/wr_addr_buffer_reg[1]/Q (HIGH)

 There is 1 register/latch pin with no clock driven by root clock pin: student_top_inst/u_RISCV_CORE/INST_MEM_UNIT/mem_wr_buffer_inst/wr_addr_buffer_reg[20]/Q (HIGH)

 There is 1 register/latch pin with no clock driven by root clock pin: student_top_inst/u_RISCV_CORE/INST_MEM_UNIT/mem_wr_buffer_inst/wr_addr_buffer_reg[21]/Q (HIGH)

 There is 1 register/latch pin with no clock driven by root clock pin: student_top_inst/u_RISCV_CORE/INST_MEM_UNIT/mem_wr_buffer_inst/wr_addr_buffer_reg[22]/Q (HIGH)

 There is 1 register/latch pin with no clock driven by root clock pin: student_top_inst/u_RISCV_CORE/INST_MEM_UNIT/mem_wr_buffer_inst/wr_addr_buffer_reg[23]/Q (HIGH)

 There is 1 register/latch pin with no clock driven by root clock pin: student_top_inst/u_RISCV_CORE/INST_MEM_UNIT/mem_wr_buffer_inst/wr_addr_buffer_reg[24]/Q (HIGH)

 There is 1 register/latch pin with no clock driven by root clock pin: student_top_inst/u_RISCV_CORE/INST_MEM_UNIT/mem_wr_buffer_inst/wr_addr_buffer_reg[25]/Q (HIGH)

 There is 1 register/latch pin with no clock driven by root clock pin: student_top_inst/u_RISCV_CORE/INST_MEM_UNIT/mem_wr_buffer_inst/wr_addr_buffer_reg[26]/Q (HIGH)

 There is 1 register/latch pin with no clock driven by root clock pin: student_top_inst/u_RISCV_CORE/INST_MEM_UNIT/mem_wr_buffer_inst/wr_addr_buffer_reg[27]/Q (HIGH)

 There is 1 register/latch pin with no clock driven by root clock pin: student_top_inst/u_RISCV_CORE/INST_MEM_UNIT/mem_wr_buffer_inst/wr_addr_buffer_reg[28]/Q (HIGH)

 There is 1 register/latch pin with no clock driven by root clock pin: student_top_inst/u_RISCV_CORE/INST_MEM_UNIT/mem_wr_buffer_inst/wr_addr_buffer_reg[29]/Q (HIGH)

 There is 1 register/latch pin with no clock driven by root clock pin: student_top_inst/u_RISCV_CORE/INST_MEM_UNIT/mem_wr_buffer_inst/wr_addr_buffer_reg[2]/Q (HIGH)

 There is 1 register/latch pin with no clock driven by root clock pin: student_top_inst/u_RISCV_CORE/INST_MEM_UNIT/mem_wr_buffer_inst/wr_addr_buffer_reg[30]/Q (HIGH)

 There is 1 register/latch pin with no clock driven by root clock pin: student_top_inst/u_RISCV_CORE/INST_MEM_UNIT/mem_wr_buffer_inst/wr_addr_buffer_reg[31]/Q (HIGH)

 There is 1 register/latch pin with no clock driven by root clock pin: student_top_inst/u_RISCV_CORE/INST_MEM_UNIT/mem_wr_buffer_inst/wr_addr_buffer_reg[3]/Q (HIGH)

 There is 1 register/latch pin with no clock driven by root clock pin: student_top_inst/u_RISCV_CORE/INST_MEM_UNIT/mem_wr_buffer_inst/wr_addr_buffer_reg[4]/Q (HIGH)

 There is 1 register/latch pin with no clock driven by root clock pin: student_top_inst/u_RISCV_CORE/INST_MEM_UNIT/mem_wr_buffer_inst/wr_addr_buffer_reg[5]/Q (HIGH)

 There is 1 register/latch pin with no clock driven by root clock pin: student_top_inst/u_RISCV_CORE/INST_MEM_UNIT/mem_wr_buffer_inst/wr_addr_buffer_reg[6]/Q (HIGH)

 There is 1 register/latch pin with no clock driven by root clock pin: student_top_inst/u_RISCV_CORE/INST_MEM_UNIT/mem_wr_buffer_inst/wr_addr_buffer_reg[7]/Q (HIGH)

 There is 1 register/latch pin with no clock driven by root clock pin: student_top_inst/u_RISCV_CORE/INST_MEM_UNIT/mem_wr_buffer_inst/wr_addr_buffer_reg[8]/Q (HIGH)

 There is 1 register/latch pin with no clock driven by root clock pin: student_top_inst/u_RISCV_CORE/INST_MEM_UNIT/mem_wr_buffer_inst/wr_addr_buffer_reg[9]/Q (HIGH)

 There is 1 register/latch pin with no clock driven by root clock pin: student_top_inst/u_RISCV_CORE/INST_MEM_UNIT/mem_wr_buffer_inst/wr_data_buffer_reg[0]/Q (HIGH)

 There is 1 register/latch pin with no clock driven by root clock pin: student_top_inst/u_RISCV_CORE/INST_MEM_UNIT/mem_wr_buffer_inst/wr_data_buffer_reg[10]/Q (HIGH)

 There is 1 register/latch pin with no clock driven by root clock pin: student_top_inst/u_RISCV_CORE/INST_MEM_UNIT/mem_wr_buffer_inst/wr_data_buffer_reg[11]/Q (HIGH)

 There is 1 register/latch pin with no clock driven by root clock pin: student_top_inst/u_RISCV_CORE/INST_MEM_UNIT/mem_wr_buffer_inst/wr_data_buffer_reg[12]/Q (HIGH)

 There is 1 register/latch pin with no clock driven by root clock pin: student_top_inst/u_RISCV_CORE/INST_MEM_UNIT/mem_wr_buffer_inst/wr_data_buffer_reg[13]/Q (HIGH)

 There is 1 register/latch pin with no clock driven by root clock pin: student_top_inst/u_RISCV_CORE/INST_MEM_UNIT/mem_wr_buffer_inst/wr_data_buffer_reg[14]/Q (HIGH)

 There is 1 register/latch pin with no clock driven by root clock pin: student_top_inst/u_RISCV_CORE/INST_MEM_UNIT/mem_wr_buffer_inst/wr_data_buffer_reg[15]/Q (HIGH)

 There is 1 register/latch pin with no clock driven by root clock pin: student_top_inst/u_RISCV_CORE/INST_MEM_UNIT/mem_wr_buffer_inst/wr_data_buffer_reg[16]/Q (HIGH)

 There is 1 register/latch pin with no clock driven by root clock pin: student_top_inst/u_RISCV_CORE/INST_MEM_UNIT/mem_wr_buffer_inst/wr_data_buffer_reg[17]/Q (HIGH)

 There is 1 register/latch pin with no clock driven by root clock pin: student_top_inst/u_RISCV_CORE/INST_MEM_UNIT/mem_wr_buffer_inst/wr_data_buffer_reg[18]/Q (HIGH)

 There is 1 register/latch pin with no clock driven by root clock pin: student_top_inst/u_RISCV_CORE/INST_MEM_UNIT/mem_wr_buffer_inst/wr_data_buffer_reg[19]/Q (HIGH)

 There is 1 register/latch pin with no clock driven by root clock pin: student_top_inst/u_RISCV_CORE/INST_MEM_UNIT/mem_wr_buffer_inst/wr_data_buffer_reg[1]/Q (HIGH)

 There is 1 register/latch pin with no clock driven by root clock pin: student_top_inst/u_RISCV_CORE/INST_MEM_UNIT/mem_wr_buffer_inst/wr_data_buffer_reg[20]/Q (HIGH)

 There is 1 register/latch pin with no clock driven by root clock pin: student_top_inst/u_RISCV_CORE/INST_MEM_UNIT/mem_wr_buffer_inst/wr_data_buffer_reg[21]/Q (HIGH)

 There is 1 register/latch pin with no clock driven by root clock pin: student_top_inst/u_RISCV_CORE/INST_MEM_UNIT/mem_wr_buffer_inst/wr_data_buffer_reg[22]/Q (HIGH)

 There is 1 register/latch pin with no clock driven by root clock pin: student_top_inst/u_RISCV_CORE/INST_MEM_UNIT/mem_wr_buffer_inst/wr_data_buffer_reg[23]/Q (HIGH)

 There is 1 register/latch pin with no clock driven by root clock pin: student_top_inst/u_RISCV_CORE/INST_MEM_UNIT/mem_wr_buffer_inst/wr_data_buffer_reg[24]/Q (HIGH)

 There is 1 register/latch pin with no clock driven by root clock pin: student_top_inst/u_RISCV_CORE/INST_MEM_UNIT/mem_wr_buffer_inst/wr_data_buffer_reg[25]/Q (HIGH)

 There is 1 register/latch pin with no clock driven by root clock pin: student_top_inst/u_RISCV_CORE/INST_MEM_UNIT/mem_wr_buffer_inst/wr_data_buffer_reg[26]/Q (HIGH)

 There is 1 register/latch pin with no clock driven by root clock pin: student_top_inst/u_RISCV_CORE/INST_MEM_UNIT/mem_wr_buffer_inst/wr_data_buffer_reg[27]/Q (HIGH)

 There is 1 register/latch pin with no clock driven by root clock pin: student_top_inst/u_RISCV_CORE/INST_MEM_UNIT/mem_wr_buffer_inst/wr_data_buffer_reg[28]/Q (HIGH)

 There is 1 register/latch pin with no clock driven by root clock pin: student_top_inst/u_RISCV_CORE/INST_MEM_UNIT/mem_wr_buffer_inst/wr_data_buffer_reg[29]/Q (HIGH)

 There is 1 register/latch pin with no clock driven by root clock pin: student_top_inst/u_RISCV_CORE/INST_MEM_UNIT/mem_wr_buffer_inst/wr_data_buffer_reg[2]/Q (HIGH)

 There is 1 register/latch pin with no clock driven by root clock pin: student_top_inst/u_RISCV_CORE/INST_MEM_UNIT/mem_wr_buffer_inst/wr_data_buffer_reg[30]/Q (HIGH)

 There is 1 register/latch pin with no clock driven by root clock pin: student_top_inst/u_RISCV_CORE/INST_MEM_UNIT/mem_wr_buffer_inst/wr_data_buffer_reg[31]/Q (HIGH)

 There is 1 register/latch pin with no clock driven by root clock pin: student_top_inst/u_RISCV_CORE/INST_MEM_UNIT/mem_wr_buffer_inst/wr_data_buffer_reg[3]/Q (HIGH)

 There is 1 register/latch pin with no clock driven by root clock pin: student_top_inst/u_RISCV_CORE/INST_MEM_UNIT/mem_wr_buffer_inst/wr_data_buffer_reg[4]/Q (HIGH)

 There is 1 register/latch pin with no clock driven by root clock pin: student_top_inst/u_RISCV_CORE/INST_MEM_UNIT/mem_wr_buffer_inst/wr_data_buffer_reg[5]/Q (HIGH)

 There is 1 register/latch pin with no clock driven by root clock pin: student_top_inst/u_RISCV_CORE/INST_MEM_UNIT/mem_wr_buffer_inst/wr_data_buffer_reg[6]/Q (HIGH)

 There is 1 register/latch pin with no clock driven by root clock pin: student_top_inst/u_RISCV_CORE/INST_MEM_UNIT/mem_wr_buffer_inst/wr_data_buffer_reg[7]/Q (HIGH)

 There is 1 register/latch pin with no clock driven by root clock pin: student_top_inst/u_RISCV_CORE/INST_MEM_UNIT/mem_wr_buffer_inst/wr_data_buffer_reg[8]/Q (HIGH)

 There is 1 register/latch pin with no clock driven by root clock pin: student_top_inst/u_RISCV_CORE/INST_MEM_UNIT/mem_wr_buffer_inst/wr_data_buffer_reg[9]/Q (HIGH)

 There is 1 register/latch pin with no clock driven by root clock pin: student_top_inst/u_RISCV_CORE/INST_MEM_UNIT/mem_wr_buffer_inst/wr_en_buffer_reg/Q (HIGH)


2. checking constant_clock (0)
------------------------------
 There are 0 register/latch pins with constant_clock.


3. checking pulse_width_clock (0)
---------------------------------
 There are 0 register/latch pins which need pulse_width check


4. checking unconstrained_internal_endpoints (1)
------------------------------------------------
 There is 1 pin that is not constrained for maximum delay. (HIGH)

 There are 0 pins that are not constrained for maximum delay due to constant clock.


5. checking no_input_delay (1)
------------------------------
 There is 1 input port with no input delay specified. (HIGH)

 There are 0 input ports with no input delay but user has a false path constraint.


6. checking no_output_delay (69)
--------------------------------
 There are 69 ports with no output delay specified. (HIGH)

 There are 0 ports with no output delay but user has a false path constraint

 There are 0 ports with no output delay but with a timing clock defined on it or propagating through it


7. checking multiple_clock (0)
------------------------------
 There are 0 register/latch pins with multiple clocks.


8. checking generated_clocks (0)
--------------------------------
 There are 0 generated clocks that are not connected to a clock source.


9. checking loops (0)
---------------------
 There are 0 combinational loops in the design.


10. checking partial_input_delay (0)
------------------------------------
 There are 0 input ports with partial input delay specified.


11. checking partial_output_delay (0)
-------------------------------------
 There are 0 ports with partial output delay specified.


12. checking latch_loops (0)
----------------------------
 There are 0 combinational latch loops in the design through latch input



------------------------------------------------------------------------------------------------
| Design Timing Summary
| ---------------------
------------------------------------------------------------------------------------------------

    WNS(ns)      TNS(ns)  TNS Failing Endpoints  TNS Total Endpoints      WHS(ns)      THS(ns)  THS Failing Endpoints  THS Total Endpoints     WPWS(ns)     TPWS(ns)  TPWS Failing Endpoints  TPWS Total Endpoints  
    -------      -------  ---------------------  -------------------      -------      -------  ---------------------  -------------------     --------     --------  ----------------------  --------------------  
      0.035        0.000                      0                 7184        0.070        0.000                      0                 7184        1.100        0.000                       0                  2860  


All user specified timing constraints are met.


------------------------------------------------------------------------------------------------
| Clock Summary
| -------------
------------------------------------------------------------------------------------------------

Clock           Waveform(ns)         Period(ns)      Frequency(MHz)
-----           ------------         ----------      --------------
i_sys_clk_p     {0.000 2.500}        5.000           200.000         
  clk_out1_pll  {0.000 10.000}       20.000          50.000          
  clk_out2_pll  {0.000 2.000}        4.000           250.000         
  clkfbout_pll  {0.000 2.500}        5.000           200.000         


------------------------------------------------------------------------------------------------
| Intra Clock Table
| -----------------
------------------------------------------------------------------------------------------------

Clock               WNS(ns)      TNS(ns)  TNS Failing Endpoints  TNS Total Endpoints      WHS(ns)      THS(ns)  THS Failing Endpoints  THS Total Endpoints     WPWS(ns)     TPWS(ns)  TPWS Failing Endpoints  TPWS Total Endpoints  
-----               -------      -------  ---------------------  -------------------      -------      -------  ---------------------  -------------------     --------     --------  ----------------------  --------------------  
i_sys_clk_p                                                                                                                                                       1.100        0.000                       0                     1  
  clk_out1_pll       16.566        0.000                      0                  648        0.130        0.000                      0                  648        9.600        0.000                       0                   396  
  clk_out2_pll        0.035        0.000                      0                 6468        0.070        0.000                      0                 6468        1.232        0.000                       0                  2460  
  clkfbout_pll                                                                                                                                                    3.592        0.000                       0                     3  


------------------------------------------------------------------------------------------------
| Inter Clock Table
| -----------------
------------------------------------------------------------------------------------------------

From Clock    To Clock          WNS(ns)      TNS(ns)  TNS Failing Endpoints  TNS Total Endpoints      WHS(ns)      THS(ns)  THS Failing Endpoints  THS Total Endpoints  
----------    --------          -------      -------  ---------------------  -------------------      -------      -------  ---------------------  -------------------  
clk_out2_pll  clk_out1_pll        0.665        0.000                      0                   68        0.130        0.000                      0                   68  
clk_out1_pll  clk_out2_pll        0.234        0.000                      0                   32        0.109        0.000                      0                   32  


------------------------------------------------------------------------------------------------
| Other Path Groups Table
| -----------------------
------------------------------------------------------------------------------------------------

Path Group    From Clock    To Clock          WNS(ns)      TNS(ns)  TNS Failing Endpoints  TNS Total Endpoints      WHS(ns)      THS(ns)  THS Failing Endpoints  THS Total Endpoints  
----------    ----------    --------          -------      -------  ---------------------  -------------------      -------      -------  ---------------------  -------------------  


------------------------------------------------------------------------------------------------
| User Ignored Path Table
| -----------------------
------------------------------------------------------------------------------------------------

Path Group    From Clock    To Clock    
----------    ----------    --------    


------------------------------------------------------------------------------------------------
| Unconstrained Path Table
| ------------------------
------------------------------------------------------------------------------------------------

Path Group    From Clock    To Clock    
----------    ----------    --------    
(none)        clk_out1_pll                
(none)        clk_out2_pll                
(none)        clkfbout_pll                
(none)                      clk_out1_pll  


------------------------------------------------------------------------------------------------
| Timing Details
| --------------
------------------------------------------------------------------------------------------------


---------------------------------------------------------------------------------------------------
From Clock:  i_sys_clk_p
  To Clock:  i_sys_clk_p

Setup :           NA  Failing Endpoints,  Worst Slack           NA  ,  Total Violation           NA
Hold  :           NA  Failing Endpoints,  Worst Slack           NA  ,  Total Violation           NA
PW    :            0  Failing Endpoints,  Worst Slack        1.100ns,  Total Violation        0.000ns
---------------------------------------------------------------------------------------------------


Pulse Width Checks
--------------------------------------------------------------------------------------
Clock Name:         i_sys_clk_p
Waveform(ns):       { 0.000 2.500 }
Period(ns):         5.000
Sources:            { i_sys_clk_p }

Check Type        Corner  Lib Pin           Reference Pin  Required(ns)  Actual(ns)  Slack(ns)  Location        Pin
Min Period        n/a     PLLE2_ADV/CLKIN1  n/a            1.071         5.000       3.929      PLLE2_ADV_X1Y1  pll_inst/inst/plle2_adv_inst/CLKIN1
Max Period        n/a     PLLE2_ADV/CLKIN1  n/a            52.633        5.000       47.633     PLLE2_ADV_X1Y1  pll_inst/inst/plle2_adv_inst/CLKIN1
Low Pulse Width   Slow    PLLE2_ADV/CLKIN1  n/a            1.400         2.500       1.100      PLLE2_ADV_X1Y1  pll_inst/inst/plle2_adv_inst/CLKIN1
Low Pulse Width   Fast    PLLE2_ADV/CLKIN1  n/a            1.400         2.500       1.100      PLLE2_ADV_X1Y1  pll_inst/inst/plle2_adv_inst/CLKIN1
High Pulse Width  Slow    PLLE2_ADV/CLKIN1  n/a            1.400         2.500       1.100      PLLE2_ADV_X1Y1  pll_inst/inst/plle2_adv_inst/CLKIN1
High Pulse Width  Fast    PLLE2_ADV/CLKIN1  n/a            1.400         2.500       1.100      PLLE2_ADV_X1Y1  pll_inst/inst/plle2_adv_inst/CLKIN1



---------------------------------------------------------------------------------------------------
From Clock:  clk_out1_pll
  To Clock:  clk_out1_pll

Setup :            0  Failing Endpoints,  Worst Slack       16.566ns,  Total Violation        0.000ns
Hold  :            0  Failing Endpoints,  Worst Slack        0.130ns,  Total Violation        0.000ns
PW    :            0  Failing Endpoints,  Worst Slack        9.600ns,  Total Violation        0.000ns
---------------------------------------------------------------------------------------------------


Max Delay Paths
--------------------------------------------------------------------------------------
Slack (MET) :             16.566ns  (required time - arrival time)
  Source:                 uart_inst/rx_data_reg[1]/C
                            (rising edge-triggered cell FDCE clocked by clk_out1_pll  {rise@0.000ns fall@10.000ns period=20.000ns})
  Destination:            twin_controller_inst/sw_reg[58]/CE
                            (rising edge-triggered cell FDCE clocked by clk_out1_pll  {rise@0.000ns fall@10.000ns period=20.000ns})
  Path Group:             clk_out1_pll
  Path Type:              Setup (Max at Slow Process Corner)
  Requirement:            20.000ns  (clk_out1_pll rise@20.000ns - clk_out1_pll rise@0.000ns)
  Data Path Delay:        3.115ns  (logic 0.552ns (17.720%)  route 2.563ns (82.280%))
  Logic Levels:           3  (LUT2=1 LUT3=1 LUT5=1)
  Clock Path Skew:        -0.044ns (DCD - SCD + CPR)
    Destination Clock Delay (DCD):    -2.119ns = ( 17.881 - 20.000 ) 
    Source Clock Delay      (SCD):    -2.449ns
    Clock Pessimism Removal (CPR):    -0.375ns
  Clock Uncertainty:      0.074ns  ((TSJ^2 + DJ^2)^1/2) / 2 + PE
    Total System Jitter     (TSJ):    0.071ns
    Discrete Jitter          (DJ):    0.129ns
    Phase Error              (PE):    0.000ns

    Location             Delay type                Incr(ns)  Path(ns)    Netlist Resource(s)
  -------------------------------------------------------------------    -------------------
                         (clock clk_out1_pll rise edge)
                                                      0.000     0.000 r  
    AD12                                              0.000     0.000 r  i_sys_clk_p (IN)
                         net (fo=0)                   0.000     0.000    pll_inst/inst/clk_in1_p
    AD12                 IBUFDS (Prop_ibufds_I_O)     0.906     0.906 r  pll_inst/inst/clkin1_ibufgds/O
                         net (fo=1, routed)           1.098     2.004    pll_inst/inst/clk_in1_pll
    PLLE2_ADV_X1Y1       PLLE2_ADV (Prop_plle2_adv_CLKIN1_CLKOUT0)
                                                     -8.058    -6.054 r  pll_inst/inst/plle2_adv_inst/CLKOUT0
                         net (fo=1, routed)           2.128    -3.926    pll_inst/inst/clk_out1_pll
    BUFGCTRL_X0Y1        BUFG (Prop_bufg_I_O)         0.093    -3.833 r  pll_inst/inst/clkout1_buf/O
                         net (fo=394, routed)         1.384    -2.449    uart_inst/clk_out1
    SLICE_X53Y131        FDCE                                         r  uart_inst/rx_data_reg[1]/C
  -------------------------------------------------------------------    -------------------
    SLICE_X53Y131        FDCE (Prop_fdce_C_Q)         0.223    -2.226 r  uart_inst/rx_data_reg[1]/Q
                         net (fo=34, routed)          0.497    -1.729    uart_inst/rx_data[1]
    SLICE_X54Y130        LUT3 (Prop_lut3_I2_O)        0.051    -1.678 r  uart_inst/sw[63]_i_2/O
                         net (fo=22, routed)          0.945    -0.733    uart_inst/sw[63]_i_2_n_0
    SLICE_X57Y131        LUT5 (Prop_lut5_I2_O)        0.142    -0.591 r  uart_inst/sw[62]_i_3/O
                         net (fo=7, routed)           0.633     0.043    uart_inst/sw[62]_i_3_n_0
    SLICE_X59Y132        LUT2 (Prop_lut2_I0_O)        0.136     0.179 r  uart_inst/sw[58]_i_1/O
                         net (fo=1, routed)           0.487     0.666    twin_controller_inst/E[58]
    SLICE_X71Y133        FDCE                                         r  twin_controller_inst/sw_reg[58]/CE
  -------------------------------------------------------------------    -------------------

                         (clock clk_out1_pll rise edge)
                                                     20.000    20.000 r  
    AD12                                              0.000    20.000 r  i_sys_clk_p (IN)
                         net (fo=0)                   0.000    20.000    pll_inst/inst/clk_in1_p
    AD12                 IBUFDS (Prop_ibufds_I_O)     0.803    20.803 r  pll_inst/inst/clkin1_ibufgds/O
                         net (fo=1, routed)           1.001    21.804    pll_inst/inst/clk_in1_pll
    PLLE2_ADV_X1Y1       PLLE2_ADV (Prop_plle2_adv_CLKIN1_CLKOUT0)
                                                     -7.261    14.543 r  pll_inst/inst/plle2_adv_inst/CLKOUT0
                         net (fo=1, routed)           2.003    16.546    pll_inst/inst/clk_out1_pll
    BUFGCTRL_X0Y1        BUFG (Prop_bufg_I_O)         0.083    16.629 r  pll_inst/inst/clkout1_buf/O
                         net (fo=394, routed)         1.252    17.881    twin_controller_inst/CLK
    SLICE_X71Y133        FDCE                                         r  twin_controller_inst/sw_reg[58]/C
                         clock pessimism             -0.375    17.507    
                         clock uncertainty           -0.074    17.433    
    SLICE_X71Y133        FDCE (Setup_fdce_C_CE)      -0.201    17.232    twin_controller_inst/sw_reg[58]
  -------------------------------------------------------------------
                         required time                         17.232    
                         arrival time                          -0.666    
  -------------------------------------------------------------------
                         slack                                 16.566    

Slack (MET) :             16.598ns  (required time - arrival time)
  Source:                 uart_inst/rx_data_reg[1]/C
                            (rising edge-triggered cell FDCE clocked by clk_out1_pll  {rise@0.000ns fall@10.000ns period=20.000ns})
  Destination:            twin_controller_inst/sw_reg[36]/CE
                            (rising edge-triggered cell FDCE clocked by clk_out1_pll  {rise@0.000ns fall@10.000ns period=20.000ns})
  Path Group:             clk_out1_pll
  Path Type:              Setup (Max at Slow Process Corner)
  Requirement:            20.000ns  (clk_out1_pll rise@20.000ns - clk_out1_pll rise@0.000ns)
  Data Path Delay:        3.010ns  (logic 0.554ns (18.404%)  route 2.456ns (81.596%))
  Logic Levels:           3  (LUT2=1 LUT3=1 LUT5=1)
  Clock Path Skew:        -0.049ns (DCD - SCD + CPR)
    Destination Clock Delay (DCD):    -2.124ns = ( 17.876 - 20.000 ) 
    Source Clock Delay      (SCD):    -2.449ns
    Clock Pessimism Removal (CPR):    -0.375ns
  Clock Uncertainty:      0.074ns  ((TSJ^2 + DJ^2)^1/2) / 2 + PE
    Total System Jitter     (TSJ):    0.071ns
    Discrete Jitter          (DJ):    0.129ns
    Phase Error              (PE):    0.000ns

    Location             Delay type                Incr(ns)  Path(ns)    Netlist Resource(s)
  -------------------------------------------------------------------    -------------------
                         (clock clk_out1_pll rise edge)
                                                      0.000     0.000 r  
    AD12                                              0.000     0.000 r  i_sys_clk_p (IN)
                         net (fo=0)                   0.000     0.000    pll_inst/inst/clk_in1_p
    AD12                 IBUFDS (Prop_ibufds_I_O)     0.906     0.906 r  pll_inst/inst/clkin1_ibufgds/O
                         net (fo=1, routed)           1.098     2.004    pll_inst/inst/clk_in1_pll
    PLLE2_ADV_X1Y1       PLLE2_ADV (Prop_plle2_adv_CLKIN1_CLKOUT0)
                                                     -8.058    -6.054 r  pll_inst/inst/plle2_adv_inst/CLKOUT0
                         net (fo=1, routed)           2.128    -3.926    pll_inst/inst/clk_out1_pll
    BUFGCTRL_X0Y1        BUFG (Prop_bufg_I_O)         0.093    -3.833 r  pll_inst/inst/clkout1_buf/O
                         net (fo=394, routed)         1.384    -2.449    uart_inst/clk_out1
    SLICE_X53Y131        FDCE                                         r  uart_inst/rx_data_reg[1]/C
  -------------------------------------------------------------------    -------------------
    SLICE_X53Y131        FDCE (Prop_fdce_C_Q)         0.223    -2.226 r  uart_inst/rx_data_reg[1]/Q
                         net (fo=34, routed)          0.497    -1.729    uart_inst/rx_data[1]
    SLICE_X54Y130        LUT3 (Prop_lut3_I2_O)        0.051    -1.678 r  uart_inst/sw[63]_i_2/O
                         net (fo=22, routed)          0.853    -0.825    uart_inst/sw[63]_i_2_n_0
    SLICE_X59Y131        LUT5 (Prop_lut5_I3_O)        0.140    -0.685 f  uart_inst/sw[38]_i_2/O
                         net (fo=7, routed)           0.676    -0.009    uart_inst/sw[38]_i_2_n_0
    SLICE_X58Y128        LUT2 (Prop_lut2_I1_O)        0.140     0.131 r  uart_inst/sw[36]_i_1/O
                         net (fo=1, routed)           0.430     0.561    twin_controller_inst/E[36]
    SLICE_X54Y126        FDCE                                         r  twin_controller_inst/sw_reg[36]/CE
  -------------------------------------------------------------------    -------------------

                         (clock clk_out1_pll rise edge)
                                                     20.000    20.000 r  
    AD12                                              0.000    20.000 r  i_sys_clk_p (IN)
                         net (fo=0)                   0.000    20.000    pll_inst/inst/clk_in1_p
    AD12                 IBUFDS (Prop_ibufds_I_O)     0.803    20.803 r  pll_inst/inst/clkin1_ibufgds/O
                         net (fo=1, routed)           1.001    21.804    pll_inst/inst/clk_in1_pll
    PLLE2_ADV_X1Y1       PLLE2_ADV (Prop_plle2_adv_CLKIN1_CLKOUT0)
                                                     -7.261    14.543 r  pll_inst/inst/plle2_adv_inst/CLKOUT0
                         net (fo=1, routed)           2.003    16.546    pll_inst/inst/clk_out1_pll
    BUFGCTRL_X0Y1        BUFG (Prop_bufg_I_O)         0.083    16.629 r  pll_inst/inst/clkout1_buf/O
                         net (fo=394, routed)         1.247    17.876    twin_controller_inst/CLK
    SLICE_X54Y126        FDCE                                         r  twin_controller_inst/sw_reg[36]/C
                         clock pessimism             -0.375    17.502    
                         clock uncertainty           -0.074    17.428    
    SLICE_X54Y126        FDCE (Setup_fdce_C_CE)      -0.269    17.159    twin_controller_inst/sw_reg[36]
  -------------------------------------------------------------------
                         required time                         17.159    
                         arrival time                          -0.561    
  -------------------------------------------------------------------
                         slack                                 16.598    

Slack (MET) :             16.605ns  (required time - arrival time)
  Source:                 uart_inst/rx_data_reg[1]/C
                            (rising edge-triggered cell FDCE clocked by clk_out1_pll  {rise@0.000ns fall@10.000ns period=20.000ns})
  Destination:            twin_controller_inst/sw_reg[11]/CE
                            (rising edge-triggered cell FDCE clocked by clk_out1_pll  {rise@0.000ns fall@10.000ns period=20.000ns})
  Path Group:             clk_out1_pll
  Path Type:              Setup (Max at Slow Process Corner)
  Requirement:            20.000ns  (clk_out1_pll rise@20.000ns - clk_out1_pll rise@0.000ns)
  Data Path Delay:        3.070ns  (logic 0.550ns (17.914%)  route 2.520ns (82.086%))
  Logic Levels:           3  (LUT3=1 LUT5=1 LUT6=1)
  Clock Path Skew:        -0.050ns (DCD - SCD + CPR)
    Destination Clock Delay (DCD):    -2.125ns = ( 17.875 - 20.000 ) 
    Source Clock Delay      (SCD):    -2.449ns
    Clock Pessimism Removal (CPR):    -0.375ns
  Clock Uncertainty:      0.074ns  ((TSJ^2 + DJ^2)^1/2) / 2 + PE
    Total System Jitter     (TSJ):    0.071ns
    Discrete Jitter          (DJ):    0.129ns
    Phase Error              (PE):    0.000ns

    Location             Delay type                Incr(ns)  Path(ns)    Netlist Resource(s)
  -------------------------------------------------------------------    -------------------
                         (clock clk_out1_pll rise edge)
                                                      0.000     0.000 r  
    AD12                                              0.000     0.000 r  i_sys_clk_p (IN)
                         net (fo=0)                   0.000     0.000    pll_inst/inst/clk_in1_p
    AD12                 IBUFDS (Prop_ibufds_I_O)     0.906     0.906 r  pll_inst/inst/clkin1_ibufgds/O
                         net (fo=1, routed)           1.098     2.004    pll_inst/inst/clk_in1_pll
    PLLE2_ADV_X1Y1       PLLE2_ADV (Prop_plle2_adv_CLKIN1_CLKOUT0)
                                                     -8.058    -6.054 r  pll_inst/inst/plle2_adv_inst/CLKOUT0
                         net (fo=1, routed)           2.128    -3.926    pll_inst/inst/clk_out1_pll
    BUFGCTRL_X0Y1        BUFG (Prop_bufg_I_O)         0.093    -3.833 r  pll_inst/inst/clkout1_buf/O
                         net (fo=394, routed)         1.384    -2.449    uart_inst/clk_out1
    SLICE_X53Y131        FDCE                                         r  uart_inst/rx_data_reg[1]/C
  -------------------------------------------------------------------    -------------------
    SLICE_X53Y131        FDCE (Prop_fdce_C_Q)         0.223    -2.226 r  uart_inst/rx_data_reg[1]/Q
                         net (fo=34, routed)          0.497    -1.729    uart_inst/rx_data[1]
    SLICE_X54Y130        LUT3 (Prop_lut3_I2_O)        0.051    -1.678 r  uart_inst/sw[63]_i_2/O
                         net (fo=22, routed)          0.847    -0.831    uart_inst/sw[63]_i_2_n_0
    SLICE_X61Y131        LUT5 (Prop_lut5_I2_O)        0.140    -0.691 f  uart_inst/sw[62]_i_2/O
                         net (fo=16, routed)          0.797     0.107    uart_inst/sw[62]_i_2_n_0
    SLICE_X56Y130        LUT6 (Prop_lut6_I0_O)        0.136     0.243 r  uart_inst/sw[11]_i_1/O
                         net (fo=1, routed)           0.378     0.621    twin_controller_inst/E[11]
    SLICE_X57Y125        FDCE                                         r  twin_controller_inst/sw_reg[11]/CE
  -------------------------------------------------------------------    -------------------

                         (clock clk_out1_pll rise edge)
                                                     20.000    20.000 r  
    AD12                                              0.000    20.000 r  i_sys_clk_p (IN)
                         net (fo=0)                   0.000    20.000    pll_inst/inst/clk_in1_p
    AD12                 IBUFDS (Prop_ibufds_I_O)     0.803    20.803 r  pll_inst/inst/clkin1_ibufgds/O
                         net (fo=1, routed)           1.001    21.804    pll_inst/inst/clk_in1_pll
    PLLE2_ADV_X1Y1       PLLE2_ADV (Prop_plle2_adv_CLKIN1_CLKOUT0)
                                                     -7.261    14.543 r  pll_inst/inst/plle2_adv_inst/CLKOUT0
                         net (fo=1, routed)           2.003    16.546    pll_inst/inst/clk_out1_pll
    BUFGCTRL_X0Y1        BUFG (Prop_bufg_I_O)         0.083    16.629 r  pll_inst/inst/clkout1_buf/O
                         net (fo=394, routed)         1.246    17.875    twin_controller_inst/CLK
    SLICE_X57Y125        FDCE                                         r  twin_controller_inst/sw_reg[11]/C
                         clock pessimism             -0.375    17.501    
                         clock uncertainty           -0.074    17.427    
    SLICE_X57Y125        FDCE (Setup_fdce_C_CE)      -0.201    17.226    twin_controller_inst/sw_reg[11]
  -------------------------------------------------------------------
                         required time                         17.226    
                         arrival time                          -0.621    
  -------------------------------------------------------------------
                         slack                                 16.605    

Slack (MET) :             16.612ns  (required time - arrival time)
  Source:                 uart_inst/rx_data_reg[1]/C
                            (rising edge-triggered cell FDCE clocked by clk_out1_pll  {rise@0.000ns fall@10.000ns period=20.000ns})
  Destination:            twin_controller_inst/sw_reg[8]/CE
                            (rising edge-triggered cell FDCE clocked by clk_out1_pll  {rise@0.000ns fall@10.000ns period=20.000ns})
  Path Group:             clk_out1_pll
  Path Type:              Setup (Max at Slow Process Corner)
  Requirement:            20.000ns  (clk_out1_pll rise@20.000ns - clk_out1_pll rise@0.000ns)
  Data Path Delay:        2.926ns  (logic 0.456ns (15.586%)  route 2.470ns (84.414%))
  Logic Levels:           3  (LUT2=1 LUT3=1 LUT5=1)
  Clock Path Skew:        -0.099ns (DCD - SCD + CPR)
    Destination Clock Delay (DCD):    -2.101ns = ( 17.899 - 20.000 ) 
    Source Clock Delay      (SCD):    -2.449ns
    Clock Pessimism Removal (CPR):    -0.448ns
  Clock Uncertainty:      0.074ns  ((TSJ^2 + DJ^2)^1/2) / 2 + PE
    Total System Jitter     (TSJ):    0.071ns
    Discrete Jitter          (DJ):    0.129ns
    Phase Error              (PE):    0.000ns

    Location             Delay type                Incr(ns)  Path(ns)    Netlist Resource(s)
  -------------------------------------------------------------------    -------------------
                         (clock clk_out1_pll rise edge)
                                                      0.000     0.000 r  
    AD12                                              0.000     0.000 r  i_sys_clk_p (IN)
                         net (fo=0)                   0.000     0.000    pll_inst/inst/clk_in1_p
    AD12                 IBUFDS (Prop_ibufds_I_O)     0.906     0.906 r  pll_inst/inst/clkin1_ibufgds/O
                         net (fo=1, routed)           1.098     2.004    pll_inst/inst/clk_in1_pll
    PLLE2_ADV_X1Y1       PLLE2_ADV (Prop_plle2_adv_CLKIN1_CLKOUT0)
                                                     -8.058    -6.054 r  pll_inst/inst/plle2_adv_inst/CLKOUT0
                         net (fo=1, routed)           2.128    -3.926    pll_inst/inst/clk_out1_pll
    BUFGCTRL_X0Y1        BUFG (Prop_bufg_I_O)         0.093    -3.833 r  pll_inst/inst/clkout1_buf/O
                         net (fo=394, routed)         1.384    -2.449    uart_inst/clk_out1
    SLICE_X53Y131        FDCE                                         r  uart_inst/rx_data_reg[1]/C
  -------------------------------------------------------------------    -------------------
    SLICE_X53Y131        FDCE (Prop_fdce_C_Q)         0.223    -2.226 r  uart_inst/rx_data_reg[1]/Q
                         net (fo=34, routed)          0.497    -1.729    uart_inst/rx_data[1]
    SLICE_X54Y130        LUT3 (Prop_lut3_I2_O)        0.051    -1.678 r  uart_inst/sw[63]_i_2/O
                         net (fo=22, routed)          0.756    -0.922    uart_inst/sw[63]_i_2_n_0
    SLICE_X60Y130        LUT5 (Prop_lut5_I2_O)        0.134    -0.788 f  uart_inst/sw[14]_i_2/O
                         net (fo=7, routed)           0.283    -0.504    uart_inst/sw[14]_i_2_n_0
    SLICE_X60Y130        LUT2 (Prop_lut2_I1_O)        0.048    -0.456 r  uart_inst/sw[8]_i_1/O
                         net (fo=1, routed)           0.933     0.476    twin_controller_inst/E[8]
    SLICE_X91Y140        FDCE                                         r  twin_controller_inst/sw_reg[8]/CE
  -------------------------------------------------------------------    -------------------

                         (clock clk_out1_pll rise edge)
                                                     20.000    20.000 r  
    AD12                                              0.000    20.000 r  i_sys_clk_p (IN)
                         net (fo=0)                   0.000    20.000    pll_inst/inst/clk_in1_p
    AD12                 IBUFDS (Prop_ibufds_I_O)     0.803    20.803 r  pll_inst/inst/clkin1_ibufgds/O
                         net (fo=1, routed)           1.001    21.804    pll_inst/inst/clk_in1_pll
    PLLE2_ADV_X1Y1       PLLE2_ADV (Prop_plle2_adv_CLKIN1_CLKOUT0)
                                                     -7.261    14.543 r  pll_inst/inst/plle2_adv_inst/CLKOUT0
                         net (fo=1, routed)           2.003    16.546    pll_inst/inst/clk_out1_pll
    BUFGCTRL_X0Y1        BUFG (Prop_bufg_I_O)         0.083    16.629 r  pll_inst/inst/clkout1_buf/O
                         net (fo=394, routed)         1.270    17.899    twin_controller_inst/CLK
    SLICE_X91Y140        FDCE                                         r  twin_controller_inst/sw_reg[8]/C
                         clock pessimism             -0.448    17.452    
                         clock uncertainty           -0.074    17.378    
    SLICE_X91Y140        FDCE (Setup_fdce_C_CE)      -0.290    17.088    twin_controller_inst/sw_reg[8]
  -------------------------------------------------------------------
                         required time                         17.088    
                         arrival time                          -0.476    
  -------------------------------------------------------------------
                         slack                                 16.612    

Slack (MET) :             16.629ns  (required time - arrival time)
  Source:                 uart_inst/rx_data_reg[1]/C
                            (rising edge-triggered cell FDCE clocked by clk_out1_pll  {rise@0.000ns fall@10.000ns period=20.000ns})
  Destination:            twin_controller_inst/sw_reg[40]/CE
                            (rising edge-triggered cell FDCE clocked by clk_out1_pll  {rise@0.000ns fall@10.000ns period=20.000ns})
  Path Group:             clk_out1_pll
  Path Type:              Setup (Max at Slow Process Corner)
  Requirement:            20.000ns  (clk_out1_pll rise@20.000ns - clk_out1_pll rise@0.000ns)
  Data Path Delay:        2.926ns  (logic 0.567ns (19.376%)  route 2.359ns (80.624%))
  Logic Levels:           3  (LUT2=1 LUT3=1 LUT5=1)
  Clock Path Skew:        -0.099ns (DCD - SCD + CPR)
    Destination Clock Delay (DCD):    -2.101ns = ( 17.899 - 20.000 ) 
    Source Clock Delay      (SCD):    -2.449ns
    Clock Pessimism Removal (CPR):    -0.448ns
  Clock Uncertainty:      0.074ns  ((TSJ^2 + DJ^2)^1/2) / 2 + PE
    Total System Jitter     (TSJ):    0.071ns
    Discrete Jitter          (DJ):    0.129ns
    Phase Error              (PE):    0.000ns

    Location             Delay type                Incr(ns)  Path(ns)    Netlist Resource(s)
  -------------------------------------------------------------------    -------------------
                         (clock clk_out1_pll rise edge)
                                                      0.000     0.000 r  
    AD12                                              0.000     0.000 r  i_sys_clk_p (IN)
                         net (fo=0)                   0.000     0.000    pll_inst/inst/clk_in1_p
    AD12                 IBUFDS (Prop_ibufds_I_O)     0.906     0.906 r  pll_inst/inst/clkin1_ibufgds/O
                         net (fo=1, routed)           1.098     2.004    pll_inst/inst/clk_in1_pll
    PLLE2_ADV_X1Y1       PLLE2_ADV (Prop_plle2_adv_CLKIN1_CLKOUT0)
                                                     -8.058    -6.054 r  pll_inst/inst/plle2_adv_inst/CLKOUT0
                         net (fo=1, routed)           2.128    -3.926    pll_inst/inst/clk_out1_pll
    BUFGCTRL_X0Y1        BUFG (Prop_bufg_I_O)         0.093    -3.833 r  pll_inst/inst/clkout1_buf/O
                         net (fo=394, routed)         1.384    -2.449    uart_inst/clk_out1
    SLICE_X53Y131        FDCE                                         r  uart_inst/rx_data_reg[1]/C
  -------------------------------------------------------------------    -------------------
    SLICE_X53Y131        FDCE (Prop_fdce_C_Q)         0.223    -2.226 r  uart_inst/rx_data_reg[1]/Q
                         net (fo=34, routed)          0.497    -1.729    uart_inst/rx_data[1]
    SLICE_X54Y130        LUT3 (Prop_lut3_I2_O)        0.051    -1.678 r  uart_inst/sw[63]_i_2/O
                         net (fo=22, routed)          0.756    -0.922    uart_inst/sw[63]_i_2_n_0
    SLICE_X60Y130        LUT5 (Prop_lut5_I3_O)        0.145    -0.777 f  uart_inst/sw[46]_i_2/O
                         net (fo=7, routed)           0.365    -0.412    uart_inst/sw[46]_i_2_n_0
    SLICE_X59Y131        LUT2 (Prop_lut2_I1_O)        0.148    -0.264 r  uart_inst/sw[40]_i_1/O
                         net (fo=1, routed)           0.741     0.477    twin_controller_inst/E[40]
    SLICE_X90Y140        FDCE                                         r  twin_controller_inst/sw_reg[40]/CE
  -------------------------------------------------------------------    -------------------

                         (clock clk_out1_pll rise edge)
                                                     20.000    20.000 r  
    AD12                                              0.000    20.000 r  i_sys_clk_p (IN)
                         net (fo=0)                   0.000    20.000    pll_inst/inst/clk_in1_p
    AD12                 IBUFDS (Prop_ibufds_I_O)     0.803    20.803 r  pll_inst/inst/clkin1_ibufgds/O
                         net (fo=1, routed)           1.001    21.804    pll_inst/inst/clk_in1_pll
    PLLE2_ADV_X1Y1       PLLE2_ADV (Prop_plle2_adv_CLKIN1_CLKOUT0)
                                                     -7.261    14.543 r  pll_inst/inst/plle2_adv_inst/CLKOUT0
                         net (fo=1, routed)           2.003    16.546    pll_inst/inst/clk_out1_pll
    BUFGCTRL_X0Y1        BUFG (Prop_bufg_I_O)         0.083    16.629 r  pll_inst/inst/clkout1_buf/O
                         net (fo=394, routed)         1.270    17.899    twin_controller_inst/CLK
    SLICE_X90Y140        FDCE                                         r  twin_controller_inst/sw_reg[40]/C
                         clock pessimism             -0.448    17.452    
                         clock uncertainty           -0.074    17.378    
    SLICE_X90Y140        FDCE (Setup_fdce_C_CE)      -0.272    17.106    twin_controller_inst/sw_reg[40]
  -------------------------------------------------------------------
                         required time                         17.106    
                         arrival time                          -0.477    
  -------------------------------------------------------------------
                         slack                                 16.629    

Slack (MET) :             16.635ns  (required time - arrival time)
  Source:                 uart_inst/rx_data_reg[1]/C
                            (rising edge-triggered cell FDCE clocked by clk_out1_pll  {rise@0.000ns fall@10.000ns period=20.000ns})
  Destination:            twin_controller_inst/sw_reg[44]/CE
                            (rising edge-triggered cell FDCE clocked by clk_out1_pll  {rise@0.000ns fall@10.000ns period=20.000ns})
  Path Group:             clk_out1_pll
  Path Type:              Setup (Max at Slow Process Corner)
  Requirement:            20.000ns  (clk_out1_pll rise@20.000ns - clk_out1_pll rise@0.000ns)
  Data Path Delay:        2.973ns  (logic 0.560ns (18.835%)  route 2.413ns (81.165%))
  Logic Levels:           3  (LUT2=1 LUT3=1 LUT5=1)
  Clock Path Skew:        -0.049ns (DCD - SCD + CPR)
    Destination Clock Delay (DCD):    -2.124ns = ( 17.876 - 20.000 ) 
    Source Clock Delay      (SCD):    -2.449ns
    Clock Pessimism Removal (CPR):    -0.375ns
  Clock Uncertainty:      0.074ns  ((TSJ^2 + DJ^2)^1/2) / 2 + PE
    Total System Jitter     (TSJ):    0.071ns
    Discrete Jitter          (DJ):    0.129ns
    Phase Error              (PE):    0.000ns

    Location             Delay type                Incr(ns)  Path(ns)    Netlist Resource(s)
  -------------------------------------------------------------------    -------------------
                         (clock clk_out1_pll rise edge)
                                                      0.000     0.000 r  
    AD12                                              0.000     0.000 r  i_sys_clk_p (IN)
                         net (fo=0)                   0.000     0.000    pll_inst/inst/clk_in1_p
    AD12                 IBUFDS (Prop_ibufds_I_O)     0.906     0.906 r  pll_inst/inst/clkin1_ibufgds/O
                         net (fo=1, routed)           1.098     2.004    pll_inst/inst/clk_in1_pll
    PLLE2_ADV_X1Y1       PLLE2_ADV (Prop_plle2_adv_CLKIN1_CLKOUT0)
                                                     -8.058    -6.054 r  pll_inst/inst/plle2_adv_inst/CLKOUT0
                         net (fo=1, routed)           2.128    -3.926    pll_inst/inst/clk_out1_pll
    BUFGCTRL_X0Y1        BUFG (Prop_bufg_I_O)         0.093    -3.833 r  pll_inst/inst/clkout1_buf/O
                         net (fo=394, routed)         1.384    -2.449    uart_inst/clk_out1
    SLICE_X53Y131        FDCE                                         r  uart_inst/rx_data_reg[1]/C
  -------------------------------------------------------------------    -------------------
    SLICE_X53Y131        FDCE (Prop_fdce_C_Q)         0.223    -2.226 r  uart_inst/rx_data_reg[1]/Q
                         net (fo=34, routed)          0.497    -1.729    uart_inst/rx_data[1]
    SLICE_X54Y130        LUT3 (Prop_lut3_I2_O)        0.051    -1.678 r  uart_inst/sw[63]_i_2/O
                         net (fo=22, routed)          0.756    -0.922    uart_inst/sw[63]_i_2_n_0
    SLICE_X60Y130        LUT5 (Prop_lut5_I3_O)        0.145    -0.777 f  uart_inst/sw[46]_i_2/O
                         net (fo=7, routed)           0.752    -0.024    uart_inst/sw[46]_i_2_n_0
    SLICE_X58Y130        LUT2 (Prop_lut2_I1_O)        0.141     0.117 r  uart_inst/sw[44]_i_1/O
                         net (fo=1, routed)           0.407     0.524    twin_controller_inst/E[44]
    SLICE_X70Y128        FDCE                                         r  twin_controller_inst/sw_reg[44]/CE
  -------------------------------------------------------------------    -------------------

                         (clock clk_out1_pll rise edge)
                                                     20.000    20.000 r  
    AD12                                              0.000    20.000 r  i_sys_clk_p (IN)
                         net (fo=0)                   0.000    20.000    pll_inst/inst/clk_in1_p
    AD12                 IBUFDS (Prop_ibufds_I_O)     0.803    20.803 r  pll_inst/inst/clkin1_ibufgds/O
                         net (fo=1, routed)           1.001    21.804    pll_inst/inst/clk_in1_pll
    PLLE2_ADV_X1Y1       PLLE2_ADV (Prop_plle2_adv_CLKIN1_CLKOUT0)
                                                     -7.261    14.543 r  pll_inst/inst/plle2_adv_inst/CLKOUT0
                         net (fo=1, routed)           2.003    16.546    pll_inst/inst/clk_out1_pll
    BUFGCTRL_X0Y1        BUFG (Prop_bufg_I_O)         0.083    16.629 r  pll_inst/inst/clkout1_buf/O
                         net (fo=394, routed)         1.247    17.876    twin_controller_inst/CLK
    SLICE_X70Y128        FDCE                                         r  twin_controller_inst/sw_reg[44]/C
                         clock pessimism             -0.375    17.502    
                         clock uncertainty           -0.074    17.428    
    SLICE_X70Y128        FDCE (Setup_fdce_C_CE)      -0.269    17.159    twin_controller_inst/sw_reg[44]
  -------------------------------------------------------------------
                         required time                         17.159    
                         arrival time                          -0.524    
  -------------------------------------------------------------------
                         slack                                 16.635    

Slack (MET) :             16.653ns  (required time - arrival time)
  Source:                 uart_inst/rx_data_reg[1]/C
                            (rising edge-triggered cell FDCE clocked by clk_out1_pll  {rise@0.000ns fall@10.000ns period=20.000ns})
  Destination:            twin_controller_inst/sw_reg[12]/CE
                            (rising edge-triggered cell FDCE clocked by clk_out1_pll  {rise@0.000ns fall@10.000ns period=20.000ns})
  Path Group:             clk_out1_pll
  Path Type:              Setup (Max at Slow Process Corner)
  Requirement:            20.000ns  (clk_out1_pll rise@20.000ns - clk_out1_pll rise@0.000ns)
  Data Path Delay:        3.024ns  (logic 0.451ns (14.915%)  route 2.573ns (85.085%))
  Logic Levels:           3  (LUT2=1 LUT3=1 LUT5=1)
  Clock Path Skew:        -0.049ns (DCD - SCD + CPR)
    Destination Clock Delay (DCD):    -2.124ns = ( 17.876 - 20.000 ) 
    Source Clock Delay      (SCD):    -2.449ns
    Clock Pessimism Removal (CPR):    -0.375ns
  Clock Uncertainty:      0.074ns  ((TSJ^2 + DJ^2)^1/2) / 2 + PE
    Total System Jitter     (TSJ):    0.071ns
    Discrete Jitter          (DJ):    0.129ns
    Phase Error              (PE):    0.000ns

    Location             Delay type                Incr(ns)  Path(ns)    Netlist Resource(s)
  -------------------------------------------------------------------    -------------------
                         (clock clk_out1_pll rise edge)
                                                      0.000     0.000 r  
    AD12                                              0.000     0.000 r  i_sys_clk_p (IN)
                         net (fo=0)                   0.000     0.000    pll_inst/inst/clk_in1_p
    AD12                 IBUFDS (Prop_ibufds_I_O)     0.906     0.906 r  pll_inst/inst/clkin1_ibufgds/O
                         net (fo=1, routed)           1.098     2.004    pll_inst/inst/clk_in1_pll
    PLLE2_ADV_X1Y1       PLLE2_ADV (Prop_plle2_adv_CLKIN1_CLKOUT0)
                                                     -8.058    -6.054 r  pll_inst/inst/plle2_adv_inst/CLKOUT0
                         net (fo=1, routed)           2.128    -3.926    pll_inst/inst/clk_out1_pll
    BUFGCTRL_X0Y1        BUFG (Prop_bufg_I_O)         0.093    -3.833 r  pll_inst/inst/clkout1_buf/O
                         net (fo=394, routed)         1.384    -2.449    uart_inst/clk_out1
    SLICE_X53Y131        FDCE                                         r  uart_inst/rx_data_reg[1]/C
  -------------------------------------------------------------------    -------------------
    SLICE_X53Y131        FDCE (Prop_fdce_C_Q)         0.223    -2.226 r  uart_inst/rx_data_reg[1]/Q
                         net (fo=34, routed)          0.497    -1.729    uart_inst/rx_data[1]
    SLICE_X54Y130        LUT3 (Prop_lut3_I2_O)        0.051    -1.678 r  uart_inst/sw[63]_i_2/O
                         net (fo=22, routed)          0.756    -0.922    uart_inst/sw[63]_i_2_n_0
    SLICE_X60Y130        LUT5 (Prop_lut5_I2_O)        0.134    -0.788 f  uart_inst/sw[14]_i_2/O
                         net (fo=7, routed)           0.837     0.049    uart_inst/sw[14]_i_2_n_0
    SLICE_X58Y128        LUT2 (Prop_lut2_I1_O)        0.043     0.092 r  uart_inst/sw[12]_i_1/O
                         net (fo=1, routed)           0.482     0.574    twin_controller_inst/E[12]
    SLICE_X71Y128        FDCE                                         r  twin_controller_inst/sw_reg[12]/CE
  -------------------------------------------------------------------    -------------------

                         (clock clk_out1_pll rise edge)
                                                     20.000    20.000 r  
    AD12                                              0.000    20.000 r  i_sys_clk_p (IN)
                         net (fo=0)                   0.000    20.000    pll_inst/inst/clk_in1_p
    AD12                 IBUFDS (Prop_ibufds_I_O)     0.803    20.803 r  pll_inst/inst/clkin1_ibufgds/O
                         net (fo=1, routed)           1.001    21.804    pll_inst/inst/clk_in1_pll
    PLLE2_ADV_X1Y1       PLLE2_ADV (Prop_plle2_adv_CLKIN1_CLKOUT0)
                                                     -7.261    14.543 r  pll_inst/inst/plle2_adv_inst/CLKOUT0
                         net (fo=1, routed)           2.003    16.546    pll_inst/inst/clk_out1_pll
    BUFGCTRL_X0Y1        BUFG (Prop_bufg_I_O)         0.083    16.629 r  pll_inst/inst/clkout1_buf/O
                         net (fo=394, routed)         1.247    17.876    twin_controller_inst/CLK
    SLICE_X71Y128        FDCE                                         r  twin_controller_inst/sw_reg[12]/C
                         clock pessimism             -0.375    17.502    
                         clock uncertainty           -0.074    17.428    
    SLICE_X71Y128        FDCE (Setup_fdce_C_CE)      -0.201    17.227    twin_controller_inst/sw_reg[12]
  -------------------------------------------------------------------
                         required time                         17.227    
                         arrival time                          -0.574    
  -------------------------------------------------------------------
                         slack                                 16.653    

Slack (MET) :             16.686ns  (required time - arrival time)
  Source:                 uart_inst/rx_data_reg[1]/C
                            (rising edge-triggered cell FDCE clocked by clk_out1_pll  {rise@0.000ns fall@10.000ns period=20.000ns})
  Destination:            twin_controller_inst/sw_reg[61]/CE
                            (rising edge-triggered cell FDCE clocked by clk_out1_pll  {rise@0.000ns fall@10.000ns period=20.000ns})
  Path Group:             clk_out1_pll
  Path Type:              Setup (Max at Slow Process Corner)
  Requirement:            20.000ns  (clk_out1_pll rise@20.000ns - clk_out1_pll rise@0.000ns)
  Data Path Delay:        2.926ns  (logic 0.563ns (19.242%)  route 2.363ns (80.758%))
  Logic Levels:           3  (LUT2=1 LUT3=1 LUT5=1)
  Clock Path Skew:        -0.043ns (DCD - SCD + CPR)
    Destination Clock Delay (DCD):    -2.118ns = ( 17.882 - 20.000 ) 
    Source Clock Delay      (SCD):    -2.449ns
    Clock Pessimism Removal (CPR):    -0.375ns
  Clock Uncertainty:      0.074ns  ((TSJ^2 + DJ^2)^1/2) / 2 + PE
    Total System Jitter     (TSJ):    0.071ns
    Discrete Jitter          (DJ):    0.129ns
    Phase Error              (PE):    0.000ns

    Location             Delay type                Incr(ns)  Path(ns)    Netlist Resource(s)
  -------------------------------------------------------------------    -------------------
                         (clock clk_out1_pll rise edge)
                                                      0.000     0.000 r  
    AD12                                              0.000     0.000 r  i_sys_clk_p (IN)
                         net (fo=0)                   0.000     0.000    pll_inst/inst/clk_in1_p
    AD12                 IBUFDS (Prop_ibufds_I_O)     0.906     0.906 r  pll_inst/inst/clkin1_ibufgds/O
                         net (fo=1, routed)           1.098     2.004    pll_inst/inst/clk_in1_pll
    PLLE2_ADV_X1Y1       PLLE2_ADV (Prop_plle2_adv_CLKIN1_CLKOUT0)
                                                     -8.058    -6.054 r  pll_inst/inst/plle2_adv_inst/CLKOUT0
                         net (fo=1, routed)           2.128    -3.926    pll_inst/inst/clk_out1_pll
    BUFGCTRL_X0Y1        BUFG (Prop_bufg_I_O)         0.093    -3.833 r  pll_inst/inst/clkout1_buf/O
                         net (fo=394, routed)         1.384    -2.449    uart_inst/clk_out1
    SLICE_X53Y131        FDCE                                         r  uart_inst/rx_data_reg[1]/C
  -------------------------------------------------------------------    -------------------
    SLICE_X53Y131        FDCE (Prop_fdce_C_Q)         0.223    -2.226 r  uart_inst/rx_data_reg[1]/Q
                         net (fo=34, routed)          0.497    -1.729    uart_inst/rx_data[1]
    SLICE_X54Y130        LUT3 (Prop_lut3_I2_O)        0.051    -1.678 r  uart_inst/sw[63]_i_2/O
                         net (fo=22, routed)          0.945    -0.733    uart_inst/sw[63]_i_2_n_0
    SLICE_X57Y131        LUT5 (Prop_lut5_I2_O)        0.142    -0.591 r  uart_inst/sw[62]_i_3/O
                         net (fo=7, routed)           0.533    -0.058    uart_inst/sw[62]_i_3_n_0
    SLICE_X57Y132        LUT2 (Prop_lut2_I0_O)        0.147     0.089 r  uart_inst/sw[61]_i_1/O
                         net (fo=1, routed)           0.388     0.476    twin_controller_inst/E[61]
    SLICE_X54Y132        FDCE                                         r  twin_controller_inst/sw_reg[61]/CE
  -------------------------------------------------------------------    -------------------

                         (clock clk_out1_pll rise edge)
                                                     20.000    20.000 r  
    AD12                                              0.000    20.000 r  i_sys_clk_p (IN)
                         net (fo=0)                   0.000    20.000    pll_inst/inst/clk_in1_p
    AD12                 IBUFDS (Prop_ibufds_I_O)     0.803    20.803 r  pll_inst/inst/clkin1_ibufgds/O
                         net (fo=1, routed)           1.001    21.804    pll_inst/inst/clk_in1_pll
    PLLE2_ADV_X1Y1       PLLE2_ADV (Prop_plle2_adv_CLKIN1_CLKOUT0)
                                                     -7.261    14.543 r  pll_inst/inst/plle2_adv_inst/CLKOUT0
                         net (fo=1, routed)           2.003    16.546    pll_inst/inst/clk_out1_pll
    BUFGCTRL_X0Y1        BUFG (Prop_bufg_I_O)         0.083    16.629 r  pll_inst/inst/clkout1_buf/O
                         net (fo=394, routed)         1.253    17.882    twin_controller_inst/CLK
    SLICE_X54Y132        FDCE                                         r  twin_controller_inst/sw_reg[61]/C
                         clock pessimism             -0.375    17.508    
                         clock uncertainty           -0.074    17.434    
    SLICE_X54Y132        FDCE (Setup_fdce_C_CE)      -0.272    17.162    twin_controller_inst/sw_reg[61]
  -------------------------------------------------------------------
                         required time                         17.162    
                         arrival time                          -0.476    
  -------------------------------------------------------------------
                         slack                                 16.686    

Slack (MET) :             16.690ns  (required time - arrival time)
  Source:                 uart_inst/rx_data_reg[1]/C
                            (rising edge-triggered cell FDCE clocked by clk_out1_pll  {rise@0.000ns fall@10.000ns period=20.000ns})
  Destination:            twin_controller_inst/sw_reg[60]/CE
                            (rising edge-triggered cell FDCE clocked by clk_out1_pll  {rise@0.000ns fall@10.000ns period=20.000ns})
  Path Group:             clk_out1_pll
  Path Type:              Setup (Max at Slow Process Corner)
  Requirement:            20.000ns  (clk_out1_pll rise@20.000ns - clk_out1_pll rise@0.000ns)
  Data Path Delay:        2.924ns  (logic 0.563ns (19.254%)  route 2.361ns (80.746%))
  Logic Levels:           3  (LUT2=1 LUT3=1 LUT5=1)
  Clock Path Skew:        -0.040ns (DCD - SCD + CPR)
    Destination Clock Delay (DCD):    -2.115ns = ( 17.885 - 20.000 ) 
    Source Clock Delay      (SCD):    -2.449ns
    Clock Pessimism Removal (CPR):    -0.375ns
  Clock Uncertainty:      0.074ns  ((TSJ^2 + DJ^2)^1/2) / 2 + PE
    Total System Jitter     (TSJ):    0.071ns
    Discrete Jitter          (DJ):    0.129ns
    Phase Error              (PE):    0.000ns

    Location             Delay type                Incr(ns)  Path(ns)    Netlist Resource(s)
  -------------------------------------------------------------------    -------------------
                         (clock clk_out1_pll rise edge)
                                                      0.000     0.000 r  
    AD12                                              0.000     0.000 r  i_sys_clk_p (IN)
                         net (fo=0)                   0.000     0.000    pll_inst/inst/clk_in1_p
    AD12                 IBUFDS (Prop_ibufds_I_O)     0.906     0.906 r  pll_inst/inst/clkin1_ibufgds/O
                         net (fo=1, routed)           1.098     2.004    pll_inst/inst/clk_in1_pll
    PLLE2_ADV_X1Y1       PLLE2_ADV (Prop_plle2_adv_CLKIN1_CLKOUT0)
                                                     -8.058    -6.054 r  pll_inst/inst/plle2_adv_inst/CLKOUT0
                         net (fo=1, routed)           2.128    -3.926    pll_inst/inst/clk_out1_pll
    BUFGCTRL_X0Y1        BUFG (Prop_bufg_I_O)         0.093    -3.833 r  pll_inst/inst/clkout1_buf/O
                         net (fo=394, routed)         1.384    -2.449    uart_inst/clk_out1
    SLICE_X53Y131        FDCE                                         r  uart_inst/rx_data_reg[1]/C
  -------------------------------------------------------------------    -------------------
    SLICE_X53Y131        FDCE (Prop_fdce_C_Q)         0.223    -2.226 r  uart_inst/rx_data_reg[1]/Q
                         net (fo=34, routed)          0.497    -1.729    uart_inst/rx_data[1]
    SLICE_X54Y130        LUT3 (Prop_lut3_I2_O)        0.051    -1.678 r  uart_inst/sw[63]_i_2/O
                         net (fo=22, routed)          0.945    -0.733    uart_inst/sw[63]_i_2_n_0
    SLICE_X57Y131        LUT5 (Prop_lut5_I2_O)        0.142    -0.591 r  uart_inst/sw[62]_i_3/O
                         net (fo=7, routed)           0.633     0.043    uart_inst/sw[62]_i_3_n_0
    SLICE_X59Y132        LUT2 (Prop_lut2_I0_O)        0.147     0.190 r  uart_inst/sw[60]_i_1/O
                         net (fo=1, routed)           0.285     0.475    twin_controller_inst/E[60]
    SLICE_X58Y135        FDCE                                         r  twin_controller_inst/sw_reg[60]/CE
  -------------------------------------------------------------------    -------------------

                         (clock clk_out1_pll rise edge)
                                                     20.000    20.000 r  
    AD12                                              0.000    20.000 r  i_sys_clk_p (IN)
                         net (fo=0)                   0.000    20.000    pll_inst/inst/clk_in1_p
    AD12                 IBUFDS (Prop_ibufds_I_O)     0.803    20.803 r  pll_inst/inst/clkin1_ibufgds/O
                         net (fo=1, routed)           1.001    21.804    pll_inst/inst/clk_in1_pll
    PLLE2_ADV_X1Y1       PLLE2_ADV (Prop_plle2_adv_CLKIN1_CLKOUT0)
                                                     -7.261    14.543 r  pll_inst/inst/plle2_adv_inst/CLKOUT0
                         net (fo=1, routed)           2.003    16.546    pll_inst/inst/clk_out1_pll
    BUFGCTRL_X0Y1        BUFG (Prop_bufg_I_O)         0.083    16.629 r  pll_inst/inst/clkout1_buf/O
                         net (fo=394, routed)         1.256    17.885    twin_controller_inst/CLK
    SLICE_X58Y135        FDCE                                         r  twin_controller_inst/sw_reg[60]/C
                         clock pessimism             -0.375    17.511    
                         clock uncertainty           -0.074    17.437    
    SLICE_X58Y135        FDCE (Setup_fdce_C_CE)      -0.272    17.165    twin_controller_inst/sw_reg[60]
  -------------------------------------------------------------------
                         required time                         17.165    
                         arrival time                          -0.475    
  -------------------------------------------------------------------
                         slack                                 16.690    

Slack (MET) :             16.730ns  (required time - arrival time)
  Source:                 uart_inst/rx_data_reg[1]/C
                            (rising edge-triggered cell FDCE clocked by clk_out1_pll  {rise@0.000ns fall@10.000ns period=20.000ns})
  Destination:            twin_controller_inst/sw_reg[26]/CE
                            (rising edge-triggered cell FDCE clocked by clk_out1_pll  {rise@0.000ns fall@10.000ns period=20.000ns})
  Path Group:             clk_out1_pll
  Path Type:              Setup (Max at Slow Process Corner)
  Requirement:            20.000ns  (clk_out1_pll rise@20.000ns - clk_out1_pll rise@0.000ns)
  Data Path Delay:        2.951ns  (logic 0.451ns (15.280%)  route 2.500ns (84.720%))
  Logic Levels:           3  (LUT2=1 LUT3=1 LUT5=1)
  Clock Path Skew:        -0.044ns (DCD - SCD + CPR)
    Destination Clock Delay (DCD):    -2.119ns = ( 17.881 - 20.000 ) 
    Source Clock Delay      (SCD):    -2.449ns
    Clock Pessimism Removal (CPR):    -0.375ns
  Clock Uncertainty:      0.074ns  ((TSJ^2 + DJ^2)^1/2) / 2 + PE
    Total System Jitter     (TSJ):    0.071ns
    Discrete Jitter          (DJ):    0.129ns
    Phase Error              (PE):    0.000ns

    Location             Delay type                Incr(ns)  Path(ns)    Netlist Resource(s)
  -------------------------------------------------------------------    -------------------
                         (clock clk_out1_pll rise edge)
                                                      0.000     0.000 r  
    AD12                                              0.000     0.000 r  i_sys_clk_p (IN)
                         net (fo=0)                   0.000     0.000    pll_inst/inst/clk_in1_p
    AD12                 IBUFDS (Prop_ibufds_I_O)     0.906     0.906 r  pll_inst/inst/clkin1_ibufgds/O
                         net (fo=1, routed)           1.098     2.004    pll_inst/inst/clk_in1_pll
    PLLE2_ADV_X1Y1       PLLE2_ADV (Prop_plle2_adv_CLKIN1_CLKOUT0)
                                                     -8.058    -6.054 r  pll_inst/inst/plle2_adv_inst/CLKOUT0
                         net (fo=1, routed)           2.128    -3.926    pll_inst/inst/clk_out1_pll
    BUFGCTRL_X0Y1        BUFG (Prop_bufg_I_O)         0.093    -3.833 r  pll_inst/inst/clkout1_buf/O
                         net (fo=394, routed)         1.384    -2.449    uart_inst/clk_out1
    SLICE_X53Y131        FDCE                                         r  uart_inst/rx_data_reg[1]/C
  -------------------------------------------------------------------    -------------------
    SLICE_X53Y131        FDCE (Prop_fdce_C_Q)         0.223    -2.226 r  uart_inst/rx_data_reg[1]/Q
                         net (fo=34, routed)          0.497    -1.729    uart_inst/rx_data[1]
    SLICE_X54Y130        LUT3 (Prop_lut3_I2_O)        0.051    -1.678 r  uart_inst/sw[63]_i_2/O
                         net (fo=22, routed)          0.945    -0.733    uart_inst/sw[63]_i_2_n_0
    SLICE_X57Y131        LUT5 (Prop_lut5_I3_O)        0.134    -0.599 f  uart_inst/sw[30]_i_2/O
                         net (fo=7, routed)           0.387    -0.211    uart_inst/sw[30]_i_2_n_0
    SLICE_X58Y132        LUT2 (Prop_lut2_I1_O)        0.043    -0.168 r  uart_inst/sw[26]_i_1/O
                         net (fo=1, routed)           0.670     0.502    twin_controller_inst/E[26]
    SLICE_X72Y133        FDCE                                         r  twin_controller_inst/sw_reg[26]/CE
  -------------------------------------------------------------------    -------------------

                         (clock clk_out1_pll rise edge)
                                                     20.000    20.000 r  
    AD12                                              0.000    20.000 r  i_sys_clk_p (IN)
                         net (fo=0)                   0.000    20.000    pll_inst/inst/clk_in1_p
    AD12                 IBUFDS (Prop_ibufds_I_O)     0.803    20.803 r  pll_inst/inst/clkin1_ibufgds/O
                         net (fo=1, routed)           1.001    21.804    pll_inst/inst/clk_in1_pll
    PLLE2_ADV_X1Y1       PLLE2_ADV (Prop_plle2_adv_CLKIN1_CLKOUT0)
                                                     -7.261    14.543 r  pll_inst/inst/plle2_adv_inst/CLKOUT0
                         net (fo=1, routed)           2.003    16.546    pll_inst/inst/clk_out1_pll
    BUFGCTRL_X0Y1        BUFG (Prop_bufg_I_O)         0.083    16.629 r  pll_inst/inst/clkout1_buf/O
                         net (fo=394, routed)         1.252    17.881    twin_controller_inst/CLK
    SLICE_X72Y133        FDCE                                         r  twin_controller_inst/sw_reg[26]/C
                         clock pessimism             -0.375    17.507    
                         clock uncertainty           -0.074    17.433    
    SLICE_X72Y133        FDCE (Setup_fdce_C_CE)      -0.201    17.232    twin_controller_inst/sw_reg[26]
  -------------------------------------------------------------------
                         required time                         17.232    
                         arrival time                          -0.502    
  -------------------------------------------------------------------
                         slack                                 16.730    





Min Delay Paths
--------------------------------------------------------------------------------------
Slack (MET) :             0.130ns  (arrival time - required time)
  Source:                 uart_inst/rx_cnt_reg[7]/C
                            (rising edge-triggered cell FDCE clocked by clk_out1_pll  {rise@0.000ns fall@10.000ns period=20.000ns})
  Destination:            uart_inst/rx_cnt_reg[8]/D
                            (rising edge-triggered cell FDCE clocked by clk_out1_pll  {rise@0.000ns fall@10.000ns period=20.000ns})
  Path Group:             clk_out1_pll
  Path Type:              Hold (Min at Fast Process Corner)
  Requirement:            0.000ns  (clk_out1_pll rise@0.000ns - clk_out1_pll rise@0.000ns)
  Data Path Delay:        0.228ns  (logic 0.128ns (56.224%)  route 0.100ns (43.776%))
  Logic Levels:           1  (LUT6=1)
  Clock Path Skew:        0.011ns (DCD - SCD - CPR)
    Destination Clock Delay (DCD):    -0.604ns
    Source Clock Delay      (SCD):    -0.411ns
    Clock Pessimism Removal (CPR):    -0.205ns

    Location             Delay type                Incr(ns)  Path(ns)    Netlist Resource(s)
  -------------------------------------------------------------------    -------------------
                         (clock clk_out1_pll rise edge)
                                                      0.000     0.000 r  
    AD12                                              0.000     0.000 r  i_sys_clk_p (IN)
                         net (fo=0)                   0.000     0.000    pll_inst/inst/clk_in1_p
    AD12                 IBUFDS (Prop_ibufds_I_O)     0.388     0.388 r  pll_inst/inst/clkin1_ibufgds/O
                         net (fo=1, routed)           0.503     0.891    pll_inst/inst/clk_in1_pll
    PLLE2_ADV_X1Y1       PLLE2_ADV (Prop_plle2_adv_CLKIN1_CLKOUT0)
                                                     -2.908    -2.017 r  pll_inst/inst/plle2_adv_inst/CLKOUT0
                         net (fo=1, routed)           0.958    -1.059    pll_inst/inst/clk_out1_pll
    BUFGCTRL_X0Y1        BUFG (Prop_bufg_I_O)         0.026    -1.033 r  pll_inst/inst/clkout1_buf/O
                         net (fo=394, routed)         0.622    -0.411    uart_inst/clk_out1
    SLICE_X47Y132        FDCE                                         r  uart_inst/rx_cnt_reg[7]/C
  -------------------------------------------------------------------    -------------------
    SLICE_X47Y132        FDCE (Prop_fdce_C_Q)         0.100    -0.311 r  uart_inst/rx_cnt_reg[7]/Q
                         net (fo=5, routed)           0.100    -0.211    uart_inst/rx_cnt_reg_n_0_[7]
    SLICE_X46Y132        LUT6 (Prop_lut6_I2_O)        0.028    -0.183 r  uart_inst/rx_cnt[8]_i_1/O
                         net (fo=1, routed)           0.000    -0.183    uart_inst/rx_cnt[8]_i_1_n_0
    SLICE_X46Y132        FDCE                                         r  uart_inst/rx_cnt_reg[8]/D
  -------------------------------------------------------------------    -------------------

                         (clock clk_out1_pll rise edge)
                                                      0.000     0.000 r  
    AD12                                              0.000     0.000 r  i_sys_clk_p (IN)
                         net (fo=0)                   0.000     0.000    pll_inst/inst/clk_in1_p
    AD12                 IBUFDS (Prop_ibufds_I_O)     0.470     0.470 r  pll_inst/inst/clkin1_ibufgds/O
                         net (fo=1, routed)           0.554     1.024    pll_inst/inst/clk_in1_pll
    PLLE2_ADV_X1Y1       PLLE2_ADV (Prop_plle2_adv_CLKIN1_CLKOUT0)
                                                     -3.524    -2.500 r  pll_inst/inst/plle2_adv_inst/CLKOUT0
                         net (fo=1, routed)           1.027    -1.473    pll_inst/inst/clk_out1_pll
    BUFGCTRL_X0Y1        BUFG (Prop_bufg_I_O)         0.030    -1.443 r  pll_inst/inst/clkout1_buf/O
                         net (fo=394, routed)         0.839    -0.604    uart_inst/clk_out1
    SLICE_X46Y132        FDCE                                         r  uart_inst/rx_cnt_reg[8]/C
                         clock pessimism              0.205    -0.400    
    SLICE_X46Y132        FDCE (Hold_fdce_C_D)         0.087    -0.313    uart_inst/rx_cnt_reg[8]
  -------------------------------------------------------------------
                         required time                          0.313    
                         arrival time                          -0.183    
  -------------------------------------------------------------------
                         slack                                  0.130    

Slack (MET) :             0.130ns  (arrival time - required time)
  Source:                 student_top_inst/bridge_inst/counter_inst/cnt_1ms_reg[9]/C
                            (rising edge-triggered cell FDRE clocked by clk_out1_pll  {rise@0.000ns fall@10.000ns period=20.000ns})
  Destination:            student_top_inst/bridge_inst/counter_inst/cnt_1ms_reg[11]/D
                            (rising edge-triggered cell FDRE clocked by clk_out1_pll  {rise@0.000ns fall@10.000ns period=20.000ns})
  Path Group:             clk_out1_pll
  Path Type:              Hold (Min at Fast Process Corner)
  Requirement:            0.000ns  (clk_out1_pll rise@0.000ns - clk_out1_pll rise@0.000ns)
  Data Path Delay:        0.228ns  (logic 0.128ns (56.038%)  route 0.100ns (43.962%))
  Logic Levels:           1  (LUT5=1)
  Clock Path Skew:        0.011ns (DCD - SCD - CPR)
    Destination Clock Delay (DCD):    -0.625ns
    Source Clock Delay      (SCD):    -0.433ns
    Clock Pessimism Removal (CPR):    -0.204ns

    Location             Delay type                Incr(ns)  Path(ns)    Netlist Resource(s)
  -------------------------------------------------------------------    -------------------
                         (clock clk_out1_pll rise edge)
                                                      0.000     0.000 r  
    AD12                                              0.000     0.000 r  i_sys_clk_p (IN)
                         net (fo=0)                   0.000     0.000    pll_inst/inst/clk_in1_p
    AD12                 IBUFDS (Prop_ibufds_I_O)     0.388     0.388 r  pll_inst/inst/clkin1_ibufgds/O
                         net (fo=1, routed)           0.503     0.891    pll_inst/inst/clk_in1_pll
    PLLE2_ADV_X1Y1       PLLE2_ADV (Prop_plle2_adv_CLKIN1_CLKOUT0)
                                                     -2.908    -2.017 r  pll_inst/inst/plle2_adv_inst/CLKOUT0
                         net (fo=1, routed)           0.958    -1.059    pll_inst/inst/clk_out1_pll
    BUFGCTRL_X0Y1        BUFG (Prop_bufg_I_O)         0.026    -1.033 r  pll_inst/inst/clkout1_buf/O
                         net (fo=394, routed)         0.600    -0.433    student_top_inst/bridge_inst/counter_inst/cnt_1ms_reg[0]_0
    SLICE_X107Y119       FDRE                                         r  student_top_inst/bridge_inst/counter_inst/cnt_1ms_reg[9]/C
  -------------------------------------------------------------------    -------------------
    SLICE_X107Y119       FDRE (Prop_fdre_C_Q)         0.100    -0.333 r  student_top_inst/bridge_inst/counter_inst/cnt_1ms_reg[9]/Q
                         net (fo=8, routed)           0.100    -0.232    student_top_inst/bridge_inst/counter_inst/cnt_1ms_reg_n_0_[9]
    SLICE_X106Y119       LUT5 (Prop_lut5_I4_O)        0.028    -0.204 r  student_top_inst/bridge_inst/counter_inst/cnt_1ms[11]_i_1/O
                         net (fo=1, routed)           0.000    -0.204    student_top_inst/bridge_inst/counter_inst/cnt_1ms[11]_i_1_n_0
    SLICE_X106Y119       FDRE                                         r  student_top_inst/bridge_inst/counter_inst/cnt_1ms_reg[11]/D
  -------------------------------------------------------------------    -------------------

                         (clock clk_out1_pll rise edge)
                                                      0.000     0.000 r  
    AD12                                              0.000     0.000 r  i_sys_clk_p (IN)
                         net (fo=0)                   0.000     0.000    pll_inst/inst/clk_in1_p
    AD12                 IBUFDS (Prop_ibufds_I_O)     0.470     0.470 r  pll_inst/inst/clkin1_ibufgds/O
                         net (fo=1, routed)           0.554     1.024    pll_inst/inst/clk_in1_pll
    PLLE2_ADV_X1Y1       PLLE2_ADV (Prop_plle2_adv_CLKIN1_CLKOUT0)
                                                     -3.524    -2.500 r  pll_inst/inst/plle2_adv_inst/CLKOUT0
                         net (fo=1, routed)           1.027    -1.473    pll_inst/inst/clk_out1_pll
    BUFGCTRL_X0Y1        BUFG (Prop_bufg_I_O)         0.030    -1.443 r  pll_inst/inst/clkout1_buf/O
                         net (fo=394, routed)         0.818    -0.625    student_top_inst/bridge_inst/counter_inst/cnt_1ms_reg[0]_0
    SLICE_X106Y119       FDRE                                         r  student_top_inst/bridge_inst/counter_inst/cnt_1ms_reg[11]/C
                         clock pessimism              0.204    -0.422    
    SLICE_X106Y119       FDRE (Hold_fdre_C_D)         0.087    -0.335    student_top_inst/bridge_inst/counter_inst/cnt_1ms_reg[11]
  -------------------------------------------------------------------
                         required time                          0.335    
                         arrival time                          -0.204    
  -------------------------------------------------------------------
                         slack                                  0.130    

Slack (MET) :             0.135ns  (arrival time - required time)
  Source:                 student_top_inst/bridge_inst/counter_inst/cnt_1ms_reg[14]/C
                            (rising edge-triggered cell FDRE clocked by clk_out1_pll  {rise@0.000ns fall@10.000ns period=20.000ns})
  Destination:            student_top_inst/bridge_inst/counter_inst/cnt_1ms_reg[15]/D
                            (rising edge-triggered cell FDRE clocked by clk_out1_pll  {rise@0.000ns fall@10.000ns period=20.000ns})
  Path Group:             clk_out1_pll
  Path Type:              Hold (Min at Fast Process Corner)
  Requirement:            0.000ns  (clk_out1_pll rise@0.000ns - clk_out1_pll rise@0.000ns)
  Data Path Delay:        0.233ns  (logic 0.128ns (54.946%)  route 0.105ns (45.054%))
  Logic Levels:           1  (LUT5=1)
  Clock Path Skew:        0.011ns (DCD - SCD - CPR)
    Destination Clock Delay (DCD):    -0.626ns
    Source Clock Delay      (SCD):    -0.434ns
    Clock Pessimism Removal (CPR):    -0.204ns

    Location             Delay type                Incr(ns)  Path(ns)    Netlist Resource(s)
  -------------------------------------------------------------------    -------------------
                         (clock clk_out1_pll rise edge)
                                                      0.000     0.000 r  
    AD12                                              0.000     0.000 r  i_sys_clk_p (IN)
                         net (fo=0)                   0.000     0.000    pll_inst/inst/clk_in1_p
    AD12                 IBUFDS (Prop_ibufds_I_O)     0.388     0.388 r  pll_inst/inst/clkin1_ibufgds/O
                         net (fo=1, routed)           0.503     0.891    pll_inst/inst/clk_in1_pll
    PLLE2_ADV_X1Y1       PLLE2_ADV (Prop_plle2_adv_CLKIN1_CLKOUT0)
                                                     -2.908    -2.017 r  pll_inst/inst/plle2_adv_inst/CLKOUT0
                         net (fo=1, routed)           0.958    -1.059    pll_inst/inst/clk_out1_pll
    BUFGCTRL_X0Y1        BUFG (Prop_bufg_I_O)         0.026    -1.033 r  pll_inst/inst/clkout1_buf/O
                         net (fo=394, routed)         0.599    -0.434    student_top_inst/bridge_inst/counter_inst/cnt_1ms_reg[0]_0
    SLICE_X107Y120       FDRE                                         r  student_top_inst/bridge_inst/counter_inst/cnt_1ms_reg[14]/C
  -------------------------------------------------------------------    -------------------
    SLICE_X107Y120       FDRE (Prop_fdre_C_Q)         0.100    -0.334 r  student_top_inst/bridge_inst/counter_inst/cnt_1ms_reg[14]/Q
                         net (fo=4, routed)           0.105    -0.229    student_top_inst/bridge_inst/counter_inst/cnt_1ms_reg_n_0_[14]
    SLICE_X106Y120       LUT5 (Prop_lut5_I3_O)        0.028    -0.201 r  student_top_inst/bridge_inst/counter_inst/cnt_1ms[15]_i_2/O
                         net (fo=1, routed)           0.000    -0.201    student_top_inst/bridge_inst/counter_inst/cnt_1ms[15]
    SLICE_X106Y120       FDRE                                         r  student_top_inst/bridge_inst/counter_inst/cnt_1ms_reg[15]/D
  -------------------------------------------------------------------    -------------------

                         (clock clk_out1_pll rise edge)
                                                      0.000     0.000 r  
    AD12                                              0.000     0.000 r  i_sys_clk_p (IN)
                         net (fo=0)                   0.000     0.000    pll_inst/inst/clk_in1_p
    AD12                 IBUFDS (Prop_ibufds_I_O)     0.470     0.470 r  pll_inst/inst/clkin1_ibufgds/O
                         net (fo=1, routed)           0.554     1.024    pll_inst/inst/clk_in1_pll
    PLLE2_ADV_X1Y1       PLLE2_ADV (Prop_plle2_adv_CLKIN1_CLKOUT0)
                                                     -3.524    -2.500 r  pll_inst/inst/plle2_adv_inst/CLKOUT0
                         net (fo=1, routed)           1.027    -1.473    pll_inst/inst/clk_out1_pll
    BUFGCTRL_X0Y1        BUFG (Prop_bufg_I_O)         0.030    -1.443 r  pll_inst/inst/clkout1_buf/O
                         net (fo=394, routed)         0.817    -0.626    student_top_inst/bridge_inst/counter_inst/cnt_1ms_reg[0]_0
    SLICE_X106Y120       FDRE                                         r  student_top_inst/bridge_inst/counter_inst/cnt_1ms_reg[15]/C
                         clock pessimism              0.204    -0.423    
    SLICE_X106Y120       FDRE (Hold_fdre_C_D)         0.087    -0.336    student_top_inst/bridge_inst/counter_inst/cnt_1ms_reg[15]
  -------------------------------------------------------------------
                         required time                          0.336    
                         arrival time                          -0.201    
  -------------------------------------------------------------------
                         slack                                  0.135    

Slack (MET) :             0.135ns  (arrival time - required time)
  Source:                 twin_controller_inst/key_reg[7]/C
                            (rising edge-triggered cell FDCE clocked by clk_out1_pll  {rise@0.000ns fall@10.000ns period=20.000ns})
  Destination:            twin_controller_inst/status_buffer_reg[5][7]/D
                            (rising edge-triggered cell FDCE clocked by clk_out1_pll  {rise@0.000ns fall@10.000ns period=20.000ns})
  Path Group:             clk_out1_pll
  Path Type:              Hold (Min at Fast Process Corner)
  Requirement:            0.000ns  (clk_out1_pll rise@0.000ns - clk_out1_pll rise@0.000ns)
  Data Path Delay:        0.206ns  (logic 0.100ns (48.435%)  route 0.106ns (51.565%))
  Logic Levels:           0  
  Clock Path Skew:        0.029ns (DCD - SCD - CPR)
    Destination Clock Delay (DCD):    -0.640ns
    Source Clock Delay      (SCD):    -0.447ns
    Clock Pessimism Removal (CPR):    -0.223ns

    Location             Delay type                Incr(ns)  Path(ns)    Netlist Resource(s)
  -------------------------------------------------------------------    -------------------
                         (clock clk_out1_pll rise edge)
                                                      0.000     0.000 r  
    AD12                                              0.000     0.000 r  i_sys_clk_p (IN)
                         net (fo=0)                   0.000     0.000    pll_inst/inst/clk_in1_p
    AD12                 IBUFDS (Prop_ibufds_I_O)     0.388     0.388 r  pll_inst/inst/clkin1_ibufgds/O
                         net (fo=1, routed)           0.503     0.891    pll_inst/inst/clk_in1_pll
    PLLE2_ADV_X1Y1       PLLE2_ADV (Prop_plle2_adv_CLKIN1_CLKOUT0)
                                                     -2.908    -2.017 r  pll_inst/inst/plle2_adv_inst/CLKOUT0
                         net (fo=1, routed)           0.958    -1.059    pll_inst/inst/clk_out1_pll
    BUFGCTRL_X0Y1        BUFG (Prop_bufg_I_O)         0.026    -1.033 r  pll_inst/inst/clkout1_buf/O
                         net (fo=394, routed)         0.586    -0.447    twin_controller_inst/CLK
    SLICE_X55Y129        FDCE                                         r  twin_controller_inst/key_reg[7]/C
  -------------------------------------------------------------------    -------------------
    SLICE_X55Y129        FDCE (Prop_fdce_C_Q)         0.100    -0.347 r  twin_controller_inst/key_reg[7]/Q
                         net (fo=2, routed)           0.106    -0.240    twin_controller_inst/virtual_key[7]
    SLICE_X58Y129        FDCE                                         r  twin_controller_inst/status_buffer_reg[5][7]/D
  -------------------------------------------------------------------    -------------------

                         (clock clk_out1_pll rise edge)
                                                      0.000     0.000 r  
    AD12                                              0.000     0.000 r  i_sys_clk_p (IN)
                         net (fo=0)                   0.000     0.000    pll_inst/inst/clk_in1_p
    AD12                 IBUFDS (Prop_ibufds_I_O)     0.470     0.470 r  pll_inst/inst/clkin1_ibufgds/O
                         net (fo=1, routed)           0.554     1.024    pll_inst/inst/clk_in1_pll
    PLLE2_ADV_X1Y1       PLLE2_ADV (Prop_plle2_adv_CLKIN1_CLKOUT0)
                                                     -3.524    -2.500 r  pll_inst/inst/plle2_adv_inst/CLKOUT0
                         net (fo=1, routed)           1.027    -1.473    pll_inst/inst/clk_out1_pll
    BUFGCTRL_X0Y1        BUFG (Prop_bufg_I_O)         0.030    -1.443 r  pll_inst/inst/clkout1_buf/O
                         net (fo=394, routed)         0.803    -0.640    twin_controller_inst/CLK
    SLICE_X58Y129        FDCE                                         r  twin_controller_inst/status_buffer_reg[5][7]/C
                         clock pessimism              0.223    -0.418    
    SLICE_X58Y129        FDCE (Hold_fdce_C_D)         0.042    -0.376    twin_controller_inst/status_buffer_reg[5][7]
  -------------------------------------------------------------------
                         required time                          0.376    
                         arrival time                          -0.240    
  -------------------------------------------------------------------
                         slack                                  0.135    

Slack (MET) :             0.144ns  (arrival time - required time)
  Source:                 twin_controller_inst/sw_reg[25]/C
                            (rising edge-triggered cell FDCE clocked by clk_out1_pll  {rise@0.000ns fall@10.000ns period=20.000ns})
  Destination:            twin_controller_inst/status_buffer_reg[9][1]/D
                            (rising edge-triggered cell FDCE clocked by clk_out1_pll  {rise@0.000ns fall@10.000ns period=20.000ns})
  Path Group:             clk_out1_pll
  Path Type:              Hold (Min at Fast Process Corner)
  Requirement:            0.000ns  (clk_out1_pll rise@0.000ns - clk_out1_pll rise@0.000ns)
  Data Path Delay:        0.211ns  (logic 0.100ns (47.350%)  route 0.111ns (52.650%))
  Logic Levels:           0  
  Clock Path Skew:        0.029ns (DCD - SCD - CPR)
    Destination Clock Delay (DCD):    -0.636ns
    Source Clock Delay      (SCD):    -0.443ns
    Clock Pessimism Removal (CPR):    -0.223ns

    Location             Delay type                Incr(ns)  Path(ns)    Netlist Resource(s)
  -------------------------------------------------------------------    -------------------
                         (clock clk_out1_pll rise edge)
                                                      0.000     0.000 r  
    AD12                                              0.000     0.000 r  i_sys_clk_p (IN)
                         net (fo=0)                   0.000     0.000    pll_inst/inst/clk_in1_p
    AD12                 IBUFDS (Prop_ibufds_I_O)     0.388     0.388 r  pll_inst/inst/clkin1_ibufgds/O
                         net (fo=1, routed)           0.503     0.891    pll_inst/inst/clk_in1_pll
    PLLE2_ADV_X1Y1       PLLE2_ADV (Prop_plle2_adv_CLKIN1_CLKOUT0)
                                                     -2.908    -2.017 r  pll_inst/inst/plle2_adv_inst/CLKOUT0
                         net (fo=1, routed)           0.958    -1.059    pll_inst/inst/clk_out1_pll
    BUFGCTRL_X0Y1        BUFG (Prop_bufg_I_O)         0.026    -1.033 r  pll_inst/inst/clkout1_buf/O
                         net (fo=394, routed)         0.590    -0.443    twin_controller_inst/CLK
    SLICE_X57Y133        FDCE                                         r  twin_controller_inst/sw_reg[25]/C
  -------------------------------------------------------------------    -------------------
    SLICE_X57Y133        FDCE (Prop_fdce_C_Q)         0.100    -0.343 r  twin_controller_inst/sw_reg[25]/Q
                         net (fo=2, routed)           0.111    -0.231    twin_controller_inst/Q[18]
    SLICE_X58Y133        FDCE                                         r  twin_controller_inst/status_buffer_reg[9][1]/D
  -------------------------------------------------------------------    -------------------

                         (clock clk_out1_pll rise edge)
                                                      0.000     0.000 r  
    AD12                                              0.000     0.000 r  i_sys_clk_p (IN)
                         net (fo=0)                   0.000     0.000    pll_inst/inst/clk_in1_p
    AD12                 IBUFDS (Prop_ibufds_I_O)     0.470     0.470 r  pll_inst/inst/clkin1_ibufgds/O
                         net (fo=1, routed)           0.554     1.024    pll_inst/inst/clk_in1_pll
    PLLE2_ADV_X1Y1       PLLE2_ADV (Prop_plle2_adv_CLKIN1_CLKOUT0)
                                                     -3.524    -2.500 r  pll_inst/inst/plle2_adv_inst/CLKOUT0
                         net (fo=1, routed)           1.027    -1.473    pll_inst/inst/clk_out1_pll
    BUFGCTRL_X0Y1        BUFG (Prop_bufg_I_O)         0.030    -1.443 r  pll_inst/inst/clkout1_buf/O
                         net (fo=394, routed)         0.807    -0.636    twin_controller_inst/CLK
    SLICE_X58Y133        FDCE                                         r  twin_controller_inst/status_buffer_reg[9][1]/C
                         clock pessimism              0.223    -0.414    
    SLICE_X58Y133        FDCE (Hold_fdce_C_D)         0.038    -0.376    twin_controller_inst/status_buffer_reg[9][1]
  -------------------------------------------------------------------
                         required time                          0.376    
                         arrival time                          -0.231    
  -------------------------------------------------------------------
                         slack                                  0.144    

Slack (MET) :             0.145ns  (arrival time - required time)
  Source:                 twin_controller_inst/send_cnt_reg[4]/C
                            (rising edge-triggered cell FDCE clocked by clk_out1_pll  {rise@0.000ns fall@10.000ns period=20.000ns})
  Destination:            twin_controller_inst/tx_data_reg[4]/D
                            (rising edge-triggered cell FDCE clocked by clk_out1_pll  {rise@0.000ns fall@10.000ns period=20.000ns})
  Path Group:             clk_out1_pll
  Path Type:              Hold (Min at Fast Process Corner)
  Requirement:            0.000ns  (clk_out1_pll rise@0.000ns - clk_out1_pll rise@0.000ns)
  Data Path Delay:        0.243ns  (logic 0.128ns (52.760%)  route 0.115ns (47.240%))
  Logic Levels:           1  (LUT6=1)
  Clock Path Skew:        0.011ns (DCD - SCD - CPR)
    Destination Clock Delay (DCD):    -0.635ns
    Source Clock Delay      (SCD):    -0.442ns
    Clock Pessimism Removal (CPR):    -0.205ns

    Location             Delay type                Incr(ns)  Path(ns)    Netlist Resource(s)
  -------------------------------------------------------------------    -------------------
                         (clock clk_out1_pll rise edge)
                                                      0.000     0.000 r  
    AD12                                              0.000     0.000 r  i_sys_clk_p (IN)
                         net (fo=0)                   0.000     0.000    pll_inst/inst/clk_in1_p
    AD12                 IBUFDS (Prop_ibufds_I_O)     0.388     0.388 r  pll_inst/inst/clkin1_ibufgds/O
                         net (fo=1, routed)           0.503     0.891    pll_inst/inst/clk_in1_pll
    PLLE2_ADV_X1Y1       PLLE2_ADV (Prop_plle2_adv_CLKIN1_CLKOUT0)
                                                     -2.908    -2.017 r  pll_inst/inst/plle2_adv_inst/CLKOUT0
                         net (fo=1, routed)           0.958    -1.059    pll_inst/inst/clk_out1_pll
    BUFGCTRL_X0Y1        BUFG (Prop_bufg_I_O)         0.026    -1.033 r  pll_inst/inst/clkout1_buf/O
                         net (fo=394, routed)         0.591    -0.442    twin_controller_inst/CLK
    SLICE_X55Y134        FDCE                                         r  twin_controller_inst/send_cnt_reg[4]/C
  -------------------------------------------------------------------    -------------------
    SLICE_X55Y134        FDCE (Prop_fdce_C_Q)         0.100    -0.342 r  twin_controller_inst/send_cnt_reg[4]/Q
                         net (fo=10, routed)          0.115    -0.227    twin_controller_inst/send_cnt[4]
    SLICE_X54Y134        LUT6 (Prop_lut6_I2_O)        0.028    -0.199 r  twin_controller_inst/tx_data_next_inferred_i_4/O
                         net (fo=1, routed)           0.000    -0.199    twin_controller_inst/tx_data_next[4]
    SLICE_X54Y134        FDCE                                         r  twin_controller_inst/tx_data_reg[4]/D
  -------------------------------------------------------------------    -------------------

                         (clock clk_out1_pll rise edge)
                                                      0.000     0.000 r  
    AD12                                              0.000     0.000 r  i_sys_clk_p (IN)
                         net (fo=0)                   0.000     0.000    pll_inst/inst/clk_in1_p
    AD12                 IBUFDS (Prop_ibufds_I_O)     0.470     0.470 r  pll_inst/inst/clkin1_ibufgds/O
                         net (fo=1, routed)           0.554     1.024    pll_inst/inst/clk_in1_pll
    PLLE2_ADV_X1Y1       PLLE2_ADV (Prop_plle2_adv_CLKIN1_CLKOUT0)
                                                     -3.524    -2.500 r  pll_inst/inst/plle2_adv_inst/CLKOUT0
                         net (fo=1, routed)           1.027    -1.473    pll_inst/inst/clk_out1_pll
    BUFGCTRL_X0Y1        BUFG (Prop_bufg_I_O)         0.030    -1.443 r  pll_inst/inst/clkout1_buf/O
                         net (fo=394, routed)         0.808    -0.635    twin_controller_inst/CLK
    SLICE_X54Y134        FDCE                                         r  twin_controller_inst/tx_data_reg[4]/C
                         clock pessimism              0.205    -0.431    
    SLICE_X54Y134        FDCE (Hold_fdce_C_D)         0.087    -0.344    twin_controller_inst/tx_data_reg[4]
  -------------------------------------------------------------------
                         required time                          0.344    
                         arrival time                          -0.199    
  -------------------------------------------------------------------
                         slack                                  0.145    

Slack (MET) :             0.145ns  (arrival time - required time)
  Source:                 twin_controller_inst/sw_reg[29]/C
                            (rising edge-triggered cell FDCE clocked by clk_out1_pll  {rise@0.000ns fall@10.000ns period=20.000ns})
  Destination:            twin_controller_inst/status_buffer_reg[9][5]/D
                            (rising edge-triggered cell FDCE clocked by clk_out1_pll  {rise@0.000ns fall@10.000ns period=20.000ns})
  Path Group:             clk_out1_pll
  Path Type:              Hold (Min at Fast Process Corner)
  Requirement:            0.000ns  (clk_out1_pll rise@0.000ns - clk_out1_pll rise@0.000ns)
  Data Path Delay:        0.203ns  (logic 0.100ns (49.236%)  route 0.103ns (50.764%))
  Logic Levels:           0  
  Clock Path Skew:        0.011ns (DCD - SCD - CPR)
    Destination Clock Delay (DCD):    -0.638ns
    Source Clock Delay      (SCD):    -0.444ns
    Clock Pessimism Removal (CPR):    -0.206ns

    Location             Delay type                Incr(ns)  Path(ns)    Netlist Resource(s)
  -------------------------------------------------------------------    -------------------
                         (clock clk_out1_pll rise edge)
                                                      0.000     0.000 r  
    AD12                                              0.000     0.000 r  i_sys_clk_p (IN)
                         net (fo=0)                   0.000     0.000    pll_inst/inst/clk_in1_p
    AD12                 IBUFDS (Prop_ibufds_I_O)     0.388     0.388 r  pll_inst/inst/clkin1_ibufgds/O
                         net (fo=1, routed)           0.503     0.891    pll_inst/inst/clk_in1_pll
    PLLE2_ADV_X1Y1       PLLE2_ADV (Prop_plle2_adv_CLKIN1_CLKOUT0)
                                                     -2.908    -2.017 r  pll_inst/inst/plle2_adv_inst/CLKOUT0
                         net (fo=1, routed)           0.958    -1.059    pll_inst/inst/clk_out1_pll
    BUFGCTRL_X0Y1        BUFG (Prop_bufg_I_O)         0.026    -1.033 r  pll_inst/inst/clkout1_buf/O
                         net (fo=394, routed)         0.589    -0.444    twin_controller_inst/CLK
    SLICE_X57Y132        FDCE                                         r  twin_controller_inst/sw_reg[29]/C
  -------------------------------------------------------------------    -------------------
    SLICE_X57Y132        FDCE (Prop_fdce_C_Q)         0.100    -0.344 r  twin_controller_inst/sw_reg[29]/Q
                         net (fo=2, routed)           0.103    -0.240    twin_controller_inst/Q[22]
    SLICE_X55Y131        FDCE                                         r  twin_controller_inst/status_buffer_reg[9][5]/D
  -------------------------------------------------------------------    -------------------

                         (clock clk_out1_pll rise edge)
                                                      0.000     0.000 r  
    AD12                                              0.000     0.000 r  i_sys_clk_p (IN)
                         net (fo=0)                   0.000     0.000    pll_inst/inst/clk_in1_p
    AD12                 IBUFDS (Prop_ibufds_I_O)     0.470     0.470 r  pll_inst/inst/clkin1_ibufgds/O
                         net (fo=1, routed)           0.554     1.024    pll_inst/inst/clk_in1_pll
    PLLE2_ADV_X1Y1       PLLE2_ADV (Prop_plle2_adv_CLKIN1_CLKOUT0)
                                                     -3.524    -2.500 r  pll_inst/inst/plle2_adv_inst/CLKOUT0
                         net (fo=1, routed)           1.027    -1.473    pll_inst/inst/clk_out1_pll
    BUFGCTRL_X0Y1        BUFG (Prop_bufg_I_O)         0.030    -1.443 r  pll_inst/inst/clkout1_buf/O
                         net (fo=394, routed)         0.805    -0.638    twin_controller_inst/CLK
    SLICE_X55Y131        FDCE                                         r  twin_controller_inst/status_buffer_reg[9][5]/C
                         clock pessimism              0.206    -0.433    
    SLICE_X55Y131        FDCE (Hold_fdce_C_D)         0.047    -0.386    twin_controller_inst/status_buffer_reg[9][5]
  -------------------------------------------------------------------
                         required time                          0.386    
                         arrival time                          -0.240    
  -------------------------------------------------------------------
                         slack                                  0.145    

Slack (MET) :             0.147ns  (arrival time - required time)
  Source:                 twin_controller_inst/send_cnt_reg[4]/C
                            (rising edge-triggered cell FDCE clocked by clk_out1_pll  {rise@0.000ns fall@10.000ns period=20.000ns})
  Destination:            twin_controller_inst/tx_data_reg[2]/D
                            (rising edge-triggered cell FDCE clocked by clk_out1_pll  {rise@0.000ns fall@10.000ns period=20.000ns})
  Path Group:             clk_out1_pll
  Path Type:              Hold (Min at Fast Process Corner)
  Requirement:            0.000ns  (clk_out1_pll rise@0.000ns - clk_out1_pll rise@0.000ns)
  Data Path Delay:        0.245ns  (logic 0.128ns (52.329%)  route 0.117ns (47.671%))
  Logic Levels:           1  (LUT6=1)
  Clock Path Skew:        0.011ns (DCD - SCD - CPR)
    Destination Clock Delay (DCD):    -0.635ns
    Source Clock Delay      (SCD):    -0.442ns
    Clock Pessimism Removal (CPR):    -0.205ns

    Location             Delay type                Incr(ns)  Path(ns)    Netlist Resource(s)
  -------------------------------------------------------------------    -------------------
                         (clock clk_out1_pll rise edge)
                                                      0.000     0.000 r  
    AD12                                              0.000     0.000 r  i_sys_clk_p (IN)
                         net (fo=0)                   0.000     0.000    pll_inst/inst/clk_in1_p
    AD12                 IBUFDS (Prop_ibufds_I_O)     0.388     0.388 r  pll_inst/inst/clkin1_ibufgds/O
                         net (fo=1, routed)           0.503     0.891    pll_inst/inst/clk_in1_pll
    PLLE2_ADV_X1Y1       PLLE2_ADV (Prop_plle2_adv_CLKIN1_CLKOUT0)
                                                     -2.908    -2.017 r  pll_inst/inst/plle2_adv_inst/CLKOUT0
                         net (fo=1, routed)           0.958    -1.059    pll_inst/inst/clk_out1_pll
    BUFGCTRL_X0Y1        BUFG (Prop_bufg_I_O)         0.026    -1.033 r  pll_inst/inst/clkout1_buf/O
                         net (fo=394, routed)         0.591    -0.442    twin_controller_inst/CLK
    SLICE_X55Y134        FDCE                                         r  twin_controller_inst/send_cnt_reg[4]/C
  -------------------------------------------------------------------    -------------------
    SLICE_X55Y134        FDCE (Prop_fdce_C_Q)         0.100    -0.342 r  twin_controller_inst/send_cnt_reg[4]/Q
                         net (fo=10, routed)          0.117    -0.225    twin_controller_inst/send_cnt[4]
    SLICE_X54Y134        LUT6 (Prop_lut6_I2_O)        0.028    -0.197 r  twin_controller_inst/tx_data_next_inferred_i_6/O
                         net (fo=1, routed)           0.000    -0.197    twin_controller_inst/tx_data_next[2]
    SLICE_X54Y134        FDCE                                         r  twin_controller_inst/tx_data_reg[2]/D
  -------------------------------------------------------------------    -------------------

                         (clock clk_out1_pll rise edge)
                                                      0.000     0.000 r  
    AD12                                              0.000     0.000 r  i_sys_clk_p (IN)
                         net (fo=0)                   0.000     0.000    pll_inst/inst/clk_in1_p
    AD12                 IBUFDS (Prop_ibufds_I_O)     0.470     0.470 r  pll_inst/inst/clkin1_ibufgds/O
                         net (fo=1, routed)           0.554     1.024    pll_inst/inst/clk_in1_pll
    PLLE2_ADV_X1Y1       PLLE2_ADV (Prop_plle2_adv_CLKIN1_CLKOUT0)
                                                     -3.524    -2.500 r  pll_inst/inst/plle2_adv_inst/CLKOUT0
                         net (fo=1, routed)           1.027    -1.473    pll_inst/inst/clk_out1_pll
    BUFGCTRL_X0Y1        BUFG (Prop_bufg_I_O)         0.030    -1.443 r  pll_inst/inst/clkout1_buf/O
                         net (fo=394, routed)         0.808    -0.635    twin_controller_inst/CLK
    SLICE_X54Y134        FDCE                                         r  twin_controller_inst/tx_data_reg[2]/C
                         clock pessimism              0.205    -0.431    
    SLICE_X54Y134        FDCE (Hold_fdce_C_D)         0.087    -0.344    twin_controller_inst/tx_data_reg[2]
  -------------------------------------------------------------------
                         required time                          0.344    
                         arrival time                          -0.197    
  -------------------------------------------------------------------
                         slack                                  0.147    

Slack (MET) :             0.147ns  (arrival time - required time)
  Source:                 twin_controller_inst/sw_reg[21]/C
                            (rising edge-triggered cell FDCE clocked by clk_out1_pll  {rise@0.000ns fall@10.000ns period=20.000ns})
  Destination:            twin_controller_inst/status_buffer_reg[8][5]/D
                            (rising edge-triggered cell FDCE clocked by clk_out1_pll  {rise@0.000ns fall@10.000ns period=20.000ns})
  Path Group:             clk_out1_pll
  Path Type:              Hold (Min at Fast Process Corner)
  Requirement:            0.000ns  (clk_out1_pll rise@0.000ns - clk_out1_pll rise@0.000ns)
  Data Path Delay:        0.205ns  (logic 0.100ns (48.772%)  route 0.105ns (51.228%))
  Logic Levels:           0  
  Clock Path Skew:        0.011ns (DCD - SCD - CPR)
    Destination Clock Delay (DCD):    -0.642ns
    Source Clock Delay      (SCD):    -0.448ns
    Clock Pessimism Removal (CPR):    -0.206ns

    Location             Delay type                Incr(ns)  Path(ns)    Netlist Resource(s)
  -------------------------------------------------------------------    -------------------
                         (clock clk_out1_pll rise edge)
                                                      0.000     0.000 r  
    AD12                                              0.000     0.000 r  i_sys_clk_p (IN)
                         net (fo=0)                   0.000     0.000    pll_inst/inst/clk_in1_p
    AD12                 IBUFDS (Prop_ibufds_I_O)     0.388     0.388 r  pll_inst/inst/clkin1_ibufgds/O
                         net (fo=1, routed)           0.503     0.891    pll_inst/inst/clk_in1_pll
    PLLE2_ADV_X1Y1       PLLE2_ADV (Prop_plle2_adv_CLKIN1_CLKOUT0)
                                                     -2.908    -2.017 r  pll_inst/inst/plle2_adv_inst/CLKOUT0
                         net (fo=1, routed)           0.958    -1.059    pll_inst/inst/clk_out1_pll
    BUFGCTRL_X0Y1        BUFG (Prop_bufg_I_O)         0.026    -1.033 r  pll_inst/inst/clkout1_buf/O
                         net (fo=394, routed)         0.585    -0.448    twin_controller_inst/CLK
    SLICE_X57Y128        FDCE                                         r  twin_controller_inst/sw_reg[21]/C
  -------------------------------------------------------------------    -------------------
    SLICE_X57Y128        FDCE (Prop_fdce_C_Q)         0.100    -0.348 r  twin_controller_inst/sw_reg[21]/Q
                         net (fo=2, routed)           0.105    -0.243    twin_controller_inst/Q[14]
    SLICE_X55Y127        FDCE                                         r  twin_controller_inst/status_buffer_reg[8][5]/D
  -------------------------------------------------------------------    -------------------

                         (clock clk_out1_pll rise edge)
                                                      0.000     0.000 r  
    AD12                                              0.000     0.000 r  i_sys_clk_p (IN)
                         net (fo=0)                   0.000     0.000    pll_inst/inst/clk_in1_p
    AD12                 IBUFDS (Prop_ibufds_I_O)     0.470     0.470 r  pll_inst/inst/clkin1_ibufgds/O
                         net (fo=1, routed)           0.554     1.024    pll_inst/inst/clk_in1_pll
    PLLE2_ADV_X1Y1       PLLE2_ADV (Prop_plle2_adv_CLKIN1_CLKOUT0)
                                                     -3.524    -2.500 r  pll_inst/inst/plle2_adv_inst/CLKOUT0
                         net (fo=1, routed)           1.027    -1.473    pll_inst/inst/clk_out1_pll
    BUFGCTRL_X0Y1        BUFG (Prop_bufg_I_O)         0.030    -1.443 r  pll_inst/inst/clkout1_buf/O
                         net (fo=394, routed)         0.801    -0.642    twin_controller_inst/CLK
    SLICE_X55Y127        FDCE                                         r  twin_controller_inst/status_buffer_reg[8][5]/C
                         clock pessimism              0.206    -0.437    
    SLICE_X55Y127        FDCE (Hold_fdce_C_D)         0.047    -0.390    twin_controller_inst/status_buffer_reg[8][5]
  -------------------------------------------------------------------
                         required time                          0.390    
                         arrival time                          -0.243    
  -------------------------------------------------------------------
                         slack                                  0.147    

Slack (MET) :             0.148ns  (arrival time - required time)
  Source:                 twin_controller_inst/sw_reg[30]/C
                            (rising edge-triggered cell FDCE clocked by clk_out1_pll  {rise@0.000ns fall@10.000ns period=20.000ns})
  Destination:            twin_controller_inst/status_buffer_reg[9][6]/D
                            (rising edge-triggered cell FDCE clocked by clk_out1_pll  {rise@0.000ns fall@10.000ns period=20.000ns})
  Path Group:             clk_out1_pll
  Path Type:              Hold (Min at Fast Process Corner)
  Requirement:            0.000ns  (clk_out1_pll rise@0.000ns - clk_out1_pll rise@0.000ns)
  Data Path Delay:        0.206ns  (logic 0.100ns (48.655%)  route 0.106ns (51.345%))
  Logic Levels:           0  
  Clock Path Skew:        0.011ns (DCD - SCD - CPR)
    Destination Clock Delay (DCD):    -0.638ns
    Source Clock Delay      (SCD):    -0.444ns
    Clock Pessimism Removal (CPR):    -0.206ns

    Location             Delay type                Incr(ns)  Path(ns)    Netlist Resource(s)
  -------------------------------------------------------------------    -------------------
                         (clock clk_out1_pll rise edge)
                                                      0.000     0.000 r  
    AD12                                              0.000     0.000 r  i_sys_clk_p (IN)
                         net (fo=0)                   0.000     0.000    pll_inst/inst/clk_in1_p
    AD12                 IBUFDS (Prop_ibufds_I_O)     0.388     0.388 r  pll_inst/inst/clkin1_ibufgds/O
                         net (fo=1, routed)           0.503     0.891    pll_inst/inst/clk_in1_pll
    PLLE2_ADV_X1Y1       PLLE2_ADV (Prop_plle2_adv_CLKIN1_CLKOUT0)
                                                     -2.908    -2.017 r  pll_inst/inst/plle2_adv_inst/CLKOUT0
                         net (fo=1, routed)           0.958    -1.059    pll_inst/inst/clk_out1_pll
    BUFGCTRL_X0Y1        BUFG (Prop_bufg_I_O)         0.026    -1.033 r  pll_inst/inst/clkout1_buf/O
                         net (fo=394, routed)         0.589    -0.444    twin_controller_inst/CLK
    SLICE_X61Y132        FDCE                                         r  twin_controller_inst/sw_reg[30]/C
  -------------------------------------------------------------------    -------------------
    SLICE_X61Y132        FDCE (Prop_fdce_C_Q)         0.100    -0.344 r  twin_controller_inst/sw_reg[30]/Q
                         net (fo=2, routed)           0.106    -0.238    twin_controller_inst/Q[23]
    SLICE_X60Y131        FDCE                                         r  twin_controller_inst/status_buffer_reg[9][6]/D
  -------------------------------------------------------------------    -------------------

                         (clock clk_out1_pll rise edge)
                                                      0.000     0.000 r  
    AD12                                              0.000     0.000 r  i_sys_clk_p (IN)
                         net (fo=0)                   0.000     0.000    pll_inst/inst/clk_in1_p
    AD12                 IBUFDS (Prop_ibufds_I_O)     0.470     0.470 r  pll_inst/inst/clkin1_ibufgds/O
                         net (fo=1, routed)           0.554     1.024    pll_inst/inst/clk_in1_pll
    PLLE2_ADV_X1Y1       PLLE2_ADV (Prop_plle2_adv_CLKIN1_CLKOUT0)
                                                     -3.524    -2.500 r  pll_inst/inst/plle2_adv_inst/CLKOUT0
                         net (fo=1, routed)           1.027    -1.473    pll_inst/inst/clk_out1_pll
    BUFGCTRL_X0Y1        BUFG (Prop_bufg_I_O)         0.030    -1.443 r  pll_inst/inst/clkout1_buf/O
                         net (fo=394, routed)         0.805    -0.638    twin_controller_inst/CLK
    SLICE_X60Y131        FDCE                                         r  twin_controller_inst/status_buffer_reg[9][6]/C
                         clock pessimism              0.206    -0.433    
    SLICE_X60Y131        FDCE (Hold_fdce_C_D)         0.047    -0.386    twin_controller_inst/status_buffer_reg[9][6]
  -------------------------------------------------------------------
                         required time                          0.386    
                         arrival time                          -0.238    
  -------------------------------------------------------------------
                         slack                                  0.148    





Pulse Width Checks
--------------------------------------------------------------------------------------
Clock Name:         clk_out1_pll
Waveform(ns):       { 0.000 10.000 }
Period(ns):         20.000
Sources:            { pll_inst/inst/plle2_adv_inst/CLKOUT0 }

Check Type        Corner  Lib Pin            Reference Pin  Required(ns)  Actual(ns)  Slack(ns)  Location        Pin
Min Period        n/a     BUFG/I             n/a            1.408         20.000      18.591     BUFGCTRL_X0Y1   pll_inst/inst/clkout1_buf/I
Min Period        n/a     PLLE2_ADV/CLKOUT0  n/a            1.071         20.000      18.929     PLLE2_ADV_X1Y1  pll_inst/inst/plle2_adv_inst/CLKOUT0
Min Period        n/a     FDRE/C             n/a            0.750         20.000      19.250     SLICE_X105Y121  student_top_inst/bridge_inst/counter_inst/cnt_1ms_reg[3]/C
Min Period        n/a     FDRE/C             n/a            0.750         20.000      19.250     SLICE_X106Y119  student_top_inst/bridge_inst/counter_inst/cnt_1ms_reg[7]/C
Min Period        n/a     FDRE/C             n/a            0.750         20.000      19.250     SLICE_X107Y119  student_top_inst/bridge_inst/counter_inst/cnt_1ms_reg[8]/C
Min Period        n/a     FDCE/C             n/a            0.750         20.000      19.250     SLICE_X62Y133   twin_controller_inst/status_buffer_reg[15][7]/C
Min Period        n/a     FDCE/C             n/a            0.750         20.000      19.250     SLICE_X57Y137   twin_controller_inst/status_buffer_reg[17][5]/C
Min Period        n/a     FDCE/C             n/a            0.750         20.000      19.250     SLICE_X57Y136   twin_controller_inst/status_buffer_reg[17][6]/C
Min Period        n/a     FDCE/C             n/a            0.750         20.000      19.250     SLICE_X55Y136   twin_controller_inst/status_buffer_reg[17][7]/C
Min Period        n/a     FDCE/C             n/a            0.750         20.000      19.250     SLICE_X58Y129   twin_controller_inst/status_buffer_reg[5][7]/C
Max Period        n/a     PLLE2_ADV/CLKOUT0  n/a            160.000       20.000      140.000    PLLE2_ADV_X1Y1  pll_inst/inst/plle2_adv_inst/CLKOUT0
Low Pulse Width   Slow    FDRE/C             n/a            0.400         10.000      9.600      SLICE_X105Y121  student_top_inst/bridge_inst/counter_inst/cnt_1ms_reg[3]/C
Low Pulse Width   Fast    FDRE/C             n/a            0.400         10.000      9.600      SLICE_X105Y121  student_top_inst/bridge_inst/counter_inst/cnt_1ms_reg[3]/C
Low Pulse Width   Slow    FDRE/C             n/a            0.400         10.000      9.600      SLICE_X106Y119  student_top_inst/bridge_inst/counter_inst/cnt_1ms_reg[7]/C
Low Pulse Width   Fast    FDRE/C             n/a            0.400         10.000      9.600      SLICE_X106Y119  student_top_inst/bridge_inst/counter_inst/cnt_1ms_reg[7]/C
Low Pulse Width   Slow    FDRE/C             n/a            0.400         10.000      9.600      SLICE_X107Y119  student_top_inst/bridge_inst/counter_inst/cnt_1ms_reg[8]/C
Low Pulse Width   Fast    FDRE/C             n/a            0.400         10.000      9.600      SLICE_X107Y119  student_top_inst/bridge_inst/counter_inst/cnt_1ms_reg[8]/C
Low Pulse Width   Slow    FDCE/C             n/a            0.400         10.000      9.600      SLICE_X62Y133   twin_controller_inst/status_buffer_reg[15][7]/C
Low Pulse Width   Fast    FDCE/C             n/a            0.400         10.000      9.600      SLICE_X62Y133   twin_controller_inst/status_buffer_reg[15][7]/C
Low Pulse Width   Slow    FDCE/C             n/a            0.400         10.000      9.600      SLICE_X57Y137   twin_controller_inst/status_buffer_reg[17][5]/C
Low Pulse Width   Fast    FDCE/C             n/a            0.400         10.000      9.600      SLICE_X57Y137   twin_controller_inst/status_buffer_reg[17][5]/C
High Pulse Width  Slow    FDRE/C             n/a            0.350         10.000      9.650      SLICE_X106Y121  student_top_inst/bridge_inst/counter_inst/cnt_1ms_reg[0]/C
High Pulse Width  Fast    FDRE/C             n/a            0.350         10.000      9.650      SLICE_X106Y121  student_top_inst/bridge_inst/counter_inst/cnt_1ms_reg[0]/C
High Pulse Width  Slow    FDRE/C             n/a            0.350         10.000      9.650      SLICE_X107Y119  student_top_inst/bridge_inst/counter_inst/cnt_1ms_reg[10]/C
High Pulse Width  Fast    FDRE/C             n/a            0.350         10.000      9.650      SLICE_X107Y119  student_top_inst/bridge_inst/counter_inst/cnt_1ms_reg[10]/C
High Pulse Width  Slow    FDRE/C             n/a            0.350         10.000      9.650      SLICE_X106Y119  student_top_inst/bridge_inst/counter_inst/cnt_1ms_reg[11]/C
High Pulse Width  Fast    FDRE/C             n/a            0.350         10.000      9.650      SLICE_X106Y119  student_top_inst/bridge_inst/counter_inst/cnt_1ms_reg[11]/C
High Pulse Width  Slow    FDRE/C             n/a            0.350         10.000      9.650      SLICE_X106Y119  student_top_inst/bridge_inst/counter_inst/cnt_1ms_reg[12]/C
High Pulse Width  Fast    FDRE/C             n/a            0.350         10.000      9.650      SLICE_X106Y119  student_top_inst/bridge_inst/counter_inst/cnt_1ms_reg[12]/C
High Pulse Width  Slow    FDRE/C             n/a            0.350         10.000      9.650      SLICE_X107Y120  student_top_inst/bridge_inst/counter_inst/cnt_1ms_reg[13]/C
High Pulse Width  Fast    FDRE/C             n/a            0.350         10.000      9.650      SLICE_X107Y120  student_top_inst/bridge_inst/counter_inst/cnt_1ms_reg[13]/C



---------------------------------------------------------------------------------------------------
From Clock:  clk_out2_pll
  To Clock:  clk_out2_pll

Setup :            0  Failing Endpoints,  Worst Slack        0.035ns,  Total Violation        0.000ns
Hold  :            0  Failing Endpoints,  Worst Slack        0.070ns,  Total Violation        0.000ns
PW    :            0  Failing Endpoints,  Worst Slack        1.232ns,  Total Violation        0.000ns
---------------------------------------------------------------------------------------------------


Max Delay Paths
--------------------------------------------------------------------------------------
Slack (MET) :             0.035ns  (required time - arrival time)
  Source:                 student_top_inst/bridge_inst/dram_driver_inst/Mem_DRAM/uut_BLOCKRAM/U0/inst_blk_mem_gen/gnbram.gnativebmg.native_blk_mem_gen/valid.cstr/ramloop[18].ram.r/prim_init.ram/DEVICE_7SERIES.NO_BMM_INFO.SDP.SIMPLE_PRIM36.ram/CLKBWRCLK
                            (rising edge-triggered cell RAMB36E1 clocked by clk_out2_pll  {rise@0.000ns fall@2.000ns period=4.000ns})
  Destination:            student_top_inst/u_RISCV_CORE/INST_MEM_UNIT/mem_wr_buffer_inst/rd_data_o_reg[9]/D
                            (rising edge-triggered cell FDRE clocked by clk_out2_pll  {rise@0.000ns fall@2.000ns period=4.000ns})
  Path Group:             clk_out2_pll
  Path Type:              Setup (Max at Slow Process Corner)
  Requirement:            4.000ns  (clk_out2_pll rise@4.000ns - clk_out2_pll rise@0.000ns)
  Data Path Delay:        3.907ns  (logic 2.015ns (51.576%)  route 1.892ns (48.424%))
  Logic Levels:           5  (LUT3=1 LUT6=4)
  Clock Path Skew:        -0.066ns (DCD - SCD + CPR)
    Destination Clock Delay (DCD):    -2.264ns = ( 1.736 - 4.000 ) 
    Source Clock Delay      (SCD):    -2.575ns
    Clock Pessimism Removal (CPR):    -0.377ns
  Clock Uncertainty:      0.059ns  ((TSJ^2 + DJ^2)^1/2) / 2 + PE
    Total System Jitter     (TSJ):    0.071ns
    Discrete Jitter          (DJ):    0.094ns
    Phase Error              (PE):    0.000ns

    Location             Delay type                Incr(ns)  Path(ns)    Netlist Resource(s)
  -------------------------------------------------------------------    -------------------
                         (clock clk_out2_pll rise edge)
                                                      0.000     0.000 r  
    AD12                                              0.000     0.000 r  i_sys_clk_p (IN)
                         net (fo=0)                   0.000     0.000    pll_inst/inst/clk_in1_p
    AD12                 IBUFDS (Prop_ibufds_I_O)     0.906     0.906 r  pll_inst/inst/clkin1_ibufgds/O
                         net (fo=1, routed)           1.098     2.004    pll_inst/inst/clk_in1_pll
    PLLE2_ADV_X1Y1       PLLE2_ADV (Prop_plle2_adv_CLKIN1_CLKOUT1)
                                                     -8.058    -6.054 r  pll_inst/inst/plle2_adv_inst/CLKOUT1
                         net (fo=1, routed)           2.128    -3.926    pll_inst/inst/clk_out2_pll
    BUFGCTRL_X0Y0        BUFG (Prop_bufg_I_O)         0.093    -3.833 r  pll_inst/inst/clkout2_buf/O
                         net (fo=2458, routed)        1.259    -2.575    student_top_inst/bridge_inst/dram_driver_inst/Mem_DRAM/uut_BLOCKRAM/U0/inst_blk_mem_gen/gnbram.gnativebmg.native_blk_mem_gen/valid.cstr/ramloop[18].ram.r/prim_init.ram/clka
    RAMB36_X3Y34         RAMB36E1                                     r  student_top_inst/bridge_inst/dram_driver_inst/Mem_DRAM/uut_BLOCKRAM/U0/inst_blk_mem_gen/gnbram.gnativebmg.native_blk_mem_gen/valid.cstr/ramloop[18].ram.r/prim_init.ram/DEVICE_7SERIES.NO_BMM_INFO.SDP.SIMPLE_PRIM36.ram/CLKBWRCLK
  -------------------------------------------------------------------    -------------------
    RAMB36_X3Y34         RAMB36E1 (Prop_ramb36e1_CLKBWRCLK_DOBDO[1])
                                                      1.800    -0.775 r  student_top_inst/bridge_inst/dram_driver_inst/Mem_DRAM/uut_BLOCKRAM/U0/inst_blk_mem_gen/gnbram.gnativebmg.native_blk_mem_gen/valid.cstr/ramloop[18].ram.r/prim_init.ram/DEVICE_7SERIES.NO_BMM_INFO.SDP.SIMPLE_PRIM36.ram/DOBDO[1]
                         net (fo=1, routed)           0.911     0.136    student_top_inst/bridge_inst/dram_driver_inst/Mem_DRAM/uut_BLOCKRAM/U0/inst_blk_mem_gen/gnbram.gnativebmg.native_blk_mem_gen/valid.cstr/has_mux_b.B/doutb[9]_0[1]
    SLICE_X103Y157       LUT6 (Prop_lut6_I1_O)        0.043     0.179 r  student_top_inst/bridge_inst/dram_driver_inst/Mem_DRAM/uut_BLOCKRAM/U0/inst_blk_mem_gen/gnbram.gnativebmg.native_blk_mem_gen/valid.cstr/has_mux_b.B/doutb[9]_INST_0/O
                         net (fo=1, routed)           0.199     0.378    student_top_inst/bridge_inst/dram_driver_inst/Mem_DRAM/rd_data_bram[9]
    SLICE_X102Y155       LUT3 (Prop_lut3_I2_O)        0.043     0.421 r  student_top_inst/bridge_inst/dram_driver_inst/Mem_DRAM/u_RISCV_CORE_i_82/O
                         net (fo=1, routed)           0.241     0.663    student_top_inst/bridge_inst/counter_inst/rd_data_o[9]_i_2_0
    SLICE_X103Y153       LUT6 (Prop_lut6_I4_O)        0.043     0.706 r  student_top_inst/bridge_inst/counter_inst/u_RISCV_CORE_i_23/O
                         net (fo=1, routed)           0.296     1.001    student_top_inst/u_RISCV_CORE/INST_MEM_UNIT/mem_wr_buffer_inst/mem_rd_data_i[9]
    SLICE_X102Y152       LUT6 (Prop_lut6_I1_O)        0.043     1.044 r  student_top_inst/u_RISCV_CORE/INST_MEM_UNIT/mem_wr_buffer_inst/rd_data_o[9]_i_2/O
                         net (fo=1, routed)           0.245     1.289    student_top_inst/u_RISCV_CORE/INST_MEM_BUFFER/rd_data_o_reg[9]
    SLICE_X102Y152       LUT6 (Prop_lut6_I5_O)        0.043     1.332 r  student_top_inst/u_RISCV_CORE/INST_MEM_BUFFER/rd_data_o[9]_i_1/O
                         net (fo=1, routed)           0.000     1.332    student_top_inst/u_RISCV_CORE/INST_MEM_UNIT/mem_wr_buffer_inst/D[1]
    SLICE_X102Y152       FDRE                                         r  student_top_inst/u_RISCV_CORE/INST_MEM_UNIT/mem_wr_buffer_inst/rd_data_o_reg[9]/D
  -------------------------------------------------------------------    -------------------

                         (clock clk_out2_pll rise edge)
                                                      4.000     4.000 r  
    AD12                                              0.000     4.000 r  i_sys_clk_p (IN)
                         net (fo=0)                   0.000     4.000    pll_inst/inst/clk_in1_p
    AD12                 IBUFDS (Prop_ibufds_I_O)     0.803     4.803 r  pll_inst/inst/clkin1_ibufgds/O
                         net (fo=1, routed)           1.001     5.804    pll_inst/inst/clk_in1_pll
    PLLE2_ADV_X1Y1       PLLE2_ADV (Prop_plle2_adv_CLKIN1_CLKOUT1)
                                                     -7.261    -1.457 r  pll_inst/inst/plle2_adv_inst/CLKOUT1
                         net (fo=1, routed)           2.003     0.546    pll_inst/inst/clk_out2_pll
    BUFGCTRL_X0Y0        BUFG (Prop_bufg_I_O)         0.083     0.629 r  pll_inst/inst/clkout2_buf/O
                         net (fo=2458, routed)        1.107     1.736    student_top_inst/u_RISCV_CORE/INST_MEM_UNIT/mem_wr_buffer_inst/clk
    SLICE_X102Y152       FDRE                                         r  student_top_inst/u_RISCV_CORE/INST_MEM_UNIT/mem_wr_buffer_inst/rd_data_o_reg[9]/C
                         clock pessimism             -0.377     1.360    
                         clock uncertainty           -0.059     1.301    
    SLICE_X102Y152       FDRE (Setup_fdre_C_D)        0.066     1.367    student_top_inst/u_RISCV_CORE/INST_MEM_UNIT/mem_wr_buffer_inst/rd_data_o_reg[9]
  -------------------------------------------------------------------
                         required time                          1.367    
                         arrival time                          -1.332    
  -------------------------------------------------------------------
                         slack                                  0.035    

Slack (MET) :             0.045ns  (required time - arrival time)
  Source:                 student_top_inst/u_RISCV_CORE/INST_MEM_UNIT/mem_wr_buffer_inst/wr_addr_buffer_reg[15]/C
                            (rising edge-triggered cell FDRE clocked by clk_out2_pll  {rise@0.000ns fall@2.000ns period=4.000ns})
  Destination:            student_top_inst/bridge_inst/dram_driver_inst/Mem_DRAM/uut_BLOCKRAM/U0/inst_blk_mem_gen/gnbram.gnativebmg.native_blk_mem_gen/valid.cstr/ramloop[25].ram.r/prim_init.ram/DEVICE_7SERIES.NO_BMM_INFO.SDP.SIMPLE_PRIM36.ram/ADDRARDADDR[14]
                            (rising edge-triggered cell RAMB36E1 clocked by clk_out2_pll  {rise@0.000ns fall@2.000ns period=4.000ns})
  Path Group:             clk_out2_pll
  Path Type:              Setup (Max at Slow Process Corner)
  Requirement:            4.000ns  (clk_out2_pll rise@4.000ns - clk_out2_pll rise@0.000ns)
  Data Path Delay:        3.572ns  (logic 0.259ns (7.252%)  route 3.313ns (92.748%))
  Logic Levels:           0  
  Clock Path Skew:        0.092ns (DCD - SCD + CPR)
    Destination Clock Delay (DCD):    -1.897ns = ( 2.103 - 4.000 ) 
    Source Clock Delay      (SCD):    -2.436ns
    Clock Pessimism Removal (CPR):    -0.448ns
  Clock Uncertainty:      0.059ns  ((TSJ^2 + DJ^2)^1/2) / 2 + PE
    Total System Jitter     (TSJ):    0.071ns
    Discrete Jitter          (DJ):    0.094ns
    Phase Error              (PE):    0.000ns

    Location             Delay type                Incr(ns)  Path(ns)    Netlist Resource(s)
  -------------------------------------------------------------------    -------------------
                         (clock clk_out2_pll rise edge)
                                                      0.000     0.000 r  
    AD12                                              0.000     0.000 r  i_sys_clk_p (IN)
                         net (fo=0)                   0.000     0.000    pll_inst/inst/clk_in1_p
    AD12                 IBUFDS (Prop_ibufds_I_O)     0.906     0.906 r  pll_inst/inst/clkin1_ibufgds/O
                         net (fo=1, routed)           1.098     2.004    pll_inst/inst/clk_in1_pll
    PLLE2_ADV_X1Y1       PLLE2_ADV (Prop_plle2_adv_CLKIN1_CLKOUT1)
                                                     -8.058    -6.054 r  pll_inst/inst/plle2_adv_inst/CLKOUT1
                         net (fo=1, routed)           2.128    -3.926    pll_inst/inst/clk_out2_pll
    BUFGCTRL_X0Y0        BUFG (Prop_bufg_I_O)         0.093    -3.833 r  pll_inst/inst/clkout2_buf/O
                         net (fo=2458, routed)        1.397    -2.436    student_top_inst/u_RISCV_CORE/INST_MEM_UNIT/mem_wr_buffer_inst/clk
    SLICE_X82Y137        FDRE                                         r  student_top_inst/u_RISCV_CORE/INST_MEM_UNIT/mem_wr_buffer_inst/wr_addr_buffer_reg[15]/C
  -------------------------------------------------------------------    -------------------
    SLICE_X82Y137        FDRE (Prop_fdre_C_Q)         0.259    -2.177 r  student_top_inst/u_RISCV_CORE/INST_MEM_UNIT/mem_wr_buffer_inst/wr_addr_buffer_reg[15]/Q
                         net (fo=68, routed)          3.313     1.135    student_top_inst/bridge_inst/dram_driver_inst/Mem_DRAM/uut_BLOCKRAM/U0/inst_blk_mem_gen/gnbram.gnativebmg.native_blk_mem_gen/valid.cstr/ramloop[25].ram.r/prim_init.ram/addra[13]
    RAMB36_X3Y16         RAMB36E1                                     r  student_top_inst/bridge_inst/dram_driver_inst/Mem_DRAM/uut_BLOCKRAM/U0/inst_blk_mem_gen/gnbram.gnativebmg.native_blk_mem_gen/valid.cstr/ramloop[25].ram.r/prim_init.ram/DEVICE_7SERIES.NO_BMM_INFO.SDP.SIMPLE_PRIM36.ram/ADDRARDADDR[14]
  -------------------------------------------------------------------    -------------------

                         (clock clk_out2_pll rise edge)
                                                      4.000     4.000 r  
    AD12                                              0.000     4.000 r  i_sys_clk_p (IN)
                         net (fo=0)                   0.000     4.000    pll_inst/inst/clk_in1_p
    AD12                 IBUFDS (Prop_ibufds_I_O)     0.803     4.803 r  pll_inst/inst/clkin1_ibufgds/O
                         net (fo=1, routed)           1.001     5.804    pll_inst/inst/clk_in1_pll
    PLLE2_ADV_X1Y1       PLLE2_ADV (Prop_plle2_adv_CLKIN1_CLKOUT1)
                                                     -7.261    -1.457 r  pll_inst/inst/plle2_adv_inst/CLKOUT1
                         net (fo=1, routed)           2.003     0.546    pll_inst/inst/clk_out2_pll
    BUFGCTRL_X0Y0        BUFG (Prop_bufg_I_O)         0.083     0.629 r  pll_inst/inst/clkout2_buf/O
                         net (fo=2458, routed)        1.474     2.103    student_top_inst/bridge_inst/dram_driver_inst/Mem_DRAM/uut_BLOCKRAM/U0/inst_blk_mem_gen/gnbram.gnativebmg.native_blk_mem_gen/valid.cstr/ramloop[25].ram.r/prim_init.ram/clka
    RAMB36_X3Y16         RAMB36E1                                     r  student_top_inst/bridge_inst/dram_driver_inst/Mem_DRAM/uut_BLOCKRAM/U0/inst_blk_mem_gen/gnbram.gnativebmg.native_blk_mem_gen/valid.cstr/ramloop[25].ram.r/prim_init.ram/DEVICE_7SERIES.NO_BMM_INFO.SDP.SIMPLE_PRIM36.ram/CLKARDCLK
                         clock pessimism             -0.448     1.655    
                         clock uncertainty           -0.059     1.596    
    RAMB36_X3Y16         RAMB36E1 (Setup_ramb36e1_CLKARDCLK_ADDRARDADDR[14])
                                                     -0.416     1.180    student_top_inst/bridge_inst/dram_driver_inst/Mem_DRAM/uut_BLOCKRAM/U0/inst_blk_mem_gen/gnbram.gnativebmg.native_blk_mem_gen/valid.cstr/ramloop[25].ram.r/prim_init.ram/DEVICE_7SERIES.NO_BMM_INFO.SDP.SIMPLE_PRIM36.ram
  -------------------------------------------------------------------
                         required time                          1.180    
                         arrival time                          -1.135    
  -------------------------------------------------------------------
                         slack                                  0.045    

Slack (MET) :             0.073ns  (required time - arrival time)
  Source:                 student_top_inst/u_RISCV_CORE/INST_MEM_UNIT/mem_wr_buffer_inst/wr_addr_buffer_reg[11]/C
                            (rising edge-triggered cell FDRE clocked by clk_out2_pll  {rise@0.000ns fall@2.000ns period=4.000ns})
  Destination:            student_top_inst/bridge_inst/dram_driver_inst/Mem_DRAM/uut_BLOCKRAM/U0/inst_blk_mem_gen/gnbram.gnativebmg.native_blk_mem_gen/valid.cstr/ramloop[25].ram.r/prim_init.ram/DEVICE_7SERIES.NO_BMM_INFO.SDP.SIMPLE_PRIM36.ram/ADDRARDADDR[10]
                            (rising edge-triggered cell RAMB36E1 clocked by clk_out2_pll  {rise@0.000ns fall@2.000ns period=4.000ns})
  Path Group:             clk_out2_pll
  Path Type:              Setup (Max at Slow Process Corner)
  Requirement:            4.000ns  (clk_out2_pll rise@4.000ns - clk_out2_pll rise@0.000ns)
  Data Path Delay:        3.542ns  (logic 0.223ns (6.296%)  route 3.319ns (93.704%))
  Logic Levels:           0  
  Clock Path Skew:        0.090ns (DCD - SCD + CPR)
    Destination Clock Delay (DCD):    -1.897ns = ( 2.103 - 4.000 ) 
    Source Clock Delay      (SCD):    -2.434ns
    Clock Pessimism Removal (CPR):    -0.448ns
  Clock Uncertainty:      0.059ns  ((TSJ^2 + DJ^2)^1/2) / 2 + PE
    Total System Jitter     (TSJ):    0.071ns
    Discrete Jitter          (DJ):    0.094ns
    Phase Error              (PE):    0.000ns

    Location             Delay type                Incr(ns)  Path(ns)    Netlist Resource(s)
  -------------------------------------------------------------------    -------------------
                         (clock clk_out2_pll rise edge)
                                                      0.000     0.000 r  
    AD12                                              0.000     0.000 r  i_sys_clk_p (IN)
                         net (fo=0)                   0.000     0.000    pll_inst/inst/clk_in1_p
    AD12                 IBUFDS (Prop_ibufds_I_O)     0.906     0.906 r  pll_inst/inst/clkin1_ibufgds/O
                         net (fo=1, routed)           1.098     2.004    pll_inst/inst/clk_in1_pll
    PLLE2_ADV_X1Y1       PLLE2_ADV (Prop_plle2_adv_CLKIN1_CLKOUT1)
                                                     -8.058    -6.054 r  pll_inst/inst/plle2_adv_inst/CLKOUT1
                         net (fo=1, routed)           2.128    -3.926    pll_inst/inst/clk_out2_pll
    BUFGCTRL_X0Y0        BUFG (Prop_bufg_I_O)         0.093    -3.833 r  pll_inst/inst/clkout2_buf/O
                         net (fo=2458, routed)        1.399    -2.434    student_top_inst/u_RISCV_CORE/INST_MEM_UNIT/mem_wr_buffer_inst/clk
    SLICE_X83Y140        FDRE                                         r  student_top_inst/u_RISCV_CORE/INST_MEM_UNIT/mem_wr_buffer_inst/wr_addr_buffer_reg[11]/C
  -------------------------------------------------------------------    -------------------
    SLICE_X83Y140        FDRE (Prop_fdre_C_Q)         0.223    -2.211 r  student_top_inst/u_RISCV_CORE/INST_MEM_UNIT/mem_wr_buffer_inst/wr_addr_buffer_reg[11]/Q
                         net (fo=69, routed)          3.319     1.107    student_top_inst/bridge_inst/dram_driver_inst/Mem_DRAM/uut_BLOCKRAM/U0/inst_blk_mem_gen/gnbram.gnativebmg.native_blk_mem_gen/valid.cstr/ramloop[25].ram.r/prim_init.ram/addra[9]
    RAMB36_X3Y16         RAMB36E1                                     r  student_top_inst/bridge_inst/dram_driver_inst/Mem_DRAM/uut_BLOCKRAM/U0/inst_blk_mem_gen/gnbram.gnativebmg.native_blk_mem_gen/valid.cstr/ramloop[25].ram.r/prim_init.ram/DEVICE_7SERIES.NO_BMM_INFO.SDP.SIMPLE_PRIM36.ram/ADDRARDADDR[10]
  -------------------------------------------------------------------    -------------------

                         (clock clk_out2_pll rise edge)
                                                      4.000     4.000 r  
    AD12                                              0.000     4.000 r  i_sys_clk_p (IN)
                         net (fo=0)                   0.000     4.000    pll_inst/inst/clk_in1_p
    AD12                 IBUFDS (Prop_ibufds_I_O)     0.803     4.803 r  pll_inst/inst/clkin1_ibufgds/O
                         net (fo=1, routed)           1.001     5.804    pll_inst/inst/clk_in1_pll
    PLLE2_ADV_X1Y1       PLLE2_ADV (Prop_plle2_adv_CLKIN1_CLKOUT1)
                                                     -7.261    -1.457 r  pll_inst/inst/plle2_adv_inst/CLKOUT1
                         net (fo=1, routed)           2.003     0.546    pll_inst/inst/clk_out2_pll
    BUFGCTRL_X0Y0        BUFG (Prop_bufg_I_O)         0.083     0.629 r  pll_inst/inst/clkout2_buf/O
                         net (fo=2458, routed)        1.474     2.103    student_top_inst/bridge_inst/dram_driver_inst/Mem_DRAM/uut_BLOCKRAM/U0/inst_blk_mem_gen/gnbram.gnativebmg.native_blk_mem_gen/valid.cstr/ramloop[25].ram.r/prim_init.ram/clka
    RAMB36_X3Y16         RAMB36E1                                     r  student_top_inst/bridge_inst/dram_driver_inst/Mem_DRAM/uut_BLOCKRAM/U0/inst_blk_mem_gen/gnbram.gnativebmg.native_blk_mem_gen/valid.cstr/ramloop[25].ram.r/prim_init.ram/DEVICE_7SERIES.NO_BMM_INFO.SDP.SIMPLE_PRIM36.ram/CLKARDCLK
                         clock pessimism             -0.448     1.655    
                         clock uncertainty           -0.059     1.596    
    RAMB36_X3Y16         RAMB36E1 (Setup_ramb36e1_CLKARDCLK_ADDRARDADDR[10])
                                                     -0.416     1.180    student_top_inst/bridge_inst/dram_driver_inst/Mem_DRAM/uut_BLOCKRAM/U0/inst_blk_mem_gen/gnbram.gnativebmg.native_blk_mem_gen/valid.cstr/ramloop[25].ram.r/prim_init.ram/DEVICE_7SERIES.NO_BMM_INFO.SDP.SIMPLE_PRIM36.ram
  -------------------------------------------------------------------
                         required time                          1.180    
                         arrival time                          -1.107    
  -------------------------------------------------------------------
                         slack                                  0.073    

Slack (MET) :             0.078ns  (required time - arrival time)
  Source:                 student_top_inst/bridge_inst/dram_driver_inst/Mem_DRAM/uut_BLOCKRAM/U0/inst_blk_mem_gen/gnbram.gnativebmg.native_blk_mem_gen/valid.cstr/ramloop[36].ram.r/prim_init.ram/DEVICE_7SERIES.NO_BMM_INFO.SDP.SIMPLE_PRIM36.ram/CLKBWRCLK
                            (rising edge-triggered cell RAMB36E1 clocked by clk_out2_pll  {rise@0.000ns fall@2.000ns period=4.000ns})
  Destination:            student_top_inst/u_RISCV_CORE/INST_MEM_UNIT/mem_wr_buffer_inst/rd_data_o_reg[18]/D
                            (rising edge-triggered cell FDRE clocked by clk_out2_pll  {rise@0.000ns fall@2.000ns period=4.000ns})
  Path Group:             clk_out2_pll
  Path Type:              Setup (Max at Slow Process Corner)
  Requirement:            4.000ns  (clk_out2_pll rise@4.000ns - clk_out2_pll rise@0.000ns)
  Data Path Delay:        3.760ns  (logic 2.015ns (53.596%)  route 1.745ns (46.404%))
  Logic Levels:           5  (LUT3=1 LUT6=4)
  Clock Path Skew:        -0.137ns (DCD - SCD + CPR)
    Destination Clock Delay (DCD):    -2.102ns = ( 1.898 - 4.000 ) 
    Source Clock Delay      (SCD):    -2.340ns
    Clock Pessimism Removal (CPR):    -0.375ns
  Clock Uncertainty:      0.059ns  ((TSJ^2 + DJ^2)^1/2) / 2 + PE
    Total System Jitter     (TSJ):    0.071ns
    Discrete Jitter          (DJ):    0.094ns
    Phase Error              (PE):    0.000ns

    Location             Delay type                Incr(ns)  Path(ns)    Netlist Resource(s)
  -------------------------------------------------------------------    -------------------
                         (clock clk_out2_pll rise edge)
                                                      0.000     0.000 r  
    AD12                                              0.000     0.000 r  i_sys_clk_p (IN)
                         net (fo=0)                   0.000     0.000    pll_inst/inst/clk_in1_p
    AD12                 IBUFDS (Prop_ibufds_I_O)     0.906     0.906 r  pll_inst/inst/clkin1_ibufgds/O
                         net (fo=1, routed)           1.098     2.004    pll_inst/inst/clk_in1_pll
    PLLE2_ADV_X1Y1       PLLE2_ADV (Prop_plle2_adv_CLKIN1_CLKOUT1)
                                                     -8.058    -6.054 r  pll_inst/inst/plle2_adv_inst/CLKOUT1
                         net (fo=1, routed)           2.128    -3.926    pll_inst/inst/clk_out2_pll
    BUFGCTRL_X0Y0        BUFG (Prop_bufg_I_O)         0.093    -3.833 r  pll_inst/inst/clkout2_buf/O
                         net (fo=2458, routed)        1.494    -2.340    student_top_inst/bridge_inst/dram_driver_inst/Mem_DRAM/uut_BLOCKRAM/U0/inst_blk_mem_gen/gnbram.gnativebmg.native_blk_mem_gen/valid.cstr/ramloop[36].ram.r/prim_init.ram/clka
    RAMB36_X4Y22         RAMB36E1                                     r  student_top_inst/bridge_inst/dram_driver_inst/Mem_DRAM/uut_BLOCKRAM/U0/inst_blk_mem_gen/gnbram.gnativebmg.native_blk_mem_gen/valid.cstr/ramloop[36].ram.r/prim_init.ram/DEVICE_7SERIES.NO_BMM_INFO.SDP.SIMPLE_PRIM36.ram/CLKBWRCLK
  -------------------------------------------------------------------    -------------------
    RAMB36_X4Y22         RAMB36E1 (Prop_ramb36e1_CLKBWRCLK_DOBDO[0])
                                                      1.800    -0.540 r  student_top_inst/bridge_inst/dram_driver_inst/Mem_DRAM/uut_BLOCKRAM/U0/inst_blk_mem_gen/gnbram.gnativebmg.native_blk_mem_gen/valid.cstr/ramloop[36].ram.r/prim_init.ram/DEVICE_7SERIES.NO_BMM_INFO.SDP.SIMPLE_PRIM36.ram/DOBDO[0]
                         net (fo=1, routed)           0.845     0.305    student_top_inst/bridge_inst/dram_driver_inst/Mem_DRAM/uut_BLOCKRAM/U0/inst_blk_mem_gen/gnbram.gnativebmg.native_blk_mem_gen/valid.cstr/has_mux_b.B/doutb[19]_2[0]
    SLICE_X113Y123       LUT6 (Prop_lut6_I5_O)        0.043     0.348 r  student_top_inst/bridge_inst/dram_driver_inst/Mem_DRAM/uut_BLOCKRAM/U0/inst_blk_mem_gen/gnbram.gnativebmg.native_blk_mem_gen/valid.cstr/has_mux_b.B/doutb[18]_INST_0/O
                         net (fo=1, routed)           0.099     0.447    student_top_inst/bridge_inst/dram_driver_inst/Mem_DRAM/rd_data_bram[18]
    SLICE_X113Y123       LUT3 (Prop_lut3_I2_O)        0.043     0.490 r  student_top_inst/bridge_inst/dram_driver_inst/Mem_DRAM/u_RISCV_CORE_i_64/O
                         net (fo=1, routed)           0.245     0.735    student_top_inst/bridge_inst/counter_inst/rd_data_o[18]_i_2_0
    SLICE_X111Y124       LUT6 (Prop_lut6_I4_O)        0.043     0.778 r  student_top_inst/bridge_inst/counter_inst/u_RISCV_CORE_i_14/O
                         net (fo=1, routed)           0.315     1.092    student_top_inst/u_RISCV_CORE/INST_MEM_UNIT/mem_wr_buffer_inst/mem_rd_data_i[18]
    SLICE_X111Y124       LUT6 (Prop_lut6_I1_O)        0.043     1.135 r  student_top_inst/u_RISCV_CORE/INST_MEM_UNIT/mem_wr_buffer_inst/rd_data_o[18]_i_2/O
                         net (fo=1, routed)           0.241     1.377    student_top_inst/u_RISCV_CORE/INST_MEM_BUFFER/rd_data_o_reg[18]
    SLICE_X111Y124       LUT6 (Prop_lut6_I5_O)        0.043     1.420 r  student_top_inst/u_RISCV_CORE/INST_MEM_BUFFER/rd_data_o[18]_i_1/O
                         net (fo=1, routed)           0.000     1.420    student_top_inst/u_RISCV_CORE/INST_MEM_UNIT/mem_wr_buffer_inst/D[10]
    SLICE_X111Y124       FDRE                                         r  student_top_inst/u_RISCV_CORE/INST_MEM_UNIT/mem_wr_buffer_inst/rd_data_o_reg[18]/D
  -------------------------------------------------------------------    -------------------

                         (clock clk_out2_pll rise edge)
                                                      4.000     4.000 r  
    AD12                                              0.000     4.000 r  i_sys_clk_p (IN)
                         net (fo=0)                   0.000     4.000    pll_inst/inst/clk_in1_p
    AD12                 IBUFDS (Prop_ibufds_I_O)     0.803     4.803 r  pll_inst/inst/clkin1_ibufgds/O
                         net (fo=1, routed)           1.001     5.804    pll_inst/inst/clk_in1_pll
    PLLE2_ADV_X1Y1       PLLE2_ADV (Prop_plle2_adv_CLKIN1_CLKOUT1)
                                                     -7.261    -1.457 r  pll_inst/inst/plle2_adv_inst/CLKOUT1
                         net (fo=1, routed)           2.003     0.546    pll_inst/inst/clk_out2_pll
    BUFGCTRL_X0Y0        BUFG (Prop_bufg_I_O)         0.083     0.629 r  pll_inst/inst/clkout2_buf/O
                         net (fo=2458, routed)        1.269     1.898    student_top_inst/u_RISCV_CORE/INST_MEM_UNIT/mem_wr_buffer_inst/clk
    SLICE_X111Y124       FDRE                                         r  student_top_inst/u_RISCV_CORE/INST_MEM_UNIT/mem_wr_buffer_inst/rd_data_o_reg[18]/C
                         clock pessimism             -0.375     1.524    
                         clock uncertainty           -0.059     1.465    
    SLICE_X111Y124       FDRE (Setup_fdre_C_D)        0.033     1.498    student_top_inst/u_RISCV_CORE/INST_MEM_UNIT/mem_wr_buffer_inst/rd_data_o_reg[18]
  -------------------------------------------------------------------
                         required time                          1.498    
                         arrival time                          -1.420    
  -------------------------------------------------------------------
                         slack                                  0.078    

Slack (MET) :             0.081ns  (required time - arrival time)
  Source:                 student_top_inst/bridge_inst/dram_driver_inst/Mem_DRAM/uut_BLOCKRAM/U0/inst_blk_mem_gen/gnbram.gnativebmg.native_blk_mem_gen/valid.cstr/ramloop[25].ram.r/prim_init.ram/DEVICE_7SERIES.NO_BMM_INFO.SDP.SIMPLE_PRIM36.ram/CLKBWRCLK
                            (rising edge-triggered cell RAMB36E1 clocked by clk_out2_pll  {rise@0.000ns fall@2.000ns period=4.000ns})
  Destination:            student_top_inst/u_RISCV_CORE/INST_MEM_UNIT/mem_wr_buffer_inst/rd_data_o_reg[13]/D
                            (rising edge-triggered cell FDRE clocked by clk_out2_pll  {rise@0.000ns fall@2.000ns period=4.000ns})
  Path Group:             clk_out2_pll
  Path Type:              Setup (Max at Slow Process Corner)
  Requirement:            4.000ns  (clk_out2_pll rise@4.000ns - clk_out2_pll rise@0.000ns)
  Data Path Delay:        3.583ns  (logic 1.972ns (55.043%)  route 1.611ns (44.957%))
  Logic Levels:           4  (LUT3=1 LUT6=3)
  Clock Path Skew:        -0.311ns (DCD - SCD + CPR)
    Destination Clock Delay (DCD):    -2.090ns = ( 1.910 - 4.000 ) 
    Source Clock Delay      (SCD):    -2.227ns
    Clock Pessimism Removal (CPR):    -0.448ns
  Clock Uncertainty:      0.059ns  ((TSJ^2 + DJ^2)^1/2) / 2 + PE
    Total System Jitter     (TSJ):    0.071ns
    Discrete Jitter          (DJ):    0.094ns
    Phase Error              (PE):    0.000ns

    Location             Delay type                Incr(ns)  Path(ns)    Netlist Resource(s)
  -------------------------------------------------------------------    -------------------
                         (clock clk_out2_pll rise edge)
                                                      0.000     0.000 r  
    AD12                                              0.000     0.000 r  i_sys_clk_p (IN)
                         net (fo=0)                   0.000     0.000    pll_inst/inst/clk_in1_p
    AD12                 IBUFDS (Prop_ibufds_I_O)     0.906     0.906 r  pll_inst/inst/clkin1_ibufgds/O
                         net (fo=1, routed)           1.098     2.004    pll_inst/inst/clk_in1_pll
    PLLE2_ADV_X1Y1       PLLE2_ADV (Prop_plle2_adv_CLKIN1_CLKOUT1)
                                                     -8.058    -6.054 r  pll_inst/inst/plle2_adv_inst/CLKOUT1
                         net (fo=1, routed)           2.128    -3.926    pll_inst/inst/clk_out2_pll
    BUFGCTRL_X0Y0        BUFG (Prop_bufg_I_O)         0.093    -3.833 r  pll_inst/inst/clkout2_buf/O
                         net (fo=2458, routed)        1.607    -2.227    student_top_inst/bridge_inst/dram_driver_inst/Mem_DRAM/uut_BLOCKRAM/U0/inst_blk_mem_gen/gnbram.gnativebmg.native_blk_mem_gen/valid.cstr/ramloop[25].ram.r/prim_init.ram/clka
    RAMB36_X3Y16         RAMB36E1                                     r  student_top_inst/bridge_inst/dram_driver_inst/Mem_DRAM/uut_BLOCKRAM/U0/inst_blk_mem_gen/gnbram.gnativebmg.native_blk_mem_gen/valid.cstr/ramloop[25].ram.r/prim_init.ram/DEVICE_7SERIES.NO_BMM_INFO.SDP.SIMPLE_PRIM36.ram/CLKBWRCLK
  -------------------------------------------------------------------    -------------------
    RAMB36_X3Y16         RAMB36E1 (Prop_ramb36e1_CLKBWRCLK_DOBDO[1])
                                                      1.800    -0.427 r  student_top_inst/bridge_inst/dram_driver_inst/Mem_DRAM/uut_BLOCKRAM/U0/inst_blk_mem_gen/gnbram.gnativebmg.native_blk_mem_gen/valid.cstr/ramloop[25].ram.r/prim_init.ram/DEVICE_7SERIES.NO_BMM_INFO.SDP.SIMPLE_PRIM36.ram/DOBDO[1]
                         net (fo=1, routed)           0.787     0.360    student_top_inst/bridge_inst/dram_driver_inst/Mem_DRAM/uut_BLOCKRAM/U0/inst_blk_mem_gen/gnbram.gnativebmg.native_blk_mem_gen/valid.cstr/has_mux_b.B/doutb[13]_1[1]
    SLICE_X104Y96        LUT6 (Prop_lut6_I3_O)        0.043     0.403 r  student_top_inst/bridge_inst/dram_driver_inst/Mem_DRAM/uut_BLOCKRAM/U0/inst_blk_mem_gen/gnbram.gnativebmg.native_blk_mem_gen/valid.cstr/has_mux_b.B/doutb[13]_INST_0/O
                         net (fo=1, routed)           0.106     0.509    student_top_inst/bridge_inst/dram_driver_inst/Mem_DRAM/rd_data_bram[13]
    SLICE_X104Y96        LUT3 (Prop_lut3_I2_O)        0.043     0.552 r  student_top_inst/bridge_inst/dram_driver_inst/Mem_DRAM/u_RISCV_CORE_i_74/O
                         net (fo=1, routed)           0.377     0.929    student_top_inst/bridge_inst/counter_inst/rd_data_o[13]_i_2_0
    SLICE_X104Y103       LUT6 (Prop_lut6_I4_O)        0.043     0.972 r  student_top_inst/bridge_inst/counter_inst/u_RISCV_CORE_i_19/O
                         net (fo=1, routed)           0.341     1.313    student_top_inst/u_RISCV_CORE/INST_MEM_BUFFER/mem_rd_data_i[13]_alias
    SLICE_X105Y103       LUT6 (Prop_lut6_I5_O)        0.043     1.356 r  student_top_inst/u_RISCV_CORE/INST_MEM_BUFFER/rd_data_o[13]_i_1_comp/O
                         net (fo=1, routed)           0.000     1.356    student_top_inst/u_RISCV_CORE/INST_MEM_UNIT/mem_wr_buffer_inst/D[5]
    SLICE_X105Y103       FDRE                                         r  student_top_inst/u_RISCV_CORE/INST_MEM_UNIT/mem_wr_buffer_inst/rd_data_o_reg[13]/D
  -------------------------------------------------------------------    -------------------

                         (clock clk_out2_pll rise edge)
                                                      4.000     4.000 r  
    AD12                                              0.000     4.000 r  i_sys_clk_p (IN)
                         net (fo=0)                   0.000     4.000    pll_inst/inst/clk_in1_p
    AD12                 IBUFDS (Prop_ibufds_I_O)     0.803     4.803 r  pll_inst/inst/clkin1_ibufgds/O
                         net (fo=1, routed)           1.001     5.804    pll_inst/inst/clk_in1_pll
    PLLE2_ADV_X1Y1       PLLE2_ADV (Prop_plle2_adv_CLKIN1_CLKOUT1)
                                                     -7.261    -1.457 r  pll_inst/inst/plle2_adv_inst/CLKOUT1
                         net (fo=1, routed)           2.003     0.546    pll_inst/inst/clk_out2_pll
    BUFGCTRL_X0Y0        BUFG (Prop_bufg_I_O)         0.083     0.629 r  pll_inst/inst/clkout2_buf/O
                         net (fo=2458, routed)        1.281     1.910    student_top_inst/u_RISCV_CORE/INST_MEM_UNIT/mem_wr_buffer_inst/clk
    SLICE_X105Y103       FDRE                                         r  student_top_inst/u_RISCV_CORE/INST_MEM_UNIT/mem_wr_buffer_inst/rd_data_o_reg[13]/C
                         clock pessimism             -0.448     1.463    
                         clock uncertainty           -0.059     1.404    
    SLICE_X105Y103       FDRE (Setup_fdre_C_D)        0.033     1.437    student_top_inst/u_RISCV_CORE/INST_MEM_UNIT/mem_wr_buffer_inst/rd_data_o_reg[13]
  -------------------------------------------------------------------
                         required time                          1.437    
                         arrival time                          -1.356    
  -------------------------------------------------------------------
                         slack                                  0.081    

Slack (MET) :             0.082ns  (required time - arrival time)
  Source:                 student_top_inst/bridge_inst/dram_driver_inst/Mem_DRAM/uut_BLOCKRAM/U0/inst_blk_mem_gen/gnbram.gnativebmg.native_blk_mem_gen/valid.cstr/ramloop[45].ram.r/prim_init.ram/DEVICE_7SERIES.NO_BMM_INFO.SDP.SIMPLE_PRIM36.ram/CLKBWRCLK
                            (rising edge-triggered cell RAMB36E1 clocked by clk_out2_pll  {rise@0.000ns fall@2.000ns period=4.000ns})
  Destination:            student_top_inst/u_RISCV_CORE/INST_MEM_UNIT/mem_wr_buffer_inst/rd_data_o_reg[22]/D
                            (rising edge-triggered cell FDRE clocked by clk_out2_pll  {rise@0.000ns fall@2.000ns period=4.000ns})
  Path Group:             clk_out2_pll
  Path Type:              Setup (Max at Slow Process Corner)
  Requirement:            4.000ns  (clk_out2_pll rise@4.000ns - clk_out2_pll rise@0.000ns)
  Data Path Delay:        3.811ns  (logic 2.015ns (52.873%)  route 1.796ns (47.127%))
  Logic Levels:           5  (LUT3=1 LUT6=4)
  Clock Path Skew:        -0.082ns (DCD - SCD + CPR)
    Destination Clock Delay (DCD):    -2.099ns = ( 1.901 - 4.000 ) 
    Source Clock Delay      (SCD):    -2.392ns
    Clock Pessimism Removal (CPR):    -0.375ns
  Clock Uncertainty:      0.059ns  ((TSJ^2 + DJ^2)^1/2) / 2 + PE
    Total System Jitter     (TSJ):    0.071ns
    Discrete Jitter          (DJ):    0.094ns
    Phase Error              (PE):    0.000ns

    Location             Delay type                Incr(ns)  Path(ns)    Netlist Resource(s)
  -------------------------------------------------------------------    -------------------
                         (clock clk_out2_pll rise edge)
                                                      0.000     0.000 r  
    AD12                                              0.000     0.000 r  i_sys_clk_p (IN)
                         net (fo=0)                   0.000     0.000    pll_inst/inst/clk_in1_p
    AD12                 IBUFDS (Prop_ibufds_I_O)     0.906     0.906 r  pll_inst/inst/clkin1_ibufgds/O
                         net (fo=1, routed)           1.098     2.004    pll_inst/inst/clk_in1_pll
    PLLE2_ADV_X1Y1       PLLE2_ADV (Prop_plle2_adv_CLKIN1_CLKOUT1)
                                                     -8.058    -6.054 r  pll_inst/inst/plle2_adv_inst/CLKOUT1
                         net (fo=1, routed)           2.128    -3.926    pll_inst/inst/clk_out2_pll
    BUFGCTRL_X0Y0        BUFG (Prop_bufg_I_O)         0.093    -3.833 r  pll_inst/inst/clkout2_buf/O
                         net (fo=2458, routed)        1.442    -2.392    student_top_inst/bridge_inst/dram_driver_inst/Mem_DRAM/uut_BLOCKRAM/U0/inst_blk_mem_gen/gnbram.gnativebmg.native_blk_mem_gen/valid.cstr/ramloop[45].ram.r/prim_init.ram/clka
    RAMB36_X3Y22         RAMB36E1                                     r  student_top_inst/bridge_inst/dram_driver_inst/Mem_DRAM/uut_BLOCKRAM/U0/inst_blk_mem_gen/gnbram.gnativebmg.native_blk_mem_gen/valid.cstr/ramloop[45].ram.r/prim_init.ram/DEVICE_7SERIES.NO_BMM_INFO.SDP.SIMPLE_PRIM36.ram/CLKBWRCLK
  -------------------------------------------------------------------    -------------------
    RAMB36_X3Y22         RAMB36E1 (Prop_ramb36e1_CLKBWRCLK_DOBDO[0])
                                                      1.800    -0.592 r  student_top_inst/bridge_inst/dram_driver_inst/Mem_DRAM/uut_BLOCKRAM/U0/inst_blk_mem_gen/gnbram.gnativebmg.native_blk_mem_gen/valid.cstr/ramloop[45].ram.r/prim_init.ram/DEVICE_7SERIES.NO_BMM_INFO.SDP.SIMPLE_PRIM36.ram/DOBDO[0]
                         net (fo=1, routed)           0.825     0.233    student_top_inst/bridge_inst/dram_driver_inst/Mem_DRAM/uut_BLOCKRAM/U0/inst_blk_mem_gen/gnbram.gnativebmg.native_blk_mem_gen/valid.cstr/has_mux_b.B/doutb[23]_1[0]
    SLICE_X115Y120       LUT6 (Prop_lut6_I3_O)        0.043     0.276 r  student_top_inst/bridge_inst/dram_driver_inst/Mem_DRAM/uut_BLOCKRAM/U0/inst_blk_mem_gen/gnbram.gnativebmg.native_blk_mem_gen/valid.cstr/has_mux_b.B/doutb[22]_INST_0/O
                         net (fo=1, routed)           0.099     0.375    student_top_inst/bridge_inst/dram_driver_inst/Mem_DRAM/rd_data_bram[22]
    SLICE_X115Y120       LUT3 (Prop_lut3_I2_O)        0.043     0.418 r  student_top_inst/bridge_inst/dram_driver_inst/Mem_DRAM/u_RISCV_CORE_i_56/O
                         net (fo=1, routed)           0.312     0.730    student_top_inst/bridge_inst/counter_inst/rd_data_o[22]_i_2_0
    SLICE_X114Y122       LUT6 (Prop_lut6_I4_O)        0.043     0.773 r  student_top_inst/bridge_inst/counter_inst/u_RISCV_CORE_i_10/O
                         net (fo=1, routed)           0.270     1.044    student_top_inst/u_RISCV_CORE/INST_MEM_UNIT/mem_wr_buffer_inst/mem_rd_data_i[22]
    SLICE_X113Y122       LUT6 (Prop_lut6_I1_O)        0.043     1.087 r  student_top_inst/u_RISCV_CORE/INST_MEM_UNIT/mem_wr_buffer_inst/rd_data_o[22]_i_2/O
                         net (fo=1, routed)           0.290     1.376    student_top_inst/u_RISCV_CORE/INST_MEM_BUFFER/rd_data_o_reg[22]
    SLICE_X113Y122       LUT6 (Prop_lut6_I5_O)        0.043     1.419 r  student_top_inst/u_RISCV_CORE/INST_MEM_BUFFER/rd_data_o[22]_i_1/O
                         net (fo=1, routed)           0.000     1.419    student_top_inst/u_RISCV_CORE/INST_MEM_UNIT/mem_wr_buffer_inst/D[14]
    SLICE_X113Y122       FDRE                                         r  student_top_inst/u_RISCV_CORE/INST_MEM_UNIT/mem_wr_buffer_inst/rd_data_o_reg[22]/D
  -------------------------------------------------------------------    -------------------

                         (clock clk_out2_pll rise edge)
                                                      4.000     4.000 r  
    AD12                                              0.000     4.000 r  i_sys_clk_p (IN)
                         net (fo=0)                   0.000     4.000    pll_inst/inst/clk_in1_p
    AD12                 IBUFDS (Prop_ibufds_I_O)     0.803     4.803 r  pll_inst/inst/clkin1_ibufgds/O
                         net (fo=1, routed)           1.001     5.804    pll_inst/inst/clk_in1_pll
    PLLE2_ADV_X1Y1       PLLE2_ADV (Prop_plle2_adv_CLKIN1_CLKOUT1)
                                                     -7.261    -1.457 r  pll_inst/inst/plle2_adv_inst/CLKOUT1
                         net (fo=1, routed)           2.003     0.546    pll_inst/inst/clk_out2_pll
    BUFGCTRL_X0Y0        BUFG (Prop_bufg_I_O)         0.083     0.629 r  pll_inst/inst/clkout2_buf/O
                         net (fo=2458, routed)        1.272     1.901    student_top_inst/u_RISCV_CORE/INST_MEM_UNIT/mem_wr_buffer_inst/clk
    SLICE_X113Y122       FDRE                                         r  student_top_inst/u_RISCV_CORE/INST_MEM_UNIT/mem_wr_buffer_inst/rd_data_o_reg[22]/C
                         clock pessimism             -0.375     1.527    
                         clock uncertainty           -0.059     1.468    
    SLICE_X113Y122       FDRE (Setup_fdre_C_D)        0.033     1.501    student_top_inst/u_RISCV_CORE/INST_MEM_UNIT/mem_wr_buffer_inst/rd_data_o_reg[22]
  -------------------------------------------------------------------
                         required time                          1.501    
                         arrival time                          -1.419    
  -------------------------------------------------------------------
                         slack                                  0.082    

Slack (MET) :             0.085ns  (required time - arrival time)
  Source:                 student_top_inst/u_RISCV_CORE/INST_MEM_UNIT/mem_wr_buffer_inst/wr_addr_buffer_reg[4]/C
                            (rising edge-triggered cell FDRE clocked by clk_out2_pll  {rise@0.000ns fall@2.000ns period=4.000ns})
  Destination:            student_top_inst/bridge_inst/dram_driver_inst/Mem_DRAM/uut_BLOCKRAM/U0/inst_blk_mem_gen/gnbram.gnativebmg.native_blk_mem_gen/valid.cstr/ramloop[4].ram.r/prim_init.ram/DEVICE_7SERIES.NO_BMM_INFO.SDP.SIMPLE_PRIM36.ram/ADDRARDADDR[3]
                            (rising edge-triggered cell RAMB36E1 clocked by clk_out2_pll  {rise@0.000ns fall@2.000ns period=4.000ns})
  Path Group:             clk_out2_pll
  Path Type:              Setup (Max at Slow Process Corner)
  Requirement:            4.000ns  (clk_out2_pll rise@4.000ns - clk_out2_pll rise@0.000ns)
  Data Path Delay:        3.422ns  (logic 0.223ns (6.517%)  route 3.199ns (93.483%))
  Logic Levels:           0  
  Clock Path Skew:        -0.018ns (DCD - SCD + CPR)
    Destination Clock Delay (DCD):    -2.007ns = ( 1.993 - 4.000 ) 
    Source Clock Delay      (SCD):    -2.436ns
    Clock Pessimism Removal (CPR):    -0.448ns
  Clock Uncertainty:      0.059ns  ((TSJ^2 + DJ^2)^1/2) / 2 + PE
    Total System Jitter     (TSJ):    0.071ns
    Discrete Jitter          (DJ):    0.094ns
    Phase Error              (PE):    0.000ns

    Location             Delay type                Incr(ns)  Path(ns)    Netlist Resource(s)
  -------------------------------------------------------------------    -------------------
                         (clock clk_out2_pll rise edge)
                                                      0.000     0.000 r  
    AD12                                              0.000     0.000 r  i_sys_clk_p (IN)
                         net (fo=0)                   0.000     0.000    pll_inst/inst/clk_in1_p
    AD12                 IBUFDS (Prop_ibufds_I_O)     0.906     0.906 r  pll_inst/inst/clkin1_ibufgds/O
                         net (fo=1, routed)           1.098     2.004    pll_inst/inst/clk_in1_pll
    PLLE2_ADV_X1Y1       PLLE2_ADV (Prop_plle2_adv_CLKIN1_CLKOUT1)
                                                     -8.058    -6.054 r  pll_inst/inst/plle2_adv_inst/CLKOUT1
                         net (fo=1, routed)           2.128    -3.926    pll_inst/inst/clk_out2_pll
    BUFGCTRL_X0Y0        BUFG (Prop_bufg_I_O)         0.093    -3.833 r  pll_inst/inst/clkout2_buf/O
                         net (fo=2458, routed)        1.397    -2.436    student_top_inst/u_RISCV_CORE/INST_MEM_UNIT/mem_wr_buffer_inst/clk
    SLICE_X83Y137        FDRE                                         r  student_top_inst/u_RISCV_CORE/INST_MEM_UNIT/mem_wr_buffer_inst/wr_addr_buffer_reg[4]/C
  -------------------------------------------------------------------    -------------------
    SLICE_X83Y137        FDRE (Prop_fdre_C_Q)         0.223    -2.213 r  student_top_inst/u_RISCV_CORE/INST_MEM_UNIT/mem_wr_buffer_inst/wr_addr_buffer_reg[4]/Q
                         net (fo=69, routed)          3.199     0.985    student_top_inst/bridge_inst/dram_driver_inst/Mem_DRAM/uut_BLOCKRAM/U0/inst_blk_mem_gen/gnbram.gnativebmg.native_blk_mem_gen/valid.cstr/ramloop[4].ram.r/prim_init.ram/addra[2]
    RAMB36_X1Y20         RAMB36E1                                     r  student_top_inst/bridge_inst/dram_driver_inst/Mem_DRAM/uut_BLOCKRAM/U0/inst_blk_mem_gen/gnbram.gnativebmg.native_blk_mem_gen/valid.cstr/ramloop[4].ram.r/prim_init.ram/DEVICE_7SERIES.NO_BMM_INFO.SDP.SIMPLE_PRIM36.ram/ADDRARDADDR[3]
  -------------------------------------------------------------------    -------------------

                         (clock clk_out2_pll rise edge)
                                                      4.000     4.000 r  
    AD12                                              0.000     4.000 r  i_sys_clk_p (IN)
                         net (fo=0)                   0.000     4.000    pll_inst/inst/clk_in1_p
    AD12                 IBUFDS (Prop_ibufds_I_O)     0.803     4.803 r  pll_inst/inst/clkin1_ibufgds/O
                         net (fo=1, routed)           1.001     5.804    pll_inst/inst/clk_in1_pll
    PLLE2_ADV_X1Y1       PLLE2_ADV (Prop_plle2_adv_CLKIN1_CLKOUT1)
                                                     -7.261    -1.457 r  pll_inst/inst/plle2_adv_inst/CLKOUT1
                         net (fo=1, routed)           2.003     0.546    pll_inst/inst/clk_out2_pll
    BUFGCTRL_X0Y0        BUFG (Prop_bufg_I_O)         0.083     0.629 r  pll_inst/inst/clkout2_buf/O
                         net (fo=2458, routed)        1.364     1.993    student_top_inst/bridge_inst/dram_driver_inst/Mem_DRAM/uut_BLOCKRAM/U0/inst_blk_mem_gen/gnbram.gnativebmg.native_blk_mem_gen/valid.cstr/ramloop[4].ram.r/prim_init.ram/clka
    RAMB36_X1Y20         RAMB36E1                                     r  student_top_inst/bridge_inst/dram_driver_inst/Mem_DRAM/uut_BLOCKRAM/U0/inst_blk_mem_gen/gnbram.gnativebmg.native_blk_mem_gen/valid.cstr/ramloop[4].ram.r/prim_init.ram/DEVICE_7SERIES.NO_BMM_INFO.SDP.SIMPLE_PRIM36.ram/CLKARDCLK
                         clock pessimism             -0.448     1.545    
                         clock uncertainty           -0.059     1.486    
    RAMB36_X1Y20         RAMB36E1 (Setup_ramb36e1_CLKARDCLK_ADDRARDADDR[3])
                                                     -0.416     1.070    student_top_inst/bridge_inst/dram_driver_inst/Mem_DRAM/uut_BLOCKRAM/U0/inst_blk_mem_gen/gnbram.gnativebmg.native_blk_mem_gen/valid.cstr/ramloop[4].ram.r/prim_init.ram/DEVICE_7SERIES.NO_BMM_INFO.SDP.SIMPLE_PRIM36.ram
  -------------------------------------------------------------------
                         required time                          1.070    
                         arrival time                          -0.985    
  -------------------------------------------------------------------
                         slack                                  0.085    

Slack (MET) :             0.087ns  (required time - arrival time)
  Source:                 student_top_inst/u_RISCV_CORE/INST_ID_UNIT/u_id_ex/reg1_rd_data_o_reg[3]/C
                            (rising edge-triggered cell FDCE clocked by clk_out2_pll  {rise@0.000ns fall@2.000ns period=4.000ns})
  Destination:            student_top_inst/u_RISCV_CORE/INST_ID_UNIT/u_id_ex/imm_o_reg[30]/D
                            (rising edge-triggered cell FDCE clocked by clk_out2_pll  {rise@0.000ns fall@2.000ns period=4.000ns})
  Path Group:             clk_out2_pll
  Path Type:              Setup (Max at Slow Process Corner)
  Requirement:            4.000ns  (clk_out2_pll rise@4.000ns - clk_out2_pll rise@0.000ns)
  Data Path Delay:        3.791ns  (logic 0.907ns (23.926%)  route 2.884ns (76.074%))
  Logic Levels:           10  (CARRY4=4 LUT4=1 LUT5=1 LUT6=4)
  Clock Path Skew:        -0.097ns (DCD - SCD + CPR)
    Destination Clock Delay (DCD):    -2.108ns = ( 1.892 - 4.000 ) 
    Source Clock Delay      (SCD):    -2.458ns
    Clock Pessimism Removal (CPR):    -0.448ns
  Clock Uncertainty:      0.059ns  ((TSJ^2 + DJ^2)^1/2) / 2 + PE
    Total System Jitter     (TSJ):    0.071ns
    Discrete Jitter          (DJ):    0.094ns
    Phase Error              (PE):    0.000ns

    Location             Delay type                Incr(ns)  Path(ns)    Netlist Resource(s)
  -------------------------------------------------------------------    -------------------
                         (clock clk_out2_pll rise edge)
                                                      0.000     0.000 r  
    AD12                                              0.000     0.000 r  i_sys_clk_p (IN)
                         net (fo=0)                   0.000     0.000    pll_inst/inst/clk_in1_p
    AD12                 IBUFDS (Prop_ibufds_I_O)     0.906     0.906 r  pll_inst/inst/clkin1_ibufgds/O
                         net (fo=1, routed)           1.098     2.004    pll_inst/inst/clk_in1_pll
    PLLE2_ADV_X1Y1       PLLE2_ADV (Prop_plle2_adv_CLKIN1_CLKOUT1)
                                                     -8.058    -6.054 r  pll_inst/inst/plle2_adv_inst/CLKOUT1
                         net (fo=1, routed)           2.128    -3.926    pll_inst/inst/clk_out2_pll
    BUFGCTRL_X0Y0        BUFG (Prop_bufg_I_O)         0.093    -3.833 r  pll_inst/inst/clkout2_buf/O
                         net (fo=2458, routed)        1.375    -2.458    student_top_inst/u_RISCV_CORE/INST_ID_UNIT/u_id_ex/clk
    SLICE_X79Y128        FDCE                                         r  student_top_inst/u_RISCV_CORE/INST_ID_UNIT/u_id_ex/reg1_rd_data_o_reg[3]/C
  -------------------------------------------------------------------    -------------------
    SLICE_X79Y128        FDCE (Prop_fdce_C_Q)         0.223    -2.235 r  student_top_inst/u_RISCV_CORE/INST_ID_UNIT/u_id_ex/reg1_rd_data_o_reg[3]/Q
                         net (fo=40, routed)          0.607    -1.628    student_top_inst/u_RISCV_CORE/INST_ID_UNIT/u_id_ex/Q[3]
    SLICE_X87Y130        LUT4 (Prop_lut4_I1_O)        0.043    -1.585 r  student_top_inst/u_RISCV_CORE/INST_ID_UNIT/u_id_ex/sltu_1_2_carry_i_7/O
                         net (fo=1, routed)           0.000    -1.585    student_top_inst/u_RISCV_CORE/INST_EX_UNIT/u_cu/sltu_1_2_carry__0_1[1]
    SLICE_X87Y130        CARRY4 (Prop_carry4_S[1]_CO[3])
                                                      0.267    -1.318 r  student_top_inst/u_RISCV_CORE/INST_EX_UNIT/u_cu/sltu_1_2_carry/CO[3]
                         net (fo=1, routed)           0.000    -1.318    student_top_inst/u_RISCV_CORE/INST_EX_UNIT/u_cu/sltu_1_2_carry_n_0
    SLICE_X87Y131        CARRY4 (Prop_carry4_CI_CO[3])
                                                      0.053    -1.265 r  student_top_inst/u_RISCV_CORE/INST_EX_UNIT/u_cu/sltu_1_2_carry__0/CO[3]
                         net (fo=1, routed)           0.000    -1.265    student_top_inst/u_RISCV_CORE/INST_EX_UNIT/u_cu/sltu_1_2_carry__0_n_0
    SLICE_X87Y132        CARRY4 (Prop_carry4_CI_CO[3])
                                                      0.053    -1.212 r  student_top_inst/u_RISCV_CORE/INST_EX_UNIT/u_cu/sltu_1_2_carry__1/CO[3]
                         net (fo=1, routed)           0.000    -1.212    student_top_inst/u_RISCV_CORE/INST_EX_UNIT/u_cu/sltu_1_2_carry__1_n_0
    SLICE_X87Y133        CARRY4 (Prop_carry4_CI_CO[3])
                                                      0.053    -1.159 r  student_top_inst/u_RISCV_CORE/INST_EX_UNIT/u_cu/sltu_1_2_carry__2/CO[3]
                         net (fo=16, routed)          0.603    -0.556    student_top_inst/u_RISCV_CORE/INST_ID_UNIT/u_id_ex/actual_taken_reg
    SLICE_X82Y128        LUT5 (Prop_lut5_I2_O)        0.043    -0.513 f  student_top_inst/u_RISCV_CORE/INST_ID_UNIT/u_id_ex/pc_o[13]_i_21/O
                         net (fo=1, routed)           0.235    -0.278    student_top_inst/u_RISCV_CORE/INST_ID_UNIT/u_id_ex/pc_o[13]_i_21_n_0
    SLICE_X81Y127        LUT6 (Prop_lut6_I3_O)        0.043    -0.235 f  student_top_inst/u_RISCV_CORE/INST_ID_UNIT/u_id_ex/pc_o[13]_i_10/O
                         net (fo=14, routed)          0.198    -0.036    student_top_inst/u_RISCV_CORE/INST_IF_UNIT/u_if_id/jump_flag1__11
    SLICE_X83Y127        LUT6 (Prop_lut6_I0_O)        0.043     0.007 f  student_top_inst/u_RISCV_CORE/INST_IF_UNIT/u_if_id/pc_o[13]_i_4/O
                         net (fo=171, routed)         0.784     0.791    student_top_inst/u_RISCV_CORE/INST_IF_UNIT/u_if_id/is_load_o_reg
    SLICE_X78Y136        LUT6 (Prop_lut6_I4_O)        0.043     0.834 r  student_top_inst/u_RISCV_CORE/INST_IF_UNIT/u_if_id/imm_o[31]_i_2/O
                         net (fo=12, routed)          0.456     1.289    student_top_inst/u_RISCV_CORE/INST_IF_UNIT/u_if_id/imm_o[31]_i_2_n_0
    SLICE_X80Y135        LUT6 (Prop_lut6_I5_O)        0.043     1.332 r  student_top_inst/u_RISCV_CORE/INST_IF_UNIT/u_if_id/imm_o[30]_i_1/O
                         net (fo=1, routed)           0.000     1.332    student_top_inst/u_RISCV_CORE/INST_ID_UNIT/u_id_ex/imm_o_reg[31]_2[30]
    SLICE_X80Y135        FDCE                                         r  student_top_inst/u_RISCV_CORE/INST_ID_UNIT/u_id_ex/imm_o_reg[30]/D
  -------------------------------------------------------------------    -------------------

                         (clock clk_out2_pll rise edge)
                                                      4.000     4.000 r  
    AD12                                              0.000     4.000 r  i_sys_clk_p (IN)
                         net (fo=0)                   0.000     4.000    pll_inst/inst/clk_in1_p
    AD12                 IBUFDS (Prop_ibufds_I_O)     0.803     4.803 r  pll_inst/inst/clkin1_ibufgds/O
                         net (fo=1, routed)           1.001     5.804    pll_inst/inst/clk_in1_pll
    PLLE2_ADV_X1Y1       PLLE2_ADV (Prop_plle2_adv_CLKIN1_CLKOUT1)
                                                     -7.261    -1.457 r  pll_inst/inst/plle2_adv_inst/CLKOUT1
                         net (fo=1, routed)           2.003     0.546    pll_inst/inst/clk_out2_pll
    BUFGCTRL_X0Y0        BUFG (Prop_bufg_I_O)         0.083     0.629 r  pll_inst/inst/clkout2_buf/O
                         net (fo=2458, routed)        1.263     1.892    student_top_inst/u_RISCV_CORE/INST_ID_UNIT/u_id_ex/clk
    SLICE_X80Y135        FDCE                                         r  student_top_inst/u_RISCV_CORE/INST_ID_UNIT/u_id_ex/imm_o_reg[30]/C
                         clock pessimism             -0.448     1.445    
                         clock uncertainty           -0.059     1.386    
    SLICE_X80Y135        FDCE (Setup_fdce_C_D)        0.034     1.420    student_top_inst/u_RISCV_CORE/INST_ID_UNIT/u_id_ex/imm_o_reg[30]
  -------------------------------------------------------------------
                         required time                          1.420    
                         arrival time                          -1.332    
  -------------------------------------------------------------------
                         slack                                  0.087    

Slack (MET) :             0.110ns  (required time - arrival time)
  Source:                 student_top_inst/bridge_inst/dram_driver_inst/Mem_DRAM/uut_BLOCKRAM/U0/inst_blk_mem_gen/gnbram.gnativebmg.native_blk_mem_gen/valid.cstr/ramloop[41].ram.r/prim_init.ram/DEVICE_7SERIES.NO_BMM_INFO.SDP.SIMPLE_PRIM36.ram/CLKBWRCLK
                            (rising edge-triggered cell RAMB36E1 clocked by clk_out2_pll  {rise@0.000ns fall@2.000ns period=4.000ns})
  Destination:            student_top_inst/u_RISCV_CORE/INST_MEM_UNIT/mem_wr_buffer_inst/rd_data_o_reg[20]/D
                            (rising edge-triggered cell FDRE clocked by clk_out2_pll  {rise@0.000ns fall@2.000ns period=4.000ns})
  Path Group:             clk_out2_pll
  Path Type:              Setup (Max at Slow Process Corner)
  Requirement:            4.000ns  (clk_out2_pll rise@4.000ns - clk_out2_pll rise@0.000ns)
  Data Path Delay:        3.694ns  (logic 2.015ns (54.555%)  route 1.679ns (45.445%))
  Logic Levels:           5  (LUT3=1 LUT6=4)
  Clock Path Skew:        -0.172ns (DCD - SCD + CPR)
    Destination Clock Delay (DCD):    -2.127ns = ( 1.873 - 4.000 ) 
    Source Clock Delay      (SCD):    -2.403ns
    Clock Pessimism Removal (CPR):    -0.448ns
  Clock Uncertainty:      0.059ns  ((TSJ^2 + DJ^2)^1/2) / 2 + PE
    Total System Jitter     (TSJ):    0.071ns
    Discrete Jitter          (DJ):    0.094ns
    Phase Error              (PE):    0.000ns

    Location             Delay type                Incr(ns)  Path(ns)    Netlist Resource(s)
  -------------------------------------------------------------------    -------------------
                         (clock clk_out2_pll rise edge)
                                                      0.000     0.000 r  
    AD12                                              0.000     0.000 r  i_sys_clk_p (IN)
                         net (fo=0)                   0.000     0.000    pll_inst/inst/clk_in1_p
    AD12                 IBUFDS (Prop_ibufds_I_O)     0.906     0.906 r  pll_inst/inst/clkin1_ibufgds/O
                         net (fo=1, routed)           1.098     2.004    pll_inst/inst/clk_in1_pll
    PLLE2_ADV_X1Y1       PLLE2_ADV (Prop_plle2_adv_CLKIN1_CLKOUT1)
                                                     -8.058    -6.054 r  pll_inst/inst/plle2_adv_inst/CLKOUT1
                         net (fo=1, routed)           2.128    -3.926    pll_inst/inst/clk_out2_pll
    BUFGCTRL_X0Y0        BUFG (Prop_bufg_I_O)         0.093    -3.833 r  pll_inst/inst/clkout2_buf/O
                         net (fo=2458, routed)        1.431    -2.403    student_top_inst/bridge_inst/dram_driver_inst/Mem_DRAM/uut_BLOCKRAM/U0/inst_blk_mem_gen/gnbram.gnativebmg.native_blk_mem_gen/valid.cstr/ramloop[41].ram.r/prim_init.ram/clka
    RAMB36_X3Y24         RAMB36E1                                     r  student_top_inst/bridge_inst/dram_driver_inst/Mem_DRAM/uut_BLOCKRAM/U0/inst_blk_mem_gen/gnbram.gnativebmg.native_blk_mem_gen/valid.cstr/ramloop[41].ram.r/prim_init.ram/DEVICE_7SERIES.NO_BMM_INFO.SDP.SIMPLE_PRIM36.ram/CLKBWRCLK
  -------------------------------------------------------------------    -------------------
    RAMB36_X3Y24         RAMB36E1 (Prop_ramb36e1_CLKBWRCLK_DOBDO[0])
                                                      1.800    -0.603 r  student_top_inst/bridge_inst/dram_driver_inst/Mem_DRAM/uut_BLOCKRAM/U0/inst_blk_mem_gen/gnbram.gnativebmg.native_blk_mem_gen/valid.cstr/ramloop[41].ram.r/prim_init.ram/DEVICE_7SERIES.NO_BMM_INFO.SDP.SIMPLE_PRIM36.ram/DOBDO[0]
                         net (fo=1, routed)           0.945     0.342    student_top_inst/bridge_inst/dram_driver_inst/Mem_DRAM/uut_BLOCKRAM/U0/inst_blk_mem_gen/gnbram.gnativebmg.native_blk_mem_gen/valid.cstr/has_mux_b.B/doutb[21]_1[0]
    SLICE_X69Y124        LUT6 (Prop_lut6_I3_O)        0.043     0.385 r  student_top_inst/bridge_inst/dram_driver_inst/Mem_DRAM/uut_BLOCKRAM/U0/inst_blk_mem_gen/gnbram.gnativebmg.native_blk_mem_gen/valid.cstr/has_mux_b.B/doutb[20]_INST_0/O
                         net (fo=1, routed)           0.099     0.484    student_top_inst/bridge_inst/dram_driver_inst/Mem_DRAM/rd_data_bram[20]
    SLICE_X69Y124        LUT3 (Prop_lut3_I2_O)        0.043     0.527 r  student_top_inst/bridge_inst/dram_driver_inst/Mem_DRAM/u_RISCV_CORE_i_60/O
                         net (fo=1, routed)           0.214     0.741    student_top_inst/bridge_inst/counter_inst/rd_data_o[20]_i_2_0
    SLICE_X68Y124        LUT6 (Prop_lut6_I4_O)        0.043     0.784 r  student_top_inst/bridge_inst/counter_inst/u_RISCV_CORE_i_12/O
                         net (fo=1, routed)           0.239     1.023    student_top_inst/u_RISCV_CORE/INST_MEM_UNIT/mem_wr_buffer_inst/mem_rd_data_i[20]
    SLICE_X68Y124        LUT6 (Prop_lut6_I1_O)        0.043     1.066 r  student_top_inst/u_RISCV_CORE/INST_MEM_UNIT/mem_wr_buffer_inst/rd_data_o[20]_i_2/O
                         net (fo=1, routed)           0.182     1.248    student_top_inst/u_RISCV_CORE/INST_MEM_BUFFER/rd_data_o_reg[20]
    SLICE_X67Y124        LUT6 (Prop_lut6_I5_O)        0.043     1.291 r  student_top_inst/u_RISCV_CORE/INST_MEM_BUFFER/rd_data_o[20]_i_1/O
                         net (fo=1, routed)           0.000     1.291    student_top_inst/u_RISCV_CORE/INST_MEM_UNIT/mem_wr_buffer_inst/D[12]
    SLICE_X67Y124        FDRE                                         r  student_top_inst/u_RISCV_CORE/INST_MEM_UNIT/mem_wr_buffer_inst/rd_data_o_reg[20]/D
  -------------------------------------------------------------------    -------------------

                         (clock clk_out2_pll rise edge)
                                                      4.000     4.000 r  
    AD12                                              0.000     4.000 r  i_sys_clk_p (IN)
                         net (fo=0)                   0.000     4.000    pll_inst/inst/clk_in1_p
    AD12                 IBUFDS (Prop_ibufds_I_O)     0.803     4.803 r  pll_inst/inst/clkin1_ibufgds/O
                         net (fo=1, routed)           1.001     5.804    pll_inst/inst/clk_in1_pll
    PLLE2_ADV_X1Y1       PLLE2_ADV (Prop_plle2_adv_CLKIN1_CLKOUT1)
                                                     -7.261    -1.457 r  pll_inst/inst/plle2_adv_inst/CLKOUT1
                         net (fo=1, routed)           2.003     0.546    pll_inst/inst/clk_out2_pll
    BUFGCTRL_X0Y0        BUFG (Prop_bufg_I_O)         0.083     0.629 r  pll_inst/inst/clkout2_buf/O
                         net (fo=2458, routed)        1.244     1.873    student_top_inst/u_RISCV_CORE/INST_MEM_UNIT/mem_wr_buffer_inst/clk
    SLICE_X67Y124        FDRE                                         r  student_top_inst/u_RISCV_CORE/INST_MEM_UNIT/mem_wr_buffer_inst/rd_data_o_reg[20]/C
                         clock pessimism             -0.448     1.426    
                         clock uncertainty           -0.059     1.367    
    SLICE_X67Y124        FDRE (Setup_fdre_C_D)        0.034     1.401    student_top_inst/u_RISCV_CORE/INST_MEM_UNIT/mem_wr_buffer_inst/rd_data_o_reg[20]
  -------------------------------------------------------------------
                         required time                          1.401    
                         arrival time                          -1.291    
  -------------------------------------------------------------------
                         slack                                  0.110    

Slack (MET) :             0.113ns  (required time - arrival time)
  Source:                 student_top_inst/bridge_inst/dram_driver_inst/Mem_DRAM/uut_BLOCKRAM/U0/inst_blk_mem_gen/gnbram.gnativebmg.native_blk_mem_gen/valid.cstr/ramloop[0].ram.r/prim_init.ram/DEVICE_7SERIES.NO_BMM_INFO.SDP.SIMPLE_PRIM36.ram/CLKBWRCLK
                            (rising edge-triggered cell RAMB36E1 clocked by clk_out2_pll  {rise@0.000ns fall@2.000ns period=4.000ns})
  Destination:            student_top_inst/u_RISCV_CORE/INST_MEM_UNIT/mem_wr_buffer_inst/rd_data_o_reg[1]/D
                            (rising edge-triggered cell FDRE clocked by clk_out2_pll  {rise@0.000ns fall@2.000ns period=4.000ns})
  Path Group:             clk_out2_pll
  Path Type:              Setup (Max at Slow Process Corner)
  Requirement:            4.000ns  (clk_out2_pll rise@4.000ns - clk_out2_pll rise@0.000ns)
  Data Path Delay:        3.754ns  (logic 1.972ns (52.534%)  route 1.782ns (47.466%))
  Logic Levels:           4  (LUT3=1 LUT5=1 LUT6=2)
  Clock Path Skew:        -0.141ns (DCD - SCD + CPR)
    Destination Clock Delay (DCD):    -2.112ns = ( 1.888 - 4.000 ) 
    Source Clock Delay      (SCD):    -2.346ns
    Clock Pessimism Removal (CPR):    -0.375ns
  Clock Uncertainty:      0.059ns  ((TSJ^2 + DJ^2)^1/2) / 2 + PE
    Total System Jitter     (TSJ):    0.071ns
    Discrete Jitter          (DJ):    0.094ns
    Phase Error              (PE):    0.000ns

    Location             Delay type                Incr(ns)  Path(ns)    Netlist Resource(s)
  -------------------------------------------------------------------    -------------------
                         (clock clk_out2_pll rise edge)
                                                      0.000     0.000 r  
    AD12                                              0.000     0.000 r  i_sys_clk_p (IN)
                         net (fo=0)                   0.000     0.000    pll_inst/inst/clk_in1_p
    AD12                 IBUFDS (Prop_ibufds_I_O)     0.906     0.906 r  pll_inst/inst/clkin1_ibufgds/O
                         net (fo=1, routed)           1.098     2.004    pll_inst/inst/clk_in1_pll
    PLLE2_ADV_X1Y1       PLLE2_ADV (Prop_plle2_adv_CLKIN1_CLKOUT1)
                                                     -8.058    -6.054 r  pll_inst/inst/plle2_adv_inst/CLKOUT1
                         net (fo=1, routed)           2.128    -3.926    pll_inst/inst/clk_out2_pll
    BUFGCTRL_X0Y0        BUFG (Prop_bufg_I_O)         0.093    -3.833 r  pll_inst/inst/clkout2_buf/O
                         net (fo=2458, routed)        1.488    -2.346    student_top_inst/bridge_inst/dram_driver_inst/Mem_DRAM/uut_BLOCKRAM/U0/inst_blk_mem_gen/gnbram.gnativebmg.native_blk_mem_gen/valid.cstr/ramloop[0].ram.r/prim_init.ram/clka
    RAMB36_X1Y26         RAMB36E1                                     r  student_top_inst/bridge_inst/dram_driver_inst/Mem_DRAM/uut_BLOCKRAM/U0/inst_blk_mem_gen/gnbram.gnativebmg.native_blk_mem_gen/valid.cstr/ramloop[0].ram.r/prim_init.ram/DEVICE_7SERIES.NO_BMM_INFO.SDP.SIMPLE_PRIM36.ram/CLKBWRCLK
  -------------------------------------------------------------------    -------------------
    RAMB36_X1Y26         RAMB36E1 (Prop_ramb36e1_CLKBWRCLK_DOBDO[1])
                                                      1.800    -0.546 r  student_top_inst/bridge_inst/dram_driver_inst/Mem_DRAM/uut_BLOCKRAM/U0/inst_blk_mem_gen/gnbram.gnativebmg.native_blk_mem_gen/valid.cstr/ramloop[0].ram.r/prim_init.ram/DEVICE_7SERIES.NO_BMM_INFO.SDP.SIMPLE_PRIM36.ram/DOBDO[1]
                         net (fo=1, routed)           1.027     0.481    student_top_inst/bridge_inst/dram_driver_inst/Mem_DRAM/uut_BLOCKRAM/U0/inst_blk_mem_gen/gnbram.gnativebmg.native_blk_mem_gen/valid.cstr/has_mux_b.B/doutb[1]_1[1]
    SLICE_X51Y110        LUT6 (Prop_lut6_I5_O)        0.043     0.524 r  student_top_inst/bridge_inst/dram_driver_inst/Mem_DRAM/uut_BLOCKRAM/U0/inst_blk_mem_gen/gnbram.gnativebmg.native_blk_mem_gen/valid.cstr/has_mux_b.B/doutb[1]_INST_0/O
                         net (fo=1, routed)           0.188     0.712    student_top_inst/bridge_inst/dram_driver_inst/Mem_DRAM/rd_data_bram[1]
    SLICE_X53Y110        LUT3 (Prop_lut3_I2_O)        0.043     0.755 r  student_top_inst/bridge_inst/dram_driver_inst/Mem_DRAM/u_RISCV_CORE_i_98/O
                         net (fo=1, routed)           0.230     0.985    student_top_inst/bridge_inst/counter_inst/rd_data_o_reg[1]_0
    SLICE_X53Y110        LUT6 (Prop_lut6_I4_O)        0.043     1.028 r  student_top_inst/bridge_inst/counter_inst/u_RISCV_CORE_i_31/O
                         net (fo=1, routed)           0.337     1.365    student_top_inst/u_RISCV_CORE/INST_MEM_UNIT/mem_wr_buffer_inst/mem_rd_data_i[1]
    SLICE_X52Y110        LUT5 (Prop_lut5_I2_O)        0.043     1.408 r  student_top_inst/u_RISCV_CORE/INST_MEM_UNIT/mem_wr_buffer_inst/rd_data_o[1]_i_1/O
                         net (fo=1, routed)           0.000     1.408    student_top_inst/u_RISCV_CORE/INST_MEM_UNIT/mem_wr_buffer_inst/p_0_in[1]
    SLICE_X52Y110        FDRE                                         r  student_top_inst/u_RISCV_CORE/INST_MEM_UNIT/mem_wr_buffer_inst/rd_data_o_reg[1]/D
  -------------------------------------------------------------------    -------------------

                         (clock clk_out2_pll rise edge)
                                                      4.000     4.000 r  
    AD12                                              0.000     4.000 r  i_sys_clk_p (IN)
                         net (fo=0)                   0.000     4.000    pll_inst/inst/clk_in1_p
    AD12                 IBUFDS (Prop_ibufds_I_O)     0.803     4.803 r  pll_inst/inst/clkin1_ibufgds/O
                         net (fo=1, routed)           1.001     5.804    pll_inst/inst/clk_in1_pll
    PLLE2_ADV_X1Y1       PLLE2_ADV (Prop_plle2_adv_CLKIN1_CLKOUT1)
                                                     -7.261    -1.457 r  pll_inst/inst/plle2_adv_inst/CLKOUT1
                         net (fo=1, routed)           2.003     0.546    pll_inst/inst/clk_out2_pll
    BUFGCTRL_X0Y0        BUFG (Prop_bufg_I_O)         0.083     0.629 r  pll_inst/inst/clkout2_buf/O
                         net (fo=2458, routed)        1.259     1.888    student_top_inst/u_RISCV_CORE/INST_MEM_UNIT/mem_wr_buffer_inst/clk
    SLICE_X52Y110        FDRE                                         r  student_top_inst/u_RISCV_CORE/INST_MEM_UNIT/mem_wr_buffer_inst/rd_data_o_reg[1]/C
                         clock pessimism             -0.375     1.514    
                         clock uncertainty           -0.059     1.455    
    SLICE_X52Y110        FDRE (Setup_fdre_C_D)        0.066     1.521    student_top_inst/u_RISCV_CORE/INST_MEM_UNIT/mem_wr_buffer_inst/rd_data_o_reg[1]
  -------------------------------------------------------------------
                         required time                          1.521    
                         arrival time                          -1.408    
  -------------------------------------------------------------------
                         slack                                  0.113    





Min Delay Paths
--------------------------------------------------------------------------------------
Slack (MET) :             0.070ns  (arrival time - required time)
  Source:                 student_top_inst/u_RISCV_CORE/INST_MEM_UNIT/reg_wr_data_o_reg[22]/C
                            (rising edge-triggered cell FDCE clocked by clk_out2_pll  {rise@0.000ns fall@2.000ns period=4.000ns})
  Destination:            student_top_inst/u_RISCV_CORE/INST_RF_UNIT/u_gpr/regs_reg_r1_0_31_18_23/RAMC/I
                            (rising edge-triggered cell RAMD32 clocked by clk_out2_pll  {rise@0.000ns fall@2.000ns period=4.000ns})
  Path Group:             clk_out2_pll
  Path Type:              Hold (Min at Fast Process Corner)
  Requirement:            0.000ns  (clk_out2_pll rise@0.000ns - clk_out2_pll rise@0.000ns)
  Data Path Delay:        0.213ns  (logic 0.100ns (46.974%)  route 0.113ns (53.026%))
  Logic Levels:           0  
  Clock Path Skew:        0.014ns (DCD - SCD - CPR)
    Destination Clock Delay (DCD):    -0.634ns
    Source Clock Delay      (SCD):    -0.443ns
    Clock Pessimism Removal (CPR):    -0.206ns

    Location             Delay type                Incr(ns)  Path(ns)    Netlist Resource(s)
  -------------------------------------------------------------------    -------------------
                         (clock clk_out2_pll rise edge)
                                                      0.000     0.000 r  
    AD12                                              0.000     0.000 r  i_sys_clk_p (IN)
                         net (fo=0)                   0.000     0.000    pll_inst/inst/clk_in1_p
    AD12                 IBUFDS (Prop_ibufds_I_O)     0.388     0.388 r  pll_inst/inst/clkin1_ibufgds/O
                         net (fo=1, routed)           0.503     0.891    pll_inst/inst/clk_in1_pll
    PLLE2_ADV_X1Y1       PLLE2_ADV (Prop_plle2_adv_CLKIN1_CLKOUT1)
                                                     -2.908    -2.017 r  pll_inst/inst/plle2_adv_inst/CLKOUT1
                         net (fo=1, routed)           0.958    -1.059    pll_inst/inst/clk_out2_pll
    BUFGCTRL_X0Y0        BUFG (Prop_bufg_I_O)         0.026    -1.033 r  pll_inst/inst/clkout2_buf/O
                         net (fo=2458, routed)        0.590    -0.443    student_top_inst/u_RISCV_CORE/INST_MEM_UNIT/clk
    SLICE_X91Y129        FDCE                                         r  student_top_inst/u_RISCV_CORE/INST_MEM_UNIT/reg_wr_data_o_reg[22]/C
  -------------------------------------------------------------------    -------------------
    SLICE_X91Y129        FDCE (Prop_fdce_C_Q)         0.100    -0.343 r  student_top_inst/u_RISCV_CORE/INST_MEM_UNIT/reg_wr_data_o_reg[22]/Q
                         net (fo=4, routed)           0.113    -0.230    student_top_inst/u_RISCV_CORE/INST_RF_UNIT/u_gpr/regs_reg_r1_0_31_18_23/DIC0
    SLICE_X90Y131        RAMD32                                       r  student_top_inst/u_RISCV_CORE/INST_RF_UNIT/u_gpr/regs_reg_r1_0_31_18_23/RAMC/I
  -------------------------------------------------------------------    -------------------

                         (clock clk_out2_pll rise edge)
                                                      0.000     0.000 r  
    AD12                                              0.000     0.000 r  i_sys_clk_p (IN)
                         net (fo=0)                   0.000     0.000    pll_inst/inst/clk_in1_p
    AD12                 IBUFDS (Prop_ibufds_I_O)     0.470     0.470 r  pll_inst/inst/clkin1_ibufgds/O
                         net (fo=1, routed)           0.554     1.024    pll_inst/inst/clk_in1_pll
    PLLE2_ADV_X1Y1       PLLE2_ADV (Prop_plle2_adv_CLKIN1_CLKOUT1)
                                                     -3.524    -2.500 r  pll_inst/inst/plle2_adv_inst/CLKOUT1
                         net (fo=1, routed)           1.027    -1.473    pll_inst/inst/clk_out2_pll
    BUFGCTRL_X0Y0        BUFG (Prop_bufg_I_O)         0.030    -1.443 r  pll_inst/inst/clkout2_buf/O
                         net (fo=2458, routed)        0.809    -0.634    student_top_inst/u_RISCV_CORE/INST_RF_UNIT/u_gpr/regs_reg_r1_0_31_18_23/WCLK
    SLICE_X90Y131        RAMD32                                       r  student_top_inst/u_RISCV_CORE/INST_RF_UNIT/u_gpr/regs_reg_r1_0_31_18_23/RAMC/CLK
                         clock pessimism              0.206    -0.429    
    SLICE_X90Y131        RAMD32 (Hold_ramd32_CLK_I)
                                                      0.129    -0.300    student_top_inst/u_RISCV_CORE/INST_RF_UNIT/u_gpr/regs_reg_r1_0_31_18_23/RAMC
  -------------------------------------------------------------------
                         required time                          0.300    
                         arrival time                          -0.230    
  -------------------------------------------------------------------
                         slack                                  0.070    

Slack (MET) :             0.070ns  (arrival time - required time)
  Source:                 student_top_inst/u_RISCV_CORE/INST_MEM_UNIT/reg_wr_data_o_reg[28]/C
                            (rising edge-triggered cell FDCE clocked by clk_out2_pll  {rise@0.000ns fall@2.000ns period=4.000ns})
  Destination:            student_top_inst/u_RISCV_CORE/INST_RF_UNIT/u_gpr/regs_reg_r1_0_31_24_29/RAMC/I
                            (rising edge-triggered cell RAMD32 clocked by clk_out2_pll  {rise@0.000ns fall@2.000ns period=4.000ns})
  Path Group:             clk_out2_pll
  Path Type:              Hold (Min at Fast Process Corner)
  Requirement:            0.000ns  (clk_out2_pll rise@0.000ns - clk_out2_pll rise@0.000ns)
  Data Path Delay:        0.211ns  (logic 0.100ns (47.377%)  route 0.111ns (52.623%))
  Logic Levels:           0  
  Clock Path Skew:        0.012ns (DCD - SCD - CPR)
    Destination Clock Delay (DCD):    -0.631ns
    Source Clock Delay      (SCD):    -0.438ns
    Clock Pessimism Removal (CPR):    -0.206ns

    Location             Delay type                Incr(ns)  Path(ns)    Netlist Resource(s)
  -------------------------------------------------------------------    -------------------
                         (clock clk_out2_pll rise edge)
                                                      0.000     0.000 r  
    AD12                                              0.000     0.000 r  i_sys_clk_p (IN)
                         net (fo=0)                   0.000     0.000    pll_inst/inst/clk_in1_p
    AD12                 IBUFDS (Prop_ibufds_I_O)     0.388     0.388 r  pll_inst/inst/clkin1_ibufgds/O
                         net (fo=1, routed)           0.503     0.891    pll_inst/inst/clk_in1_pll
    PLLE2_ADV_X1Y1       PLLE2_ADV (Prop_plle2_adv_CLKIN1_CLKOUT1)
                                                     -2.908    -2.017 r  pll_inst/inst/plle2_adv_inst/CLKOUT1
                         net (fo=1, routed)           0.958    -1.059    pll_inst/inst/clk_out2_pll
    BUFGCTRL_X0Y0        BUFG (Prop_bufg_I_O)         0.026    -1.033 r  pll_inst/inst/clkout2_buf/O
                         net (fo=2458, routed)        0.595    -0.438    student_top_inst/u_RISCV_CORE/INST_MEM_UNIT/clk
    SLICE_X87Y138        FDCE                                         r  student_top_inst/u_RISCV_CORE/INST_MEM_UNIT/reg_wr_data_o_reg[28]/C
  -------------------------------------------------------------------    -------------------
    SLICE_X87Y138        FDCE (Prop_fdce_C_Q)         0.100    -0.338 r  student_top_inst/u_RISCV_CORE/INST_MEM_UNIT/reg_wr_data_o_reg[28]/Q
                         net (fo=4, routed)           0.111    -0.226    student_top_inst/u_RISCV_CORE/INST_RF_UNIT/u_gpr/regs_reg_r1_0_31_24_29/DIC0
    SLICE_X86Y137        RAMD32                                       r  student_top_inst/u_RISCV_CORE/INST_RF_UNIT/u_gpr/regs_reg_r1_0_31_24_29/RAMC/I
  -------------------------------------------------------------------    -------------------

                         (clock clk_out2_pll rise edge)
                                                      0.000     0.000 r  
    AD12                                              0.000     0.000 r  i_sys_clk_p (IN)
                         net (fo=0)                   0.000     0.000    pll_inst/inst/clk_in1_p
    AD12                 IBUFDS (Prop_ibufds_I_O)     0.470     0.470 r  pll_inst/inst/clkin1_ibufgds/O
                         net (fo=1, routed)           0.554     1.024    pll_inst/inst/clk_in1_pll
    PLLE2_ADV_X1Y1       PLLE2_ADV (Prop_plle2_adv_CLKIN1_CLKOUT1)
                                                     -3.524    -2.500 r  pll_inst/inst/plle2_adv_inst/CLKOUT1
                         net (fo=1, routed)           1.027    -1.473    pll_inst/inst/clk_out2_pll
    BUFGCTRL_X0Y0        BUFG (Prop_bufg_I_O)         0.030    -1.443 r  pll_inst/inst/clkout2_buf/O
                         net (fo=2458, routed)        0.812    -0.631    student_top_inst/u_RISCV_CORE/INST_RF_UNIT/u_gpr/regs_reg_r1_0_31_24_29/WCLK
    SLICE_X86Y137        RAMD32                                       r  student_top_inst/u_RISCV_CORE/INST_RF_UNIT/u_gpr/regs_reg_r1_0_31_24_29/RAMC/CLK
                         clock pessimism              0.206    -0.426    
    SLICE_X86Y137        RAMD32 (Hold_ramd32_CLK_I)
                                                      0.129    -0.297    student_top_inst/u_RISCV_CORE/INST_RF_UNIT/u_gpr/regs_reg_r1_0_31_24_29/RAMC
  -------------------------------------------------------------------
                         required time                          0.297    
                         arrival time                          -0.226    
  -------------------------------------------------------------------
                         slack                                  0.070    

Slack (MET) :             0.076ns  (arrival time - required time)
  Source:                 student_top_inst/u_RISCV_CORE/INST_MEM_UNIT/reg_wr_data_o_reg[27]/C
                            (rising edge-triggered cell FDCE clocked by clk_out2_pll  {rise@0.000ns fall@2.000ns period=4.000ns})
  Destination:            student_top_inst/u_RISCV_CORE/INST_RF_UNIT/u_gpr/regs_reg_r2_0_31_24_29/RAMB_D1/I
                            (rising edge-triggered cell RAMD32 clocked by clk_out2_pll  {rise@0.000ns fall@2.000ns period=4.000ns})
  Path Group:             clk_out2_pll
  Path Type:              Hold (Min at Fast Process Corner)
  Requirement:            0.000ns  (clk_out2_pll rise@0.000ns - clk_out2_pll rise@0.000ns)
  Data Path Delay:        0.220ns  (logic 0.100ns (45.359%)  route 0.120ns (54.641%))
  Logic Levels:           0  
  Clock Path Skew:        0.029ns (DCD - SCD - CPR)
    Destination Clock Delay (DCD):    -0.629ns
    Source Clock Delay      (SCD):    -0.436ns
    Clock Pessimism Removal (CPR):    -0.223ns

    Location             Delay type                Incr(ns)  Path(ns)    Netlist Resource(s)
  -------------------------------------------------------------------    -------------------
                         (clock clk_out2_pll rise edge)
                                                      0.000     0.000 r  
    AD12                                              0.000     0.000 r  i_sys_clk_p (IN)
                         net (fo=0)                   0.000     0.000    pll_inst/inst/clk_in1_p
    AD12                 IBUFDS (Prop_ibufds_I_O)     0.388     0.388 r  pll_inst/inst/clkin1_ibufgds/O
                         net (fo=1, routed)           0.503     0.891    pll_inst/inst/clk_in1_pll
    PLLE2_ADV_X1Y1       PLLE2_ADV (Prop_plle2_adv_CLKIN1_CLKOUT1)
                                                     -2.908    -2.017 r  pll_inst/inst/plle2_adv_inst/CLKOUT1
                         net (fo=1, routed)           0.958    -1.059    pll_inst/inst/clk_out2_pll
    BUFGCTRL_X0Y0        BUFG (Prop_bufg_I_O)         0.026    -1.033 r  pll_inst/inst/clkout2_buf/O
                         net (fo=2458, routed)        0.597    -0.436    student_top_inst/u_RISCV_CORE/INST_MEM_UNIT/clk
    SLICE_X88Y138        FDCE                                         r  student_top_inst/u_RISCV_CORE/INST_MEM_UNIT/reg_wr_data_o_reg[27]/C
  -------------------------------------------------------------------    -------------------
    SLICE_X88Y138        FDCE (Prop_fdce_C_Q)         0.100    -0.336 r  student_top_inst/u_RISCV_CORE/INST_MEM_UNIT/reg_wr_data_o_reg[27]/Q
                         net (fo=4, routed)           0.120    -0.215    student_top_inst/u_RISCV_CORE/INST_RF_UNIT/u_gpr/regs_reg_r2_0_31_24_29/DIB1
    SLICE_X86Y138        RAMD32                                       r  student_top_inst/u_RISCV_CORE/INST_RF_UNIT/u_gpr/regs_reg_r2_0_31_24_29/RAMB_D1/I
  -------------------------------------------------------------------    -------------------

                         (clock clk_out2_pll rise edge)
                                                      0.000     0.000 r  
    AD12                                              0.000     0.000 r  i_sys_clk_p (IN)
                         net (fo=0)                   0.000     0.000    pll_inst/inst/clk_in1_p
    AD12                 IBUFDS (Prop_ibufds_I_O)     0.470     0.470 r  pll_inst/inst/clkin1_ibufgds/O
                         net (fo=1, routed)           0.554     1.024    pll_inst/inst/clk_in1_pll
    PLLE2_ADV_X1Y1       PLLE2_ADV (Prop_plle2_adv_CLKIN1_CLKOUT1)
                                                     -3.524    -2.500 r  pll_inst/inst/plle2_adv_inst/CLKOUT1
                         net (fo=1, routed)           1.027    -1.473    pll_inst/inst/clk_out2_pll
    BUFGCTRL_X0Y0        BUFG (Prop_bufg_I_O)         0.030    -1.443 r  pll_inst/inst/clkout2_buf/O
                         net (fo=2458, routed)        0.814    -0.629    student_top_inst/u_RISCV_CORE/INST_RF_UNIT/u_gpr/regs_reg_r2_0_31_24_29/WCLK
    SLICE_X86Y138        RAMD32                                       r  student_top_inst/u_RISCV_CORE/INST_RF_UNIT/u_gpr/regs_reg_r2_0_31_24_29/RAMB_D1/CLK
                         clock pessimism              0.223    -0.407    
    SLICE_X86Y138        RAMD32 (Hold_ramd32_CLK_I)
                                                      0.115    -0.292    student_top_inst/u_RISCV_CORE/INST_RF_UNIT/u_gpr/regs_reg_r2_0_31_24_29/RAMB_D1
  -------------------------------------------------------------------
                         required time                          0.292    
                         arrival time                          -0.215    
  -------------------------------------------------------------------
                         slack                                  0.076    

Slack (MET) :             0.082ns  (arrival time - required time)
  Source:                 student_top_inst/u_RISCV_CORE/INST_MEM_UNIT/reg_wr_data_o_reg[8]/C
                            (rising edge-triggered cell FDCE clocked by clk_out2_pll  {rise@0.000ns fall@2.000ns period=4.000ns})
  Destination:            student_top_inst/u_RISCV_CORE/INST_RF_UNIT/u_gpr/regs_reg_r1_0_31_6_11/RAMB/I
                            (rising edge-triggered cell RAMD32 clocked by clk_out2_pll  {rise@0.000ns fall@2.000ns period=4.000ns})
  Path Group:             clk_out2_pll
  Path Type:              Hold (Min at Fast Process Corner)
  Requirement:            0.000ns  (clk_out2_pll rise@0.000ns - clk_out2_pll rise@0.000ns)
  Data Path Delay:        0.225ns  (logic 0.100ns (44.499%)  route 0.125ns (55.501%))
  Logic Levels:           0  
  Clock Path Skew:        0.011ns (DCD - SCD - CPR)
    Destination Clock Delay (DCD):    -0.638ns
    Source Clock Delay      (SCD):    -0.444ns
    Clock Pessimism Removal (CPR):    -0.206ns

    Location             Delay type                Incr(ns)  Path(ns)    Netlist Resource(s)
  -------------------------------------------------------------------    -------------------
                         (clock clk_out2_pll rise edge)
                                                      0.000     0.000 r  
    AD12                                              0.000     0.000 r  i_sys_clk_p (IN)
                         net (fo=0)                   0.000     0.000    pll_inst/inst/clk_in1_p
    AD12                 IBUFDS (Prop_ibufds_I_O)     0.388     0.388 r  pll_inst/inst/clkin1_ibufgds/O
                         net (fo=1, routed)           0.503     0.891    pll_inst/inst/clk_in1_pll
    PLLE2_ADV_X1Y1       PLLE2_ADV (Prop_plle2_adv_CLKIN1_CLKOUT1)
                                                     -2.908    -2.017 r  pll_inst/inst/plle2_adv_inst/CLKOUT1
                         net (fo=1, routed)           0.958    -1.059    pll_inst/inst/clk_out2_pll
    BUFGCTRL_X0Y0        BUFG (Prop_bufg_I_O)         0.026    -1.033 r  pll_inst/inst/clkout2_buf/O
                         net (fo=2458, routed)        0.589    -0.444    student_top_inst/u_RISCV_CORE/INST_MEM_UNIT/clk
    SLICE_X80Y132        FDCE                                         r  student_top_inst/u_RISCV_CORE/INST_MEM_UNIT/reg_wr_data_o_reg[8]/C
  -------------------------------------------------------------------    -------------------
    SLICE_X80Y132        FDCE (Prop_fdce_C_Q)         0.100    -0.344 r  student_top_inst/u_RISCV_CORE/INST_MEM_UNIT/reg_wr_data_o_reg[8]/Q
                         net (fo=4, routed)           0.125    -0.219    student_top_inst/u_RISCV_CORE/INST_RF_UNIT/u_gpr/regs_reg_r1_0_31_6_11/DIB0
    SLICE_X82Y131        RAMD32                                       r  student_top_inst/u_RISCV_CORE/INST_RF_UNIT/u_gpr/regs_reg_r1_0_31_6_11/RAMB/I
  -------------------------------------------------------------------    -------------------

                         (clock clk_out2_pll rise edge)
                                                      0.000     0.000 r  
    AD12                                              0.000     0.000 r  i_sys_clk_p (IN)
                         net (fo=0)                   0.000     0.000    pll_inst/inst/clk_in1_p
    AD12                 IBUFDS (Prop_ibufds_I_O)     0.470     0.470 r  pll_inst/inst/clkin1_ibufgds/O
                         net (fo=1, routed)           0.554     1.024    pll_inst/inst/clk_in1_pll
    PLLE2_ADV_X1Y1       PLLE2_ADV (Prop_plle2_adv_CLKIN1_CLKOUT1)
                                                     -3.524    -2.500 r  pll_inst/inst/plle2_adv_inst/CLKOUT1
                         net (fo=1, routed)           1.027    -1.473    pll_inst/inst/clk_out2_pll
    BUFGCTRL_X0Y0        BUFG (Prop_bufg_I_O)         0.030    -1.443 r  pll_inst/inst/clkout2_buf/O
                         net (fo=2458, routed)        0.805    -0.638    student_top_inst/u_RISCV_CORE/INST_RF_UNIT/u_gpr/regs_reg_r1_0_31_6_11/WCLK
    SLICE_X82Y131        RAMD32                                       r  student_top_inst/u_RISCV_CORE/INST_RF_UNIT/u_gpr/regs_reg_r1_0_31_6_11/RAMB/CLK
                         clock pessimism              0.206    -0.433    
    SLICE_X82Y131        RAMD32 (Hold_ramd32_CLK_I)
                                                      0.132    -0.301    student_top_inst/u_RISCV_CORE/INST_RF_UNIT/u_gpr/regs_reg_r1_0_31_6_11/RAMB
  -------------------------------------------------------------------
                         required time                          0.301    
                         arrival time                          -0.219    
  -------------------------------------------------------------------
                         slack                                  0.082    

Slack (MET) :             0.095ns  (arrival time - required time)
  Source:                 student_top_inst/u_RISCV_CORE/INST_MEM_UNIT/reg_wr_data_o_reg[6]/C
                            (rising edge-triggered cell FDCE clocked by clk_out2_pll  {rise@0.000ns fall@2.000ns period=4.000ns})
  Destination:            student_top_inst/u_RISCV_CORE/INST_RF_UNIT/u_gpr/regs_reg_r2_0_31_6_11/RAMA/I
                            (rising edge-triggered cell RAMD32 clocked by clk_out2_pll  {rise@0.000ns fall@2.000ns period=4.000ns})
  Path Group:             clk_out2_pll
  Path Type:              Hold (Min at Fast Process Corner)
  Requirement:            0.000ns  (clk_out2_pll rise@0.000ns - clk_out2_pll rise@0.000ns)
  Data Path Delay:        0.253ns  (logic 0.100ns (39.511%)  route 0.153ns (60.489%))
  Logic Levels:           0  
  Clock Path Skew:        0.027ns (DCD - SCD - CPR)
    Destination Clock Delay (DCD):    -0.639ns
    Source Clock Delay      (SCD):    -0.444ns
    Clock Pessimism Removal (CPR):    -0.223ns

    Location             Delay type                Incr(ns)  Path(ns)    Netlist Resource(s)
  -------------------------------------------------------------------    -------------------
                         (clock clk_out2_pll rise edge)
                                                      0.000     0.000 r  
    AD12                                              0.000     0.000 r  i_sys_clk_p (IN)
                         net (fo=0)                   0.000     0.000    pll_inst/inst/clk_in1_p
    AD12                 IBUFDS (Prop_ibufds_I_O)     0.388     0.388 r  pll_inst/inst/clkin1_ibufgds/O
                         net (fo=1, routed)           0.503     0.891    pll_inst/inst/clk_in1_pll
    PLLE2_ADV_X1Y1       PLLE2_ADV (Prop_plle2_adv_CLKIN1_CLKOUT1)
                                                     -2.908    -2.017 r  pll_inst/inst/plle2_adv_inst/CLKOUT1
                         net (fo=1, routed)           0.958    -1.059    pll_inst/inst/clk_out2_pll
    BUFGCTRL_X0Y0        BUFG (Prop_bufg_I_O)         0.026    -1.033 r  pll_inst/inst/clkout2_buf/O
                         net (fo=2458, routed)        0.589    -0.444    student_top_inst/u_RISCV_CORE/INST_MEM_UNIT/clk
    SLICE_X87Y130        FDCE                                         r  student_top_inst/u_RISCV_CORE/INST_MEM_UNIT/reg_wr_data_o_reg[6]/C
  -------------------------------------------------------------------    -------------------
    SLICE_X87Y130        FDCE (Prop_fdce_C_Q)         0.100    -0.344 r  student_top_inst/u_RISCV_CORE/INST_MEM_UNIT/reg_wr_data_o_reg[6]/Q
                         net (fo=4, routed)           0.153    -0.190    student_top_inst/u_RISCV_CORE/INST_RF_UNIT/u_gpr/regs_reg_r2_0_31_6_11/DIA0
    SLICE_X82Y130        RAMD32                                       r  student_top_inst/u_RISCV_CORE/INST_RF_UNIT/u_gpr/regs_reg_r2_0_31_6_11/RAMA/I
  -------------------------------------------------------------------    -------------------

                         (clock clk_out2_pll rise edge)
                                                      0.000     0.000 r  
    AD12                                              0.000     0.000 r  i_sys_clk_p (IN)
                         net (fo=0)                   0.000     0.000    pll_inst/inst/clk_in1_p
    AD12                 IBUFDS (Prop_ibufds_I_O)     0.470     0.470 r  pll_inst/inst/clkin1_ibufgds/O
                         net (fo=1, routed)           0.554     1.024    pll_inst/inst/clk_in1_pll
    PLLE2_ADV_X1Y1       PLLE2_ADV (Prop_plle2_adv_CLKIN1_CLKOUT1)
                                                     -3.524    -2.500 r  pll_inst/inst/plle2_adv_inst/CLKOUT1
                         net (fo=1, routed)           1.027    -1.473    pll_inst/inst/clk_out2_pll
    BUFGCTRL_X0Y0        BUFG (Prop_bufg_I_O)         0.030    -1.443 r  pll_inst/inst/clkout2_buf/O
                         net (fo=2458, routed)        0.804    -0.639    student_top_inst/u_RISCV_CORE/INST_RF_UNIT/u_gpr/regs_reg_r2_0_31_6_11/WCLK
    SLICE_X82Y130        RAMD32                                       r  student_top_inst/u_RISCV_CORE/INST_RF_UNIT/u_gpr/regs_reg_r2_0_31_6_11/RAMA/CLK
                         clock pessimism              0.223    -0.417    
    SLICE_X82Y130        RAMD32 (Hold_ramd32_CLK_I)
                                                      0.131    -0.286    student_top_inst/u_RISCV_CORE/INST_RF_UNIT/u_gpr/regs_reg_r2_0_31_6_11/RAMA
  -------------------------------------------------------------------
                         required time                          0.286    
                         arrival time                          -0.190    
  -------------------------------------------------------------------
                         slack                                  0.095    

Slack (MET) :             0.097ns  (arrival time - required time)
  Source:                 student_top_inst/u_RISCV_CORE/INST_ID_UNIT/u_id_ex/ins_o_reg[5]/C
                            (rising edge-triggered cell FDCE clocked by clk_out2_pll  {rise@0.000ns fall@2.000ns period=4.000ns})
  Destination:            student_top_inst/u_RISCV_CORE/INST_EX_UNIT/is_save_o_reg/D
                            (rising edge-triggered cell FDCE clocked by clk_out2_pll  {rise@0.000ns fall@2.000ns period=4.000ns})
  Path Group:             clk_out2_pll
  Path Type:              Hold (Min at Fast Process Corner)
  Requirement:            0.000ns  (clk_out2_pll rise@0.000ns - clk_out2_pll rise@0.000ns)
  Data Path Delay:        0.339ns  (logic 0.128ns (37.802%)  route 0.211ns (62.198%))
  Logic Levels:           1  (LUT6=1)
  Clock Path Skew:        0.182ns (DCD - SCD - CPR)
    Destination Clock Delay (DCD):    -0.648ns
    Source Clock Delay      (SCD):    -0.448ns
    Clock Pessimism Removal (CPR):    -0.383ns

    Location             Delay type                Incr(ns)  Path(ns)    Netlist Resource(s)
  -------------------------------------------------------------------    -------------------
                         (clock clk_out2_pll rise edge)
                                                      0.000     0.000 r  
    AD12                                              0.000     0.000 r  i_sys_clk_p (IN)
                         net (fo=0)                   0.000     0.000    pll_inst/inst/clk_in1_p
    AD12                 IBUFDS (Prop_ibufds_I_O)     0.388     0.388 r  pll_inst/inst/clkin1_ibufgds/O
                         net (fo=1, routed)           0.503     0.891    pll_inst/inst/clk_in1_pll
    PLLE2_ADV_X1Y1       PLLE2_ADV (Prop_plle2_adv_CLKIN1_CLKOUT1)
                                                     -2.908    -2.017 r  pll_inst/inst/plle2_adv_inst/CLKOUT1
                         net (fo=1, routed)           0.958    -1.059    pll_inst/inst/clk_out2_pll
    BUFGCTRL_X0Y0        BUFG (Prop_bufg_I_O)         0.026    -1.033 r  pll_inst/inst/clkout2_buf/O
                         net (fo=2458, routed)        0.585    -0.448    student_top_inst/u_RISCV_CORE/INST_ID_UNIT/u_id_ex/clk
    SLICE_X81Y128        FDCE                                         r  student_top_inst/u_RISCV_CORE/INST_ID_UNIT/u_id_ex/ins_o_reg[5]/C
  -------------------------------------------------------------------    -------------------
    SLICE_X81Y128        FDCE (Prop_fdce_C_Q)         0.100    -0.348 r  student_top_inst/u_RISCV_CORE/INST_ID_UNIT/u_id_ex/ins_o_reg[5]/Q
                         net (fo=16, routed)          0.211    -0.137    student_top_inst/u_RISCV_CORE/INST_ID_UNIT/u_id_ex/id_ins_o[5]
    SLICE_X79Y126        LUT6 (Prop_lut6_I2_O)        0.028    -0.109 r  student_top_inst/u_RISCV_CORE/INST_ID_UNIT/u_id_ex/is_save_o_i_1/O
                         net (fo=1, routed)           0.000    -0.109    student_top_inst/u_RISCV_CORE/INST_EX_UNIT/p_0_in
    SLICE_X79Y126        FDCE                                         r  student_top_inst/u_RISCV_CORE/INST_EX_UNIT/is_save_o_reg/D
  -------------------------------------------------------------------    -------------------

                         (clock clk_out2_pll rise edge)
                                                      0.000     0.000 r  
    AD12                                              0.000     0.000 r  i_sys_clk_p (IN)
                         net (fo=0)                   0.000     0.000    pll_inst/inst/clk_in1_p
    AD12                 IBUFDS (Prop_ibufds_I_O)     0.470     0.470 r  pll_inst/inst/clkin1_ibufgds/O
                         net (fo=1, routed)           0.554     1.024    pll_inst/inst/clk_in1_pll
    PLLE2_ADV_X1Y1       PLLE2_ADV (Prop_plle2_adv_CLKIN1_CLKOUT1)
                                                     -3.524    -2.500 r  pll_inst/inst/plle2_adv_inst/CLKOUT1
                         net (fo=1, routed)           1.027    -1.473    pll_inst/inst/clk_out2_pll
    BUFGCTRL_X0Y0        BUFG (Prop_bufg_I_O)         0.030    -1.443 r  pll_inst/inst/clkout2_buf/O
                         net (fo=2458, routed)        0.795    -0.648    student_top_inst/u_RISCV_CORE/INST_EX_UNIT/clk
    SLICE_X79Y126        FDCE                                         r  student_top_inst/u_RISCV_CORE/INST_EX_UNIT/is_save_o_reg/C
                         clock pessimism              0.383    -0.266    
    SLICE_X79Y126        FDCE (Hold_fdce_C_D)         0.060    -0.206    student_top_inst/u_RISCV_CORE/INST_EX_UNIT/is_save_o_reg
  -------------------------------------------------------------------
                         required time                          0.206    
                         arrival time                          -0.109    
  -------------------------------------------------------------------
                         slack                                  0.097    

Slack (MET) :             0.109ns  (arrival time - required time)
  Source:                 student_top_inst/u_RISCV_CORE/INST_MEM_UNIT/reg_wr_data_o_reg[4]/C
                            (rising edge-triggered cell FDCE clocked by clk_out2_pll  {rise@0.000ns fall@2.000ns period=4.000ns})
  Destination:            student_top_inst/u_RISCV_CORE/INST_RF_UNIT/u_gpr/regs_reg_r1_0_31_0_5/RAMC/I
                            (rising edge-triggered cell RAMD32 clocked by clk_out2_pll  {rise@0.000ns fall@2.000ns period=4.000ns})
  Path Group:             clk_out2_pll
  Path Type:              Hold (Min at Fast Process Corner)
  Requirement:            0.000ns  (clk_out2_pll rise@0.000ns - clk_out2_pll rise@0.000ns)
  Data Path Delay:        0.251ns  (logic 0.100ns (39.816%)  route 0.151ns (60.184%))
  Logic Levels:           0  
  Clock Path Skew:        0.013ns (DCD - SCD - CPR)
    Destination Clock Delay (DCD):    -0.643ns
    Source Clock Delay      (SCD):    -0.452ns
    Clock Pessimism Removal (CPR):    -0.205ns

    Location             Delay type                Incr(ns)  Path(ns)    Netlist Resource(s)
  -------------------------------------------------------------------    -------------------
                         (clock clk_out2_pll rise edge)
                                                      0.000     0.000 r  
    AD12                                              0.000     0.000 r  i_sys_clk_p (IN)
                         net (fo=0)                   0.000     0.000    pll_inst/inst/clk_in1_p
    AD12                 IBUFDS (Prop_ibufds_I_O)     0.388     0.388 r  pll_inst/inst/clkin1_ibufgds/O
                         net (fo=1, routed)           0.503     0.891    pll_inst/inst/clk_in1_pll
    PLLE2_ADV_X1Y1       PLLE2_ADV (Prop_plle2_adv_CLKIN1_CLKOUT1)
                                                     -2.908    -2.017 r  pll_inst/inst/plle2_adv_inst/CLKOUT1
                         net (fo=1, routed)           0.958    -1.059    pll_inst/inst/clk_out2_pll
    BUFGCTRL_X0Y0        BUFG (Prop_bufg_I_O)         0.026    -1.033 r  pll_inst/inst/clkout2_buf/O
                         net (fo=2458, routed)        0.581    -0.452    student_top_inst/u_RISCV_CORE/INST_MEM_UNIT/clk
    SLICE_X79Y129        FDCE                                         r  student_top_inst/u_RISCV_CORE/INST_MEM_UNIT/reg_wr_data_o_reg[4]/C
  -------------------------------------------------------------------    -------------------
    SLICE_X79Y129        FDCE (Prop_fdce_C_Q)         0.100    -0.352 r  student_top_inst/u_RISCV_CORE/INST_MEM_UNIT/reg_wr_data_o_reg[4]/Q
                         net (fo=4, routed)           0.151    -0.200    student_top_inst/u_RISCV_CORE/INST_RF_UNIT/u_gpr/regs_reg_r1_0_31_0_5/DIC0
    SLICE_X78Y130        RAMD32                                       r  student_top_inst/u_RISCV_CORE/INST_RF_UNIT/u_gpr/regs_reg_r1_0_31_0_5/RAMC/I
  -------------------------------------------------------------------    -------------------

                         (clock clk_out2_pll rise edge)
                                                      0.000     0.000 r  
    AD12                                              0.000     0.000 r  i_sys_clk_p (IN)
                         net (fo=0)                   0.000     0.000    pll_inst/inst/clk_in1_p
    AD12                 IBUFDS (Prop_ibufds_I_O)     0.470     0.470 r  pll_inst/inst/clkin1_ibufgds/O
                         net (fo=1, routed)           0.554     1.024    pll_inst/inst/clk_in1_pll
    PLLE2_ADV_X1Y1       PLLE2_ADV (Prop_plle2_adv_CLKIN1_CLKOUT1)
                                                     -3.524    -2.500 r  pll_inst/inst/plle2_adv_inst/CLKOUT1
                         net (fo=1, routed)           1.027    -1.473    pll_inst/inst/clk_out2_pll
    BUFGCTRL_X0Y0        BUFG (Prop_bufg_I_O)         0.030    -1.443 r  pll_inst/inst/clkout2_buf/O
                         net (fo=2458, routed)        0.800    -0.643    student_top_inst/u_RISCV_CORE/INST_RF_UNIT/u_gpr/regs_reg_r1_0_31_0_5/WCLK
    SLICE_X78Y130        RAMD32                                       r  student_top_inst/u_RISCV_CORE/INST_RF_UNIT/u_gpr/regs_reg_r1_0_31_0_5/RAMC/CLK
                         clock pessimism              0.205    -0.439    
    SLICE_X78Y130        RAMD32 (Hold_ramd32_CLK_I)
                                                      0.129    -0.310    student_top_inst/u_RISCV_CORE/INST_RF_UNIT/u_gpr/regs_reg_r1_0_31_0_5/RAMC
  -------------------------------------------------------------------
                         required time                          0.310    
                         arrival time                          -0.200    
  -------------------------------------------------------------------
                         slack                                  0.109    

Slack (MET) :             0.112ns  (arrival time - required time)
  Source:                 student_top_inst/u_RISCV_CORE/INST_EX_UNIT/ins_addr_o_reg[7]/C
                            (rising edge-triggered cell FDRE clocked by clk_out2_pll  {rise@0.000ns fall@2.000ns period=4.000ns})
  Destination:            student_top_inst/u_RISCV_CORE/INST_AREA_PREDICTOR/BTB_TAG_reg[13][4]/D
                            (rising edge-triggered cell FDCE clocked by clk_out2_pll  {rise@0.000ns fall@2.000ns period=4.000ns})
  Path Group:             clk_out2_pll
  Path Type:              Hold (Min at Fast Process Corner)
  Requirement:            0.000ns  (clk_out2_pll rise@0.000ns - clk_out2_pll rise@0.000ns)
  Data Path Delay:        0.359ns  (logic 0.128ns (35.654%)  route 0.231ns (64.346%))
  Logic Levels:           1  (LUT6=1)
  Clock Path Skew:        0.186ns (DCD - SCD - CPR)
    Destination Clock Delay (DCD):    -0.639ns
    Source Clock Delay      (SCD):    -0.443ns
    Clock Pessimism Removal (CPR):    -0.383ns

    Location             Delay type                Incr(ns)  Path(ns)    Netlist Resource(s)
  -------------------------------------------------------------------    -------------------
                         (clock clk_out2_pll rise edge)
                                                      0.000     0.000 r  
    AD12                                              0.000     0.000 r  i_sys_clk_p (IN)
                         net (fo=0)                   0.000     0.000    pll_inst/inst/clk_in1_p
    AD12                 IBUFDS (Prop_ibufds_I_O)     0.388     0.388 r  pll_inst/inst/clkin1_ibufgds/O
                         net (fo=1, routed)           0.503     0.891    pll_inst/inst/clk_in1_pll
    PLLE2_ADV_X1Y1       PLLE2_ADV (Prop_plle2_adv_CLKIN1_CLKOUT1)
                                                     -2.908    -2.017 r  pll_inst/inst/plle2_adv_inst/CLKOUT1
                         net (fo=1, routed)           0.958    -1.059    pll_inst/inst/clk_out2_pll
    BUFGCTRL_X0Y0        BUFG (Prop_bufg_I_O)         0.026    -1.033 r  pll_inst/inst/clkout2_buf/O
                         net (fo=2458, routed)        0.590    -0.443    student_top_inst/u_RISCV_CORE/INST_EX_UNIT/clk
    SLICE_X83Y116        FDRE                                         r  student_top_inst/u_RISCV_CORE/INST_EX_UNIT/ins_addr_o_reg[7]/C
  -------------------------------------------------------------------    -------------------
    SLICE_X83Y116        FDRE (Prop_fdre_C_Q)         0.100    -0.343 f  student_top_inst/u_RISCV_CORE/INST_EX_UNIT/ins_addr_o_reg[7]/Q
                         net (fo=39, routed)          0.231    -0.112    student_top_inst/u_RISCV_CORE/INST_EX_UNIT/pc_from_ex[7]
    SLICE_X77Y116        LUT6 (Prop_lut6_I1_O)        0.028    -0.084 r  student_top_inst/u_RISCV_CORE/INST_EX_UNIT/BTB_TAG[13][4]_i_1/O
                         net (fo=1, routed)           0.000    -0.084    student_top_inst/u_RISCV_CORE/INST_AREA_PREDICTOR/D[4]
    SLICE_X77Y116        FDCE                                         r  student_top_inst/u_RISCV_CORE/INST_AREA_PREDICTOR/BTB_TAG_reg[13][4]/D
  -------------------------------------------------------------------    -------------------

                         (clock clk_out2_pll rise edge)
                                                      0.000     0.000 r  
    AD12                                              0.000     0.000 r  i_sys_clk_p (IN)
                         net (fo=0)                   0.000     0.000    pll_inst/inst/clk_in1_p
    AD12                 IBUFDS (Prop_ibufds_I_O)     0.470     0.470 r  pll_inst/inst/clkin1_ibufgds/O
                         net (fo=1, routed)           0.554     1.024    pll_inst/inst/clk_in1_pll
    PLLE2_ADV_X1Y1       PLLE2_ADV (Prop_plle2_adv_CLKIN1_CLKOUT1)
                                                     -3.524    -2.500 r  pll_inst/inst/plle2_adv_inst/CLKOUT1
                         net (fo=1, routed)           1.027    -1.473    pll_inst/inst/clk_out2_pll
    BUFGCTRL_X0Y0        BUFG (Prop_bufg_I_O)         0.030    -1.443 r  pll_inst/inst/clkout2_buf/O
                         net (fo=2458, routed)        0.804    -0.639    student_top_inst/u_RISCV_CORE/INST_AREA_PREDICTOR/clk
    SLICE_X77Y116        FDCE                                         r  student_top_inst/u_RISCV_CORE/INST_AREA_PREDICTOR/BTB_TAG_reg[13][4]/C
                         clock pessimism              0.383    -0.257    
    SLICE_X77Y116        FDCE (Hold_fdce_C_D)         0.061    -0.196    student_top_inst/u_RISCV_CORE/INST_AREA_PREDICTOR/BTB_TAG_reg[13][4]
  -------------------------------------------------------------------
                         required time                          0.196    
                         arrival time                          -0.084    
  -------------------------------------------------------------------
                         slack                                  0.112    

Slack (MET) :             0.112ns  (arrival time - required time)
  Source:                 student_top_inst/u_RISCV_CORE/INST_MEM_UNIT/reg_wr_data_o_reg[2]/C
                            (rising edge-triggered cell FDCE clocked by clk_out2_pll  {rise@0.000ns fall@2.000ns period=4.000ns})
  Destination:            student_top_inst/u_RISCV_CORE/INST_RF_UNIT/u_gpr/regs_reg_r2_0_31_0_5/RAMB/I
                            (rising edge-triggered cell RAMD32 clocked by clk_out2_pll  {rise@0.000ns fall@2.000ns period=4.000ns})
  Path Group:             clk_out2_pll
  Path Type:              Hold (Min at Fast Process Corner)
  Requirement:            0.000ns  (clk_out2_pll rise@0.000ns - clk_out2_pll rise@0.000ns)
  Data Path Delay:        0.257ns  (logic 0.100ns (38.855%)  route 0.157ns (61.145%))
  Logic Levels:           0  
  Clock Path Skew:        0.013ns (DCD - SCD - CPR)
    Destination Clock Delay (DCD):    -0.642ns
    Source Clock Delay      (SCD):    -0.451ns
    Clock Pessimism Removal (CPR):    -0.205ns

    Location             Delay type                Incr(ns)  Path(ns)    Netlist Resource(s)
  -------------------------------------------------------------------    -------------------
                         (clock clk_out2_pll rise edge)
                                                      0.000     0.000 r  
    AD12                                              0.000     0.000 r  i_sys_clk_p (IN)
                         net (fo=0)                   0.000     0.000    pll_inst/inst/clk_in1_p
    AD12                 IBUFDS (Prop_ibufds_I_O)     0.388     0.388 r  pll_inst/inst/clkin1_ibufgds/O
                         net (fo=1, routed)           0.503     0.891    pll_inst/inst/clk_in1_pll
    PLLE2_ADV_X1Y1       PLLE2_ADV (Prop_plle2_adv_CLKIN1_CLKOUT1)
                                                     -2.908    -2.017 r  pll_inst/inst/plle2_adv_inst/CLKOUT1
                         net (fo=1, routed)           0.958    -1.059    pll_inst/inst/clk_out2_pll
    BUFGCTRL_X0Y0        BUFG (Prop_bufg_I_O)         0.026    -1.033 r  pll_inst/inst/clkout2_buf/O
                         net (fo=2458, routed)        0.582    -0.451    student_top_inst/u_RISCV_CORE/INST_MEM_UNIT/clk
    SLICE_X76Y129        FDCE                                         r  student_top_inst/u_RISCV_CORE/INST_MEM_UNIT/reg_wr_data_o_reg[2]/C
  -------------------------------------------------------------------    -------------------
    SLICE_X76Y129        FDCE (Prop_fdce_C_Q)         0.100    -0.351 r  student_top_inst/u_RISCV_CORE/INST_MEM_UNIT/reg_wr_data_o_reg[2]/Q
                         net (fo=4, routed)           0.157    -0.193    student_top_inst/u_RISCV_CORE/INST_RF_UNIT/u_gpr/regs_reg_r2_0_31_0_5/DIB0
    SLICE_X74Y130        RAMD32                                       r  student_top_inst/u_RISCV_CORE/INST_RF_UNIT/u_gpr/regs_reg_r2_0_31_0_5/RAMB/I
  -------------------------------------------------------------------    -------------------

                         (clock clk_out2_pll rise edge)
                                                      0.000     0.000 r  
    AD12                                              0.000     0.000 r  i_sys_clk_p (IN)
                         net (fo=0)                   0.000     0.000    pll_inst/inst/clk_in1_p
    AD12                 IBUFDS (Prop_ibufds_I_O)     0.470     0.470 r  pll_inst/inst/clkin1_ibufgds/O
                         net (fo=1, routed)           0.554     1.024    pll_inst/inst/clk_in1_pll
    PLLE2_ADV_X1Y1       PLLE2_ADV (Prop_plle2_adv_CLKIN1_CLKOUT1)
                                                     -3.524    -2.500 r  pll_inst/inst/plle2_adv_inst/CLKOUT1
                         net (fo=1, routed)           1.027    -1.473    pll_inst/inst/clk_out2_pll
    BUFGCTRL_X0Y0        BUFG (Prop_bufg_I_O)         0.030    -1.443 r  pll_inst/inst/clkout2_buf/O
                         net (fo=2458, routed)        0.801    -0.642    student_top_inst/u_RISCV_CORE/INST_RF_UNIT/u_gpr/regs_reg_r2_0_31_0_5/WCLK
    SLICE_X74Y130        RAMD32                                       r  student_top_inst/u_RISCV_CORE/INST_RF_UNIT/u_gpr/regs_reg_r2_0_31_0_5/RAMB/CLK
                         clock pessimism              0.205    -0.438    
    SLICE_X74Y130        RAMD32 (Hold_ramd32_CLK_I)
                                                      0.132    -0.306    student_top_inst/u_RISCV_CORE/INST_RF_UNIT/u_gpr/regs_reg_r2_0_31_0_5/RAMB
  -------------------------------------------------------------------
                         required time                          0.306    
                         arrival time                          -0.193    
  -------------------------------------------------------------------
                         slack                                  0.112    

Slack (MET) :             0.112ns  (arrival time - required time)
  Source:                 student_top_inst/u_RISCV_CORE/INST_EX_UNIT/reg2_rd_data_o_reg[29]/C
                            (rising edge-triggered cell FDCE clocked by clk_out2_pll  {rise@0.000ns fall@2.000ns period=4.000ns})
  Destination:            student_top_inst/u_RISCV_CORE/INST_MEM_BUFFER/reg2_rd_data_o_reg[29]/D
                            (rising edge-triggered cell FDCE clocked by clk_out2_pll  {rise@0.000ns fall@2.000ns period=4.000ns})
  Path Group:             clk_out2_pll
  Path Type:              Hold (Min at Fast Process Corner)
  Requirement:            0.000ns  (clk_out2_pll rise@0.000ns - clk_out2_pll rise@0.000ns)
  Data Path Delay:        0.346ns  (logic 0.118ns (34.059%)  route 0.228ns (65.941%))
  Logic Levels:           0  
  Clock Path Skew:        0.187ns (DCD - SCD - CPR)
    Destination Clock Delay (DCD):    -0.637ns
    Source Clock Delay      (SCD):    -0.442ns
    Clock Pessimism Removal (CPR):    -0.383ns

    Location             Delay type                Incr(ns)  Path(ns)    Netlist Resource(s)
  -------------------------------------------------------------------    -------------------
                         (clock clk_out2_pll rise edge)
                                                      0.000     0.000 r  
    AD12                                              0.000     0.000 r  i_sys_clk_p (IN)
                         net (fo=0)                   0.000     0.000    pll_inst/inst/clk_in1_p
    AD12                 IBUFDS (Prop_ibufds_I_O)     0.388     0.388 r  pll_inst/inst/clkin1_ibufgds/O
                         net (fo=1, routed)           0.503     0.891    pll_inst/inst/clk_in1_pll
    PLLE2_ADV_X1Y1       PLLE2_ADV (Prop_plle2_adv_CLKIN1_CLKOUT1)
                                                     -2.908    -2.017 r  pll_inst/inst/plle2_adv_inst/CLKOUT1
                         net (fo=1, routed)           0.958    -1.059    pll_inst/inst/clk_out2_pll
    BUFGCTRL_X0Y0        BUFG (Prop_bufg_I_O)         0.026    -1.033 r  pll_inst/inst/clkout2_buf/O
                         net (fo=2458, routed)        0.591    -0.442    student_top_inst/u_RISCV_CORE/INST_EX_UNIT/clk
    SLICE_X82Y135        FDCE                                         r  student_top_inst/u_RISCV_CORE/INST_EX_UNIT/reg2_rd_data_o_reg[29]/C
  -------------------------------------------------------------------    -------------------
    SLICE_X82Y135        FDCE (Prop_fdce_C_Q)         0.118    -0.324 r  student_top_inst/u_RISCV_CORE/INST_EX_UNIT/reg2_rd_data_o_reg[29]/Q
                         net (fo=1, routed)           0.228    -0.095    student_top_inst/u_RISCV_CORE/INST_MEM_BUFFER/reg2_rd_data_o_reg[31]_0[29]
    SLICE_X77Y136        FDCE                                         r  student_top_inst/u_RISCV_CORE/INST_MEM_BUFFER/reg2_rd_data_o_reg[29]/D
  -------------------------------------------------------------------    -------------------

                         (clock clk_out2_pll rise edge)
                                                      0.000     0.000 r  
    AD12                                              0.000     0.000 r  i_sys_clk_p (IN)
                         net (fo=0)                   0.000     0.000    pll_inst/inst/clk_in1_p
    AD12                 IBUFDS (Prop_ibufds_I_O)     0.470     0.470 r  pll_inst/inst/clkin1_ibufgds/O
                         net (fo=1, routed)           0.554     1.024    pll_inst/inst/clk_in1_pll
    PLLE2_ADV_X1Y1       PLLE2_ADV (Prop_plle2_adv_CLKIN1_CLKOUT1)
                                                     -3.524    -2.500 r  pll_inst/inst/plle2_adv_inst/CLKOUT1
                         net (fo=1, routed)           1.027    -1.473    pll_inst/inst/clk_out2_pll
    BUFGCTRL_X0Y0        BUFG (Prop_bufg_I_O)         0.030    -1.443 r  pll_inst/inst/clkout2_buf/O
                         net (fo=2458, routed)        0.806    -0.637    student_top_inst/u_RISCV_CORE/INST_MEM_BUFFER/clk
    SLICE_X77Y136        FDCE                                         r  student_top_inst/u_RISCV_CORE/INST_MEM_BUFFER/reg2_rd_data_o_reg[29]/C
                         clock pessimism              0.383    -0.255    
    SLICE_X77Y136        FDCE (Hold_fdce_C_D)         0.047    -0.208    student_top_inst/u_RISCV_CORE/INST_MEM_BUFFER/reg2_rd_data_o_reg[29]
  -------------------------------------------------------------------
                         required time                          0.208    
                         arrival time                          -0.095    
  -------------------------------------------------------------------
                         slack                                  0.112    





Pulse Width Checks
--------------------------------------------------------------------------------------
Clock Name:         clk_out2_pll
Waveform(ns):       { 0.000 2.000 }
Period(ns):         4.000
Sources:            { pll_inst/inst/plle2_adv_inst/CLKOUT1 }

Check Type        Corner  Lib Pin             Reference Pin  Required(ns)  Actual(ns)  Slack(ns)  Location        Pin
Min Period        n/a     RAMB36E1/CLKARDCLK  n/a            1.839         4.000       2.161      RAMB36_X1Y26    student_top_inst/bridge_inst/dram_driver_inst/Mem_DRAM/uut_BLOCKRAM/U0/inst_blk_mem_gen/gnbram.gnativebmg.native_blk_mem_gen/valid.cstr/ramloop[0].ram.r/prim_init.ram/DEVICE_7SERIES.NO_BMM_INFO.SDP.SIMPLE_PRIM36.ram/CLKARDCLK
Min Period        n/a     RAMB36E1/CLKBWRCLK  n/a            1.839         4.000       2.161      RAMB36_X1Y26    student_top_inst/bridge_inst/dram_driver_inst/Mem_DRAM/uut_BLOCKRAM/U0/inst_blk_mem_gen/gnbram.gnativebmg.native_blk_mem_gen/valid.cstr/ramloop[0].ram.r/prim_init.ram/DEVICE_7SERIES.NO_BMM_INFO.SDP.SIMPLE_PRIM36.ram/CLKBWRCLK
Min Period        n/a     RAMB36E1/CLKARDCLK  n/a            1.839         4.000       2.161      RAMB36_X1Y22    student_top_inst/bridge_inst/dram_driver_inst/Mem_DRAM/uut_BLOCKRAM/U0/inst_blk_mem_gen/gnbram.gnativebmg.native_blk_mem_gen/valid.cstr/ramloop[10].ram.r/prim_init.ram/DEVICE_7SERIES.NO_BMM_INFO.SDP.SIMPLE_PRIM36.ram/CLKARDCLK
Min Period        n/a     RAMB36E1/CLKBWRCLK  n/a            1.839         4.000       2.161      RAMB36_X1Y22    student_top_inst/bridge_inst/dram_driver_inst/Mem_DRAM/uut_BLOCKRAM/U0/inst_blk_mem_gen/gnbram.gnativebmg.native_blk_mem_gen/valid.cstr/ramloop[10].ram.r/prim_init.ram/DEVICE_7SERIES.NO_BMM_INFO.SDP.SIMPLE_PRIM36.ram/CLKBWRCLK
Min Period        n/a     RAMB36E1/CLKARDCLK  n/a            1.839         4.000       2.161      RAMB36_X2Y18    student_top_inst/bridge_inst/dram_driver_inst/Mem_DRAM/uut_BLOCKRAM/U0/inst_blk_mem_gen/gnbram.gnativebmg.native_blk_mem_gen/valid.cstr/ramloop[11].ram.r/prim_init.ram/DEVICE_7SERIES.NO_BMM_INFO.SDP.SIMPLE_PRIM36.ram/CLKARDCLK
Min Period        n/a     RAMB36E1/CLKBWRCLK  n/a            1.839         4.000       2.161      RAMB36_X2Y18    student_top_inst/bridge_inst/dram_driver_inst/Mem_DRAM/uut_BLOCKRAM/U0/inst_blk_mem_gen/gnbram.gnativebmg.native_blk_mem_gen/valid.cstr/ramloop[11].ram.r/prim_init.ram/DEVICE_7SERIES.NO_BMM_INFO.SDP.SIMPLE_PRIM36.ram/CLKBWRCLK
Min Period        n/a     RAMB36E1/CLKARDCLK  n/a            1.839         4.000       2.161      RAMB36_X4Y20    student_top_inst/bridge_inst/dram_driver_inst/Mem_DRAM/uut_BLOCKRAM/U0/inst_blk_mem_gen/gnbram.gnativebmg.native_blk_mem_gen/valid.cstr/ramloop[12].ram.r/prim_init.ram/DEVICE_7SERIES.NO_BMM_INFO.SDP.SIMPLE_PRIM36.ram/CLKARDCLK
Min Period        n/a     RAMB36E1/CLKBWRCLK  n/a            1.839         4.000       2.161      RAMB36_X4Y20    student_top_inst/bridge_inst/dram_driver_inst/Mem_DRAM/uut_BLOCKRAM/U0/inst_blk_mem_gen/gnbram.gnativebmg.native_blk_mem_gen/valid.cstr/ramloop[12].ram.r/prim_init.ram/DEVICE_7SERIES.NO_BMM_INFO.SDP.SIMPLE_PRIM36.ram/CLKBWRCLK
Min Period        n/a     RAMB36E1/CLKARDCLK  n/a            1.839         4.000       2.161      RAMB36_X4Y21    student_top_inst/bridge_inst/dram_driver_inst/Mem_DRAM/uut_BLOCKRAM/U0/inst_blk_mem_gen/gnbram.gnativebmg.native_blk_mem_gen/valid.cstr/ramloop[13].ram.r/prim_init.ram/DEVICE_7SERIES.NO_BMM_INFO.SDP.SIMPLE_PRIM36.ram/CLKARDCLK
Min Period        n/a     RAMB36E1/CLKBWRCLK  n/a            1.839         4.000       2.161      RAMB36_X4Y21    student_top_inst/bridge_inst/dram_driver_inst/Mem_DRAM/uut_BLOCKRAM/U0/inst_blk_mem_gen/gnbram.gnativebmg.native_blk_mem_gen/valid.cstr/ramloop[13].ram.r/prim_init.ram/DEVICE_7SERIES.NO_BMM_INFO.SDP.SIMPLE_PRIM36.ram/CLKBWRCLK
Max Period        n/a     PLLE2_ADV/CLKOUT1   n/a            160.000       4.000       156.000    PLLE2_ADV_X1Y1  pll_inst/inst/plle2_adv_inst/CLKOUT1
Low Pulse Width   Slow    RAMD32/CLK          n/a            0.768         2.000       1.232      SLICE_X78Y130   student_top_inst/u_RISCV_CORE/INST_RF_UNIT/u_gpr/regs_reg_r1_0_31_0_5/RAMA/CLK
Low Pulse Width   Fast    RAMD32/CLK          n/a            0.768         2.000       1.232      SLICE_X78Y130   student_top_inst/u_RISCV_CORE/INST_RF_UNIT/u_gpr/regs_reg_r1_0_31_0_5/RAMA/CLK
Low Pulse Width   Slow    RAMD32/CLK          n/a            0.768         2.000       1.232      SLICE_X78Y130   student_top_inst/u_RISCV_CORE/INST_RF_UNIT/u_gpr/regs_reg_r1_0_31_0_5/RAMA_D1/CLK
Low Pulse Width   Fast    RAMD32/CLK          n/a            0.768         2.000       1.232      SLICE_X78Y130   student_top_inst/u_RISCV_CORE/INST_RF_UNIT/u_gpr/regs_reg_r1_0_31_0_5/RAMA_D1/CLK
Low Pulse Width   Slow    RAMD32/CLK          n/a            0.768         2.000       1.232      SLICE_X78Y130   student_top_inst/u_RISCV_CORE/INST_RF_UNIT/u_gpr/regs_reg_r1_0_31_0_5/RAMB/CLK
Low Pulse Width   Fast    RAMD32/CLK          n/a            0.768         2.000       1.232      SLICE_X78Y130   student_top_inst/u_RISCV_CORE/INST_RF_UNIT/u_gpr/regs_reg_r1_0_31_0_5/RAMB/CLK
Low Pulse Width   Slow    RAMD32/CLK          n/a            0.768         2.000       1.232      SLICE_X78Y130   student_top_inst/u_RISCV_CORE/INST_RF_UNIT/u_gpr/regs_reg_r1_0_31_0_5/RAMB_D1/CLK
Low Pulse Width   Fast    RAMD32/CLK          n/a            0.768         2.000       1.232      SLICE_X78Y130   student_top_inst/u_RISCV_CORE/INST_RF_UNIT/u_gpr/regs_reg_r1_0_31_0_5/RAMB_D1/CLK
Low Pulse Width   Slow    RAMD32/CLK          n/a            0.768         2.000       1.232      SLICE_X78Y130   student_top_inst/u_RISCV_CORE/INST_RF_UNIT/u_gpr/regs_reg_r1_0_31_0_5/RAMC/CLK
Low Pulse Width   Fast    RAMD32/CLK          n/a            0.768         2.000       1.232      SLICE_X78Y130   student_top_inst/u_RISCV_CORE/INST_RF_UNIT/u_gpr/regs_reg_r1_0_31_0_5/RAMC/CLK
High Pulse Width  Slow    RAMD32/CLK          n/a            0.768         2.000       1.232      SLICE_X78Y130   student_top_inst/u_RISCV_CORE/INST_RF_UNIT/u_gpr/regs_reg_r1_0_31_0_5/RAMA/CLK
High Pulse Width  Fast    RAMD32/CLK          n/a            0.768         2.000       1.232      SLICE_X78Y130   student_top_inst/u_RISCV_CORE/INST_RF_UNIT/u_gpr/regs_reg_r1_0_31_0_5/RAMA/CLK
High Pulse Width  Slow    RAMD32/CLK          n/a            0.768         2.000       1.232      SLICE_X78Y130   student_top_inst/u_RISCV_CORE/INST_RF_UNIT/u_gpr/regs_reg_r1_0_31_0_5/RAMA_D1/CLK
High Pulse Width  Fast    RAMD32/CLK          n/a            0.768         2.000       1.232      SLICE_X78Y130   student_top_inst/u_RISCV_CORE/INST_RF_UNIT/u_gpr/regs_reg_r1_0_31_0_5/RAMA_D1/CLK
High Pulse Width  Slow    RAMD32/CLK          n/a            0.768         2.000       1.232      SLICE_X78Y130   student_top_inst/u_RISCV_CORE/INST_RF_UNIT/u_gpr/regs_reg_r1_0_31_0_5/RAMB/CLK
High Pulse Width  Fast    RAMD32/CLK          n/a            0.768         2.000       1.232      SLICE_X78Y130   student_top_inst/u_RISCV_CORE/INST_RF_UNIT/u_gpr/regs_reg_r1_0_31_0_5/RAMB/CLK
High Pulse Width  Slow    RAMD32/CLK          n/a            0.768         2.000       1.232      SLICE_X78Y130   student_top_inst/u_RISCV_CORE/INST_RF_UNIT/u_gpr/regs_reg_r1_0_31_0_5/RAMB_D1/CLK
High Pulse Width  Fast    RAMD32/CLK          n/a            0.768         2.000       1.232      SLICE_X78Y130   student_top_inst/u_RISCV_CORE/INST_RF_UNIT/u_gpr/regs_reg_r1_0_31_0_5/RAMB_D1/CLK
High Pulse Width  Slow    RAMD32/CLK          n/a            0.768         2.000       1.232      SLICE_X78Y130   student_top_inst/u_RISCV_CORE/INST_RF_UNIT/u_gpr/regs_reg_r1_0_31_0_5/RAMC/CLK
High Pulse Width  Fast    RAMD32/CLK          n/a            0.768         2.000       1.232      SLICE_X78Y130   student_top_inst/u_RISCV_CORE/INST_RF_UNIT/u_gpr/regs_reg_r1_0_31_0_5/RAMC/CLK



---------------------------------------------------------------------------------------------------
From Clock:  clkfbout_pll
  To Clock:  clkfbout_pll

Setup :           NA  Failing Endpoints,  Worst Slack           NA  ,  Total Violation           NA
Hold  :           NA  Failing Endpoints,  Worst Slack           NA  ,  Total Violation           NA
PW    :            0  Failing Endpoints,  Worst Slack        3.592ns,  Total Violation        0.000ns
---------------------------------------------------------------------------------------------------


Pulse Width Checks
--------------------------------------------------------------------------------------
Clock Name:         clkfbout_pll
Waveform(ns):       { 0.000 2.500 }
Period(ns):         5.000
Sources:            { pll_inst/inst/plle2_adv_inst/CLKFBOUT }

Check Type  Corner  Lib Pin             Reference Pin  Required(ns)  Actual(ns)  Slack(ns)  Location        Pin
Min Period  n/a     BUFG/I              n/a            1.408         5.000       3.591      BUFGCTRL_X0Y2   pll_inst/inst/clkf_buf/I
Min Period  n/a     PLLE2_ADV/CLKFBOUT  n/a            1.071         5.000       3.929      PLLE2_ADV_X1Y1  pll_inst/inst/plle2_adv_inst/CLKFBOUT
Min Period  n/a     PLLE2_ADV/CLKFBIN   n/a            1.071         5.000       3.929      PLLE2_ADV_X1Y1  pll_inst/inst/plle2_adv_inst/CLKFBIN
Max Period  n/a     PLLE2_ADV/CLKFBIN   n/a            52.633        5.000       47.633     PLLE2_ADV_X1Y1  pll_inst/inst/plle2_adv_inst/CLKFBIN
Max Period  n/a     PLLE2_ADV/CLKFBOUT  n/a            160.000       5.000       155.000    PLLE2_ADV_X1Y1  pll_inst/inst/plle2_adv_inst/CLKFBOUT



---------------------------------------------------------------------------------------------------
From Clock:  clk_out2_pll
  To Clock:  clk_out1_pll

Setup :            0  Failing Endpoints,  Worst Slack        0.665ns,  Total Violation        0.000ns
Hold  :            0  Failing Endpoints,  Worst Slack        0.130ns,  Total Violation        0.000ns
---------------------------------------------------------------------------------------------------


Max Delay Paths
--------------------------------------------------------------------------------------
Slack (MET) :             0.665ns  (required time - arrival time)
  Source:                 student_top_inst/bridge_inst/seg_driver/count_reg[4]/C
                            (rising edge-triggered cell FDCE clocked by clk_out2_pll  {rise@0.000ns fall@2.000ns period=4.000ns})
  Destination:            twin_controller_inst/status_buffer_reg[4][3]/D
                            (rising edge-triggered cell FDCE clocked by clk_out1_pll  {rise@0.000ns fall@10.000ns period=20.000ns})
  Path Group:             clk_out1_pll
  Path Type:              Setup (Max at Slow Process Corner)
  Requirement:            4.000ns  (clk_out1_pll rise@20.000ns - clk_out2_pll rise@16.000ns)
  Data Path Delay:        2.847ns  (logic 0.472ns (16.580%)  route 2.375ns (83.420%))
  Logic Levels:           2  (LUT3=1 LUT6=1)
  Clock Path Skew:        -0.264ns (DCD - SCD + CPR)
    Destination Clock Delay (DCD):    -2.124ns = ( 17.876 - 20.000 ) 
    Source Clock Delay      (SCD):    -2.457ns = ( 13.543 - 16.000 ) 
    Clock Pessimism Removal (CPR):    -0.598ns
  Clock Uncertainty:      0.194ns  ((TSJ^2 + DJ^2)^1/2) / 2 + PE
    Total System Jitter     (TSJ):    0.071ns
    Discrete Jitter          (DJ):    0.129ns
    Phase Error              (PE):    0.120ns

    Location             Delay type                Incr(ns)  Path(ns)    Netlist Resource(s)
  -------------------------------------------------------------------    -------------------
                         (clock clk_out2_pll rise edge)
                                                     16.000    16.000 r  
    AD12                                              0.000    16.000 r  i_sys_clk_p (IN)
                         net (fo=0)                   0.000    16.000    pll_inst/inst/clk_in1_p
    AD12                 IBUFDS (Prop_ibufds_I_O)     0.906    16.906 r  pll_inst/inst/clkin1_ibufgds/O
                         net (fo=1, routed)           1.098    18.004    pll_inst/inst/clk_in1_pll
    PLLE2_ADV_X1Y1       PLLE2_ADV (Prop_plle2_adv_CLKIN1_CLKOUT1)
                                                     -8.058     9.946 r  pll_inst/inst/plle2_adv_inst/CLKOUT1
                         net (fo=1, routed)           2.128    12.074    pll_inst/inst/clk_out2_pll
    BUFGCTRL_X0Y0        BUFG (Prop_bufg_I_O)         0.093    12.167 r  pll_inst/inst/clkout2_buf/O
                         net (fo=2458, routed)        1.376    13.543    student_top_inst/bridge_inst/seg_driver/clk
    SLICE_X51Y126        FDCE                                         r  student_top_inst/bridge_inst/seg_driver/count_reg[4]/C
  -------------------------------------------------------------------    -------------------
    SLICE_X51Y126        FDCE (Prop_fdce_C_Q)         0.204    13.747 r  student_top_inst/bridge_inst/seg_driver/count_reg[4]/Q
                         net (fo=50, routed)          1.022    14.768    student_top_inst/bridge_inst/seg_driver/ans[0]
    SLICE_X61Y133        LUT3 (Prop_lut3_I1_O)        0.132    14.900 r  student_top_inst/bridge_inst/seg_driver/seg4[6]_INST_0_i_2/O
                         net (fo=7, routed)           0.718    15.618    student_top_inst/bridge_inst/seg_driver/seg4[6]_INST_0_i_2_n_0
    SLICE_X52Y130        LUT6 (Prop_lut6_I1_O)        0.136    15.754 r  student_top_inst/bridge_inst/seg_driver/seg4[5]_INST_0/O
                         net (fo=2, routed)           0.635    16.389    twin_controller_inst/status_buffer_reg[4][7]_0[35]
    SLICE_X55Y126        FDCE                                         r  twin_controller_inst/status_buffer_reg[4][3]/D
  -------------------------------------------------------------------    -------------------

                         (clock clk_out1_pll rise edge)
                                                     20.000    20.000 r  
    AD12                                              0.000    20.000 r  i_sys_clk_p (IN)
                         net (fo=0)                   0.000    20.000    pll_inst/inst/clk_in1_p
    AD12                 IBUFDS (Prop_ibufds_I_O)     0.803    20.803 r  pll_inst/inst/clkin1_ibufgds/O
                         net (fo=1, routed)           1.001    21.804    pll_inst/inst/clk_in1_pll
    PLLE2_ADV_X1Y1       PLLE2_ADV (Prop_plle2_adv_CLKIN1_CLKOUT0)
                                                     -7.261    14.543 r  pll_inst/inst/plle2_adv_inst/CLKOUT0
                         net (fo=1, routed)           2.003    16.546    pll_inst/inst/clk_out1_pll
    BUFGCTRL_X0Y1        BUFG (Prop_bufg_I_O)         0.083    16.629 r  pll_inst/inst/clkout1_buf/O
                         net (fo=394, routed)         1.247    17.876    twin_controller_inst/CLK
    SLICE_X55Y126        FDCE                                         r  twin_controller_inst/status_buffer_reg[4][3]/C
                         clock pessimism             -0.598    17.279    
                         clock uncertainty           -0.194    17.085    
    SLICE_X55Y126        FDCE (Setup_fdce_C_D)       -0.031    17.054    twin_controller_inst/status_buffer_reg[4][3]
  -------------------------------------------------------------------
                         required time                         17.054    
                         arrival time                         -16.389    
  -------------------------------------------------------------------
                         slack                                  0.665    

Slack (MET) :             0.738ns  (required time - arrival time)
  Source:                 student_top_inst/bridge_inst/seg_driver/count_reg[4]/C
                            (rising edge-triggered cell FDCE clocked by clk_out2_pll  {rise@0.000ns fall@2.000ns period=4.000ns})
  Destination:            twin_controller_inst/status_buffer_reg[4][0]/D
                            (rising edge-triggered cell FDCE clocked by clk_out1_pll  {rise@0.000ns fall@10.000ns period=20.000ns})
  Path Group:             clk_out1_pll
  Path Type:              Setup (Max at Slow Process Corner)
  Requirement:            4.000ns  (clk_out1_pll rise@20.000ns - clk_out2_pll rise@16.000ns)
  Data Path Delay:        2.790ns  (logic 0.370ns (13.262%)  route 2.420ns (86.738%))
  Logic Levels:           2  (LUT3=1 LUT6=1)
  Clock Path Skew:        -0.256ns (DCD - SCD + CPR)
    Destination Clock Delay (DCD):    -2.116ns = ( 17.884 - 20.000 ) 
    Source Clock Delay      (SCD):    -2.457ns = ( 13.543 - 16.000 ) 
    Clock Pessimism Removal (CPR):    -0.598ns
  Clock Uncertainty:      0.194ns  ((TSJ^2 + DJ^2)^1/2) / 2 + PE
    Total System Jitter     (TSJ):    0.071ns
    Discrete Jitter          (DJ):    0.129ns
    Phase Error              (PE):    0.120ns

    Location             Delay type                Incr(ns)  Path(ns)    Netlist Resource(s)
  -------------------------------------------------------------------    -------------------
                         (clock clk_out2_pll rise edge)
                                                     16.000    16.000 r  
    AD12                                              0.000    16.000 r  i_sys_clk_p (IN)
                         net (fo=0)                   0.000    16.000    pll_inst/inst/clk_in1_p
    AD12                 IBUFDS (Prop_ibufds_I_O)     0.906    16.906 r  pll_inst/inst/clkin1_ibufgds/O
                         net (fo=1, routed)           1.098    18.004    pll_inst/inst/clk_in1_pll
    PLLE2_ADV_X1Y1       PLLE2_ADV (Prop_plle2_adv_CLKIN1_CLKOUT1)
                                                     -8.058     9.946 r  pll_inst/inst/plle2_adv_inst/CLKOUT1
                         net (fo=1, routed)           2.128    12.074    pll_inst/inst/clk_out2_pll
    BUFGCTRL_X0Y0        BUFG (Prop_bufg_I_O)         0.093    12.167 r  pll_inst/inst/clkout2_buf/O
                         net (fo=2458, routed)        1.376    13.543    student_top_inst/bridge_inst/seg_driver/clk
    SLICE_X51Y126        FDCE                                         r  student_top_inst/bridge_inst/seg_driver/count_reg[4]/C
  -------------------------------------------------------------------    -------------------
    SLICE_X51Y126        FDCE (Prop_fdce_C_Q)         0.204    13.747 r  student_top_inst/bridge_inst/seg_driver/count_reg[4]/Q
                         net (fo=50, routed)          1.022    14.768    student_top_inst/bridge_inst/seg_driver/ans[0]
    SLICE_X61Y133        LUT3 (Prop_lut3_I1_O)        0.123    14.891 r  student_top_inst/bridge_inst/seg_driver/seg4[6]_INST_0_i_1/O
                         net (fo=7, routed)           0.835    15.727    student_top_inst/bridge_inst/seg_driver/seg4[6]_INST_0_i_1_n_0
    SLICE_X52Y133        LUT6 (Prop_lut6_I0_O)        0.043    15.770 r  student_top_inst/bridge_inst/seg_driver/seg4[2]_INST_0/O
                         net (fo=2, routed)           0.563    16.333    twin_controller_inst/status_buffer_reg[4][7]_0[32]
    SLICE_X53Y133        FDCE                                         r  twin_controller_inst/status_buffer_reg[4][0]/D
  -------------------------------------------------------------------    -------------------

                         (clock clk_out1_pll rise edge)
                                                     20.000    20.000 r  
    AD12                                              0.000    20.000 r  i_sys_clk_p (IN)
                         net (fo=0)                   0.000    20.000    pll_inst/inst/clk_in1_p
    AD12                 IBUFDS (Prop_ibufds_I_O)     0.803    20.803 r  pll_inst/inst/clkin1_ibufgds/O
                         net (fo=1, routed)           1.001    21.804    pll_inst/inst/clk_in1_pll
    PLLE2_ADV_X1Y1       PLLE2_ADV (Prop_plle2_adv_CLKIN1_CLKOUT0)
                                                     -7.261    14.543 r  pll_inst/inst/plle2_adv_inst/CLKOUT0
                         net (fo=1, routed)           2.003    16.546    pll_inst/inst/clk_out1_pll
    BUFGCTRL_X0Y1        BUFG (Prop_bufg_I_O)         0.083    16.629 r  pll_inst/inst/clkout1_buf/O
                         net (fo=394, routed)         1.255    17.884    twin_controller_inst/CLK
    SLICE_X53Y133        FDCE                                         r  twin_controller_inst/status_buffer_reg[4][0]/C
                         clock pessimism             -0.598    17.287    
                         clock uncertainty           -0.194    17.093    
    SLICE_X53Y133        FDCE (Setup_fdce_C_D)       -0.022    17.071    twin_controller_inst/status_buffer_reg[4][0]
  -------------------------------------------------------------------
                         required time                         17.071    
                         arrival time                         -16.333    
  -------------------------------------------------------------------
                         slack                                  0.738    

Slack (MET) :             0.746ns  (required time - arrival time)
  Source:                 student_top_inst/bridge_inst/seg_driver/count_reg[4]/C
                            (rising edge-triggered cell FDCE clocked by clk_out2_pll  {rise@0.000ns fall@2.000ns period=4.000ns})
  Destination:            twin_controller_inst/status_buffer_reg[2][7]/D
                            (rising edge-triggered cell FDCE clocked by clk_out1_pll  {rise@0.000ns fall@10.000ns period=20.000ns})
  Path Group:             clk_out1_pll
  Path Type:              Setup (Max at Slow Process Corner)
  Requirement:            4.000ns  (clk_out1_pll rise@20.000ns - clk_out2_pll rise@16.000ns)
  Data Path Delay:        2.790ns  (logic 0.469ns (16.808%)  route 2.321ns (83.192%))
  Logic Levels:           2  (LUT3=1 LUT6=1)
  Clock Path Skew:        -0.260ns (DCD - SCD + CPR)
    Destination Clock Delay (DCD):    -2.120ns = ( 17.880 - 20.000 ) 
    Source Clock Delay      (SCD):    -2.457ns = ( 13.543 - 16.000 ) 
    Clock Pessimism Removal (CPR):    -0.598ns
  Clock Uncertainty:      0.194ns  ((TSJ^2 + DJ^2)^1/2) / 2 + PE
    Total System Jitter     (TSJ):    0.071ns
    Discrete Jitter          (DJ):    0.129ns
    Phase Error              (PE):    0.120ns

    Location             Delay type                Incr(ns)  Path(ns)    Netlist Resource(s)
  -------------------------------------------------------------------    -------------------
                         (clock clk_out2_pll rise edge)
                                                     16.000    16.000 r  
    AD12                                              0.000    16.000 r  i_sys_clk_p (IN)
                         net (fo=0)                   0.000    16.000    pll_inst/inst/clk_in1_p
    AD12                 IBUFDS (Prop_ibufds_I_O)     0.906    16.906 r  pll_inst/inst/clkin1_ibufgds/O
                         net (fo=1, routed)           1.098    18.004    pll_inst/inst/clk_in1_pll
    PLLE2_ADV_X1Y1       PLLE2_ADV (Prop_plle2_adv_CLKIN1_CLKOUT1)
                                                     -8.058     9.946 r  pll_inst/inst/plle2_adv_inst/CLKOUT1
                         net (fo=1, routed)           2.128    12.074    pll_inst/inst/clk_out2_pll
    BUFGCTRL_X0Y0        BUFG (Prop_bufg_I_O)         0.093    12.167 r  pll_inst/inst/clkout2_buf/O
                         net (fo=2458, routed)        1.376    13.543    student_top_inst/bridge_inst/seg_driver/clk
    SLICE_X51Y126        FDCE                                         r  student_top_inst/bridge_inst/seg_driver/count_reg[4]/C
  -------------------------------------------------------------------    -------------------
    SLICE_X51Y126        FDCE (Prop_fdce_C_Q)         0.204    13.747 r  student_top_inst/bridge_inst/seg_driver/count_reg[4]/Q
                         net (fo=50, routed)          0.959    14.706    student_top_inst/bridge_inst/seg_driver/ans[0]
    SLICE_X62Y129        LUT3 (Prop_lut3_I1_O)        0.131    14.837 r  student_top_inst/bridge_inst/seg_driver/seg3[6]_INST_0_i_2/O
                         net (fo=7, routed)           0.808    15.645    student_top_inst/bridge_inst/seg_driver/seg3[6]_INST_0_i_2_n_0
    SLICE_X50Y129        LUT6 (Prop_lut6_I1_O)        0.134    15.779 r  student_top_inst/bridge_inst/seg_driver/seg3[3]_INST_0/O
                         net (fo=2, routed)           0.554    16.333    twin_controller_inst/status_buffer_reg[4][7]_0[23]
    SLICE_X50Y129        FDCE                                         r  twin_controller_inst/status_buffer_reg[2][7]/D
  -------------------------------------------------------------------    -------------------

                         (clock clk_out1_pll rise edge)
                                                     20.000    20.000 r  
    AD12                                              0.000    20.000 r  i_sys_clk_p (IN)
                         net (fo=0)                   0.000    20.000    pll_inst/inst/clk_in1_p
    AD12                 IBUFDS (Prop_ibufds_I_O)     0.803    20.803 r  pll_inst/inst/clkin1_ibufgds/O
                         net (fo=1, routed)           1.001    21.804    pll_inst/inst/clk_in1_pll
    PLLE2_ADV_X1Y1       PLLE2_ADV (Prop_plle2_adv_CLKIN1_CLKOUT0)
                                                     -7.261    14.543 r  pll_inst/inst/plle2_adv_inst/CLKOUT0
                         net (fo=1, routed)           2.003    16.546    pll_inst/inst/clk_out1_pll
    BUFGCTRL_X0Y1        BUFG (Prop_bufg_I_O)         0.083    16.629 r  pll_inst/inst/clkout1_buf/O
                         net (fo=394, routed)         1.251    17.880    twin_controller_inst/CLK
    SLICE_X50Y129        FDCE                                         r  twin_controller_inst/status_buffer_reg[2][7]/C
                         clock pessimism             -0.598    17.283    
                         clock uncertainty           -0.194    17.089    
    SLICE_X50Y129        FDCE (Setup_fdce_C_D)       -0.010    17.079    twin_controller_inst/status_buffer_reg[2][7]
  -------------------------------------------------------------------
                         required time                         17.079    
                         arrival time                         -16.333    
  -------------------------------------------------------------------
                         slack                                  0.746    

Slack (MET) :             0.752ns  (required time - arrival time)
  Source:                 student_top_inst/bridge_inst/seg_driver/count_reg[4]/C
                            (rising edge-triggered cell FDCE clocked by clk_out2_pll  {rise@0.000ns fall@2.000ns period=4.000ns})
  Destination:            twin_controller_inst/status_buffer_reg[3][1]/D
                            (rising edge-triggered cell FDCE clocked by clk_out1_pll  {rise@0.000ns fall@10.000ns period=20.000ns})
  Path Group:             clk_out1_pll
  Path Type:              Setup (Max at Slow Process Corner)
  Requirement:            4.000ns  (clk_out1_pll rise@20.000ns - clk_out2_pll rise@16.000ns)
  Data Path Delay:        2.795ns  (logic 0.469ns (16.783%)  route 2.326ns (83.217%))
  Logic Levels:           2  (LUT3=1 LUT6=1)
  Clock Path Skew:        -0.260ns (DCD - SCD + CPR)
    Destination Clock Delay (DCD):    -2.120ns = ( 17.880 - 20.000 ) 
    Source Clock Delay      (SCD):    -2.457ns = ( 13.543 - 16.000 ) 
    Clock Pessimism Removal (CPR):    -0.598ns
  Clock Uncertainty:      0.194ns  ((TSJ^2 + DJ^2)^1/2) / 2 + PE
    Total System Jitter     (TSJ):    0.071ns
    Discrete Jitter          (DJ):    0.129ns
    Phase Error              (PE):    0.120ns

    Location             Delay type                Incr(ns)  Path(ns)    Netlist Resource(s)
  -------------------------------------------------------------------    -------------------
                         (clock clk_out2_pll rise edge)
                                                     16.000    16.000 r  
    AD12                                              0.000    16.000 r  i_sys_clk_p (IN)
                         net (fo=0)                   0.000    16.000    pll_inst/inst/clk_in1_p
    AD12                 IBUFDS (Prop_ibufds_I_O)     0.906    16.906 r  pll_inst/inst/clkin1_ibufgds/O
                         net (fo=1, routed)           1.098    18.004    pll_inst/inst/clk_in1_pll
    PLLE2_ADV_X1Y1       PLLE2_ADV (Prop_plle2_adv_CLKIN1_CLKOUT1)
                                                     -8.058     9.946 r  pll_inst/inst/plle2_adv_inst/CLKOUT1
                         net (fo=1, routed)           2.128    12.074    pll_inst/inst/clk_out2_pll
    BUFGCTRL_X0Y0        BUFG (Prop_bufg_I_O)         0.093    12.167 r  pll_inst/inst/clkout2_buf/O
                         net (fo=2458, routed)        1.376    13.543    student_top_inst/bridge_inst/seg_driver/clk
    SLICE_X51Y126        FDCE                                         r  student_top_inst/bridge_inst/seg_driver/count_reg[4]/C
  -------------------------------------------------------------------    -------------------
    SLICE_X51Y126        FDCE (Prop_fdce_C_Q)         0.204    13.747 r  student_top_inst/bridge_inst/seg_driver/count_reg[4]/Q
                         net (fo=50, routed)          0.959    14.706    student_top_inst/bridge_inst/seg_driver/ans[0]
    SLICE_X62Y129        LUT3 (Prop_lut3_I1_O)        0.131    14.837 r  student_top_inst/bridge_inst/seg_driver/seg3[6]_INST_0_i_2/O
                         net (fo=7, routed)           0.812    15.649    student_top_inst/bridge_inst/seg_driver/seg3[6]_INST_0_i_2_n_0
    SLICE_X50Y129        LUT6 (Prop_lut6_I1_O)        0.134    15.783 r  student_top_inst/bridge_inst/seg_driver/seg3[5]_INST_0/O
                         net (fo=2, routed)           0.554    16.337    twin_controller_inst/status_buffer_reg[4][7]_0[25]
    SLICE_X50Y129        FDCE                                         r  twin_controller_inst/status_buffer_reg[3][1]/D
  -------------------------------------------------------------------    -------------------

                         (clock clk_out1_pll rise edge)
                                                     20.000    20.000 r  
    AD12                                              0.000    20.000 r  i_sys_clk_p (IN)
                         net (fo=0)                   0.000    20.000    pll_inst/inst/clk_in1_p
    AD12                 IBUFDS (Prop_ibufds_I_O)     0.803    20.803 r  pll_inst/inst/clkin1_ibufgds/O
                         net (fo=1, routed)           1.001    21.804    pll_inst/inst/clk_in1_pll
    PLLE2_ADV_X1Y1       PLLE2_ADV (Prop_plle2_adv_CLKIN1_CLKOUT0)
                                                     -7.261    14.543 r  pll_inst/inst/plle2_adv_inst/CLKOUT0
                         net (fo=1, routed)           2.003    16.546    pll_inst/inst/clk_out1_pll
    BUFGCTRL_X0Y1        BUFG (Prop_bufg_I_O)         0.083    16.629 r  pll_inst/inst/clkout1_buf/O
                         net (fo=394, routed)         1.251    17.880    twin_controller_inst/CLK
    SLICE_X50Y129        FDCE                                         r  twin_controller_inst/status_buffer_reg[3][1]/C
                         clock pessimism             -0.598    17.283    
                         clock uncertainty           -0.194    17.089    
    SLICE_X50Y129        FDCE (Setup_fdce_C_D)        0.000    17.089    twin_controller_inst/status_buffer_reg[3][1]
  -------------------------------------------------------------------
                         required time                         17.089    
                         arrival time                         -16.337    
  -------------------------------------------------------------------
                         slack                                  0.752    

Slack (MET) :             0.757ns  (required time - arrival time)
  Source:                 student_top_inst/bridge_inst/seg_wdata_reg[7]/C
                            (rising edge-triggered cell FDRE clocked by clk_out2_pll  {rise@0.000ns fall@2.000ns period=4.000ns})
  Destination:            twin_controller_inst/status_buffer_reg[0][2]/D
                            (rising edge-triggered cell FDCE clocked by clk_out1_pll  {rise@0.000ns fall@10.000ns period=20.000ns})
  Path Group:             clk_out1_pll
  Path Type:              Setup (Max at Slow Process Corner)
  Requirement:            4.000ns  (clk_out1_pll rise@20.000ns - clk_out2_pll rise@16.000ns)
  Data Path Delay:        2.755ns  (logic 0.371ns (13.466%)  route 2.384ns (86.534%))
  Logic Levels:           2  (LUT3=1 LUT6=1)
  Clock Path Skew:        -0.272ns (DCD - SCD + CPR)
    Destination Clock Delay (DCD):    -2.119ns = ( 17.881 - 20.000 ) 
    Source Clock Delay      (SCD):    -2.444ns = ( 13.556 - 16.000 ) 
    Clock Pessimism Removal (CPR):    -0.598ns
  Clock Uncertainty:      0.194ns  ((TSJ^2 + DJ^2)^1/2) / 2 + PE
    Total System Jitter     (TSJ):    0.071ns
    Discrete Jitter          (DJ):    0.129ns
    Phase Error              (PE):    0.120ns

    Location             Delay type                Incr(ns)  Path(ns)    Netlist Resource(s)
  -------------------------------------------------------------------    -------------------
                         (clock clk_out2_pll rise edge)
                                                     16.000    16.000 r  
    AD12                                              0.000    16.000 r  i_sys_clk_p (IN)
                         net (fo=0)                   0.000    16.000    pll_inst/inst/clk_in1_p
    AD12                 IBUFDS (Prop_ibufds_I_O)     0.906    16.906 r  pll_inst/inst/clkin1_ibufgds/O
                         net (fo=1, routed)           1.098    18.004    pll_inst/inst/clk_in1_pll
    PLLE2_ADV_X1Y1       PLLE2_ADV (Prop_plle2_adv_CLKIN1_CLKOUT1)
                                                     -8.058     9.946 r  pll_inst/inst/plle2_adv_inst/CLKOUT1
                         net (fo=1, routed)           2.128    12.074    pll_inst/inst/clk_out2_pll
    BUFGCTRL_X0Y0        BUFG (Prop_bufg_I_O)         0.093    12.167 r  pll_inst/inst/clkout2_buf/O
                         net (fo=2458, routed)        1.389    13.556    student_top_inst/bridge_inst/CLK
    SLICE_X69Y137        FDRE                                         r  student_top_inst/bridge_inst/seg_wdata_reg[7]/C
  -------------------------------------------------------------------    -------------------
    SLICE_X69Y137        FDRE (Prop_fdre_C_Q)         0.204    13.760 r  student_top_inst/bridge_inst/seg_wdata_reg[7]/Q
                         net (fo=2, routed)           1.015    14.774    student_top_inst/bridge_inst/seg_driver/s[7]
    SLICE_X54Y126        LUT3 (Prop_lut3_I2_O)        0.124    14.898 r  student_top_inst/bridge_inst/seg_driver/seg1[6]_INST_0_i_1/O
                         net (fo=7, routed)           0.557    15.455    student_top_inst/bridge_inst/seg_driver/sel0[3]
    SLICE_X51Y128        LUT6 (Prop_lut6_I0_O)        0.043    15.498 r  student_top_inst/bridge_inst/seg_driver/seg1[2]_INST_0/O
                         net (fo=2, routed)           0.812    16.311    twin_controller_inst/status_buffer_reg[4][7]_0[2]
    SLICE_X51Y130        FDCE                                         r  twin_controller_inst/status_buffer_reg[0][2]/D
  -------------------------------------------------------------------    -------------------

                         (clock clk_out1_pll rise edge)
                                                     20.000    20.000 r  
    AD12                                              0.000    20.000 r  i_sys_clk_p (IN)
                         net (fo=0)                   0.000    20.000    pll_inst/inst/clk_in1_p
    AD12                 IBUFDS (Prop_ibufds_I_O)     0.803    20.803 r  pll_inst/inst/clkin1_ibufgds/O
                         net (fo=1, routed)           1.001    21.804    pll_inst/inst/clk_in1_pll
    PLLE2_ADV_X1Y1       PLLE2_ADV (Prop_plle2_adv_CLKIN1_CLKOUT0)
                                                     -7.261    14.543 r  pll_inst/inst/plle2_adv_inst/CLKOUT0
                         net (fo=1, routed)           2.003    16.546    pll_inst/inst/clk_out1_pll
    BUFGCTRL_X0Y1        BUFG (Prop_bufg_I_O)         0.083    16.629 r  pll_inst/inst/clkout1_buf/O
                         net (fo=394, routed)         1.252    17.881    twin_controller_inst/CLK
    SLICE_X51Y130        FDCE                                         r  twin_controller_inst/status_buffer_reg[0][2]/C
                         clock pessimism             -0.598    17.284    
                         clock uncertainty           -0.194    17.090    
    SLICE_X51Y130        FDCE (Setup_fdce_C_D)       -0.022    17.068    twin_controller_inst/status_buffer_reg[0][2]
  -------------------------------------------------------------------
                         required time                         17.068    
                         arrival time                         -16.311    
  -------------------------------------------------------------------
                         slack                                  0.757    

Slack (MET) :             0.758ns  (required time - arrival time)
  Source:                 student_top_inst/bridge_inst/seg_wdata_reg[7]/C
                            (rising edge-triggered cell FDRE clocked by clk_out2_pll  {rise@0.000ns fall@2.000ns period=4.000ns})
  Destination:            twin_controller_inst/status_buffer_reg[0][5]/D
                            (rising edge-triggered cell FDCE clocked by clk_out1_pll  {rise@0.000ns fall@10.000ns period=20.000ns})
  Path Group:             clk_out1_pll
  Path Type:              Setup (Max at Slow Process Corner)
  Requirement:            4.000ns  (clk_out1_pll rise@20.000ns - clk_out2_pll rise@16.000ns)
  Data Path Delay:        2.755ns  (logic 0.371ns (13.466%)  route 2.384ns (86.534%))
  Logic Levels:           2  (LUT3=1 LUT6=1)
  Clock Path Skew:        -0.271ns (DCD - SCD + CPR)
    Destination Clock Delay (DCD):    -2.118ns = ( 17.882 - 20.000 ) 
    Source Clock Delay      (SCD):    -2.444ns = ( 13.556 - 16.000 ) 
    Clock Pessimism Removal (CPR):    -0.598ns
  Clock Uncertainty:      0.194ns  ((TSJ^2 + DJ^2)^1/2) / 2 + PE
    Total System Jitter     (TSJ):    0.071ns
    Discrete Jitter          (DJ):    0.129ns
    Phase Error              (PE):    0.120ns

    Location             Delay type                Incr(ns)  Path(ns)    Netlist Resource(s)
  -------------------------------------------------------------------    -------------------
                         (clock clk_out2_pll rise edge)
                                                     16.000    16.000 r  
    AD12                                              0.000    16.000 r  i_sys_clk_p (IN)
                         net (fo=0)                   0.000    16.000    pll_inst/inst/clk_in1_p
    AD12                 IBUFDS (Prop_ibufds_I_O)     0.906    16.906 r  pll_inst/inst/clkin1_ibufgds/O
                         net (fo=1, routed)           1.098    18.004    pll_inst/inst/clk_in1_pll
    PLLE2_ADV_X1Y1       PLLE2_ADV (Prop_plle2_adv_CLKIN1_CLKOUT1)
                                                     -8.058     9.946 r  pll_inst/inst/plle2_adv_inst/CLKOUT1
                         net (fo=1, routed)           2.128    12.074    pll_inst/inst/clk_out2_pll
    BUFGCTRL_X0Y0        BUFG (Prop_bufg_I_O)         0.093    12.167 r  pll_inst/inst/clkout2_buf/O
                         net (fo=2458, routed)        1.389    13.556    student_top_inst/bridge_inst/CLK
    SLICE_X69Y137        FDRE                                         r  student_top_inst/bridge_inst/seg_wdata_reg[7]/C
  -------------------------------------------------------------------    -------------------
    SLICE_X69Y137        FDRE (Prop_fdre_C_Q)         0.204    13.760 r  student_top_inst/bridge_inst/seg_wdata_reg[7]/Q
                         net (fo=2, routed)           1.015    14.774    student_top_inst/bridge_inst/seg_driver/s[7]
    SLICE_X54Y126        LUT3 (Prop_lut3_I2_O)        0.124    14.898 r  student_top_inst/bridge_inst/seg_driver/seg1[6]_INST_0_i_1/O
                         net (fo=7, routed)           0.659    15.558    student_top_inst/bridge_inst/seg_driver/sel0[3]
    SLICE_X51Y128        LUT6 (Prop_lut6_I0_O)        0.043    15.601 r  student_top_inst/bridge_inst/seg_driver/seg1[5]_INST_0/O
                         net (fo=2, routed)           0.710    16.311    twin_controller_inst/status_buffer_reg[4][7]_0[5]
    SLICE_X51Y132        FDCE                                         r  twin_controller_inst/status_buffer_reg[0][5]/D
  -------------------------------------------------------------------    -------------------

                         (clock clk_out1_pll rise edge)
                                                     20.000    20.000 r  
    AD12                                              0.000    20.000 r  i_sys_clk_p (IN)
                         net (fo=0)                   0.000    20.000    pll_inst/inst/clk_in1_p
    AD12                 IBUFDS (Prop_ibufds_I_O)     0.803    20.803 r  pll_inst/inst/clkin1_ibufgds/O
                         net (fo=1, routed)           1.001    21.804    pll_inst/inst/clk_in1_pll
    PLLE2_ADV_X1Y1       PLLE2_ADV (Prop_plle2_adv_CLKIN1_CLKOUT0)
                                                     -7.261    14.543 r  pll_inst/inst/plle2_adv_inst/CLKOUT0
                         net (fo=1, routed)           2.003    16.546    pll_inst/inst/clk_out1_pll
    BUFGCTRL_X0Y1        BUFG (Prop_bufg_I_O)         0.083    16.629 r  pll_inst/inst/clkout1_buf/O
                         net (fo=394, routed)         1.253    17.882    twin_controller_inst/CLK
    SLICE_X51Y132        FDCE                                         r  twin_controller_inst/status_buffer_reg[0][5]/C
                         clock pessimism             -0.598    17.285    
                         clock uncertainty           -0.194    17.091    
    SLICE_X51Y132        FDCE (Setup_fdce_C_D)       -0.022    17.069    twin_controller_inst/status_buffer_reg[0][5]
  -------------------------------------------------------------------
                         required time                         17.069    
                         arrival time                         -16.311    
  -------------------------------------------------------------------
                         slack                                  0.758    

Slack (MET) :             0.770ns  (required time - arrival time)
  Source:                 student_top_inst/bridge_inst/seg_driver/count_reg[4]/C
                            (rising edge-triggered cell FDCE clocked by clk_out2_pll  {rise@0.000ns fall@2.000ns period=4.000ns})
  Destination:            twin_controller_inst/status_buffer_reg[4][4]/D
                            (rising edge-triggered cell FDCE clocked by clk_out1_pll  {rise@0.000ns fall@10.000ns period=20.000ns})
  Path Group:             clk_out1_pll
  Path Type:              Setup (Max at Slow Process Corner)
  Requirement:            4.000ns  (clk_out1_pll rise@20.000ns - clk_out2_pll rise@16.000ns)
  Data Path Delay:        2.797ns  (logic 0.472ns (16.877%)  route 2.325ns (83.123%))
  Logic Levels:           2  (LUT3=1 LUT6=1)
  Clock Path Skew:        -0.262ns (DCD - SCD + CPR)
    Destination Clock Delay (DCD):    -2.122ns = ( 17.878 - 20.000 ) 
    Source Clock Delay      (SCD):    -2.457ns = ( 13.543 - 16.000 ) 
    Clock Pessimism Removal (CPR):    -0.598ns
  Clock Uncertainty:      0.194ns  ((TSJ^2 + DJ^2)^1/2) / 2 + PE
    Total System Jitter     (TSJ):    0.071ns
    Discrete Jitter          (DJ):    0.129ns
    Phase Error              (PE):    0.120ns

    Location             Delay type                Incr(ns)  Path(ns)    Netlist Resource(s)
  -------------------------------------------------------------------    -------------------
                         (clock clk_out2_pll rise edge)
                                                     16.000    16.000 r  
    AD12                                              0.000    16.000 r  i_sys_clk_p (IN)
                         net (fo=0)                   0.000    16.000    pll_inst/inst/clk_in1_p
    AD12                 IBUFDS (Prop_ibufds_I_O)     0.906    16.906 r  pll_inst/inst/clkin1_ibufgds/O
                         net (fo=1, routed)           1.098    18.004    pll_inst/inst/clk_in1_pll
    PLLE2_ADV_X1Y1       PLLE2_ADV (Prop_plle2_adv_CLKIN1_CLKOUT1)
                                                     -8.058     9.946 r  pll_inst/inst/plle2_adv_inst/CLKOUT1
                         net (fo=1, routed)           2.128    12.074    pll_inst/inst/clk_out2_pll
    BUFGCTRL_X0Y0        BUFG (Prop_bufg_I_O)         0.093    12.167 r  pll_inst/inst/clkout2_buf/O
                         net (fo=2458, routed)        1.376    13.543    student_top_inst/bridge_inst/seg_driver/clk
    SLICE_X51Y126        FDCE                                         r  student_top_inst/bridge_inst/seg_driver/count_reg[4]/C
  -------------------------------------------------------------------    -------------------
    SLICE_X51Y126        FDCE (Prop_fdce_C_Q)         0.204    13.747 r  student_top_inst/bridge_inst/seg_driver/count_reg[4]/Q
                         net (fo=50, routed)          1.022    14.768    student_top_inst/bridge_inst/seg_driver/ans[0]
    SLICE_X61Y133        LUT3 (Prop_lut3_I1_O)        0.132    14.900 r  student_top_inst/bridge_inst/seg_driver/seg4[6]_INST_0_i_2/O
                         net (fo=7, routed)           0.574    15.475    student_top_inst/bridge_inst/seg_driver/seg4[6]_INST_0_i_2_n_0
    SLICE_X54Y133        LUT6 (Prop_lut6_I4_O)        0.136    15.611 r  student_top_inst/bridge_inst/seg_driver/seg4[6]_INST_0/O
                         net (fo=2, routed)           0.729    16.339    twin_controller_inst/status_buffer_reg[4][7]_0[36]
    SLICE_X54Y128        FDCE                                         r  twin_controller_inst/status_buffer_reg[4][4]/D
  -------------------------------------------------------------------    -------------------

                         (clock clk_out1_pll rise edge)
                                                     20.000    20.000 r  
    AD12                                              0.000    20.000 r  i_sys_clk_p (IN)
                         net (fo=0)                   0.000    20.000    pll_inst/inst/clk_in1_p
    AD12                 IBUFDS (Prop_ibufds_I_O)     0.803    20.803 r  pll_inst/inst/clkin1_ibufgds/O
                         net (fo=1, routed)           1.001    21.804    pll_inst/inst/clk_in1_pll
    PLLE2_ADV_X1Y1       PLLE2_ADV (Prop_plle2_adv_CLKIN1_CLKOUT0)
                                                     -7.261    14.543 r  pll_inst/inst/plle2_adv_inst/CLKOUT0
                         net (fo=1, routed)           2.003    16.546    pll_inst/inst/clk_out1_pll
    BUFGCTRL_X0Y1        BUFG (Prop_bufg_I_O)         0.083    16.629 r  pll_inst/inst/clkout1_buf/O
                         net (fo=394, routed)         1.249    17.878    twin_controller_inst/CLK
    SLICE_X54Y128        FDCE                                         r  twin_controller_inst/status_buffer_reg[4][4]/C
                         clock pessimism             -0.598    17.281    
                         clock uncertainty           -0.194    17.087    
    SLICE_X54Y128        FDCE (Setup_fdce_C_D)        0.022    17.109    twin_controller_inst/status_buffer_reg[4][4]
  -------------------------------------------------------------------
                         required time                         17.109    
                         arrival time                         -16.339    
  -------------------------------------------------------------------
                         slack                                  0.770    

Slack (MET) :             0.785ns  (required time - arrival time)
  Source:                 student_top_inst/bridge_inst/seg_driver/count_reg[4]/C
                            (rising edge-triggered cell FDCE clocked by clk_out2_pll  {rise@0.000ns fall@2.000ns period=4.000ns})
  Destination:            twin_controller_inst/status_buffer_reg[4][2]/D
                            (rising edge-triggered cell FDCE clocked by clk_out1_pll  {rise@0.000ns fall@10.000ns period=20.000ns})
  Path Group:             clk_out1_pll
  Path Type:              Setup (Max at Slow Process Corner)
  Requirement:            4.000ns  (clk_out1_pll rise@20.000ns - clk_out2_pll rise@16.000ns)
  Data Path Delay:        2.761ns  (logic 0.472ns (17.096%)  route 2.289ns (82.904%))
  Logic Levels:           2  (LUT3=1 LUT6=1)
  Clock Path Skew:        -0.258ns (DCD - SCD + CPR)
    Destination Clock Delay (DCD):    -2.118ns = ( 17.882 - 20.000 ) 
    Source Clock Delay      (SCD):    -2.457ns = ( 13.543 - 16.000 ) 
    Clock Pessimism Removal (CPR):    -0.598ns
  Clock Uncertainty:      0.194ns  ((TSJ^2 + DJ^2)^1/2) / 2 + PE
    Total System Jitter     (TSJ):    0.071ns
    Discrete Jitter          (DJ):    0.129ns
    Phase Error              (PE):    0.120ns

    Location             Delay type                Incr(ns)  Path(ns)    Netlist Resource(s)
  -------------------------------------------------------------------    -------------------
                         (clock clk_out2_pll rise edge)
                                                     16.000    16.000 r  
    AD12                                              0.000    16.000 r  i_sys_clk_p (IN)
                         net (fo=0)                   0.000    16.000    pll_inst/inst/clk_in1_p
    AD12                 IBUFDS (Prop_ibufds_I_O)     0.906    16.906 r  pll_inst/inst/clkin1_ibufgds/O
                         net (fo=1, routed)           1.098    18.004    pll_inst/inst/clk_in1_pll
    PLLE2_ADV_X1Y1       PLLE2_ADV (Prop_plle2_adv_CLKIN1_CLKOUT1)
                                                     -8.058     9.946 r  pll_inst/inst/plle2_adv_inst/CLKOUT1
                         net (fo=1, routed)           2.128    12.074    pll_inst/inst/clk_out2_pll
    BUFGCTRL_X0Y0        BUFG (Prop_bufg_I_O)         0.093    12.167 r  pll_inst/inst/clkout2_buf/O
                         net (fo=2458, routed)        1.376    13.543    student_top_inst/bridge_inst/seg_driver/clk
    SLICE_X51Y126        FDCE                                         r  student_top_inst/bridge_inst/seg_driver/count_reg[4]/C
  -------------------------------------------------------------------    -------------------
    SLICE_X51Y126        FDCE (Prop_fdce_C_Q)         0.204    13.747 r  student_top_inst/bridge_inst/seg_driver/count_reg[4]/Q
                         net (fo=50, routed)          1.022    14.768    student_top_inst/bridge_inst/seg_driver/ans[0]
    SLICE_X61Y133        LUT3 (Prop_lut3_I1_O)        0.132    14.900 r  student_top_inst/bridge_inst/seg_driver/seg4[6]_INST_0_i_2/O
                         net (fo=7, routed)           0.681    15.581    student_top_inst/bridge_inst/seg_driver/seg4[6]_INST_0_i_2_n_0
    SLICE_X52Y130        LUT6 (Prop_lut6_I4_O)        0.136    15.717 r  student_top_inst/bridge_inst/seg_driver/seg4[4]_INST_0/O
                         net (fo=2, routed)           0.586    16.304    twin_controller_inst/status_buffer_reg[4][7]_0[34]
    SLICE_X52Y130        FDCE                                         r  twin_controller_inst/status_buffer_reg[4][2]/D
  -------------------------------------------------------------------    -------------------

                         (clock clk_out1_pll rise edge)
                                                     20.000    20.000 r  
    AD12                                              0.000    20.000 r  i_sys_clk_p (IN)
                         net (fo=0)                   0.000    20.000    pll_inst/inst/clk_in1_p
    AD12                 IBUFDS (Prop_ibufds_I_O)     0.803    20.803 r  pll_inst/inst/clkin1_ibufgds/O
                         net (fo=1, routed)           1.001    21.804    pll_inst/inst/clk_in1_pll
    PLLE2_ADV_X1Y1       PLLE2_ADV (Prop_plle2_adv_CLKIN1_CLKOUT0)
                                                     -7.261    14.543 r  pll_inst/inst/plle2_adv_inst/CLKOUT0
                         net (fo=1, routed)           2.003    16.546    pll_inst/inst/clk_out1_pll
    BUFGCTRL_X0Y1        BUFG (Prop_bufg_I_O)         0.083    16.629 r  pll_inst/inst/clkout1_buf/O
                         net (fo=394, routed)         1.253    17.882    twin_controller_inst/CLK
    SLICE_X52Y130        FDCE                                         r  twin_controller_inst/status_buffer_reg[4][2]/C
                         clock pessimism             -0.598    17.285    
                         clock uncertainty           -0.194    17.091    
    SLICE_X52Y130        FDCE (Setup_fdce_C_D)       -0.002    17.089    twin_controller_inst/status_buffer_reg[4][2]
  -------------------------------------------------------------------
                         required time                         17.089    
                         arrival time                         -16.304    
  -------------------------------------------------------------------
                         slack                                  0.785    

Slack (MET) :             0.797ns  (required time - arrival time)
  Source:                 student_top_inst/bridge_inst/seg_driver/count_reg[4]/C
                            (rising edge-triggered cell FDCE clocked by clk_out2_pll  {rise@0.000ns fall@2.000ns period=4.000ns})
  Destination:            twin_controller_inst/status_buffer_reg[1][6]/D
                            (rising edge-triggered cell FDCE clocked by clk_out1_pll  {rise@0.000ns fall@10.000ns period=20.000ns})
  Path Group:             clk_out1_pll
  Path Type:              Setup (Max at Slow Process Corner)
  Requirement:            4.000ns  (clk_out1_pll rise@20.000ns - clk_out2_pll rise@16.000ns)
  Data Path Delay:        2.745ns  (logic 0.370ns (13.478%)  route 2.375ns (86.522%))
  Logic Levels:           2  (LUT3=1 LUT6=1)
  Clock Path Skew:        -0.262ns (DCD - SCD + CPR)
    Destination Clock Delay (DCD):    -2.122ns = ( 17.878 - 20.000 ) 
    Source Clock Delay      (SCD):    -2.457ns = ( 13.543 - 16.000 ) 
    Clock Pessimism Removal (CPR):    -0.598ns
  Clock Uncertainty:      0.194ns  ((TSJ^2 + DJ^2)^1/2) / 2 + PE
    Total System Jitter     (TSJ):    0.071ns
    Discrete Jitter          (DJ):    0.129ns
    Phase Error              (PE):    0.120ns

    Location             Delay type                Incr(ns)  Path(ns)    Netlist Resource(s)
  -------------------------------------------------------------------    -------------------
                         (clock clk_out2_pll rise edge)
                                                     16.000    16.000 r  
    AD12                                              0.000    16.000 r  i_sys_clk_p (IN)
                         net (fo=0)                   0.000    16.000    pll_inst/inst/clk_in1_p
    AD12                 IBUFDS (Prop_ibufds_I_O)     0.906    16.906 r  pll_inst/inst/clkin1_ibufgds/O
                         net (fo=1, routed)           1.098    18.004    pll_inst/inst/clk_in1_pll
    PLLE2_ADV_X1Y1       PLLE2_ADV (Prop_plle2_adv_CLKIN1_CLKOUT1)
                                                     -8.058     9.946 r  pll_inst/inst/plle2_adv_inst/CLKOUT1
                         net (fo=1, routed)           2.128    12.074    pll_inst/inst/clk_out2_pll
    BUFGCTRL_X0Y0        BUFG (Prop_bufg_I_O)         0.093    12.167 r  pll_inst/inst/clkout2_buf/O
                         net (fo=2458, routed)        1.376    13.543    student_top_inst/bridge_inst/seg_driver/clk
    SLICE_X51Y126        FDCE                                         r  student_top_inst/bridge_inst/seg_driver/count_reg[4]/C
  -------------------------------------------------------------------    -------------------
    SLICE_X51Y126        FDCE (Prop_fdce_C_Q)         0.204    13.747 r  student_top_inst/bridge_inst/seg_driver/count_reg[4]/Q
                         net (fo=50, routed)          0.949    14.696    student_top_inst/bridge_inst/seg_driver/ans[0]
    SLICE_X56Y132        LUT3 (Prop_lut3_I1_O)        0.123    14.819 r  student_top_inst/bridge_inst/seg_driver/seg2[6]_INST_0_i_1/O
                         net (fo=7, routed)           0.538    15.356    student_top_inst/bridge_inst/seg_driver/seg2[6]_INST_0_i_1_n_0
    SLICE_X51Y133        LUT6 (Prop_lut6_I0_O)        0.043    15.399 r  student_top_inst/bridge_inst/seg_driver/seg2[4]_INST_0/O
                         net (fo=2, routed)           0.889    16.288    twin_controller_inst/status_buffer_reg[4][7]_0[14]
    SLICE_X50Y128        FDCE                                         r  twin_controller_inst/status_buffer_reg[1][6]/D
  -------------------------------------------------------------------    -------------------

                         (clock clk_out1_pll rise edge)
                                                     20.000    20.000 r  
    AD12                                              0.000    20.000 r  i_sys_clk_p (IN)
                         net (fo=0)                   0.000    20.000    pll_inst/inst/clk_in1_p
    AD12                 IBUFDS (Prop_ibufds_I_O)     0.803    20.803 r  pll_inst/inst/clkin1_ibufgds/O
                         net (fo=1, routed)           1.001    21.804    pll_inst/inst/clk_in1_pll
    PLLE2_ADV_X1Y1       PLLE2_ADV (Prop_plle2_adv_CLKIN1_CLKOUT0)
                                                     -7.261    14.543 r  pll_inst/inst/plle2_adv_inst/CLKOUT0
                         net (fo=1, routed)           2.003    16.546    pll_inst/inst/clk_out1_pll
    BUFGCTRL_X0Y1        BUFG (Prop_bufg_I_O)         0.083    16.629 r  pll_inst/inst/clkout1_buf/O
                         net (fo=394, routed)         1.249    17.878    twin_controller_inst/CLK
    SLICE_X50Y128        FDCE                                         r  twin_controller_inst/status_buffer_reg[1][6]/C
                         clock pessimism             -0.598    17.281    
                         clock uncertainty           -0.194    17.087    
    SLICE_X50Y128        FDCE (Setup_fdce_C_D)       -0.002    17.085    twin_controller_inst/status_buffer_reg[1][6]
  -------------------------------------------------------------------
                         required time                         17.085    
                         arrival time                         -16.288    
  -------------------------------------------------------------------
                         slack                                  0.797    

Slack (MET) :             0.815ns  (required time - arrival time)
  Source:                 student_top_inst/bridge_inst/seg_wdata_reg[7]/C
                            (rising edge-triggered cell FDRE clocked by clk_out2_pll  {rise@0.000ns fall@2.000ns period=4.000ns})
  Destination:            twin_controller_inst/status_buffer_reg[0][6]/D
                            (rising edge-triggered cell FDCE clocked by clk_out1_pll  {rise@0.000ns fall@10.000ns period=20.000ns})
  Path Group:             clk_out1_pll
  Path Type:              Setup (Max at Slow Process Corner)
  Requirement:            4.000ns  (clk_out1_pll rise@20.000ns - clk_out2_pll rise@16.000ns)
  Data Path Delay:        2.694ns  (logic 0.371ns (13.769%)  route 2.323ns (86.231%))
  Logic Levels:           2  (LUT3=1 LUT6=1)
  Clock Path Skew:        -0.275ns (DCD - SCD + CPR)
    Destination Clock Delay (DCD):    -2.122ns = ( 17.878 - 20.000 ) 
    Source Clock Delay      (SCD):    -2.444ns = ( 13.556 - 16.000 ) 
    Clock Pessimism Removal (CPR):    -0.598ns
  Clock Uncertainty:      0.194ns  ((TSJ^2 + DJ^2)^1/2) / 2 + PE
    Total System Jitter     (TSJ):    0.071ns
    Discrete Jitter          (DJ):    0.129ns
    Phase Error              (PE):    0.120ns

    Location             Delay type                Incr(ns)  Path(ns)    Netlist Resource(s)
  -------------------------------------------------------------------    -------------------
                         (clock clk_out2_pll rise edge)
                                                     16.000    16.000 r  
    AD12                                              0.000    16.000 r  i_sys_clk_p (IN)
                         net (fo=0)                   0.000    16.000    pll_inst/inst/clk_in1_p
    AD12                 IBUFDS (Prop_ibufds_I_O)     0.906    16.906 r  pll_inst/inst/clkin1_ibufgds/O
                         net (fo=1, routed)           1.098    18.004    pll_inst/inst/clk_in1_pll
    PLLE2_ADV_X1Y1       PLLE2_ADV (Prop_plle2_adv_CLKIN1_CLKOUT1)
                                                     -8.058     9.946 r  pll_inst/inst/plle2_adv_inst/CLKOUT1
                         net (fo=1, routed)           2.128    12.074    pll_inst/inst/clk_out2_pll
    BUFGCTRL_X0Y0        BUFG (Prop_bufg_I_O)         0.093    12.167 r  pll_inst/inst/clkout2_buf/O
                         net (fo=2458, routed)        1.389    13.556    student_top_inst/bridge_inst/CLK
    SLICE_X69Y137        FDRE                                         r  student_top_inst/bridge_inst/seg_wdata_reg[7]/C
  -------------------------------------------------------------------    -------------------
    SLICE_X69Y137        FDRE (Prop_fdre_C_Q)         0.204    13.760 r  student_top_inst/bridge_inst/seg_wdata_reg[7]/Q
                         net (fo=2, routed)           1.015    14.774    student_top_inst/bridge_inst/seg_driver/s[7]
    SLICE_X54Y126        LUT3 (Prop_lut3_I2_O)        0.124    14.898 r  student_top_inst/bridge_inst/seg_driver/seg1[6]_INST_0_i_1/O
                         net (fo=7, routed)           0.747    15.645    student_top_inst/bridge_inst/seg_driver/sel0[3]
    SLICE_X52Y127        LUT6 (Prop_lut6_I0_O)        0.043    15.688 r  student_top_inst/bridge_inst/seg_driver/seg1[6]_INST_0/O
                         net (fo=2, routed)           0.562    16.250    twin_controller_inst/status_buffer_reg[4][7]_0[6]
    SLICE_X51Y128        FDCE                                         r  twin_controller_inst/status_buffer_reg[0][6]/D
  -------------------------------------------------------------------    -------------------

                         (clock clk_out1_pll rise edge)
                                                     20.000    20.000 r  
    AD12                                              0.000    20.000 r  i_sys_clk_p (IN)
                         net (fo=0)                   0.000    20.000    pll_inst/inst/clk_in1_p
    AD12                 IBUFDS (Prop_ibufds_I_O)     0.803    20.803 r  pll_inst/inst/clkin1_ibufgds/O
                         net (fo=1, routed)           1.001    21.804    pll_inst/inst/clk_in1_pll
    PLLE2_ADV_X1Y1       PLLE2_ADV (Prop_plle2_adv_CLKIN1_CLKOUT0)
                                                     -7.261    14.543 r  pll_inst/inst/plle2_adv_inst/CLKOUT0
                         net (fo=1, routed)           2.003    16.546    pll_inst/inst/clk_out1_pll
    BUFGCTRL_X0Y1        BUFG (Prop_bufg_I_O)         0.083    16.629 r  pll_inst/inst/clkout1_buf/O
                         net (fo=394, routed)         1.249    17.878    twin_controller_inst/CLK
    SLICE_X51Y128        FDCE                                         r  twin_controller_inst/status_buffer_reg[0][6]/C
                         clock pessimism             -0.598    17.281    
                         clock uncertainty           -0.194    17.087    
    SLICE_X51Y128        FDCE (Setup_fdce_C_D)       -0.022    17.065    twin_controller_inst/status_buffer_reg[0][6]
  -------------------------------------------------------------------
                         required time                         17.065    
                         arrival time                         -16.250    
  -------------------------------------------------------------------
                         slack                                  0.815    





Min Delay Paths
--------------------------------------------------------------------------------------
Slack (MET) :             0.130ns  (arrival time - required time)
  Source:                 student_top_inst/bridge_inst/seg_wdata_reg[9]/C
                            (rising edge-triggered cell FDRE clocked by clk_out2_pll  {rise@0.000ns fall@2.000ns period=4.000ns})
  Destination:            twin_controller_inst/status_buffer_reg[1][5]/D
                            (rising edge-triggered cell FDCE clocked by clk_out1_pll  {rise@0.000ns fall@10.000ns period=20.000ns})
  Path Group:             clk_out1_pll
  Path Type:              Hold (Min at Fast Process Corner)
  Requirement:            0.000ns  (clk_out1_pll rise@0.000ns - clk_out2_pll rise@0.000ns)
  Data Path Delay:        0.674ns  (logic 0.128ns (18.978%)  route 0.546ns (81.022%))
  Logic Levels:           1  (LUT6=1)
  Clock Path Skew:        0.291ns (DCD - SCD - CPR)
    Destination Clock Delay (DCD):    -0.636ns
    Source Clock Delay      (SCD):    -0.444ns
    Clock Pessimism Removal (CPR):    -0.484ns
  Clock Uncertainty:      0.194ns  ((TSJ^2 + DJ^2)^1/2) / 2 + PE
    Total System Jitter     (TSJ):    0.071ns
    Discrete Jitter          (DJ):    0.129ns
    Phase Error              (PE):    0.120ns

    Location             Delay type                Incr(ns)  Path(ns)    Netlist Resource(s)
  -------------------------------------------------------------------    -------------------
                         (clock clk_out2_pll rise edge)
                                                      0.000     0.000 r  
    AD12                                              0.000     0.000 r  i_sys_clk_p (IN)
                         net (fo=0)                   0.000     0.000    pll_inst/inst/clk_in1_p
    AD12                 IBUFDS (Prop_ibufds_I_O)     0.388     0.388 r  pll_inst/inst/clkin1_ibufgds/O
                         net (fo=1, routed)           0.503     0.891    pll_inst/inst/clk_in1_pll
    PLLE2_ADV_X1Y1       PLLE2_ADV (Prop_plle2_adv_CLKIN1_CLKOUT1)
                                                     -2.908    -2.017 r  pll_inst/inst/plle2_adv_inst/CLKOUT1
                         net (fo=1, routed)           0.958    -1.059    pll_inst/inst/clk_out2_pll
    BUFGCTRL_X0Y0        BUFG (Prop_bufg_I_O)         0.026    -1.033 r  pll_inst/inst/clkout2_buf/O
                         net (fo=2458, routed)        0.589    -0.444    student_top_inst/bridge_inst/CLK
    SLICE_X69Y136        FDRE                                         r  student_top_inst/bridge_inst/seg_wdata_reg[9]/C
  -------------------------------------------------------------------    -------------------
    SLICE_X69Y136        FDRE (Prop_fdre_C_Q)         0.100    -0.344 r  student_top_inst/bridge_inst/seg_wdata_reg[9]/Q
                         net (fo=8, routed)           0.546     0.203    student_top_inst/bridge_inst/seg_driver/s[9]
    SLICE_X51Y132        LUT6 (Prop_lut6_I4_O)        0.028     0.231 r  student_top_inst/bridge_inst/seg_driver/seg2[3]_INST_0/O
                         net (fo=2, routed)           0.000     0.231    twin_controller_inst/status_buffer_reg[4][7]_0[13]
    SLICE_X51Y132        FDCE                                         r  twin_controller_inst/status_buffer_reg[1][5]/D
  -------------------------------------------------------------------    -------------------

                         (clock clk_out1_pll rise edge)
                                                      0.000     0.000 r  
    AD12                                              0.000     0.000 r  i_sys_clk_p (IN)
                         net (fo=0)                   0.000     0.000    pll_inst/inst/clk_in1_p
    AD12                 IBUFDS (Prop_ibufds_I_O)     0.470     0.470 r  pll_inst/inst/clkin1_ibufgds/O
                         net (fo=1, routed)           0.554     1.024    pll_inst/inst/clk_in1_pll
    PLLE2_ADV_X1Y1       PLLE2_ADV (Prop_plle2_adv_CLKIN1_CLKOUT0)
                                                     -3.524    -2.500 r  pll_inst/inst/plle2_adv_inst/CLKOUT0
                         net (fo=1, routed)           1.027    -1.473    pll_inst/inst/clk_out1_pll
    BUFGCTRL_X0Y1        BUFG (Prop_bufg_I_O)         0.030    -1.443 r  pll_inst/inst/clkout1_buf/O
                         net (fo=394, routed)         0.807    -0.636    twin_controller_inst/CLK
    SLICE_X51Y132        FDCE                                         r  twin_controller_inst/status_buffer_reg[1][5]/C
                         clock pessimism              0.484    -0.153    
                         clock uncertainty            0.194     0.041    
    SLICE_X51Y132        FDCE (Hold_fdce_C_D)         0.060     0.101    twin_controller_inst/status_buffer_reg[1][5]
  -------------------------------------------------------------------
                         required time                         -0.101    
                         arrival time                           0.231    
  -------------------------------------------------------------------
                         slack                                  0.130    

Slack (MET) :             0.141ns  (arrival time - required time)
  Source:                 student_top_inst/bridge_inst/LED_reg[15]/C
                            (rising edge-triggered cell FDRE clocked by clk_out2_pll  {rise@0.000ns fall@2.000ns period=4.000ns})
  Destination:            twin_controller_inst/status_buffer_reg[15][7]/D
                            (rising edge-triggered cell FDCE clocked by clk_out1_pll  {rise@0.000ns fall@10.000ns period=20.000ns})
  Path Group:             clk_out1_pll
  Path Type:              Hold (Min at Fast Process Corner)
  Requirement:            0.000ns  (clk_out1_pll rise@0.000ns - clk_out2_pll rise@0.000ns)
  Data Path Delay:        0.712ns  (logic 0.118ns (16.567%)  route 0.594ns (83.433%))
  Logic Levels:           0  
  Clock Path Skew:        0.336ns (DCD - SCD - CPR)
    Destination Clock Delay (DCD):    -0.637ns
    Source Clock Delay      (SCD):    -0.490ns
    Clock Pessimism Removal (CPR):    -0.484ns
  Clock Uncertainty:      0.194ns  ((TSJ^2 + DJ^2)^1/2) / 2 + PE
    Total System Jitter     (TSJ):    0.071ns
    Discrete Jitter          (DJ):    0.129ns
    Phase Error              (PE):    0.120ns

    Location             Delay type                Incr(ns)  Path(ns)    Netlist Resource(s)
  -------------------------------------------------------------------    -------------------
                         (clock clk_out2_pll rise edge)
                                                      0.000     0.000 r  
    AD12                                              0.000     0.000 r  i_sys_clk_p (IN)
                         net (fo=0)                   0.000     0.000    pll_inst/inst/clk_in1_p
    AD12                 IBUFDS (Prop_ibufds_I_O)     0.388     0.388 r  pll_inst/inst/clkin1_ibufgds/O
                         net (fo=1, routed)           0.503     0.891    pll_inst/inst/clk_in1_pll
    PLLE2_ADV_X1Y1       PLLE2_ADV (Prop_plle2_adv_CLKIN1_CLKOUT1)
                                                     -2.908    -2.017 r  pll_inst/inst/plle2_adv_inst/CLKOUT1
                         net (fo=1, routed)           0.958    -1.059    pll_inst/inst/clk_out2_pll
    BUFGCTRL_X0Y0        BUFG (Prop_bufg_I_O)         0.026    -1.033 r  pll_inst/inst/clkout2_buf/O
                         net (fo=2458, routed)        0.543    -0.490    student_top_inst/bridge_inst/CLK
    SLICE_X52Y157        FDRE                                         r  student_top_inst/bridge_inst/LED_reg[15]/C
  -------------------------------------------------------------------    -------------------
    SLICE_X52Y157        FDRE (Prop_fdre_C_Q)         0.118    -0.372 r  student_top_inst/bridge_inst/LED_reg[15]/Q
                         net (fo=1, routed)           0.594     0.223    twin_controller_inst/status_buffer_reg[17][7]_0[15]
    SLICE_X62Y133        FDCE                                         r  twin_controller_inst/status_buffer_reg[15][7]/D
  -------------------------------------------------------------------    -------------------

                         (clock clk_out1_pll rise edge)
                                                      0.000     0.000 r  
    AD12                                              0.000     0.000 r  i_sys_clk_p (IN)
                         net (fo=0)                   0.000     0.000    pll_inst/inst/clk_in1_p
    AD12                 IBUFDS (Prop_ibufds_I_O)     0.470     0.470 r  pll_inst/inst/clkin1_ibufgds/O
                         net (fo=1, routed)           0.554     1.024    pll_inst/inst/clk_in1_pll
    PLLE2_ADV_X1Y1       PLLE2_ADV (Prop_plle2_adv_CLKIN1_CLKOUT0)
                                                     -3.524    -2.500 r  pll_inst/inst/plle2_adv_inst/CLKOUT0
                         net (fo=1, routed)           1.027    -1.473    pll_inst/inst/clk_out1_pll
    BUFGCTRL_X0Y1        BUFG (Prop_bufg_I_O)         0.030    -1.443 r  pll_inst/inst/clkout1_buf/O
                         net (fo=394, routed)         0.806    -0.637    twin_controller_inst/CLK
    SLICE_X62Y133        FDCE                                         r  twin_controller_inst/status_buffer_reg[15][7]/C
                         clock pessimism              0.484    -0.154    
                         clock uncertainty            0.194     0.040    
    SLICE_X62Y133        FDCE (Hold_fdce_C_D)         0.042     0.082    twin_controller_inst/status_buffer_reg[15][7]
  -------------------------------------------------------------------
                         required time                         -0.082    
                         arrival time                           0.223    
  -------------------------------------------------------------------
                         slack                                  0.141    

Slack (MET) :             0.202ns  (arrival time - required time)
  Source:                 student_top_inst/bridge_inst/seg_driver/count_reg[4]/C
                            (rising edge-triggered cell FDCE clocked by clk_out2_pll  {rise@0.000ns fall@2.000ns period=4.000ns})
  Destination:            twin_controller_inst/status_buffer_reg[2][6]/D
                            (rising edge-triggered cell FDCE clocked by clk_out1_pll  {rise@0.000ns fall@10.000ns period=20.000ns})
  Path Group:             clk_out1_pll
  Path Type:              Hold (Min at Fast Process Corner)
  Requirement:            0.000ns  (clk_out1_pll rise@0.000ns - clk_out2_pll rise@0.000ns)
  Data Path Delay:        0.719ns  (logic 0.155ns (21.547%)  route 0.564ns (78.453%))
  Logic Levels:           1  (LUT6=1)
  Clock Path Skew:        0.292ns (DCD - SCD - CPR)
    Destination Clock Delay (DCD):    -0.640ns
    Source Clock Delay      (SCD):    -0.449ns
    Clock Pessimism Removal (CPR):    -0.484ns
  Clock Uncertainty:      0.194ns  ((TSJ^2 + DJ^2)^1/2) / 2 + PE
    Total System Jitter     (TSJ):    0.071ns
    Discrete Jitter          (DJ):    0.129ns
    Phase Error              (PE):    0.120ns

    Location             Delay type                Incr(ns)  Path(ns)    Netlist Resource(s)
  -------------------------------------------------------------------    -------------------
                         (clock clk_out2_pll rise edge)
                                                      0.000     0.000 r  
    AD12                                              0.000     0.000 r  i_sys_clk_p (IN)
                         net (fo=0)                   0.000     0.000    pll_inst/inst/clk_in1_p
    AD12                 IBUFDS (Prop_ibufds_I_O)     0.388     0.388 r  pll_inst/inst/clkin1_ibufgds/O
                         net (fo=1, routed)           0.503     0.891    pll_inst/inst/clk_in1_pll
    PLLE2_ADV_X1Y1       PLLE2_ADV (Prop_plle2_adv_CLKIN1_CLKOUT1)
                                                     -2.908    -2.017 r  pll_inst/inst/plle2_adv_inst/CLKOUT1
                         net (fo=1, routed)           0.958    -1.059    pll_inst/inst/clk_out2_pll
    BUFGCTRL_X0Y0        BUFG (Prop_bufg_I_O)         0.026    -1.033 r  pll_inst/inst/clkout2_buf/O
                         net (fo=2458, routed)        0.584    -0.449    student_top_inst/bridge_inst/seg_driver/clk
    SLICE_X51Y126        FDCE                                         r  student_top_inst/bridge_inst/seg_driver/count_reg[4]/C
  -------------------------------------------------------------------    -------------------
    SLICE_X51Y126        FDCE (Prop_fdce_C_Q)         0.091    -0.358 r  student_top_inst/bridge_inst/seg_driver/count_reg[4]/Q
                         net (fo=50, routed)          0.244    -0.114    student_top_inst/bridge_inst/seg_driver/ans[0]
    SLICE_X50Y128        LUT6 (Prop_lut6_I3_O)        0.064    -0.050 r  student_top_inst/bridge_inst/seg_driver/seg3[2]_INST_0/O
                         net (fo=2, routed)           0.321     0.271    twin_controller_inst/status_buffer_reg[4][7]_0[22]
    SLICE_X50Y128        FDCE                                         r  twin_controller_inst/status_buffer_reg[2][6]/D
  -------------------------------------------------------------------    -------------------

                         (clock clk_out1_pll rise edge)
                                                      0.000     0.000 r  
    AD12                                              0.000     0.000 r  i_sys_clk_p (IN)
                         net (fo=0)                   0.000     0.000    pll_inst/inst/clk_in1_p
    AD12                 IBUFDS (Prop_ibufds_I_O)     0.470     0.470 r  pll_inst/inst/clkin1_ibufgds/O
                         net (fo=1, routed)           0.554     1.024    pll_inst/inst/clk_in1_pll
    PLLE2_ADV_X1Y1       PLLE2_ADV (Prop_plle2_adv_CLKIN1_CLKOUT0)
                                                     -3.524    -2.500 r  pll_inst/inst/plle2_adv_inst/CLKOUT0
                         net (fo=1, routed)           1.027    -1.473    pll_inst/inst/clk_out1_pll
    BUFGCTRL_X0Y1        BUFG (Prop_bufg_I_O)         0.030    -1.443 r  pll_inst/inst/clkout1_buf/O
                         net (fo=394, routed)         0.803    -0.640    twin_controller_inst/CLK
    SLICE_X50Y128        FDCE                                         r  twin_controller_inst/status_buffer_reg[2][6]/C
                         clock pessimism              0.484    -0.157    
                         clock uncertainty            0.194     0.037    
    SLICE_X50Y128        FDCE (Hold_fdce_C_D)         0.032     0.069    twin_controller_inst/status_buffer_reg[2][6]
  -------------------------------------------------------------------
                         required time                         -0.069    
                         arrival time                           0.271    
  -------------------------------------------------------------------
                         slack                                  0.202    

Slack (MET) :             0.214ns  (arrival time - required time)
  Source:                 student_top_inst/bridge_inst/LED_reg[20]/C
                            (rising edge-triggered cell FDRE clocked by clk_out2_pll  {rise@0.000ns fall@2.000ns period=4.000ns})
  Destination:            twin_controller_inst/status_buffer_reg[16][4]/D
                            (rising edge-triggered cell FDCE clocked by clk_out1_pll  {rise@0.000ns fall@10.000ns period=20.000ns})
  Path Group:             clk_out1_pll
  Path Type:              Hold (Min at Fast Process Corner)
  Requirement:            0.000ns  (clk_out1_pll rise@0.000ns - clk_out2_pll rise@0.000ns)
  Data Path Delay:        0.747ns  (logic 0.157ns (21.024%)  route 0.590ns (78.976%))
  Logic Levels:           1  (LUT1=1)
  Clock Path Skew:        0.341ns (DCD - SCD - CPR)
    Destination Clock Delay (DCD):    -0.631ns
    Source Clock Delay      (SCD):    -0.489ns
    Clock Pessimism Removal (CPR):    -0.484ns
  Clock Uncertainty:      0.194ns  ((TSJ^2 + DJ^2)^1/2) / 2 + PE
    Total System Jitter     (TSJ):    0.071ns
    Discrete Jitter          (DJ):    0.129ns
    Phase Error              (PE):    0.120ns

    Location             Delay type                Incr(ns)  Path(ns)    Netlist Resource(s)
  -------------------------------------------------------------------    -------------------
                         (clock clk_out2_pll rise edge)
                                                      0.000     0.000 r  
    AD12                                              0.000     0.000 r  i_sys_clk_p (IN)
                         net (fo=0)                   0.000     0.000    pll_inst/inst/clk_in1_p
    AD12                 IBUFDS (Prop_ibufds_I_O)     0.388     0.388 r  pll_inst/inst/clkin1_ibufgds/O
                         net (fo=1, routed)           0.503     0.891    pll_inst/inst/clk_in1_pll
    PLLE2_ADV_X1Y1       PLLE2_ADV (Prop_plle2_adv_CLKIN1_CLKOUT1)
                                                     -2.908    -2.017 r  pll_inst/inst/plle2_adv_inst/CLKOUT1
                         net (fo=1, routed)           0.958    -1.059    pll_inst/inst/clk_out2_pll
    BUFGCTRL_X0Y0        BUFG (Prop_bufg_I_O)         0.026    -1.033 r  pll_inst/inst/clkout2_buf/O
                         net (fo=2458, routed)        0.544    -0.489    student_top_inst/bridge_inst/CLK
    SLICE_X53Y156        FDRE                                         r  student_top_inst/bridge_inst/LED_reg[20]/C
  -------------------------------------------------------------------    -------------------
    SLICE_X53Y156        FDRE (Prop_fdre_C_Q)         0.091    -0.398 r  student_top_inst/bridge_inst/LED_reg[20]/Q
                         net (fo=1, routed)           0.352    -0.045    student_top_inst/bridge_inst/LED_reg[31]_0[20]
    SLICE_X50Y138        LUT1 (Prop_lut1_I0_O)        0.066     0.021 r  student_top_inst/bridge_inst/LED_reg[31]_0[20]_hold_fix/O
                         net (fo=1, routed)           0.238     0.258    twin_controller_inst/LED_reg[31]_0[20]_hold_fix_1_alias
    SLICE_X55Y138        FDCE                                         r  twin_controller_inst/status_buffer_reg[16][4]/D
  -------------------------------------------------------------------    -------------------

                         (clock clk_out1_pll rise edge)
                                                      0.000     0.000 r  
    AD12                                              0.000     0.000 r  i_sys_clk_p (IN)
                         net (fo=0)                   0.000     0.000    pll_inst/inst/clk_in1_p
    AD12                 IBUFDS (Prop_ibufds_I_O)     0.470     0.470 r  pll_inst/inst/clkin1_ibufgds/O
                         net (fo=1, routed)           0.554     1.024    pll_inst/inst/clk_in1_pll
    PLLE2_ADV_X1Y1       PLLE2_ADV (Prop_plle2_adv_CLKIN1_CLKOUT0)
                                                     -3.524    -2.500 r  pll_inst/inst/plle2_adv_inst/CLKOUT0
                         net (fo=1, routed)           1.027    -1.473    pll_inst/inst/clk_out1_pll
    BUFGCTRL_X0Y1        BUFG (Prop_bufg_I_O)         0.030    -1.443 r  pll_inst/inst/clkout1_buf/O
                         net (fo=394, routed)         0.812    -0.631    twin_controller_inst/CLK
    SLICE_X55Y138        FDCE                                         r  twin_controller_inst/status_buffer_reg[16][4]/C
                         clock pessimism              0.484    -0.148    
                         clock uncertainty            0.194     0.046    
    SLICE_X55Y138        FDCE (Hold_fdce_C_D)        -0.002     0.044    twin_controller_inst/status_buffer_reg[16][4]
  -------------------------------------------------------------------
                         required time                         -0.044    
                         arrival time                           0.258    
  -------------------------------------------------------------------
                         slack                                  0.214    

Slack (MET) :             0.216ns  (arrival time - required time)
  Source:                 student_top_inst/bridge_inst/LED_reg[22]/C
                            (rising edge-triggered cell FDRE clocked by clk_out2_pll  {rise@0.000ns fall@2.000ns period=4.000ns})
  Destination:            twin_controller_inst/status_buffer_reg[16][6]/D
                            (rising edge-triggered cell FDCE clocked by clk_out1_pll  {rise@0.000ns fall@10.000ns period=20.000ns})
  Path Group:             clk_out1_pll
  Path Type:              Hold (Min at Fast Process Corner)
  Requirement:            0.000ns  (clk_out1_pll rise@0.000ns - clk_out2_pll rise@0.000ns)
  Data Path Delay:        0.748ns  (logic 0.130ns (17.387%)  route 0.618ns (82.613%))
  Logic Levels:           1  (LUT1=1)
  Clock Path Skew:        0.338ns (DCD - SCD - CPR)
    Destination Clock Delay (DCD):    -0.634ns
    Source Clock Delay      (SCD):    -0.489ns
    Clock Pessimism Removal (CPR):    -0.484ns
  Clock Uncertainty:      0.194ns  ((TSJ^2 + DJ^2)^1/2) / 2 + PE
    Total System Jitter     (TSJ):    0.071ns
    Discrete Jitter          (DJ):    0.129ns
    Phase Error              (PE):    0.120ns

    Location             Delay type                Incr(ns)  Path(ns)    Netlist Resource(s)
  -------------------------------------------------------------------    -------------------
                         (clock clk_out2_pll rise edge)
                                                      0.000     0.000 r  
    AD12                                              0.000     0.000 r  i_sys_clk_p (IN)
                         net (fo=0)                   0.000     0.000    pll_inst/inst/clk_in1_p
    AD12                 IBUFDS (Prop_ibufds_I_O)     0.388     0.388 r  pll_inst/inst/clkin1_ibufgds/O
                         net (fo=1, routed)           0.503     0.891    pll_inst/inst/clk_in1_pll
    PLLE2_ADV_X1Y1       PLLE2_ADV (Prop_plle2_adv_CLKIN1_CLKOUT1)
                                                     -2.908    -2.017 r  pll_inst/inst/plle2_adv_inst/CLKOUT1
                         net (fo=1, routed)           0.958    -1.059    pll_inst/inst/clk_out2_pll
    BUFGCTRL_X0Y0        BUFG (Prop_bufg_I_O)         0.026    -1.033 r  pll_inst/inst/clkout2_buf/O
                         net (fo=2458, routed)        0.544    -0.489    student_top_inst/bridge_inst/CLK
    SLICE_X53Y155        FDRE                                         r  student_top_inst/bridge_inst/LED_reg[22]/C
  -------------------------------------------------------------------    -------------------
    SLICE_X53Y155        FDRE (Prop_fdre_C_Q)         0.100    -0.389 r  student_top_inst/bridge_inst/LED_reg[22]/Q
                         net (fo=1, routed)           0.161    -0.227    student_top_inst/bridge_inst/LED_reg[31]_0[22]
    SLICE_X51Y155        LUT1 (Prop_lut1_I0_O)        0.030    -0.197 r  student_top_inst/bridge_inst/LED_reg[31]_0[22]_hold_fix/O
                         net (fo=1, routed)           0.457     0.259    twin_controller_inst/LED_reg[31]_0[22]_hold_fix_1_alias
    SLICE_X57Y136        FDCE                                         r  twin_controller_inst/status_buffer_reg[16][6]/D
  -------------------------------------------------------------------    -------------------

                         (clock clk_out1_pll rise edge)
                                                      0.000     0.000 r  
    AD12                                              0.000     0.000 r  i_sys_clk_p (IN)
                         net (fo=0)                   0.000     0.000    pll_inst/inst/clk_in1_p
    AD12                 IBUFDS (Prop_ibufds_I_O)     0.470     0.470 r  pll_inst/inst/clkin1_ibufgds/O
                         net (fo=1, routed)           0.554     1.024    pll_inst/inst/clk_in1_pll
    PLLE2_ADV_X1Y1       PLLE2_ADV (Prop_plle2_adv_CLKIN1_CLKOUT0)
                                                     -3.524    -2.500 r  pll_inst/inst/plle2_adv_inst/CLKOUT0
                         net (fo=1, routed)           1.027    -1.473    pll_inst/inst/clk_out1_pll
    BUFGCTRL_X0Y1        BUFG (Prop_bufg_I_O)         0.030    -1.443 r  pll_inst/inst/clkout1_buf/O
                         net (fo=394, routed)         0.809    -0.634    twin_controller_inst/CLK
    SLICE_X57Y136        FDCE                                         r  twin_controller_inst/status_buffer_reg[16][6]/C
                         clock pessimism              0.484    -0.151    
                         clock uncertainty            0.194     0.043    
    SLICE_X57Y136        FDCE (Hold_fdce_C_D)         0.000     0.043    twin_controller_inst/status_buffer_reg[16][6]
  -------------------------------------------------------------------
                         required time                         -0.043    
                         arrival time                           0.259    
  -------------------------------------------------------------------
                         slack                                  0.216    

Slack (MET) :             0.219ns  (arrival time - required time)
  Source:                 student_top_inst/bridge_inst/LED_reg[25]/C
                            (rising edge-triggered cell FDRE clocked by clk_out2_pll  {rise@0.000ns fall@2.000ns period=4.000ns})
  Destination:            twin_controller_inst/status_buffer_reg[17][1]/D
                            (rising edge-triggered cell FDCE clocked by clk_out1_pll  {rise@0.000ns fall@10.000ns period=20.000ns})
  Path Group:             clk_out1_pll
  Path Type:              Hold (Min at Fast Process Corner)
  Requirement:            0.000ns  (clk_out1_pll rise@0.000ns - clk_out2_pll rise@0.000ns)
  Data Path Delay:        0.753ns  (logic 0.181ns (24.049%)  route 0.572ns (75.951%))
  Logic Levels:           1  (LUT1=1)
  Clock Path Skew:        0.338ns (DCD - SCD - CPR)
    Destination Clock Delay (DCD):    -0.634ns
    Source Clock Delay      (SCD):    -0.489ns
    Clock Pessimism Removal (CPR):    -0.484ns
  Clock Uncertainty:      0.194ns  ((TSJ^2 + DJ^2)^1/2) / 2 + PE
    Total System Jitter     (TSJ):    0.071ns
    Discrete Jitter          (DJ):    0.129ns
    Phase Error              (PE):    0.120ns

    Location             Delay type                Incr(ns)  Path(ns)    Netlist Resource(s)
  -------------------------------------------------------------------    -------------------
                         (clock clk_out2_pll rise edge)
                                                      0.000     0.000 r  
    AD12                                              0.000     0.000 r  i_sys_clk_p (IN)
                         net (fo=0)                   0.000     0.000    pll_inst/inst/clk_in1_p
    AD12                 IBUFDS (Prop_ibufds_I_O)     0.388     0.388 r  pll_inst/inst/clkin1_ibufgds/O
                         net (fo=1, routed)           0.503     0.891    pll_inst/inst/clk_in1_pll
    PLLE2_ADV_X1Y1       PLLE2_ADV (Prop_plle2_adv_CLKIN1_CLKOUT1)
                                                     -2.908    -2.017 r  pll_inst/inst/plle2_adv_inst/CLKOUT1
                         net (fo=1, routed)           0.958    -1.059    pll_inst/inst/clk_out2_pll
    BUFGCTRL_X0Y0        BUFG (Prop_bufg_I_O)         0.026    -1.033 r  pll_inst/inst/clkout2_buf/O
                         net (fo=2458, routed)        0.544    -0.489    student_top_inst/bridge_inst/CLK
    SLICE_X52Y156        FDRE                                         r  student_top_inst/bridge_inst/LED_reg[25]/C
  -------------------------------------------------------------------    -------------------
    SLICE_X52Y156        FDRE (Prop_fdre_C_Q)         0.107    -0.382 r  student_top_inst/bridge_inst/LED_reg[25]/Q
                         net (fo=1, routed)           0.160    -0.221    student_top_inst/bridge_inst/LED_reg[31]_0[25]
    SLICE_X51Y156        LUT1 (Prop_lut1_I0_O)        0.074    -0.147 r  student_top_inst/bridge_inst/LED_reg[31]_0[25]_hold_fix/O
                         net (fo=1, routed)           0.411     0.264    twin_controller_inst/LED_reg[31]_0[25]_hold_fix_1_alias
    SLICE_X55Y136        FDCE                                         r  twin_controller_inst/status_buffer_reg[17][1]/D
  -------------------------------------------------------------------    -------------------

                         (clock clk_out1_pll rise edge)
                                                      0.000     0.000 r  
    AD12                                              0.000     0.000 r  i_sys_clk_p (IN)
                         net (fo=0)                   0.000     0.000    pll_inst/inst/clk_in1_p
    AD12                 IBUFDS (Prop_ibufds_I_O)     0.470     0.470 r  pll_inst/inst/clkin1_ibufgds/O
                         net (fo=1, routed)           0.554     1.024    pll_inst/inst/clk_in1_pll
    PLLE2_ADV_X1Y1       PLLE2_ADV (Prop_plle2_adv_CLKIN1_CLKOUT0)
                                                     -3.524    -2.500 r  pll_inst/inst/plle2_adv_inst/CLKOUT0
                         net (fo=1, routed)           1.027    -1.473    pll_inst/inst/clk_out1_pll
    BUFGCTRL_X0Y1        BUFG (Prop_bufg_I_O)         0.030    -1.443 r  pll_inst/inst/clkout1_buf/O
                         net (fo=394, routed)         0.809    -0.634    twin_controller_inst/CLK
    SLICE_X55Y136        FDCE                                         r  twin_controller_inst/status_buffer_reg[17][1]/C
                         clock pessimism              0.484    -0.151    
                         clock uncertainty            0.194     0.043    
    SLICE_X55Y136        FDCE (Hold_fdce_C_D)         0.002     0.045    twin_controller_inst/status_buffer_reg[17][1]
  -------------------------------------------------------------------
                         required time                         -0.045    
                         arrival time                           0.264    
  -------------------------------------------------------------------
                         slack                                  0.219    

Slack (MET) :             0.226ns  (arrival time - required time)
  Source:                 student_top_inst/bridge_inst/LED_reg[5]/C
                            (rising edge-triggered cell FDRE clocked by clk_out2_pll  {rise@0.000ns fall@2.000ns period=4.000ns})
  Destination:            twin_controller_inst/status_buffer_reg[14][5]/D
                            (rising edge-triggered cell FDCE clocked by clk_out1_pll  {rise@0.000ns fall@10.000ns period=20.000ns})
  Path Group:             clk_out1_pll
  Path Type:              Hold (Min at Fast Process Corner)
  Requirement:            0.000ns  (clk_out1_pll rise@0.000ns - clk_out2_pll rise@0.000ns)
  Data Path Delay:        0.757ns  (logic 0.153ns (20.203%)  route 0.604ns (79.797%))
  Logic Levels:           1  (LUT1=1)
  Clock Path Skew:        0.338ns (DCD - SCD - CPR)
    Destination Clock Delay (DCD):    -0.634ns
    Source Clock Delay      (SCD):    -0.489ns
    Clock Pessimism Removal (CPR):    -0.484ns
  Clock Uncertainty:      0.194ns  ((TSJ^2 + DJ^2)^1/2) / 2 + PE
    Total System Jitter     (TSJ):    0.071ns
    Discrete Jitter          (DJ):    0.129ns
    Phase Error              (PE):    0.120ns

    Location             Delay type                Incr(ns)  Path(ns)    Netlist Resource(s)
  -------------------------------------------------------------------    -------------------
                         (clock clk_out2_pll rise edge)
                                                      0.000     0.000 r  
    AD12                                              0.000     0.000 r  i_sys_clk_p (IN)
                         net (fo=0)                   0.000     0.000    pll_inst/inst/clk_in1_p
    AD12                 IBUFDS (Prop_ibufds_I_O)     0.388     0.388 r  pll_inst/inst/clkin1_ibufgds/O
                         net (fo=1, routed)           0.503     0.891    pll_inst/inst/clk_in1_pll
    PLLE2_ADV_X1Y1       PLLE2_ADV (Prop_plle2_adv_CLKIN1_CLKOUT1)
                                                     -2.908    -2.017 r  pll_inst/inst/plle2_adv_inst/CLKOUT1
                         net (fo=1, routed)           0.958    -1.059    pll_inst/inst/clk_out2_pll
    BUFGCTRL_X0Y0        BUFG (Prop_bufg_I_O)         0.026    -1.033 r  pll_inst/inst/clkout2_buf/O
                         net (fo=2458, routed)        0.544    -0.489    student_top_inst/bridge_inst/CLK
    SLICE_X53Y155        FDRE                                         r  student_top_inst/bridge_inst/LED_reg[5]/C
  -------------------------------------------------------------------    -------------------
    SLICE_X53Y155        FDRE (Prop_fdre_C_Q)         0.091    -0.398 r  student_top_inst/bridge_inst/LED_reg[5]/Q
                         net (fo=1, routed)           0.228    -0.169    student_top_inst/bridge_inst/LED_reg[31]_0[5]
    SLICE_X50Y155        LUT1 (Prop_lut1_I0_O)        0.062    -0.107 r  student_top_inst/bridge_inst/LED_reg[31]_0[5]_hold_fix/O
                         net (fo=1, routed)           0.376     0.269    twin_controller_inst/LED_reg[31]_0[5]_hold_fix_1_alias
    SLICE_X55Y136        FDCE                                         r  twin_controller_inst/status_buffer_reg[14][5]/D
  -------------------------------------------------------------------    -------------------

                         (clock clk_out1_pll rise edge)
                                                      0.000     0.000 r  
    AD12                                              0.000     0.000 r  i_sys_clk_p (IN)
                         net (fo=0)                   0.000     0.000    pll_inst/inst/clk_in1_p
    AD12                 IBUFDS (Prop_ibufds_I_O)     0.470     0.470 r  pll_inst/inst/clkin1_ibufgds/O
                         net (fo=1, routed)           0.554     1.024    pll_inst/inst/clk_in1_pll
    PLLE2_ADV_X1Y1       PLLE2_ADV (Prop_plle2_adv_CLKIN1_CLKOUT0)
                                                     -3.524    -2.500 r  pll_inst/inst/plle2_adv_inst/CLKOUT0
                         net (fo=1, routed)           1.027    -1.473    pll_inst/inst/clk_out1_pll
    BUFGCTRL_X0Y1        BUFG (Prop_bufg_I_O)         0.030    -1.443 r  pll_inst/inst/clkout1_buf/O
                         net (fo=394, routed)         0.809    -0.634    twin_controller_inst/CLK
    SLICE_X55Y136        FDCE                                         r  twin_controller_inst/status_buffer_reg[14][5]/C
                         clock pessimism              0.484    -0.151    
                         clock uncertainty            0.194     0.043    
    SLICE_X55Y136        FDCE (Hold_fdce_C_D)         0.000     0.043    twin_controller_inst/status_buffer_reg[14][5]
  -------------------------------------------------------------------
                         required time                         -0.043    
                         arrival time                           0.269    
  -------------------------------------------------------------------
                         slack                                  0.226    

Slack (MET) :             0.249ns  (arrival time - required time)
  Source:                 student_top_inst/bridge_inst/seg_driver/count_reg[4]/C
                            (rising edge-triggered cell FDCE clocked by clk_out2_pll  {rise@0.000ns fall@2.000ns period=4.000ns})
  Destination:            twin_controller_inst/status_buffer_reg[3][0]/D
                            (rising edge-triggered cell FDCE clocked by clk_out1_pll  {rise@0.000ns fall@10.000ns period=20.000ns})
  Path Group:             clk_out1_pll
  Path Type:              Hold (Min at Fast Process Corner)
  Requirement:            0.000ns  (clk_out1_pll rise@0.000ns - clk_out2_pll rise@0.000ns)
  Data Path Delay:        0.780ns  (logic 0.155ns (19.870%)  route 0.625ns (80.130%))
  Logic Levels:           1  (LUT6=1)
  Clock Path Skew:        0.297ns (DCD - SCD - CPR)
    Destination Clock Delay (DCD):    -0.635ns
    Source Clock Delay      (SCD):    -0.449ns
    Clock Pessimism Removal (CPR):    -0.484ns
  Clock Uncertainty:      0.194ns  ((TSJ^2 + DJ^2)^1/2) / 2 + PE
    Total System Jitter     (TSJ):    0.071ns
    Discrete Jitter          (DJ):    0.129ns
    Phase Error              (PE):    0.120ns

    Location             Delay type                Incr(ns)  Path(ns)    Netlist Resource(s)
  -------------------------------------------------------------------    -------------------
                         (clock clk_out2_pll rise edge)
                                                      0.000     0.000 r  
    AD12                                              0.000     0.000 r  i_sys_clk_p (IN)
                         net (fo=0)                   0.000     0.000    pll_inst/inst/clk_in1_p
    AD12                 IBUFDS (Prop_ibufds_I_O)     0.388     0.388 r  pll_inst/inst/clkin1_ibufgds/O
                         net (fo=1, routed)           0.503     0.891    pll_inst/inst/clk_in1_pll
    PLLE2_ADV_X1Y1       PLLE2_ADV (Prop_plle2_adv_CLKIN1_CLKOUT1)
                                                     -2.908    -2.017 r  pll_inst/inst/plle2_adv_inst/CLKOUT1
                         net (fo=1, routed)           0.958    -1.059    pll_inst/inst/clk_out2_pll
    BUFGCTRL_X0Y0        BUFG (Prop_bufg_I_O)         0.026    -1.033 r  pll_inst/inst/clkout2_buf/O
                         net (fo=2458, routed)        0.584    -0.449    student_top_inst/bridge_inst/seg_driver/clk
    SLICE_X51Y126        FDCE                                         r  student_top_inst/bridge_inst/seg_driver/count_reg[4]/C
  -------------------------------------------------------------------    -------------------
    SLICE_X51Y126        FDCE (Prop_fdce_C_Q)         0.091    -0.358 r  student_top_inst/bridge_inst/seg_driver/count_reg[4]/Q
                         net (fo=50, routed)          0.244    -0.114    student_top_inst/bridge_inst/seg_driver/ans[0]
    SLICE_X50Y128        LUT6 (Prop_lut6_I2_O)        0.064    -0.050 r  student_top_inst/bridge_inst/seg_driver/seg3[4]_INST_0/O
                         net (fo=2, routed)           0.381     0.332    twin_controller_inst/status_buffer_reg[4][7]_0[24]
    SLICE_X52Y133        FDCE                                         r  twin_controller_inst/status_buffer_reg[3][0]/D
  -------------------------------------------------------------------    -------------------

                         (clock clk_out1_pll rise edge)
                                                      0.000     0.000 r  
    AD12                                              0.000     0.000 r  i_sys_clk_p (IN)
                         net (fo=0)                   0.000     0.000    pll_inst/inst/clk_in1_p
    AD12                 IBUFDS (Prop_ibufds_I_O)     0.470     0.470 r  pll_inst/inst/clkin1_ibufgds/O
                         net (fo=1, routed)           0.554     1.024    pll_inst/inst/clk_in1_pll
    PLLE2_ADV_X1Y1       PLLE2_ADV (Prop_plle2_adv_CLKIN1_CLKOUT0)
                                                     -3.524    -2.500 r  pll_inst/inst/plle2_adv_inst/CLKOUT0
                         net (fo=1, routed)           1.027    -1.473    pll_inst/inst/clk_out1_pll
    BUFGCTRL_X0Y1        BUFG (Prop_bufg_I_O)         0.030    -1.443 r  pll_inst/inst/clkout1_buf/O
                         net (fo=394, routed)         0.808    -0.635    twin_controller_inst/CLK
    SLICE_X52Y133        FDCE                                         r  twin_controller_inst/status_buffer_reg[3][0]/C
                         clock pessimism              0.484    -0.152    
                         clock uncertainty            0.194     0.042    
    SLICE_X52Y133        FDCE (Hold_fdce_C_D)         0.040     0.082    twin_controller_inst/status_buffer_reg[3][0]
  -------------------------------------------------------------------
                         required time                         -0.082    
                         arrival time                           0.332    
  -------------------------------------------------------------------
                         slack                                  0.249    

Slack (MET) :             0.252ns  (arrival time - required time)
  Source:                 student_top_inst/bridge_inst/seg_wdata_reg[21]/C
                            (rising edge-triggered cell FDRE clocked by clk_out2_pll  {rise@0.000ns fall@2.000ns period=4.000ns})
  Destination:            twin_controller_inst/status_buffer_reg[2][5]/D
                            (rising edge-triggered cell FDCE clocked by clk_out1_pll  {rise@0.000ns fall@10.000ns period=20.000ns})
  Path Group:             clk_out1_pll
  Path Type:              Hold (Min at Fast Process Corner)
  Requirement:            0.000ns  (clk_out1_pll rise@0.000ns - clk_out2_pll rise@0.000ns)
  Data Path Delay:        0.769ns  (logic 0.157ns (20.410%)  route 0.612ns (79.590%))
  Logic Levels:           1  (LUT6=1)
  Clock Path Skew:        0.287ns (DCD - SCD - CPR)
    Destination Clock Delay (DCD):    -0.639ns
    Source Clock Delay      (SCD):    -0.443ns
    Clock Pessimism Removal (CPR):    -0.484ns
  Clock Uncertainty:      0.194ns  ((TSJ^2 + DJ^2)^1/2) / 2 + PE
    Total System Jitter     (TSJ):    0.071ns
    Discrete Jitter          (DJ):    0.129ns
    Phase Error              (PE):    0.120ns

    Location             Delay type                Incr(ns)  Path(ns)    Netlist Resource(s)
  -------------------------------------------------------------------    -------------------
                         (clock clk_out2_pll rise edge)
                                                      0.000     0.000 r  
    AD12                                              0.000     0.000 r  i_sys_clk_p (IN)
                         net (fo=0)                   0.000     0.000    pll_inst/inst/clk_in1_p
    AD12                 IBUFDS (Prop_ibufds_I_O)     0.388     0.388 r  pll_inst/inst/clkin1_ibufgds/O
                         net (fo=1, routed)           0.503     0.891    pll_inst/inst/clk_in1_pll
    PLLE2_ADV_X1Y1       PLLE2_ADV (Prop_plle2_adv_CLKIN1_CLKOUT1)
                                                     -2.908    -2.017 r  pll_inst/inst/plle2_adv_inst/CLKOUT1
                         net (fo=1, routed)           0.958    -1.059    pll_inst/inst/clk_out2_pll
    BUFGCTRL_X0Y0        BUFG (Prop_bufg_I_O)         0.026    -1.033 r  pll_inst/inst/clkout2_buf/O
                         net (fo=2458, routed)        0.590    -0.443    student_top_inst/bridge_inst/CLK
    SLICE_X67Y137        FDRE                                         r  student_top_inst/bridge_inst/seg_wdata_reg[21]/C
  -------------------------------------------------------------------    -------------------
    SLICE_X67Y137        FDRE (Prop_fdre_C_Q)         0.091    -0.352 r  student_top_inst/bridge_inst/seg_wdata_reg[21]/Q
                         net (fo=8, routed)           0.314    -0.037    student_top_inst/bridge_inst/seg_driver/s[21]
    SLICE_X50Y129        LUT6 (Prop_lut6_I1_O)        0.066     0.029 r  student_top_inst/bridge_inst/seg_driver/seg3[1]_INST_0/O
                         net (fo=2, routed)           0.298     0.327    twin_controller_inst/status_buffer_reg[4][7]_0[21]
    SLICE_X50Y129        FDCE                                         r  twin_controller_inst/status_buffer_reg[2][5]/D
  -------------------------------------------------------------------    -------------------

                         (clock clk_out1_pll rise edge)
                                                      0.000     0.000 r  
    AD12                                              0.000     0.000 r  i_sys_clk_p (IN)
                         net (fo=0)                   0.000     0.000    pll_inst/inst/clk_in1_p
    AD12                 IBUFDS (Prop_ibufds_I_O)     0.470     0.470 r  pll_inst/inst/clkin1_ibufgds/O
                         net (fo=1, routed)           0.554     1.024    pll_inst/inst/clk_in1_pll
    PLLE2_ADV_X1Y1       PLLE2_ADV (Prop_plle2_adv_CLKIN1_CLKOUT0)
                                                     -3.524    -2.500 r  pll_inst/inst/plle2_adv_inst/CLKOUT0
                         net (fo=1, routed)           1.027    -1.473    pll_inst/inst/clk_out1_pll
    BUFGCTRL_X0Y1        BUFG (Prop_bufg_I_O)         0.030    -1.443 r  pll_inst/inst/clkout1_buf/O
                         net (fo=394, routed)         0.804    -0.639    twin_controller_inst/CLK
    SLICE_X50Y129        FDCE                                         r  twin_controller_inst/status_buffer_reg[2][5]/C
                         clock pessimism              0.484    -0.156    
                         clock uncertainty            0.194     0.038    
    SLICE_X50Y129        FDCE (Hold_fdce_C_D)         0.037     0.075    twin_controller_inst/status_buffer_reg[2][5]
  -------------------------------------------------------------------
                         required time                         -0.075    
                         arrival time                           0.327    
  -------------------------------------------------------------------
                         slack                                  0.252    

Slack (MET) :             0.256ns  (arrival time - required time)
  Source:                 student_top_inst/bridge_inst/seg_wdata_reg[28]/C
                            (rising edge-triggered cell FDRE clocked by clk_out2_pll  {rise@0.000ns fall@2.000ns period=4.000ns})
  Destination:            twin_controller_inst/status_buffer_reg[4][4]/D
                            (rising edge-triggered cell FDCE clocked by clk_out1_pll  {rise@0.000ns fall@10.000ns period=20.000ns})
  Path Group:             clk_out1_pll
  Path Type:              Hold (Min at Fast Process Corner)
  Requirement:            0.000ns  (clk_out1_pll rise@0.000ns - clk_out2_pll rise@0.000ns)
  Data Path Delay:        0.794ns  (logic 0.155ns (19.518%)  route 0.639ns (80.482%))
  Logic Levels:           1  (LUT6=1)
  Clock Path Skew:        0.285ns (DCD - SCD - CPR)
    Destination Clock Delay (DCD):    -0.641ns
    Source Clock Delay      (SCD):    -0.443ns
    Clock Pessimism Removal (CPR):    -0.484ns
  Clock Uncertainty:      0.194ns  ((TSJ^2 + DJ^2)^1/2) / 2 + PE
    Total System Jitter     (TSJ):    0.071ns
    Discrete Jitter          (DJ):    0.129ns
    Phase Error              (PE):    0.120ns

    Location             Delay type                Incr(ns)  Path(ns)    Netlist Resource(s)
  -------------------------------------------------------------------    -------------------
                         (clock clk_out2_pll rise edge)
                                                      0.000     0.000 r  
    AD12                                              0.000     0.000 r  i_sys_clk_p (IN)
                         net (fo=0)                   0.000     0.000    pll_inst/inst/clk_in1_p
    AD12                 IBUFDS (Prop_ibufds_I_O)     0.388     0.388 r  pll_inst/inst/clkin1_ibufgds/O
                         net (fo=1, routed)           0.503     0.891    pll_inst/inst/clk_in1_pll
    PLLE2_ADV_X1Y1       PLLE2_ADV (Prop_plle2_adv_CLKIN1_CLKOUT1)
                                                     -2.908    -2.017 r  pll_inst/inst/plle2_adv_inst/CLKOUT1
                         net (fo=1, routed)           0.958    -1.059    pll_inst/inst/clk_out2_pll
    BUFGCTRL_X0Y0        BUFG (Prop_bufg_I_O)         0.026    -1.033 r  pll_inst/inst/clkout2_buf/O
                         net (fo=2458, routed)        0.590    -0.443    student_top_inst/bridge_inst/CLK
    SLICE_X68Y137        FDRE                                         r  student_top_inst/bridge_inst/seg_wdata_reg[28]/C
  -------------------------------------------------------------------    -------------------
    SLICE_X68Y137        FDRE (Prop_fdre_C_Q)         0.091    -0.352 r  student_top_inst/bridge_inst/seg_wdata_reg[28]/Q
                         net (fo=3, routed)           0.269    -0.082    student_top_inst/bridge_inst/seg_driver/s[28]
    SLICE_X54Y133        LUT6 (Prop_lut6_I1_O)        0.064    -0.018 r  student_top_inst/bridge_inst/seg_driver/seg4[6]_INST_0/O
                         net (fo=2, routed)           0.370     0.352    twin_controller_inst/status_buffer_reg[4][7]_0[36]
    SLICE_X54Y128        FDCE                                         r  twin_controller_inst/status_buffer_reg[4][4]/D
  -------------------------------------------------------------------    -------------------

                         (clock clk_out1_pll rise edge)
                                                      0.000     0.000 r  
    AD12                                              0.000     0.000 r  i_sys_clk_p (IN)
                         net (fo=0)                   0.000     0.000    pll_inst/inst/clk_in1_p
    AD12                 IBUFDS (Prop_ibufds_I_O)     0.470     0.470 r  pll_inst/inst/clkin1_ibufgds/O
                         net (fo=1, routed)           0.554     1.024    pll_inst/inst/clk_in1_pll
    PLLE2_ADV_X1Y1       PLLE2_ADV (Prop_plle2_adv_CLKIN1_CLKOUT0)
                                                     -3.524    -2.500 r  pll_inst/inst/plle2_adv_inst/CLKOUT0
                         net (fo=1, routed)           1.027    -1.473    pll_inst/inst/clk_out1_pll
    BUFGCTRL_X0Y1        BUFG (Prop_bufg_I_O)         0.030    -1.443 r  pll_inst/inst/clkout1_buf/O
                         net (fo=394, routed)         0.802    -0.641    twin_controller_inst/CLK
    SLICE_X54Y128        FDCE                                         r  twin_controller_inst/status_buffer_reg[4][4]/C
                         clock pessimism              0.484    -0.158    
                         clock uncertainty            0.194     0.036    
    SLICE_X54Y128        FDCE (Hold_fdce_C_D)         0.059     0.095    twin_controller_inst/status_buffer_reg[4][4]
  -------------------------------------------------------------------
                         required time                         -0.095    
                         arrival time                           0.352    
  -------------------------------------------------------------------
                         slack                                  0.256    





---------------------------------------------------------------------------------------------------
From Clock:  clk_out1_pll
  To Clock:  clk_out2_pll

Setup :            0  Failing Endpoints,  Worst Slack        0.234ns,  Total Violation        0.000ns
Hold  :            0  Failing Endpoints,  Worst Slack        0.109ns,  Total Violation        0.000ns
---------------------------------------------------------------------------------------------------


Max Delay Paths
--------------------------------------------------------------------------------------
Slack (MET) :             0.234ns  (required time - arrival time)
  Source:                 twin_controller_inst/sw_reg[54]/C
                            (rising edge-triggered cell FDCE clocked by clk_out1_pll  {rise@0.000ns fall@10.000ns period=20.000ns})
  Destination:            student_top_inst/u_RISCV_CORE/INST_MEM_UNIT/mem_wr_buffer_inst/rd_data_o_reg[22]/D
                            (rising edge-triggered cell FDRE clocked by clk_out2_pll  {rise@0.000ns fall@2.000ns period=4.000ns})
  Path Group:             clk_out2_pll
  Path Type:              Setup (Max at Slow Process Corner)
  Requirement:            4.000ns  (clk_out2_pll rise@4.000ns - clk_out1_pll rise@0.000ns)
  Data Path Delay:        3.366ns  (logic 0.438ns (13.013%)  route 2.928ns (86.987%))
  Logic Levels:           5  (LUT4=1 LUT6=4)
  Clock Path Skew:        -0.239ns (DCD - SCD + CPR)
    Destination Clock Delay (DCD):    -2.099ns = ( 1.901 - 4.000 ) 
    Source Clock Delay      (SCD):    -2.457ns
    Clock Pessimism Removal (CPR):    -0.598ns
  Clock Uncertainty:      0.194ns  ((TSJ^2 + DJ^2)^1/2) / 2 + PE
    Total System Jitter     (TSJ):    0.071ns
    Discrete Jitter          (DJ):    0.129ns
    Phase Error              (PE):    0.120ns

    Location             Delay type                Incr(ns)  Path(ns)    Netlist Resource(s)
  -------------------------------------------------------------------    -------------------
                         (clock clk_out1_pll rise edge)
                                                      0.000     0.000 r  
    AD12                                              0.000     0.000 r  i_sys_clk_p (IN)
                         net (fo=0)                   0.000     0.000    pll_inst/inst/clk_in1_p
    AD12                 IBUFDS (Prop_ibufds_I_O)     0.906     0.906 r  pll_inst/inst/clkin1_ibufgds/O
                         net (fo=1, routed)           1.098     2.004    pll_inst/inst/clk_in1_pll
    PLLE2_ADV_X1Y1       PLLE2_ADV (Prop_plle2_adv_CLKIN1_CLKOUT0)
                                                     -8.058    -6.054 r  pll_inst/inst/plle2_adv_inst/CLKOUT0
                         net (fo=1, routed)           2.128    -3.926    pll_inst/inst/clk_out1_pll
    BUFGCTRL_X0Y1        BUFG (Prop_bufg_I_O)         0.093    -3.833 r  pll_inst/inst/clkout1_buf/O
                         net (fo=394, routed)         1.376    -2.457    twin_controller_inst/CLK
    SLICE_X76Y128        FDCE                                         r  twin_controller_inst/sw_reg[54]/C
  -------------------------------------------------------------------    -------------------
    SLICE_X76Y128        FDCE (Prop_fdce_C_Q)         0.223    -2.234 r  twin_controller_inst/sw_reg[54]/Q
                         net (fo=2, routed)           0.768    -1.466    student_top_inst/bridge_inst/Q[40]
    SLICE_X79Y124        LUT6 (Prop_lut6_I1_O)        0.043    -1.423 r  student_top_inst/bridge_inst/perip_bridge_LUT6_15/O
                         net (fo=1, routed)           0.786    -0.637    student_top_inst/bridge_inst/perip_bridge_net_23
    SLICE_X100Y124       LUT4 (Prop_lut4_I3_O)        0.043    -0.594 f  student_top_inst/bridge_inst/perip_bridge_LUT4_9/O
                         net (fo=1, routed)           0.813     0.220    student_top_inst/bridge_inst/counter_inst/rd_data_o[22]_i_2
    SLICE_X114Y122       LUT6 (Prop_lut6_I0_O)        0.043     0.263 r  student_top_inst/bridge_inst/counter_inst/u_RISCV_CORE_i_10/O
                         net (fo=1, routed)           0.270     0.533    student_top_inst/u_RISCV_CORE/INST_MEM_UNIT/mem_wr_buffer_inst/mem_rd_data_i[22]
    SLICE_X113Y122       LUT6 (Prop_lut6_I1_O)        0.043     0.576 r  student_top_inst/u_RISCV_CORE/INST_MEM_UNIT/mem_wr_buffer_inst/rd_data_o[22]_i_2/O
                         net (fo=1, routed)           0.290     0.866    student_top_inst/u_RISCV_CORE/INST_MEM_BUFFER/rd_data_o_reg[22]
    SLICE_X113Y122       LUT6 (Prop_lut6_I5_O)        0.043     0.909 r  student_top_inst/u_RISCV_CORE/INST_MEM_BUFFER/rd_data_o[22]_i_1/O
                         net (fo=1, routed)           0.000     0.909    student_top_inst/u_RISCV_CORE/INST_MEM_UNIT/mem_wr_buffer_inst/D[14]
    SLICE_X113Y122       FDRE                                         r  student_top_inst/u_RISCV_CORE/INST_MEM_UNIT/mem_wr_buffer_inst/rd_data_o_reg[22]/D
  -------------------------------------------------------------------    -------------------

                         (clock clk_out2_pll rise edge)
                                                      4.000     4.000 r  
    AD12                                              0.000     4.000 r  i_sys_clk_p (IN)
                         net (fo=0)                   0.000     4.000    pll_inst/inst/clk_in1_p
    AD12                 IBUFDS (Prop_ibufds_I_O)     0.803     4.803 r  pll_inst/inst/clkin1_ibufgds/O
                         net (fo=1, routed)           1.001     5.804    pll_inst/inst/clk_in1_pll
    PLLE2_ADV_X1Y1       PLLE2_ADV (Prop_plle2_adv_CLKIN1_CLKOUT1)
                                                     -7.261    -1.457 r  pll_inst/inst/plle2_adv_inst/CLKOUT1
                         net (fo=1, routed)           2.003     0.546    pll_inst/inst/clk_out2_pll
    BUFGCTRL_X0Y0        BUFG (Prop_bufg_I_O)         0.083     0.629 r  pll_inst/inst/clkout2_buf/O
                         net (fo=2458, routed)        1.272     1.901    student_top_inst/u_RISCV_CORE/INST_MEM_UNIT/mem_wr_buffer_inst/clk
    SLICE_X113Y122       FDRE                                         r  student_top_inst/u_RISCV_CORE/INST_MEM_UNIT/mem_wr_buffer_inst/rd_data_o_reg[22]/C
                         clock pessimism             -0.598     1.304    
                         clock uncertainty           -0.194     1.110    
    SLICE_X113Y122       FDRE (Setup_fdre_C_D)        0.033     1.143    student_top_inst/u_RISCV_CORE/INST_MEM_UNIT/mem_wr_buffer_inst/rd_data_o_reg[22]
  -------------------------------------------------------------------
                         required time                          1.143    
                         arrival time                          -0.909    
  -------------------------------------------------------------------
                         slack                                  0.234    

Slack (MET) :             0.292ns  (required time - arrival time)
  Source:                 twin_controller_inst/sw_reg[31]/C
                            (rising edge-triggered cell FDCE clocked by clk_out1_pll  {rise@0.000ns fall@10.000ns period=20.000ns})
  Destination:            student_top_inst/u_RISCV_CORE/INST_MEM_UNIT/mem_wr_buffer_inst/rd_data_o_reg[31]/D
                            (rising edge-triggered cell FDRE clocked by clk_out2_pll  {rise@0.000ns fall@2.000ns period=4.000ns})
  Path Group:             clk_out2_pll
  Path Type:              Setup (Max at Slow Process Corner)
  Requirement:            4.000ns  (clk_out2_pll rise@4.000ns - clk_out1_pll rise@0.000ns)
  Data Path Delay:        3.310ns  (logic 0.474ns (14.321%)  route 2.836ns (85.679%))
  Logic Levels:           5  (LUT5=1 LUT6=4)
  Clock Path Skew:        -0.238ns (DCD - SCD + CPR)
    Destination Clock Delay (DCD):    -2.092ns = ( 1.908 - 4.000 ) 
    Source Clock Delay      (SCD):    -2.451ns
    Clock Pessimism Removal (CPR):    -0.598ns
  Clock Uncertainty:      0.194ns  ((TSJ^2 + DJ^2)^1/2) / 2 + PE
    Total System Jitter     (TSJ):    0.071ns
    Discrete Jitter          (DJ):    0.129ns
    Phase Error              (PE):    0.120ns

    Location             Delay type                Incr(ns)  Path(ns)    Netlist Resource(s)
  -------------------------------------------------------------------    -------------------
                         (clock clk_out1_pll rise edge)
                                                      0.000     0.000 r  
    AD12                                              0.000     0.000 r  i_sys_clk_p (IN)
                         net (fo=0)                   0.000     0.000    pll_inst/inst/clk_in1_p
    AD12                 IBUFDS (Prop_ibufds_I_O)     0.906     0.906 r  pll_inst/inst/clkin1_ibufgds/O
                         net (fo=1, routed)           1.098     2.004    pll_inst/inst/clk_in1_pll
    PLLE2_ADV_X1Y1       PLLE2_ADV (Prop_plle2_adv_CLKIN1_CLKOUT0)
                                                     -8.058    -6.054 r  pll_inst/inst/plle2_adv_inst/CLKOUT0
                         net (fo=1, routed)           2.128    -3.926    pll_inst/inst/clk_out1_pll
    BUFGCTRL_X0Y1        BUFG (Prop_bufg_I_O)         0.093    -3.833 r  pll_inst/inst/clkout1_buf/O
                         net (fo=394, routed)         1.382    -2.451    twin_controller_inst/CLK
    SLICE_X62Y131        FDCE                                         r  twin_controller_inst/sw_reg[31]/C
  -------------------------------------------------------------------    -------------------
    SLICE_X62Y131        FDCE (Prop_fdce_C_Q)         0.259    -2.192 r  twin_controller_inst/sw_reg[31]/Q
                         net (fo=2, routed)           0.545    -1.647    student_top_inst/bridge_inst/Q[24]
    SLICE_X61Y133        LUT6 (Prop_lut6_I0_O)        0.043    -1.604 f  student_top_inst/bridge_inst/perip_bridge_LUT6_2/O
                         net (fo=1, routed)           0.860    -0.745    student_top_inst/bridge_inst/perip_bridge_net_8
    SLICE_X96Y134        LUT5 (Prop_lut5_I4_O)        0.043    -0.702 r  student_top_inst/bridge_inst/perip_bridge_LUT5_2/O
                         net (fo=1, routed)           0.842     0.140    student_top_inst/bridge_inst/counter_inst/rd_data_o[31]_i_2
    SLICE_X113Y136       LUT6 (Prop_lut6_I1_O)        0.043     0.183 r  student_top_inst/bridge_inst/counter_inst/u_RISCV_CORE_i_1/O
                         net (fo=1, routed)           0.317     0.500    student_top_inst/u_RISCV_CORE/INST_MEM_UNIT/mem_wr_buffer_inst/mem_rd_data_i[31]
    SLICE_X109Y135       LUT6 (Prop_lut6_I1_O)        0.043     0.543 r  student_top_inst/u_RISCV_CORE/INST_MEM_UNIT/mem_wr_buffer_inst/rd_data_o[31]_i_2/O
                         net (fo=1, routed)           0.273     0.815    student_top_inst/u_RISCV_CORE/INST_MEM_BUFFER/rd_data_o_reg[31]
    SLICE_X109Y135       LUT6 (Prop_lut6_I5_O)        0.043     0.858 r  student_top_inst/u_RISCV_CORE/INST_MEM_BUFFER/rd_data_o[31]_i_1/O
                         net (fo=1, routed)           0.000     0.858    student_top_inst/u_RISCV_CORE/INST_MEM_UNIT/mem_wr_buffer_inst/D[23]
    SLICE_X109Y135       FDRE                                         r  student_top_inst/u_RISCV_CORE/INST_MEM_UNIT/mem_wr_buffer_inst/rd_data_o_reg[31]/D
  -------------------------------------------------------------------    -------------------

                         (clock clk_out2_pll rise edge)
                                                      4.000     4.000 r  
    AD12                                              0.000     4.000 r  i_sys_clk_p (IN)
                         net (fo=0)                   0.000     4.000    pll_inst/inst/clk_in1_p
    AD12                 IBUFDS (Prop_ibufds_I_O)     0.803     4.803 r  pll_inst/inst/clkin1_ibufgds/O
                         net (fo=1, routed)           1.001     5.804    pll_inst/inst/clk_in1_pll
    PLLE2_ADV_X1Y1       PLLE2_ADV (Prop_plle2_adv_CLKIN1_CLKOUT1)
                                                     -7.261    -1.457 r  pll_inst/inst/plle2_adv_inst/CLKOUT1
                         net (fo=1, routed)           2.003     0.546    pll_inst/inst/clk_out2_pll
    BUFGCTRL_X0Y0        BUFG (Prop_bufg_I_O)         0.083     0.629 r  pll_inst/inst/clkout2_buf/O
                         net (fo=2458, routed)        1.279     1.908    student_top_inst/u_RISCV_CORE/INST_MEM_UNIT/mem_wr_buffer_inst/clk
    SLICE_X109Y135       FDRE                                         r  student_top_inst/u_RISCV_CORE/INST_MEM_UNIT/mem_wr_buffer_inst/rd_data_o_reg[31]/C
                         clock pessimism             -0.598     1.311    
                         clock uncertainty           -0.194     1.117    
    SLICE_X109Y135       FDRE (Setup_fdre_C_D)        0.033     1.150    student_top_inst/u_RISCV_CORE/INST_MEM_UNIT/mem_wr_buffer_inst/rd_data_o_reg[31]
  -------------------------------------------------------------------
                         required time                          1.150    
                         arrival time                          -0.858    
  -------------------------------------------------------------------
                         slack                                  0.292    

Slack (MET) :             0.298ns  (required time - arrival time)
  Source:                 twin_controller_inst/sw_reg[48]/C
                            (rising edge-triggered cell FDCE clocked by clk_out1_pll  {rise@0.000ns fall@10.000ns period=20.000ns})
  Destination:            student_top_inst/u_RISCV_CORE/INST_MEM_UNIT/mem_wr_buffer_inst/rd_data_o_reg[16]/D
                            (rising edge-triggered cell FDRE clocked by clk_out2_pll  {rise@0.000ns fall@2.000ns period=4.000ns})
  Path Group:             clk_out2_pll
  Path Type:              Setup (Max at Slow Process Corner)
  Requirement:            4.000ns  (clk_out2_pll rise@4.000ns - clk_out1_pll rise@0.000ns)
  Data Path Delay:        3.333ns  (logic 0.438ns (13.140%)  route 2.895ns (86.860%))
  Logic Levels:           5  (LUT5=1 LUT6=4)
  Clock Path Skew:        -0.240ns (DCD - SCD + CPR)
    Destination Clock Delay (DCD):    -2.090ns = ( 1.910 - 4.000 ) 
    Source Clock Delay      (SCD):    -2.447ns
    Clock Pessimism Removal (CPR):    -0.598ns
  Clock Uncertainty:      0.194ns  ((TSJ^2 + DJ^2)^1/2) / 2 + PE
    Total System Jitter     (TSJ):    0.071ns
    Discrete Jitter          (DJ):    0.129ns
    Phase Error              (PE):    0.120ns

    Location             Delay type                Incr(ns)  Path(ns)    Netlist Resource(s)
  -------------------------------------------------------------------    -------------------
                         (clock clk_out1_pll rise edge)
                                                      0.000     0.000 r  
    AD12                                              0.000     0.000 r  i_sys_clk_p (IN)
                         net (fo=0)                   0.000     0.000    pll_inst/inst/clk_in1_p
    AD12                 IBUFDS (Prop_ibufds_I_O)     0.906     0.906 r  pll_inst/inst/clkin1_ibufgds/O
                         net (fo=1, routed)           1.098     2.004    pll_inst/inst/clk_in1_pll
    PLLE2_ADV_X1Y1       PLLE2_ADV (Prop_plle2_adv_CLKIN1_CLKOUT0)
                                                     -8.058    -6.054 r  pll_inst/inst/plle2_adv_inst/CLKOUT0
                         net (fo=1, routed)           2.128    -3.926    pll_inst/inst/clk_out1_pll
    BUFGCTRL_X0Y1        BUFG (Prop_bufg_I_O)         0.093    -3.833 r  pll_inst/inst/clkout1_buf/O
                         net (fo=394, routed)         1.386    -2.447    twin_controller_inst/CLK
    SLICE_X60Y134        FDCE                                         r  twin_controller_inst/sw_reg[48]/C
  -------------------------------------------------------------------    -------------------
    SLICE_X60Y134        FDCE (Prop_fdce_C_Q)         0.223    -2.224 r  twin_controller_inst/sw_reg[48]/Q
                         net (fo=2, routed)           0.652    -1.573    student_top_inst/bridge_inst/Q[34]
    SLICE_X60Y134        LUT6 (Prop_lut6_I0_O)        0.043    -1.530 f  student_top_inst/bridge_inst/perip_bridge_LUT6_21/O
                         net (fo=1, routed)           0.888    -0.642    student_top_inst/bridge_inst/perip_bridge_net_29
    SLICE_X96Y134        LUT5 (Prop_lut5_I4_O)        0.043    -0.599 f  student_top_inst/bridge_inst/perip_bridge_LUT5_12/O
                         net (fo=1, routed)           0.919     0.321    student_top_inst/bridge_inst/counter_inst/rd_data_o[16]_i_2
    SLICE_X114Y137       LUT6 (Prop_lut6_I0_O)        0.043     0.364 r  student_top_inst/bridge_inst/counter_inst/u_RISCV_CORE_i_16/O
                         net (fo=1, routed)           0.189     0.552    student_top_inst/u_RISCV_CORE/INST_MEM_UNIT/mem_wr_buffer_inst/mem_rd_data_i[16]
    SLICE_X114Y136       LUT6 (Prop_lut6_I1_O)        0.043     0.595 r  student_top_inst/u_RISCV_CORE/INST_MEM_UNIT/mem_wr_buffer_inst/rd_data_o[16]_i_2/O
                         net (fo=1, routed)           0.248     0.843    student_top_inst/u_RISCV_CORE/INST_MEM_BUFFER/rd_data_o_reg[16]
    SLICE_X114Y136       LUT6 (Prop_lut6_I5_O)        0.043     0.886 r  student_top_inst/u_RISCV_CORE/INST_MEM_BUFFER/rd_data_o[16]_i_1/O
                         net (fo=1, routed)           0.000     0.886    student_top_inst/u_RISCV_CORE/INST_MEM_UNIT/mem_wr_buffer_inst/D[8]
    SLICE_X114Y136       FDRE                                         r  student_top_inst/u_RISCV_CORE/INST_MEM_UNIT/mem_wr_buffer_inst/rd_data_o_reg[16]/D
  -------------------------------------------------------------------    -------------------

                         (clock clk_out2_pll rise edge)
                                                      4.000     4.000 r  
    AD12                                              0.000     4.000 r  i_sys_clk_p (IN)
                         net (fo=0)                   0.000     4.000    pll_inst/inst/clk_in1_p
    AD12                 IBUFDS (Prop_ibufds_I_O)     0.803     4.803 r  pll_inst/inst/clkin1_ibufgds/O
                         net (fo=1, routed)           1.001     5.804    pll_inst/inst/clk_in1_pll
    PLLE2_ADV_X1Y1       PLLE2_ADV (Prop_plle2_adv_CLKIN1_CLKOUT1)
                                                     -7.261    -1.457 r  pll_inst/inst/plle2_adv_inst/CLKOUT1
                         net (fo=1, routed)           2.003     0.546    pll_inst/inst/clk_out2_pll
    BUFGCTRL_X0Y0        BUFG (Prop_bufg_I_O)         0.083     0.629 r  pll_inst/inst/clkout2_buf/O
                         net (fo=2458, routed)        1.281     1.910    student_top_inst/u_RISCV_CORE/INST_MEM_UNIT/mem_wr_buffer_inst/clk
    SLICE_X114Y136       FDRE                                         r  student_top_inst/u_RISCV_CORE/INST_MEM_UNIT/mem_wr_buffer_inst/rd_data_o_reg[16]/C
                         clock pessimism             -0.598     1.313    
                         clock uncertainty           -0.194     1.119    
    SLICE_X114Y136       FDRE (Setup_fdre_C_D)        0.065     1.184    student_top_inst/u_RISCV_CORE/INST_MEM_UNIT/mem_wr_buffer_inst/rd_data_o_reg[16]
  -------------------------------------------------------------------
                         required time                          1.184    
                         arrival time                          -0.886    
  -------------------------------------------------------------------
                         slack                                  0.298    

Slack (MET) :             0.324ns  (required time - arrival time)
  Source:                 twin_controller_inst/sw_reg[9]/C
                            (rising edge-triggered cell FDCE clocked by clk_out1_pll  {rise@0.000ns fall@10.000ns period=20.000ns})
  Destination:            student_top_inst/u_RISCV_CORE/INST_MEM_UNIT/mem_wr_buffer_inst/rd_data_o_reg[9]/D
                            (rising edge-triggered cell FDRE clocked by clk_out2_pll  {rise@0.000ns fall@2.000ns period=4.000ns})
  Path Group:             clk_out2_pll
  Path Type:              Setup (Max at Slow Process Corner)
  Requirement:            4.000ns  (clk_out2_pll rise@4.000ns - clk_out1_pll rise@0.000ns)
  Data Path Delay:        3.135ns  (logic 0.474ns (15.119%)  route 2.661ns (84.881%))
  Logic Levels:           5  (LUT5=1 LUT6=4)
  Clock Path Skew:        -0.413ns (DCD - SCD + CPR)
    Destination Clock Delay (DCD):    -2.264ns = ( 1.736 - 4.000 ) 
    Source Clock Delay      (SCD):    -2.448ns
    Clock Pessimism Removal (CPR):    -0.598ns
  Clock Uncertainty:      0.194ns  ((TSJ^2 + DJ^2)^1/2) / 2 + PE
    Total System Jitter     (TSJ):    0.071ns
    Discrete Jitter          (DJ):    0.129ns
    Phase Error              (PE):    0.120ns

    Location             Delay type                Incr(ns)  Path(ns)    Netlist Resource(s)
  -------------------------------------------------------------------    -------------------
                         (clock clk_out1_pll rise edge)
                                                      0.000     0.000 r  
    AD12                                              0.000     0.000 r  i_sys_clk_p (IN)
                         net (fo=0)                   0.000     0.000    pll_inst/inst/clk_in1_p
    AD12                 IBUFDS (Prop_ibufds_I_O)     0.906     0.906 r  pll_inst/inst/clkin1_ibufgds/O
                         net (fo=1, routed)           1.098     2.004    pll_inst/inst/clk_in1_pll
    PLLE2_ADV_X1Y1       PLLE2_ADV (Prop_plle2_adv_CLKIN1_CLKOUT0)
                                                     -8.058    -6.054 r  pll_inst/inst/plle2_adv_inst/CLKOUT0
                         net (fo=1, routed)           2.128    -3.926    pll_inst/inst/clk_out1_pll
    BUFGCTRL_X0Y1        BUFG (Prop_bufg_I_O)         0.093    -3.833 r  pll_inst/inst/clkout1_buf/O
                         net (fo=394, routed)         1.385    -2.448    twin_controller_inst/CLK
    SLICE_X62Y134        FDCE                                         r  twin_controller_inst/sw_reg[9]/C
  -------------------------------------------------------------------    -------------------
    SLICE_X62Y134        FDCE (Prop_fdce_C_Q)         0.259    -2.189 r  twin_controller_inst/sw_reg[9]/Q
                         net (fo=2, routed)           0.450    -1.740    student_top_inst/bridge_inst/Q[2]
    SLICE_X61Y134        LUT6 (Prop_lut6_I1_O)        0.043    -1.697 f  student_top_inst/bridge_inst/perip_bridge_LUT6_28/O
                         net (fo=1, routed)           0.857    -0.839    student_top_inst/bridge_inst/perip_bridge_net_36
    SLICE_X96Y134        LUT5 (Prop_lut5_I4_O)        0.043    -0.796 f  student_top_inst/bridge_inst/perip_bridge_LUT5_18/O
                         net (fo=1, routed)           0.814     0.017    student_top_inst/bridge_inst/counter_inst/rd_data_o[9]_i_2
    SLICE_X103Y153       LUT6 (Prop_lut6_I0_O)        0.043     0.060 r  student_top_inst/bridge_inst/counter_inst/u_RISCV_CORE_i_23/O
                         net (fo=1, routed)           0.296     0.356    student_top_inst/u_RISCV_CORE/INST_MEM_UNIT/mem_wr_buffer_inst/mem_rd_data_i[9]
    SLICE_X102Y152       LUT6 (Prop_lut6_I1_O)        0.043     0.399 r  student_top_inst/u_RISCV_CORE/INST_MEM_UNIT/mem_wr_buffer_inst/rd_data_o[9]_i_2/O
                         net (fo=1, routed)           0.245     0.644    student_top_inst/u_RISCV_CORE/INST_MEM_BUFFER/rd_data_o_reg[9]
    SLICE_X102Y152       LUT6 (Prop_lut6_I5_O)        0.043     0.687 r  student_top_inst/u_RISCV_CORE/INST_MEM_BUFFER/rd_data_o[9]_i_1/O
                         net (fo=1, routed)           0.000     0.687    student_top_inst/u_RISCV_CORE/INST_MEM_UNIT/mem_wr_buffer_inst/D[1]
    SLICE_X102Y152       FDRE                                         r  student_top_inst/u_RISCV_CORE/INST_MEM_UNIT/mem_wr_buffer_inst/rd_data_o_reg[9]/D
  -------------------------------------------------------------------    -------------------

                         (clock clk_out2_pll rise edge)
                                                      4.000     4.000 r  
    AD12                                              0.000     4.000 r  i_sys_clk_p (IN)
                         net (fo=0)                   0.000     4.000    pll_inst/inst/clk_in1_p
    AD12                 IBUFDS (Prop_ibufds_I_O)     0.803     4.803 r  pll_inst/inst/clkin1_ibufgds/O
                         net (fo=1, routed)           1.001     5.804    pll_inst/inst/clk_in1_pll
    PLLE2_ADV_X1Y1       PLLE2_ADV (Prop_plle2_adv_CLKIN1_CLKOUT1)
                                                     -7.261    -1.457 r  pll_inst/inst/plle2_adv_inst/CLKOUT1
                         net (fo=1, routed)           2.003     0.546    pll_inst/inst/clk_out2_pll
    BUFGCTRL_X0Y0        BUFG (Prop_bufg_I_O)         0.083     0.629 r  pll_inst/inst/clkout2_buf/O
                         net (fo=2458, routed)        1.107     1.736    student_top_inst/u_RISCV_CORE/INST_MEM_UNIT/mem_wr_buffer_inst/clk
    SLICE_X102Y152       FDRE                                         r  student_top_inst/u_RISCV_CORE/INST_MEM_UNIT/mem_wr_buffer_inst/rd_data_o_reg[9]/C
                         clock pessimism             -0.598     1.139    
                         clock uncertainty           -0.194     0.945    
    SLICE_X102Y152       FDRE (Setup_fdre_C_D)        0.066     1.011    student_top_inst/u_RISCV_CORE/INST_MEM_UNIT/mem_wr_buffer_inst/rd_data_o_reg[9]
  -------------------------------------------------------------------
                         required time                          1.011    
                         arrival time                          -0.687    
  -------------------------------------------------------------------
                         slack                                  0.324    

Slack (MET) :             0.326ns  (required time - arrival time)
  Source:                 twin_controller_inst/sw_reg[46]/C
                            (rising edge-triggered cell FDCE clocked by clk_out1_pll  {rise@0.000ns fall@10.000ns period=20.000ns})
  Destination:            student_top_inst/u_RISCV_CORE/INST_MEM_UNIT/mem_wr_buffer_inst/rd_data_o_reg[14]/D
                            (rising edge-triggered cell FDRE clocked by clk_out2_pll  {rise@0.000ns fall@2.000ns period=4.000ns})
  Path Group:             clk_out2_pll
  Path Type:              Setup (Max at Slow Process Corner)
  Requirement:            4.000ns  (clk_out2_pll rise@4.000ns - clk_out1_pll rise@0.000ns)
  Data Path Delay:        3.272ns  (logic 0.501ns (15.311%)  route 2.771ns (84.689%))
  Logic Levels:           5  (LUT4=1 LUT6=4)
  Clock Path Skew:        -0.241ns (DCD - SCD + CPR)
    Destination Clock Delay (DCD):    -2.100ns = ( 1.900 - 4.000 ) 
    Source Clock Delay      (SCD):    -2.456ns
    Clock Pessimism Removal (CPR):    -0.598ns
  Clock Uncertainty:      0.194ns  ((TSJ^2 + DJ^2)^1/2) / 2 + PE
    Total System Jitter     (TSJ):    0.071ns
    Discrete Jitter          (DJ):    0.129ns
    Phase Error              (PE):    0.120ns

    Location             Delay type                Incr(ns)  Path(ns)    Netlist Resource(s)
  -------------------------------------------------------------------    -------------------
                         (clock clk_out1_pll rise edge)
                                                      0.000     0.000 r  
    AD12                                              0.000     0.000 r  i_sys_clk_p (IN)
                         net (fo=0)                   0.000     0.000    pll_inst/inst/clk_in1_p
    AD12                 IBUFDS (Prop_ibufds_I_O)     0.906     0.906 r  pll_inst/inst/clkin1_ibufgds/O
                         net (fo=1, routed)           1.098     2.004    pll_inst/inst/clk_in1_pll
    PLLE2_ADV_X1Y1       PLLE2_ADV (Prop_plle2_adv_CLKIN1_CLKOUT0)
                                                     -8.058    -6.054 r  pll_inst/inst/plle2_adv_inst/CLKOUT0
                         net (fo=1, routed)           2.128    -3.926    pll_inst/inst/clk_out1_pll
    BUFGCTRL_X0Y1        BUFG (Prop_bufg_I_O)         0.093    -3.833 r  pll_inst/inst/clkout1_buf/O
                         net (fo=394, routed)         1.377    -2.456    twin_controller_inst/CLK
    SLICE_X64Y127        FDCE                                         r  twin_controller_inst/sw_reg[46]/C
  -------------------------------------------------------------------    -------------------
    SLICE_X64Y127        FDCE (Prop_fdce_C_Q)         0.204    -2.252 r  twin_controller_inst/sw_reg[46]/Q
                         net (fo=2, routed)           0.517    -1.735    student_top_inst/bridge_inst/Q[32]
    SLICE_X62Y127        LUT6 (Prop_lut6_I0_O)        0.125    -1.610 r  student_top_inst/bridge_inst/perip_bridge_LUT6_23/O
                         net (fo=1, routed)           1.331    -0.280    student_top_inst/bridge_inst/perip_bridge_net_31
    SLICE_X108Y126       LUT4 (Prop_lut4_I3_O)        0.043    -0.237 f  student_top_inst/bridge_inst/perip_bridge_LUT4_12/O
                         net (fo=1, routed)           0.321     0.084    student_top_inst/bridge_inst/counter_inst/rd_data_o[14]_i_2
    SLICE_X115Y126       LUT6 (Prop_lut6_I0_O)        0.043     0.127 r  student_top_inst/bridge_inst/counter_inst/u_RISCV_CORE_i_18/O
                         net (fo=1, routed)           0.343     0.471    student_top_inst/u_RISCV_CORE/INST_MEM_UNIT/mem_wr_buffer_inst/mem_rd_data_i[14]
    SLICE_X115Y126       LUT6 (Prop_lut6_I1_O)        0.043     0.514 r  student_top_inst/u_RISCV_CORE/INST_MEM_UNIT/mem_wr_buffer_inst/rd_data_o[14]_i_2/O
                         net (fo=1, routed)           0.259     0.773    student_top_inst/u_RISCV_CORE/INST_MEM_BUFFER/rd_data_o_reg[14]
    SLICE_X115Y126       LUT6 (Prop_lut6_I5_O)        0.043     0.816 r  student_top_inst/u_RISCV_CORE/INST_MEM_BUFFER/rd_data_o[14]_i_1/O
                         net (fo=1, routed)           0.000     0.816    student_top_inst/u_RISCV_CORE/INST_MEM_UNIT/mem_wr_buffer_inst/D[6]
    SLICE_X115Y126       FDRE                                         r  student_top_inst/u_RISCV_CORE/INST_MEM_UNIT/mem_wr_buffer_inst/rd_data_o_reg[14]/D
  -------------------------------------------------------------------    -------------------

                         (clock clk_out2_pll rise edge)
                                                      4.000     4.000 r  
    AD12                                              0.000     4.000 r  i_sys_clk_p (IN)
                         net (fo=0)                   0.000     4.000    pll_inst/inst/clk_in1_p
    AD12                 IBUFDS (Prop_ibufds_I_O)     0.803     4.803 r  pll_inst/inst/clkin1_ibufgds/O
                         net (fo=1, routed)           1.001     5.804    pll_inst/inst/clk_in1_pll
    PLLE2_ADV_X1Y1       PLLE2_ADV (Prop_plle2_adv_CLKIN1_CLKOUT1)
                                                     -7.261    -1.457 r  pll_inst/inst/plle2_adv_inst/CLKOUT1
                         net (fo=1, routed)           2.003     0.546    pll_inst/inst/clk_out2_pll
    BUFGCTRL_X0Y0        BUFG (Prop_bufg_I_O)         0.083     0.629 r  pll_inst/inst/clkout2_buf/O
                         net (fo=2458, routed)        1.271     1.900    student_top_inst/u_RISCV_CORE/INST_MEM_UNIT/mem_wr_buffer_inst/clk
    SLICE_X115Y126       FDRE                                         r  student_top_inst/u_RISCV_CORE/INST_MEM_UNIT/mem_wr_buffer_inst/rd_data_o_reg[14]/C
                         clock pessimism             -0.598     1.303    
                         clock uncertainty           -0.194     1.109    
    SLICE_X115Y126       FDRE (Setup_fdre_C_D)        0.033     1.142    student_top_inst/u_RISCV_CORE/INST_MEM_UNIT/mem_wr_buffer_inst/rd_data_o_reg[14]
  -------------------------------------------------------------------
                         required time                          1.142    
                         arrival time                          -0.816    
  -------------------------------------------------------------------
                         slack                                  0.326    

Slack (MET) :             0.365ns  (required time - arrival time)
  Source:                 twin_controller_inst/sw_reg[13]/C
                            (rising edge-triggered cell FDCE clocked by clk_out1_pll  {rise@0.000ns fall@10.000ns period=20.000ns})
  Destination:            student_top_inst/u_RISCV_CORE/INST_MEM_UNIT/mem_wr_buffer_inst/rd_data_o_reg[13]/D
                            (rising edge-triggered cell FDRE clocked by clk_out2_pll  {rise@0.000ns fall@2.000ns period=4.000ns})
  Path Group:             clk_out2_pll
  Path Type:              Setup (Max at Slow Process Corner)
  Requirement:            4.000ns  (clk_out2_pll rise@4.000ns - clk_out1_pll rise@0.000ns)
  Data Path Delay:        3.244ns  (logic 0.431ns (13.287%)  route 2.813ns (86.713%))
  Logic Levels:           4  (LUT5=1 LUT6=3)
  Clock Path Skew:        -0.231ns (DCD - SCD + CPR)
    Destination Clock Delay (DCD):    -2.090ns = ( 1.910 - 4.000 ) 
    Source Clock Delay      (SCD):    -2.456ns
    Clock Pessimism Removal (CPR):    -0.598ns
  Clock Uncertainty:      0.194ns  ((TSJ^2 + DJ^2)^1/2) / 2 + PE
    Total System Jitter     (TSJ):    0.071ns
    Discrete Jitter          (DJ):    0.129ns
    Phase Error              (PE):    0.120ns

    Location             Delay type                Incr(ns)  Path(ns)    Netlist Resource(s)
  -------------------------------------------------------------------    -------------------
                         (clock clk_out1_pll rise edge)
                                                      0.000     0.000 r  
    AD12                                              0.000     0.000 r  i_sys_clk_p (IN)
                         net (fo=0)                   0.000     0.000    pll_inst/inst/clk_in1_p
    AD12                 IBUFDS (Prop_ibufds_I_O)     0.906     0.906 r  pll_inst/inst/clkin1_ibufgds/O
                         net (fo=1, routed)           1.098     2.004    pll_inst/inst/clk_in1_pll
    PLLE2_ADV_X1Y1       PLLE2_ADV (Prop_plle2_adv_CLKIN1_CLKOUT0)
                                                     -8.058    -6.054 r  pll_inst/inst/plle2_adv_inst/CLKOUT0
                         net (fo=1, routed)           2.128    -3.926    pll_inst/inst/clk_out1_pll
    BUFGCTRL_X0Y1        BUFG (Prop_bufg_I_O)         0.093    -3.833 r  pll_inst/inst/clkout1_buf/O
                         net (fo=394, routed)         1.377    -2.456    twin_controller_inst/CLK
    SLICE_X62Y127        FDCE                                         r  twin_controller_inst/sw_reg[13]/C
  -------------------------------------------------------------------    -------------------
    SLICE_X62Y127        FDCE (Prop_fdce_C_Q)         0.259    -2.197 r  twin_controller_inst/sw_reg[13]/Q
                         net (fo=2, routed)           0.575    -1.623    student_top_inst/bridge_inst/Q[6]
    SLICE_X62Y127        LUT6 (Prop_lut6_I1_O)        0.043    -1.580 f  student_top_inst/bridge_inst/perip_bridge_LUT6_24/O
                         net (fo=1, routed)           0.901    -0.679    student_top_inst/bridge_inst/perip_bridge_net_32
    SLICE_X92Y124        LUT5 (Prop_lut5_I4_O)        0.043    -0.636 f  student_top_inst/bridge_inst/perip_bridge_LUT5_14/O
                         net (fo=1, routed)           0.997     0.361    student_top_inst/bridge_inst/counter_inst/rd_data_o[13]_i_2
    SLICE_X104Y103       LUT6 (Prop_lut6_I0_O)        0.043     0.404 r  student_top_inst/bridge_inst/counter_inst/u_RISCV_CORE_i_19/O
                         net (fo=1, routed)           0.341     0.744    student_top_inst/u_RISCV_CORE/INST_MEM_BUFFER/mem_rd_data_i[13]_alias
    SLICE_X105Y103       LUT6 (Prop_lut6_I5_O)        0.043     0.787 r  student_top_inst/u_RISCV_CORE/INST_MEM_BUFFER/rd_data_o[13]_i_1_comp/O
                         net (fo=1, routed)           0.000     0.787    student_top_inst/u_RISCV_CORE/INST_MEM_UNIT/mem_wr_buffer_inst/D[5]
    SLICE_X105Y103       FDRE                                         r  student_top_inst/u_RISCV_CORE/INST_MEM_UNIT/mem_wr_buffer_inst/rd_data_o_reg[13]/D
  -------------------------------------------------------------------    -------------------

                         (clock clk_out2_pll rise edge)
                                                      4.000     4.000 r  
    AD12                                              0.000     4.000 r  i_sys_clk_p (IN)
                         net (fo=0)                   0.000     4.000    pll_inst/inst/clk_in1_p
    AD12                 IBUFDS (Prop_ibufds_I_O)     0.803     4.803 r  pll_inst/inst/clkin1_ibufgds/O
                         net (fo=1, routed)           1.001     5.804    pll_inst/inst/clk_in1_pll
    PLLE2_ADV_X1Y1       PLLE2_ADV (Prop_plle2_adv_CLKIN1_CLKOUT1)
                                                     -7.261    -1.457 r  pll_inst/inst/plle2_adv_inst/CLKOUT1
                         net (fo=1, routed)           2.003     0.546    pll_inst/inst/clk_out2_pll
    BUFGCTRL_X0Y0        BUFG (Prop_bufg_I_O)         0.083     0.629 r  pll_inst/inst/clkout2_buf/O
                         net (fo=2458, routed)        1.281     1.910    student_top_inst/u_RISCV_CORE/INST_MEM_UNIT/mem_wr_buffer_inst/clk
    SLICE_X105Y103       FDRE                                         r  student_top_inst/u_RISCV_CORE/INST_MEM_UNIT/mem_wr_buffer_inst/rd_data_o_reg[13]/C
                         clock pessimism             -0.598     1.313    
                         clock uncertainty           -0.194     1.119    
    SLICE_X105Y103       FDRE (Setup_fdre_C_D)        0.033     1.152    student_top_inst/u_RISCV_CORE/INST_MEM_UNIT/mem_wr_buffer_inst/rd_data_o_reg[13]
  -------------------------------------------------------------------
                         required time                          1.152    
                         arrival time                          -0.787    
  -------------------------------------------------------------------
                         slack                                  0.365    

Slack (MET) :             0.365ns  (required time - arrival time)
  Source:                 twin_controller_inst/sw_reg[27]/C
                            (rising edge-triggered cell FDCE clocked by clk_out1_pll  {rise@0.000ns fall@10.000ns period=20.000ns})
  Destination:            student_top_inst/u_RISCV_CORE/INST_MEM_UNIT/mem_wr_buffer_inst/rd_data_o_reg[27]/D
                            (rising edge-triggered cell FDRE clocked by clk_out2_pll  {rise@0.000ns fall@2.000ns period=4.000ns})
  Path Group:             clk_out2_pll
  Path Type:              Setup (Max at Slow Process Corner)
  Requirement:            4.000ns  (clk_out2_pll rise@4.000ns - clk_out1_pll rise@0.000ns)
  Data Path Delay:        3.239ns  (logic 0.438ns (13.521%)  route 2.801ns (86.479%))
  Logic Levels:           5  (LUT5=1 LUT6=4)
  Clock Path Skew:        -0.236ns (DCD - SCD + CPR)
    Destination Clock Delay (DCD):    -2.087ns = ( 1.913 - 4.000 ) 
    Source Clock Delay      (SCD):    -2.448ns
    Clock Pessimism Removal (CPR):    -0.598ns
  Clock Uncertainty:      0.194ns  ((TSJ^2 + DJ^2)^1/2) / 2 + PE
    Total System Jitter     (TSJ):    0.071ns
    Discrete Jitter          (DJ):    0.129ns
    Phase Error              (PE):    0.120ns

    Location             Delay type                Incr(ns)  Path(ns)    Netlist Resource(s)
  -------------------------------------------------------------------    -------------------
                         (clock clk_out1_pll rise edge)
                                                      0.000     0.000 r  
    AD12                                              0.000     0.000 r  i_sys_clk_p (IN)
                         net (fo=0)                   0.000     0.000    pll_inst/inst/clk_in1_p
    AD12                 IBUFDS (Prop_ibufds_I_O)     0.906     0.906 r  pll_inst/inst/clkin1_ibufgds/O
                         net (fo=1, routed)           1.098     2.004    pll_inst/inst/clk_in1_pll
    PLLE2_ADV_X1Y1       PLLE2_ADV (Prop_plle2_adv_CLKIN1_CLKOUT0)
                                                     -8.058    -6.054 r  pll_inst/inst/plle2_adv_inst/CLKOUT0
                         net (fo=1, routed)           2.128    -3.926    pll_inst/inst/clk_out1_pll
    BUFGCTRL_X0Y1        BUFG (Prop_bufg_I_O)         0.093    -3.833 r  pll_inst/inst/clkout1_buf/O
                         net (fo=394, routed)         1.385    -2.448    twin_controller_inst/CLK
    SLICE_X67Y134        FDCE                                         r  twin_controller_inst/sw_reg[27]/C
  -------------------------------------------------------------------    -------------------
    SLICE_X67Y134        FDCE (Prop_fdce_C_Q)         0.223    -2.225 r  twin_controller_inst/sw_reg[27]/Q
                         net (fo=2, routed)           0.947    -1.279    student_top_inst/bridge_inst/Q[20]
    SLICE_X103Y134       LUT6 (Prop_lut6_I0_O)        0.043    -1.236 f  student_top_inst/bridge_inst/perip_bridge_LUT6_10/O
                         net (fo=1, routed)           0.360    -0.876    student_top_inst/bridge_inst/perip_bridge_net_19
    SLICE_X101Y137       LUT5 (Prop_lut5_I4_O)        0.043    -0.833 f  student_top_inst/bridge_inst/perip_bridge_LUT5_5/O
                         net (fo=1, routed)           0.838     0.005    student_top_inst/bridge_inst/counter_inst/rd_data_o[27]_i_2
    SLICE_X120Y143       LUT6 (Prop_lut6_I0_O)        0.043     0.048 r  student_top_inst/bridge_inst/counter_inst/u_RISCV_CORE_i_5/O
                         net (fo=1, routed)           0.381     0.429    student_top_inst/u_RISCV_CORE/INST_MEM_UNIT/mem_wr_buffer_inst/mem_rd_data_i[27]
    SLICE_X113Y142       LUT6 (Prop_lut6_I1_O)        0.043     0.472 r  student_top_inst/u_RISCV_CORE/INST_MEM_UNIT/mem_wr_buffer_inst/rd_data_o[27]_i_2/O
                         net (fo=1, routed)           0.276     0.748    student_top_inst/u_RISCV_CORE/INST_MEM_BUFFER/rd_data_o_reg[27]
    SLICE_X113Y142       LUT6 (Prop_lut6_I5_O)        0.043     0.791 r  student_top_inst/u_RISCV_CORE/INST_MEM_BUFFER/rd_data_o[27]_i_1/O
                         net (fo=1, routed)           0.000     0.791    student_top_inst/u_RISCV_CORE/INST_MEM_UNIT/mem_wr_buffer_inst/D[19]
    SLICE_X113Y142       FDRE                                         r  student_top_inst/u_RISCV_CORE/INST_MEM_UNIT/mem_wr_buffer_inst/rd_data_o_reg[27]/D
  -------------------------------------------------------------------    -------------------

                         (clock clk_out2_pll rise edge)
                                                      4.000     4.000 r  
    AD12                                              0.000     4.000 r  i_sys_clk_p (IN)
                         net (fo=0)                   0.000     4.000    pll_inst/inst/clk_in1_p
    AD12                 IBUFDS (Prop_ibufds_I_O)     0.803     4.803 r  pll_inst/inst/clkin1_ibufgds/O
                         net (fo=1, routed)           1.001     5.804    pll_inst/inst/clk_in1_pll
    PLLE2_ADV_X1Y1       PLLE2_ADV (Prop_plle2_adv_CLKIN1_CLKOUT1)
                                                     -7.261    -1.457 r  pll_inst/inst/plle2_adv_inst/CLKOUT1
                         net (fo=1, routed)           2.003     0.546    pll_inst/inst/clk_out2_pll
    BUFGCTRL_X0Y0        BUFG (Prop_bufg_I_O)         0.083     0.629 r  pll_inst/inst/clkout2_buf/O
                         net (fo=2458, routed)        1.284     1.913    student_top_inst/u_RISCV_CORE/INST_MEM_UNIT/mem_wr_buffer_inst/clk
    SLICE_X113Y142       FDRE                                         r  student_top_inst/u_RISCV_CORE/INST_MEM_UNIT/mem_wr_buffer_inst/rd_data_o_reg[27]/C
                         clock pessimism             -0.598     1.316    
                         clock uncertainty           -0.194     1.122    
    SLICE_X113Y142       FDRE (Setup_fdre_C_D)        0.034     1.156    student_top_inst/u_RISCV_CORE/INST_MEM_UNIT/mem_wr_buffer_inst/rd_data_o_reg[27]
  -------------------------------------------------------------------
                         required time                          1.156    
                         arrival time                          -0.791    
  -------------------------------------------------------------------
                         slack                                  0.365    

Slack (MET) :             0.443ns  (required time - arrival time)
  Source:                 twin_controller_inst/sw_reg[19]/C
                            (rising edge-triggered cell FDCE clocked by clk_out1_pll  {rise@0.000ns fall@10.000ns period=20.000ns})
  Destination:            student_top_inst/u_RISCV_CORE/INST_MEM_UNIT/mem_wr_buffer_inst/rd_data_o_reg[19]/D
                            (rising edge-triggered cell FDRE clocked by clk_out2_pll  {rise@0.000ns fall@2.000ns period=4.000ns})
  Path Group:             clk_out2_pll
  Path Type:              Setup (Max at Slow Process Corner)
  Requirement:            4.000ns  (clk_out2_pll rise@4.000ns - clk_out1_pll rise@0.000ns)
  Data Path Delay:        3.154ns  (logic 0.474ns (15.030%)  route 2.680ns (84.970%))
  Logic Levels:           5  (LUT5=1 LUT6=4)
  Clock Path Skew:        -0.244ns (DCD - SCD + CPR)
    Destination Clock Delay (DCD):    -2.100ns = ( 1.900 - 4.000 ) 
    Source Clock Delay      (SCD):    -2.453ns
    Clock Pessimism Removal (CPR):    -0.598ns
  Clock Uncertainty:      0.194ns  ((TSJ^2 + DJ^2)^1/2) / 2 + PE
    Total System Jitter     (TSJ):    0.071ns
    Discrete Jitter          (DJ):    0.129ns
    Phase Error              (PE):    0.120ns

    Location             Delay type                Incr(ns)  Path(ns)    Netlist Resource(s)
  -------------------------------------------------------------------    -------------------
                         (clock clk_out1_pll rise edge)
                                                      0.000     0.000 r  
    AD12                                              0.000     0.000 r  i_sys_clk_p (IN)
                         net (fo=0)                   0.000     0.000    pll_inst/inst/clk_in1_p
    AD12                 IBUFDS (Prop_ibufds_I_O)     0.906     0.906 r  pll_inst/inst/clkin1_ibufgds/O
                         net (fo=1, routed)           1.098     2.004    pll_inst/inst/clk_in1_pll
    PLLE2_ADV_X1Y1       PLLE2_ADV (Prop_plle2_adv_CLKIN1_CLKOUT0)
                                                     -8.058    -6.054 r  pll_inst/inst/plle2_adv_inst/CLKOUT0
                         net (fo=1, routed)           2.128    -3.926    pll_inst/inst/clk_out1_pll
    BUFGCTRL_X0Y1        BUFG (Prop_bufg_I_O)         0.093    -3.833 r  pll_inst/inst/clkout1_buf/O
                         net (fo=394, routed)         1.380    -2.453    twin_controller_inst/CLK
    SLICE_X62Y129        FDCE                                         r  twin_controller_inst/sw_reg[19]/C
  -------------------------------------------------------------------    -------------------
    SLICE_X62Y129        FDCE (Prop_fdce_C_Q)         0.259    -2.194 r  twin_controller_inst/sw_reg[19]/Q
                         net (fo=2, routed)           0.620    -1.575    student_top_inst/bridge_inst/Q[12]
    SLICE_X62Y129        LUT6 (Prop_lut6_I0_O)        0.043    -1.532 f  student_top_inst/bridge_inst/perip_bridge_LUT6_18/O
                         net (fo=1, routed)           0.913    -0.619    student_top_inst/bridge_inst/perip_bridge_net_26
    SLICE_X92Y124        LUT5 (Prop_lut5_I4_O)        0.043    -0.576 f  student_top_inst/bridge_inst/perip_bridge_LUT5_10/O
                         net (fo=1, routed)           0.688     0.112    student_top_inst/bridge_inst/counter_inst/rd_data_o[19]_i_2
    SLICE_X109Y123       LUT6 (Prop_lut6_I0_O)        0.043     0.155 r  student_top_inst/bridge_inst/counter_inst/u_RISCV_CORE_i_13/O
                         net (fo=1, routed)           0.271     0.426    student_top_inst/u_RISCV_CORE/INST_MEM_UNIT/mem_wr_buffer_inst/mem_rd_data_i[19]
    SLICE_X108Y123       LUT6 (Prop_lut6_I1_O)        0.043     0.469 r  student_top_inst/u_RISCV_CORE/INST_MEM_UNIT/mem_wr_buffer_inst/rd_data_o[19]_i_2/O
                         net (fo=1, routed)           0.188     0.657    student_top_inst/u_RISCV_CORE/INST_MEM_BUFFER/rd_data_o_reg[19]
    SLICE_X111Y122       LUT6 (Prop_lut6_I5_O)        0.043     0.700 r  student_top_inst/u_RISCV_CORE/INST_MEM_BUFFER/rd_data_o[19]_i_1/O
                         net (fo=1, routed)           0.000     0.700    student_top_inst/u_RISCV_CORE/INST_MEM_UNIT/mem_wr_buffer_inst/D[11]
    SLICE_X111Y122       FDRE                                         r  student_top_inst/u_RISCV_CORE/INST_MEM_UNIT/mem_wr_buffer_inst/rd_data_o_reg[19]/D
  -------------------------------------------------------------------    -------------------

                         (clock clk_out2_pll rise edge)
                                                      4.000     4.000 r  
    AD12                                              0.000     4.000 r  i_sys_clk_p (IN)
                         net (fo=0)                   0.000     4.000    pll_inst/inst/clk_in1_p
    AD12                 IBUFDS (Prop_ibufds_I_O)     0.803     4.803 r  pll_inst/inst/clkin1_ibufgds/O
                         net (fo=1, routed)           1.001     5.804    pll_inst/inst/clk_in1_pll
    PLLE2_ADV_X1Y1       PLLE2_ADV (Prop_plle2_adv_CLKIN1_CLKOUT1)
                                                     -7.261    -1.457 r  pll_inst/inst/plle2_adv_inst/CLKOUT1
                         net (fo=1, routed)           2.003     0.546    pll_inst/inst/clk_out2_pll
    BUFGCTRL_X0Y0        BUFG (Prop_bufg_I_O)         0.083     0.629 r  pll_inst/inst/clkout2_buf/O
                         net (fo=2458, routed)        1.271     1.900    student_top_inst/u_RISCV_CORE/INST_MEM_UNIT/mem_wr_buffer_inst/clk
    SLICE_X111Y122       FDRE                                         r  student_top_inst/u_RISCV_CORE/INST_MEM_UNIT/mem_wr_buffer_inst/rd_data_o_reg[19]/C
                         clock pessimism             -0.598     1.303    
                         clock uncertainty           -0.194     1.109    
    SLICE_X111Y122       FDRE (Setup_fdre_C_D)        0.034     1.143    student_top_inst/u_RISCV_CORE/INST_MEM_UNIT/mem_wr_buffer_inst/rd_data_o_reg[19]
  -------------------------------------------------------------------
                         required time                          1.143    
                         arrival time                          -0.700    
  -------------------------------------------------------------------
                         slack                                  0.443    

Slack (MET) :             0.472ns  (required time - arrival time)
  Source:                 twin_controller_inst/sw_reg[17]/C
                            (rising edge-triggered cell FDCE clocked by clk_out1_pll  {rise@0.000ns fall@10.000ns period=20.000ns})
  Destination:            student_top_inst/u_RISCV_CORE/INST_MEM_UNIT/mem_wr_buffer_inst/rd_data_o_reg[17]/D
                            (rising edge-triggered cell FDRE clocked by clk_out2_pll  {rise@0.000ns fall@2.000ns period=4.000ns})
  Path Group:             clk_out2_pll
  Path Type:              Setup (Max at Slow Process Corner)
  Requirement:            4.000ns  (clk_out2_pll rise@4.000ns - clk_out1_pll rise@0.000ns)
  Data Path Delay:        3.129ns  (logic 0.438ns (13.999%)  route 2.691ns (86.001%))
  Logic Levels:           5  (LUT4=1 LUT6=4)
  Clock Path Skew:        -0.238ns (DCD - SCD + CPR)
    Destination Clock Delay (DCD):    -2.088ns = ( 1.912 - 4.000 ) 
    Source Clock Delay      (SCD):    -2.447ns
    Clock Pessimism Removal (CPR):    -0.598ns
  Clock Uncertainty:      0.194ns  ((TSJ^2 + DJ^2)^1/2) / 2 + PE
    Total System Jitter     (TSJ):    0.071ns
    Discrete Jitter          (DJ):    0.129ns
    Phase Error              (PE):    0.120ns

    Location             Delay type                Incr(ns)  Path(ns)    Netlist Resource(s)
  -------------------------------------------------------------------    -------------------
                         (clock clk_out1_pll rise edge)
                                                      0.000     0.000 r  
    AD12                                              0.000     0.000 r  i_sys_clk_p (IN)
                         net (fo=0)                   0.000     0.000    pll_inst/inst/clk_in1_p
    AD12                 IBUFDS (Prop_ibufds_I_O)     0.906     0.906 r  pll_inst/inst/clkin1_ibufgds/O
                         net (fo=1, routed)           1.098     2.004    pll_inst/inst/clk_in1_pll
    PLLE2_ADV_X1Y1       PLLE2_ADV (Prop_plle2_adv_CLKIN1_CLKOUT0)
                                                     -8.058    -6.054 r  pll_inst/inst/plle2_adv_inst/CLKOUT0
                         net (fo=1, routed)           2.128    -3.926    pll_inst/inst/clk_out1_pll
    BUFGCTRL_X0Y1        BUFG (Prop_bufg_I_O)         0.093    -3.833 r  pll_inst/inst/clkout1_buf/O
                         net (fo=394, routed)         1.386    -2.447    twin_controller_inst/CLK
    SLICE_X67Y135        FDCE                                         r  twin_controller_inst/sw_reg[17]/C
  -------------------------------------------------------------------    -------------------
    SLICE_X67Y135        FDCE (Prop_fdce_C_Q)         0.223    -2.224 r  twin_controller_inst/sw_reg[17]/Q
                         net (fo=2, routed)           0.445    -1.779    student_top_inst/bridge_inst/Q[10]
    SLICE_X67Y135        LUT6 (Prop_lut6_I0_O)        0.043    -1.736 r  student_top_inst/bridge_inst/perip_bridge_LUT6_20/O
                         net (fo=1, routed)           0.969    -0.768    student_top_inst/bridge_inst/perip_bridge_net_28
    SLICE_X101Y136       LUT4 (Prop_lut4_I3_O)        0.043    -0.725 f  student_top_inst/bridge_inst/perip_bridge_LUT4_11/O
                         net (fo=1, routed)           0.834     0.109    student_top_inst/bridge_inst/counter_inst/rd_data_o[17]_i_2
    SLICE_X113Y141       LUT6 (Prop_lut6_I0_O)        0.043     0.152 r  student_top_inst/bridge_inst/counter_inst/u_RISCV_CORE_i_15/O
                         net (fo=1, routed)           0.265     0.417    student_top_inst/u_RISCV_CORE/INST_MEM_UNIT/mem_wr_buffer_inst/mem_rd_data_i[17]
    SLICE_X112Y140       LUT6 (Prop_lut6_I1_O)        0.043     0.460 r  student_top_inst/u_RISCV_CORE/INST_MEM_UNIT/mem_wr_buffer_inst/rd_data_o[17]_i_2/O
                         net (fo=1, routed)           0.178     0.639    student_top_inst/u_RISCV_CORE/INST_MEM_BUFFER/rd_data_o_reg[17]
    SLICE_X115Y140       LUT6 (Prop_lut6_I5_O)        0.043     0.682 r  student_top_inst/u_RISCV_CORE/INST_MEM_BUFFER/rd_data_o[17]_i_1/O
                         net (fo=1, routed)           0.000     0.682    student_top_inst/u_RISCV_CORE/INST_MEM_UNIT/mem_wr_buffer_inst/D[9]
    SLICE_X115Y140       FDRE                                         r  student_top_inst/u_RISCV_CORE/INST_MEM_UNIT/mem_wr_buffer_inst/rd_data_o_reg[17]/D
  -------------------------------------------------------------------    -------------------

                         (clock clk_out2_pll rise edge)
                                                      4.000     4.000 r  
    AD12                                              0.000     4.000 r  i_sys_clk_p (IN)
                         net (fo=0)                   0.000     4.000    pll_inst/inst/clk_in1_p
    AD12                 IBUFDS (Prop_ibufds_I_O)     0.803     4.803 r  pll_inst/inst/clkin1_ibufgds/O
                         net (fo=1, routed)           1.001     5.804    pll_inst/inst/clk_in1_pll
    PLLE2_ADV_X1Y1       PLLE2_ADV (Prop_plle2_adv_CLKIN1_CLKOUT1)
                                                     -7.261    -1.457 r  pll_inst/inst/plle2_adv_inst/CLKOUT1
                         net (fo=1, routed)           2.003     0.546    pll_inst/inst/clk_out2_pll
    BUFGCTRL_X0Y0        BUFG (Prop_bufg_I_O)         0.083     0.629 r  pll_inst/inst/clkout2_buf/O
                         net (fo=2458, routed)        1.283     1.912    student_top_inst/u_RISCV_CORE/INST_MEM_UNIT/mem_wr_buffer_inst/clk
    SLICE_X115Y140       FDRE                                         r  student_top_inst/u_RISCV_CORE/INST_MEM_UNIT/mem_wr_buffer_inst/rd_data_o_reg[17]/C
                         clock pessimism             -0.598     1.315    
                         clock uncertainty           -0.194     1.121    
    SLICE_X115Y140       FDRE (Setup_fdre_C_D)        0.033     1.154    student_top_inst/u_RISCV_CORE/INST_MEM_UNIT/mem_wr_buffer_inst/rd_data_o_reg[17]
  -------------------------------------------------------------------
                         required time                          1.154    
                         arrival time                          -0.682    
  -------------------------------------------------------------------
                         slack                                  0.472    

Slack (MET) :             0.497ns  (required time - arrival time)
  Source:                 twin_controller_inst/sw_reg[55]/C
                            (rising edge-triggered cell FDCE clocked by clk_out1_pll  {rise@0.000ns fall@10.000ns period=20.000ns})
  Destination:            student_top_inst/u_RISCV_CORE/INST_MEM_UNIT/mem_wr_buffer_inst/rd_data_o_reg[23]/D
                            (rising edge-triggered cell FDRE clocked by clk_out2_pll  {rise@0.000ns fall@2.000ns period=4.000ns})
  Path Group:             clk_out2_pll
  Path Type:              Setup (Max at Slow Process Corner)
  Requirement:            4.000ns  (clk_out2_pll rise@4.000ns - clk_out1_pll rise@0.000ns)
  Data Path Delay:        3.131ns  (logic 0.474ns (15.140%)  route 2.657ns (84.860%))
  Logic Levels:           5  (LUT5=1 LUT6=4)
  Clock Path Skew:        -0.244ns (DCD - SCD + CPR)
    Destination Clock Delay (DCD):    -2.099ns = ( 1.901 - 4.000 ) 
    Source Clock Delay      (SCD):    -2.452ns
    Clock Pessimism Removal (CPR):    -0.598ns
  Clock Uncertainty:      0.194ns  ((TSJ^2 + DJ^2)^1/2) / 2 + PE
    Total System Jitter     (TSJ):    0.071ns
    Discrete Jitter          (DJ):    0.129ns
    Phase Error              (PE):    0.120ns

    Location             Delay type                Incr(ns)  Path(ns)    Netlist Resource(s)
  -------------------------------------------------------------------    -------------------
                         (clock clk_out1_pll rise edge)
                                                      0.000     0.000 r  
    AD12                                              0.000     0.000 r  i_sys_clk_p (IN)
                         net (fo=0)                   0.000     0.000    pll_inst/inst/clk_in1_p
    AD12                 IBUFDS (Prop_ibufds_I_O)     0.906     0.906 r  pll_inst/inst/clkin1_ibufgds/O
                         net (fo=1, routed)           1.098     2.004    pll_inst/inst/clk_in1_pll
    PLLE2_ADV_X1Y1       PLLE2_ADV (Prop_plle2_adv_CLKIN1_CLKOUT0)
                                                     -8.058    -6.054 r  pll_inst/inst/plle2_adv_inst/CLKOUT0
                         net (fo=1, routed)           2.128    -3.926    pll_inst/inst/clk_out1_pll
    BUFGCTRL_X0Y1        BUFG (Prop_bufg_I_O)         0.093    -3.833 r  pll_inst/inst/clkout1_buf/O
                         net (fo=394, routed)         1.381    -2.452    twin_controller_inst/CLK
    SLICE_X66Y130        FDCE                                         r  twin_controller_inst/sw_reg[55]/C
  -------------------------------------------------------------------    -------------------
    SLICE_X66Y130        FDCE (Prop_fdce_C_Q)         0.259    -2.193 r  twin_controller_inst/sw_reg[55]/Q
                         net (fo=2, routed)           0.548    -1.646    student_top_inst/bridge_inst/Q[41]
    SLICE_X67Y130        LUT6 (Prop_lut6_I1_O)        0.043    -1.603 f  student_top_inst/bridge_inst/perip_bridge_LUT6_14/O
                         net (fo=1, routed)           1.024    -0.578    student_top_inst/bridge_inst/perip_bridge_net_22
    SLICE_X108Y130       LUT5 (Prop_lut5_I4_O)        0.043    -0.535 f  student_top_inst/bridge_inst/perip_bridge_LUT5_8/O
                         net (fo=1, routed)           0.566     0.031    student_top_inst/bridge_inst/counter_inst/rd_data_o[23]_i_2
    SLICE_X115Y123       LUT6 (Prop_lut6_I0_O)        0.043     0.074 r  student_top_inst/bridge_inst/counter_inst/u_RISCV_CORE_i_9/O
                         net (fo=1, routed)           0.273     0.347    student_top_inst/u_RISCV_CORE/INST_MEM_UNIT/mem_wr_buffer_inst/mem_rd_data_i[23]
    SLICE_X114Y122       LUT6 (Prop_lut6_I1_O)        0.043     0.390 r  student_top_inst/u_RISCV_CORE/INST_MEM_UNIT/mem_wr_buffer_inst/rd_data_o[23]_i_2/O
                         net (fo=1, routed)           0.245     0.635    student_top_inst/u_RISCV_CORE/INST_MEM_BUFFER/rd_data_o_reg[23]
    SLICE_X114Y122       LUT6 (Prop_lut6_I5_O)        0.043     0.678 r  student_top_inst/u_RISCV_CORE/INST_MEM_BUFFER/rd_data_o[23]_i_1/O
                         net (fo=1, routed)           0.000     0.678    student_top_inst/u_RISCV_CORE/INST_MEM_UNIT/mem_wr_buffer_inst/D[15]
    SLICE_X114Y122       FDRE                                         r  student_top_inst/u_RISCV_CORE/INST_MEM_UNIT/mem_wr_buffer_inst/rd_data_o_reg[23]/D
  -------------------------------------------------------------------    -------------------

                         (clock clk_out2_pll rise edge)
                                                      4.000     4.000 r  
    AD12                                              0.000     4.000 r  i_sys_clk_p (IN)
                         net (fo=0)                   0.000     4.000    pll_inst/inst/clk_in1_p
    AD12                 IBUFDS (Prop_ibufds_I_O)     0.803     4.803 r  pll_inst/inst/clkin1_ibufgds/O
                         net (fo=1, routed)           1.001     5.804    pll_inst/inst/clk_in1_pll
    PLLE2_ADV_X1Y1       PLLE2_ADV (Prop_plle2_adv_CLKIN1_CLKOUT1)
                                                     -7.261    -1.457 r  pll_inst/inst/plle2_adv_inst/CLKOUT1
                         net (fo=1, routed)           2.003     0.546    pll_inst/inst/clk_out2_pll
    BUFGCTRL_X0Y0        BUFG (Prop_bufg_I_O)         0.083     0.629 r  pll_inst/inst/clkout2_buf/O
                         net (fo=2458, routed)        1.272     1.901    student_top_inst/u_RISCV_CORE/INST_MEM_UNIT/mem_wr_buffer_inst/clk
    SLICE_X114Y122       FDRE                                         r  student_top_inst/u_RISCV_CORE/INST_MEM_UNIT/mem_wr_buffer_inst/rd_data_o_reg[23]/C
                         clock pessimism             -0.598     1.304    
                         clock uncertainty           -0.194     1.110    
    SLICE_X114Y122       FDRE (Setup_fdre_C_D)        0.065     1.175    student_top_inst/u_RISCV_CORE/INST_MEM_UNIT/mem_wr_buffer_inst/rd_data_o_reg[23]
  -------------------------------------------------------------------
                         required time                          1.175    
                         arrival time                          -0.678    
  -------------------------------------------------------------------
                         slack                                  0.497    





Min Delay Paths
--------------------------------------------------------------------------------------
Slack (MET) :             0.109ns  (arrival time - required time)
  Source:                 student_top_inst/bridge_inst/counter_inst/perip_rdata_reg[12]/C
                            (rising edge-triggered cell FDRE clocked by clk_out1_pll  {rise@0.000ns fall@10.000ns period=20.000ns})
  Destination:            student_top_inst/u_RISCV_CORE/INST_MEM_UNIT/mem_wr_buffer_inst/rd_data_o_reg[12]/D
                            (rising edge-triggered cell FDRE clocked by clk_out2_pll  {rise@0.000ns fall@2.000ns period=4.000ns})
  Path Group:             clk_out2_pll
  Path Type:              Hold (Min at Fast Process Corner)
  Requirement:            0.000ns  (clk_out2_pll rise@0.000ns - clk_out1_pll rise@0.000ns)
  Data Path Delay:        0.661ns  (logic 0.174ns (26.326%)  route 0.487ns (73.674%))
  Logic Levels:           2  (LUT6=2)
  Clock Path Skew:        0.298ns (DCD - SCD - CPR)
    Destination Clock Delay (DCD):    -0.614ns
    Source Clock Delay      (SCD):    -0.429ns
    Clock Pessimism Removal (CPR):    -0.484ns
  Clock Uncertainty:      0.194ns  ((TSJ^2 + DJ^2)^1/2) / 2 + PE
    Total System Jitter     (TSJ):    0.071ns
    Discrete Jitter          (DJ):    0.129ns
    Phase Error              (PE):    0.120ns

    Location             Delay type                Incr(ns)  Path(ns)    Netlist Resource(s)
  -------------------------------------------------------------------    -------------------
                         (clock clk_out1_pll rise edge)
                                                      0.000     0.000 r  
    AD12                                              0.000     0.000 r  i_sys_clk_p (IN)
                         net (fo=0)                   0.000     0.000    pll_inst/inst/clk_in1_p
    AD12                 IBUFDS (Prop_ibufds_I_O)     0.388     0.388 r  pll_inst/inst/clkin1_ibufgds/O
                         net (fo=1, routed)           0.503     0.891    pll_inst/inst/clk_in1_pll
    PLLE2_ADV_X1Y1       PLLE2_ADV (Prop_plle2_adv_CLKIN1_CLKOUT0)
                                                     -2.908    -2.017 r  pll_inst/inst/plle2_adv_inst/CLKOUT0
                         net (fo=1, routed)           0.958    -1.059    pll_inst/inst/clk_out1_pll
    BUFGCTRL_X0Y1        BUFG (Prop_bufg_I_O)         0.026    -1.033 r  pll_inst/inst/clkout1_buf/O
                         net (fo=394, routed)         0.604    -0.429    student_top_inst/bridge_inst/counter_inst/cnt_1ms_reg[0]_0
    SLICE_X102Y104       FDRE                                         r  student_top_inst/bridge_inst/counter_inst/perip_rdata_reg[12]/C
  -------------------------------------------------------------------    -------------------
    SLICE_X102Y104       FDRE (Prop_fdre_C_Q)         0.118    -0.311 r  student_top_inst/bridge_inst/counter_inst/perip_rdata_reg[12]/Q
                         net (fo=1, routed)           0.366     0.055    student_top_inst/bridge_inst/counter_inst/cnt_rdata[12]
    SLICE_X105Y102       LUT6 (Prop_lut6_I2_O)        0.028     0.083 r  student_top_inst/bridge_inst/counter_inst/u_RISCV_CORE_i_20/O
                         net (fo=1, routed)           0.121     0.204    student_top_inst/u_RISCV_CORE/INST_MEM_BUFFER/mem_rd_data_i[12]_alias
    SLICE_X105Y102       LUT6 (Prop_lut6_I5_O)        0.028     0.232 r  student_top_inst/u_RISCV_CORE/INST_MEM_BUFFER/rd_data_o[12]_i_1_comp/O
                         net (fo=1, routed)           0.000     0.232    student_top_inst/u_RISCV_CORE/INST_MEM_UNIT/mem_wr_buffer_inst/D[4]
    SLICE_X105Y102       FDRE                                         r  student_top_inst/u_RISCV_CORE/INST_MEM_UNIT/mem_wr_buffer_inst/rd_data_o_reg[12]/D
  -------------------------------------------------------------------    -------------------

                         (clock clk_out2_pll rise edge)
                                                      0.000     0.000 r  
    AD12                                              0.000     0.000 r  i_sys_clk_p (IN)
                         net (fo=0)                   0.000     0.000    pll_inst/inst/clk_in1_p
    AD12                 IBUFDS (Prop_ibufds_I_O)     0.470     0.470 r  pll_inst/inst/clkin1_ibufgds/O
                         net (fo=1, routed)           0.554     1.024    pll_inst/inst/clk_in1_pll
    PLLE2_ADV_X1Y1       PLLE2_ADV (Prop_plle2_adv_CLKIN1_CLKOUT1)
                                                     -3.524    -2.500 r  pll_inst/inst/plle2_adv_inst/CLKOUT1
                         net (fo=1, routed)           1.027    -1.473    pll_inst/inst/clk_out2_pll
    BUFGCTRL_X0Y0        BUFG (Prop_bufg_I_O)         0.030    -1.443 r  pll_inst/inst/clkout2_buf/O
                         net (fo=2458, routed)        0.829    -0.614    student_top_inst/u_RISCV_CORE/INST_MEM_UNIT/mem_wr_buffer_inst/clk
    SLICE_X105Y102       FDRE                                         r  student_top_inst/u_RISCV_CORE/INST_MEM_UNIT/mem_wr_buffer_inst/rd_data_o_reg[12]/C
                         clock pessimism              0.484    -0.131    
                         clock uncertainty            0.194     0.063    
    SLICE_X105Y102       FDRE (Hold_fdre_C_D)         0.060     0.123    student_top_inst/u_RISCV_CORE/INST_MEM_UNIT/mem_wr_buffer_inst/rd_data_o_reg[12]
  -------------------------------------------------------------------
                         required time                         -0.123    
                         arrival time                           0.232    
  -------------------------------------------------------------------
                         slack                                  0.109    

Slack (MET) :             0.162ns  (arrival time - required time)
  Source:                 student_top_inst/bridge_inst/counter_inst/perip_rdata_reg[6]/C
                            (rising edge-triggered cell FDRE clocked by clk_out1_pll  {rise@0.000ns fall@10.000ns period=20.000ns})
  Destination:            student_top_inst/u_RISCV_CORE/INST_MEM_UNIT/mem_wr_buffer_inst/rd_data_o_reg[6]/D
                            (rising edge-triggered cell FDRE clocked by clk_out2_pll  {rise@0.000ns fall@2.000ns period=4.000ns})
  Path Group:             clk_out2_pll
  Path Type:              Hold (Min at Fast Process Corner)
  Requirement:            0.000ns  (clk_out2_pll rise@0.000ns - clk_out1_pll rise@0.000ns)
  Data Path Delay:        0.713ns  (logic 0.174ns (24.411%)  route 0.539ns (75.589%))
  Logic Levels:           2  (LUT5=1 LUT6=1)
  Clock Path Skew:        0.297ns (DCD - SCD - CPR)
    Destination Clock Delay (DCD):    -0.615ns
    Source Clock Delay      (SCD):    -0.429ns
    Clock Pessimism Removal (CPR):    -0.484ns
  Clock Uncertainty:      0.194ns  ((TSJ^2 + DJ^2)^1/2) / 2 + PE
    Total System Jitter     (TSJ):    0.071ns
    Discrete Jitter          (DJ):    0.129ns
    Phase Error              (PE):    0.120ns

    Location             Delay type                Incr(ns)  Path(ns)    Netlist Resource(s)
  -------------------------------------------------------------------    -------------------
                         (clock clk_out1_pll rise edge)
                                                      0.000     0.000 r  
    AD12                                              0.000     0.000 r  i_sys_clk_p (IN)
                         net (fo=0)                   0.000     0.000    pll_inst/inst/clk_in1_p
    AD12                 IBUFDS (Prop_ibufds_I_O)     0.388     0.388 r  pll_inst/inst/clkin1_ibufgds/O
                         net (fo=1, routed)           0.503     0.891    pll_inst/inst/clk_in1_pll
    PLLE2_ADV_X1Y1       PLLE2_ADV (Prop_plle2_adv_CLKIN1_CLKOUT0)
                                                     -2.908    -2.017 r  pll_inst/inst/plle2_adv_inst/CLKOUT0
                         net (fo=1, routed)           0.958    -1.059    pll_inst/inst/clk_out1_pll
    BUFGCTRL_X0Y1        BUFG (Prop_bufg_I_O)         0.026    -1.033 r  pll_inst/inst/clkout1_buf/O
                         net (fo=394, routed)         0.604    -0.429    student_top_inst/bridge_inst/counter_inst/cnt_1ms_reg[0]_0
    SLICE_X104Y115       FDRE                                         r  student_top_inst/bridge_inst/counter_inst/perip_rdata_reg[6]/C
  -------------------------------------------------------------------    -------------------
    SLICE_X104Y115       FDRE (Prop_fdre_C_Q)         0.118    -0.311 r  student_top_inst/bridge_inst/counter_inst/perip_rdata_reg[6]/Q
                         net (fo=1, routed)           0.395     0.085    student_top_inst/bridge_inst/counter_inst/cnt_rdata[6]
    SLICE_X105Y106       LUT6 (Prop_lut6_I2_O)        0.028     0.113 r  student_top_inst/bridge_inst/counter_inst/u_RISCV_CORE_i_26/O
                         net (fo=1, routed)           0.144     0.256    student_top_inst/u_RISCV_CORE/INST_MEM_UNIT/mem_wr_buffer_inst/mem_rd_data_i[6]
    SLICE_X105Y106       LUT5 (Prop_lut5_I2_O)        0.028     0.284 r  student_top_inst/u_RISCV_CORE/INST_MEM_UNIT/mem_wr_buffer_inst/rd_data_o[6]_i_1/O
                         net (fo=1, routed)           0.000     0.284    student_top_inst/u_RISCV_CORE/INST_MEM_UNIT/mem_wr_buffer_inst/p_0_in[6]
    SLICE_X105Y106       FDRE                                         r  student_top_inst/u_RISCV_CORE/INST_MEM_UNIT/mem_wr_buffer_inst/rd_data_o_reg[6]/D
  -------------------------------------------------------------------    -------------------

                         (clock clk_out2_pll rise edge)
                                                      0.000     0.000 r  
    AD12                                              0.000     0.000 r  i_sys_clk_p (IN)
                         net (fo=0)                   0.000     0.000    pll_inst/inst/clk_in1_p
    AD12                 IBUFDS (Prop_ibufds_I_O)     0.470     0.470 r  pll_inst/inst/clkin1_ibufgds/O
                         net (fo=1, routed)           0.554     1.024    pll_inst/inst/clk_in1_pll
    PLLE2_ADV_X1Y1       PLLE2_ADV (Prop_plle2_adv_CLKIN1_CLKOUT1)
                                                     -3.524    -2.500 r  pll_inst/inst/plle2_adv_inst/CLKOUT1
                         net (fo=1, routed)           1.027    -1.473    pll_inst/inst/clk_out2_pll
    BUFGCTRL_X0Y0        BUFG (Prop_bufg_I_O)         0.030    -1.443 r  pll_inst/inst/clkout2_buf/O
                         net (fo=2458, routed)        0.828    -0.615    student_top_inst/u_RISCV_CORE/INST_MEM_UNIT/mem_wr_buffer_inst/clk
    SLICE_X105Y106       FDRE                                         r  student_top_inst/u_RISCV_CORE/INST_MEM_UNIT/mem_wr_buffer_inst/rd_data_o_reg[6]/C
                         clock pessimism              0.484    -0.132    
                         clock uncertainty            0.194     0.062    
    SLICE_X105Y106       FDRE (Hold_fdre_C_D)         0.060     0.122    student_top_inst/u_RISCV_CORE/INST_MEM_UNIT/mem_wr_buffer_inst/rd_data_o_reg[6]
  -------------------------------------------------------------------
                         required time                         -0.122    
                         arrival time                           0.284    
  -------------------------------------------------------------------
                         slack                                  0.162    

Slack (MET) :             0.188ns  (arrival time - required time)
  Source:                 student_top_inst/bridge_inst/counter_inst/perip_rdata_reg[17]/C
                            (rising edge-triggered cell FDRE clocked by clk_out1_pll  {rise@0.000ns fall@10.000ns period=20.000ns})
  Destination:            student_top_inst/u_RISCV_CORE/INST_MEM_UNIT/mem_wr_buffer_inst/rd_data_o_reg[17]/D
                            (rising edge-triggered cell FDRE clocked by clk_out2_pll  {rise@0.000ns fall@2.000ns period=4.000ns})
  Path Group:             clk_out2_pll
  Path Type:              Hold (Min at Fast Process Corner)
  Requirement:            0.000ns  (clk_out2_pll rise@0.000ns - clk_out1_pll rise@0.000ns)
  Data Path Delay:        0.737ns  (logic 0.202ns (27.410%)  route 0.535ns (72.590%))
  Logic Levels:           3  (LUT6=3)
  Clock Path Skew:        0.295ns (DCD - SCD - CPR)
    Destination Clock Delay (DCD):    -0.614ns
    Source Clock Delay      (SCD):    -0.426ns
    Clock Pessimism Removal (CPR):    -0.484ns
  Clock Uncertainty:      0.194ns  ((TSJ^2 + DJ^2)^1/2) / 2 + PE
    Total System Jitter     (TSJ):    0.071ns
    Discrete Jitter          (DJ):    0.129ns
    Phase Error              (PE):    0.120ns

    Location             Delay type                Incr(ns)  Path(ns)    Netlist Resource(s)
  -------------------------------------------------------------------    -------------------
                         (clock clk_out1_pll rise edge)
                                                      0.000     0.000 r  
    AD12                                              0.000     0.000 r  i_sys_clk_p (IN)
                         net (fo=0)                   0.000     0.000    pll_inst/inst/clk_in1_p
    AD12                 IBUFDS (Prop_ibufds_I_O)     0.388     0.388 r  pll_inst/inst/clkin1_ibufgds/O
                         net (fo=1, routed)           0.503     0.891    pll_inst/inst/clk_in1_pll
    PLLE2_ADV_X1Y1       PLLE2_ADV (Prop_plle2_adv_CLKIN1_CLKOUT0)
                                                     -2.908    -2.017 r  pll_inst/inst/plle2_adv_inst/CLKOUT0
                         net (fo=1, routed)           0.958    -1.059    pll_inst/inst/clk_out1_pll
    BUFGCTRL_X0Y1        BUFG (Prop_bufg_I_O)         0.026    -1.033 r  pll_inst/inst/clkout1_buf/O
                         net (fo=394, routed)         0.607    -0.426    student_top_inst/bridge_inst/counter_inst/cnt_1ms_reg[0]_0
    SLICE_X108Y139       FDRE                                         r  student_top_inst/bridge_inst/counter_inst/perip_rdata_reg[17]/C
  -------------------------------------------------------------------    -------------------
    SLICE_X108Y139       FDRE (Prop_fdre_C_Q)         0.118    -0.308 r  student_top_inst/bridge_inst/counter_inst/perip_rdata_reg[17]/Q
                         net (fo=1, routed)           0.312     0.005    student_top_inst/bridge_inst/counter_inst/cnt_rdata[17]
    SLICE_X113Y141       LUT6 (Prop_lut6_I2_O)        0.028     0.033 r  student_top_inst/bridge_inst/counter_inst/u_RISCV_CORE_i_15/O
                         net (fo=1, routed)           0.134     0.167    student_top_inst/u_RISCV_CORE/INST_MEM_UNIT/mem_wr_buffer_inst/mem_rd_data_i[17]
    SLICE_X112Y140       LUT6 (Prop_lut6_I1_O)        0.028     0.195 r  student_top_inst/u_RISCV_CORE/INST_MEM_UNIT/mem_wr_buffer_inst/rd_data_o[17]_i_2/O
                         net (fo=1, routed)           0.088     0.283    student_top_inst/u_RISCV_CORE/INST_MEM_BUFFER/rd_data_o_reg[17]
    SLICE_X115Y140       LUT6 (Prop_lut6_I5_O)        0.028     0.311 r  student_top_inst/u_RISCV_CORE/INST_MEM_BUFFER/rd_data_o[17]_i_1/O
                         net (fo=1, routed)           0.000     0.311    student_top_inst/u_RISCV_CORE/INST_MEM_UNIT/mem_wr_buffer_inst/D[9]
    SLICE_X115Y140       FDRE                                         r  student_top_inst/u_RISCV_CORE/INST_MEM_UNIT/mem_wr_buffer_inst/rd_data_o_reg[17]/D
  -------------------------------------------------------------------    -------------------

                         (clock clk_out2_pll rise edge)
                                                      0.000     0.000 r  
    AD12                                              0.000     0.000 r  i_sys_clk_p (IN)
                         net (fo=0)                   0.000     0.000    pll_inst/inst/clk_in1_p
    AD12                 IBUFDS (Prop_ibufds_I_O)     0.470     0.470 r  pll_inst/inst/clkin1_ibufgds/O
                         net (fo=1, routed)           0.554     1.024    pll_inst/inst/clk_in1_pll
    PLLE2_ADV_X1Y1       PLLE2_ADV (Prop_plle2_adv_CLKIN1_CLKOUT1)
                                                     -3.524    -2.500 r  pll_inst/inst/plle2_adv_inst/CLKOUT1
                         net (fo=1, routed)           1.027    -1.473    pll_inst/inst/clk_out2_pll
    BUFGCTRL_X0Y0        BUFG (Prop_bufg_I_O)         0.030    -1.443 r  pll_inst/inst/clkout2_buf/O
                         net (fo=2458, routed)        0.829    -0.614    student_top_inst/u_RISCV_CORE/INST_MEM_UNIT/mem_wr_buffer_inst/clk
    SLICE_X115Y140       FDRE                                         r  student_top_inst/u_RISCV_CORE/INST_MEM_UNIT/mem_wr_buffer_inst/rd_data_o_reg[17]/C
                         clock pessimism              0.484    -0.131    
                         clock uncertainty            0.194     0.063    
    SLICE_X115Y140       FDRE (Hold_fdre_C_D)         0.060     0.123    student_top_inst/u_RISCV_CORE/INST_MEM_UNIT/mem_wr_buffer_inst/rd_data_o_reg[17]
  -------------------------------------------------------------------
                         required time                         -0.123    
                         arrival time                           0.311    
  -------------------------------------------------------------------
                         slack                                  0.188    

Slack (MET) :             0.193ns  (arrival time - required time)
  Source:                 student_top_inst/bridge_inst/counter_inst/perip_rdata_reg[0]/C
                            (rising edge-triggered cell FDRE clocked by clk_out1_pll  {rise@0.000ns fall@10.000ns period=20.000ns})
  Destination:            student_top_inst/u_RISCV_CORE/INST_MEM_UNIT/mem_wr_buffer_inst/rd_data_o_reg[0]/D
                            (rising edge-triggered cell FDRE clocked by clk_out2_pll  {rise@0.000ns fall@2.000ns period=4.000ns})
  Path Group:             clk_out2_pll
  Path Type:              Hold (Min at Fast Process Corner)
  Requirement:            0.000ns  (clk_out2_pll rise@0.000ns - clk_out1_pll rise@0.000ns)
  Data Path Delay:        0.769ns  (logic 0.174ns (22.628%)  route 0.595ns (77.372%))
  Logic Levels:           2  (LUT5=1 LUT6=1)
  Clock Path Skew:        0.295ns (DCD - SCD - CPR)
    Destination Clock Delay (DCD):    -0.641ns
    Source Clock Delay      (SCD):    -0.453ns
    Clock Pessimism Removal (CPR):    -0.484ns
  Clock Uncertainty:      0.194ns  ((TSJ^2 + DJ^2)^1/2) / 2 + PE
    Total System Jitter     (TSJ):    0.071ns
    Discrete Jitter          (DJ):    0.129ns
    Phase Error              (PE):    0.120ns

    Location             Delay type                Incr(ns)  Path(ns)    Netlist Resource(s)
  -------------------------------------------------------------------    -------------------
                         (clock clk_out1_pll rise edge)
                                                      0.000     0.000 r  
    AD12                                              0.000     0.000 r  i_sys_clk_p (IN)
                         net (fo=0)                   0.000     0.000    pll_inst/inst/clk_in1_p
    AD12                 IBUFDS (Prop_ibufds_I_O)     0.388     0.388 r  pll_inst/inst/clkin1_ibufgds/O
                         net (fo=1, routed)           0.503     0.891    pll_inst/inst/clk_in1_pll
    PLLE2_ADV_X1Y1       PLLE2_ADV (Prop_plle2_adv_CLKIN1_CLKOUT0)
                                                     -2.908    -2.017 r  pll_inst/inst/plle2_adv_inst/CLKOUT0
                         net (fo=1, routed)           0.958    -1.059    pll_inst/inst/clk_out1_pll
    BUFGCTRL_X0Y1        BUFG (Prop_bufg_I_O)         0.026    -1.033 r  pll_inst/inst/clkout1_buf/O
                         net (fo=394, routed)         0.580    -0.453    student_top_inst/bridge_inst/counter_inst/cnt_1ms_reg[0]_0
    SLICE_X74Y122        FDRE                                         r  student_top_inst/bridge_inst/counter_inst/perip_rdata_reg[0]/C
  -------------------------------------------------------------------    -------------------
    SLICE_X74Y122        FDRE (Prop_fdre_C_Q)         0.118    -0.335 r  student_top_inst/bridge_inst/counter_inst/perip_rdata_reg[0]/Q
                         net (fo=1, routed)           0.447     0.113    student_top_inst/bridge_inst/counter_inst/cnt_rdata[0]
    SLICE_X53Y122        LUT6 (Prop_lut6_I2_O)        0.028     0.141 r  student_top_inst/bridge_inst/counter_inst/u_RISCV_CORE_i_32/O
                         net (fo=1, routed)           0.148     0.288    student_top_inst/u_RISCV_CORE/INST_MEM_UNIT/mem_wr_buffer_inst/mem_rd_data_i[0]
    SLICE_X52Y122        LUT5 (Prop_lut5_I2_O)        0.028     0.316 r  student_top_inst/u_RISCV_CORE/INST_MEM_UNIT/mem_wr_buffer_inst/rd_data_o[0]_i_1/O
                         net (fo=1, routed)           0.000     0.316    student_top_inst/u_RISCV_CORE/INST_MEM_UNIT/mem_wr_buffer_inst/p_0_in[0]
    SLICE_X52Y122        FDRE                                         r  student_top_inst/u_RISCV_CORE/INST_MEM_UNIT/mem_wr_buffer_inst/rd_data_o_reg[0]/D
  -------------------------------------------------------------------    -------------------

                         (clock clk_out2_pll rise edge)
                                                      0.000     0.000 r  
    AD12                                              0.000     0.000 r  i_sys_clk_p (IN)
                         net (fo=0)                   0.000     0.000    pll_inst/inst/clk_in1_p
    AD12                 IBUFDS (Prop_ibufds_I_O)     0.470     0.470 r  pll_inst/inst/clkin1_ibufgds/O
                         net (fo=1, routed)           0.554     1.024    pll_inst/inst/clk_in1_pll
    PLLE2_ADV_X1Y1       PLLE2_ADV (Prop_plle2_adv_CLKIN1_CLKOUT1)
                                                     -3.524    -2.500 r  pll_inst/inst/plle2_adv_inst/CLKOUT1
                         net (fo=1, routed)           1.027    -1.473    pll_inst/inst/clk_out2_pll
    BUFGCTRL_X0Y0        BUFG (Prop_bufg_I_O)         0.030    -1.443 r  pll_inst/inst/clkout2_buf/O
                         net (fo=2458, routed)        0.802    -0.641    student_top_inst/u_RISCV_CORE/INST_MEM_UNIT/mem_wr_buffer_inst/clk
    SLICE_X52Y122        FDRE                                         r  student_top_inst/u_RISCV_CORE/INST_MEM_UNIT/mem_wr_buffer_inst/rd_data_o_reg[0]/C
                         clock pessimism              0.484    -0.158    
                         clock uncertainty            0.194     0.036    
    SLICE_X52Y122        FDRE (Hold_fdre_C_D)         0.087     0.123    student_top_inst/u_RISCV_CORE/INST_MEM_UNIT/mem_wr_buffer_inst/rd_data_o_reg[0]
  -------------------------------------------------------------------
                         required time                         -0.123    
                         arrival time                           0.316    
  -------------------------------------------------------------------
                         slack                                  0.193    

Slack (MET) :             0.208ns  (arrival time - required time)
  Source:                 student_top_inst/bridge_inst/counter_inst/perip_rdata_reg[5]/C
                            (rising edge-triggered cell FDRE clocked by clk_out1_pll  {rise@0.000ns fall@10.000ns period=20.000ns})
  Destination:            student_top_inst/u_RISCV_CORE/INST_MEM_UNIT/mem_wr_buffer_inst/rd_data_o_reg[5]/D
                            (rising edge-triggered cell FDRE clocked by clk_out2_pll  {rise@0.000ns fall@2.000ns period=4.000ns})
  Path Group:             clk_out2_pll
  Path Type:              Hold (Min at Fast Process Corner)
  Requirement:            0.000ns  (clk_out2_pll rise@0.000ns - clk_out1_pll rise@0.000ns)
  Data Path Delay:        0.791ns  (logic 0.156ns (19.730%)  route 0.635ns (80.270%))
  Logic Levels:           2  (LUT5=1 LUT6=1)
  Clock Path Skew:        0.328ns (DCD - SCD - CPR)
    Destination Clock Delay (DCD):    -0.601ns
    Source Clock Delay      (SCD):    -0.446ns
    Clock Pessimism Removal (CPR):    -0.484ns
  Clock Uncertainty:      0.194ns  ((TSJ^2 + DJ^2)^1/2) / 2 + PE
    Total System Jitter     (TSJ):    0.071ns
    Discrete Jitter          (DJ):    0.129ns
    Phase Error              (PE):    0.120ns

    Location             Delay type                Incr(ns)  Path(ns)    Netlist Resource(s)
  -------------------------------------------------------------------    -------------------
                         (clock clk_out1_pll rise edge)
                                                      0.000     0.000 r  
    AD12                                              0.000     0.000 r  i_sys_clk_p (IN)
                         net (fo=0)                   0.000     0.000    pll_inst/inst/clk_in1_p
    AD12                 IBUFDS (Prop_ibufds_I_O)     0.388     0.388 r  pll_inst/inst/clkin1_ibufgds/O
                         net (fo=1, routed)           0.503     0.891    pll_inst/inst/clk_in1_pll
    PLLE2_ADV_X1Y1       PLLE2_ADV (Prop_plle2_adv_CLKIN1_CLKOUT0)
                                                     -2.908    -2.017 r  pll_inst/inst/plle2_adv_inst/CLKOUT0
                         net (fo=1, routed)           0.958    -1.059    pll_inst/inst/clk_out1_pll
    BUFGCTRL_X0Y1        BUFG (Prop_bufg_I_O)         0.026    -1.033 r  pll_inst/inst/clkout1_buf/O
                         net (fo=394, routed)         0.587    -0.446    student_top_inst/bridge_inst/counter_inst/cnt_1ms_reg[0]_0
    SLICE_X64Y118        FDRE                                         r  student_top_inst/bridge_inst/counter_inst/perip_rdata_reg[5]/C
  -------------------------------------------------------------------    -------------------
    SLICE_X64Y118        FDRE (Prop_fdre_C_Q)         0.100    -0.346 r  student_top_inst/bridge_inst/counter_inst/perip_rdata_reg[5]/Q
                         net (fo=1, routed)           0.519     0.174    student_top_inst/bridge_inst/counter_inst/cnt_rdata[5]
    SLICE_X47Y113        LUT6 (Prop_lut6_I2_O)        0.028     0.202 r  student_top_inst/bridge_inst/counter_inst/u_RISCV_CORE_i_27/O
                         net (fo=1, routed)           0.115     0.317    student_top_inst/u_RISCV_CORE/INST_MEM_UNIT/mem_wr_buffer_inst/mem_rd_data_i[5]
    SLICE_X49Y113        LUT5 (Prop_lut5_I2_O)        0.028     0.345 r  student_top_inst/u_RISCV_CORE/INST_MEM_UNIT/mem_wr_buffer_inst/rd_data_o[5]_i_1/O
                         net (fo=1, routed)           0.000     0.345    student_top_inst/u_RISCV_CORE/INST_MEM_UNIT/mem_wr_buffer_inst/p_0_in[5]
    SLICE_X49Y113        FDRE                                         r  student_top_inst/u_RISCV_CORE/INST_MEM_UNIT/mem_wr_buffer_inst/rd_data_o_reg[5]/D
  -------------------------------------------------------------------    -------------------

                         (clock clk_out2_pll rise edge)
                                                      0.000     0.000 r  
    AD12                                              0.000     0.000 r  i_sys_clk_p (IN)
                         net (fo=0)                   0.000     0.000    pll_inst/inst/clk_in1_p
    AD12                 IBUFDS (Prop_ibufds_I_O)     0.470     0.470 r  pll_inst/inst/clkin1_ibufgds/O
                         net (fo=1, routed)           0.554     1.024    pll_inst/inst/clk_in1_pll
    PLLE2_ADV_X1Y1       PLLE2_ADV (Prop_plle2_adv_CLKIN1_CLKOUT1)
                                                     -3.524    -2.500 r  pll_inst/inst/plle2_adv_inst/CLKOUT1
                         net (fo=1, routed)           1.027    -1.473    pll_inst/inst/clk_out2_pll
    BUFGCTRL_X0Y0        BUFG (Prop_bufg_I_O)         0.030    -1.443 r  pll_inst/inst/clkout2_buf/O
                         net (fo=2458, routed)        0.842    -0.601    student_top_inst/u_RISCV_CORE/INST_MEM_UNIT/mem_wr_buffer_inst/clk
    SLICE_X49Y113        FDRE                                         r  student_top_inst/u_RISCV_CORE/INST_MEM_UNIT/mem_wr_buffer_inst/rd_data_o_reg[5]/C
                         clock pessimism              0.484    -0.118    
                         clock uncertainty            0.194     0.076    
    SLICE_X49Y113        FDRE (Hold_fdre_C_D)         0.061     0.137    student_top_inst/u_RISCV_CORE/INST_MEM_UNIT/mem_wr_buffer_inst/rd_data_o_reg[5]
  -------------------------------------------------------------------
                         required time                         -0.137    
                         arrival time                           0.345    
  -------------------------------------------------------------------
                         slack                                  0.208    

Slack (MET) :             0.213ns  (arrival time - required time)
  Source:                 student_top_inst/bridge_inst/counter_inst/perip_rdata_reg[19]/C
                            (rising edge-triggered cell FDRE clocked by clk_out1_pll  {rise@0.000ns fall@10.000ns period=20.000ns})
  Destination:            student_top_inst/u_RISCV_CORE/INST_MEM_UNIT/mem_wr_buffer_inst/rd_data_o_reg[19]/D
                            (rising edge-triggered cell FDRE clocked by clk_out2_pll  {rise@0.000ns fall@2.000ns period=4.000ns})
  Path Group:             clk_out2_pll
  Path Type:              Hold (Min at Fast Process Corner)
  Requirement:            0.000ns  (clk_out2_pll rise@0.000ns - clk_out1_pll rise@0.000ns)
  Data Path Delay:        0.758ns  (logic 0.184ns (24.268%)  route 0.574ns (75.732%))
  Logic Levels:           3  (LUT6=3)
  Clock Path Skew:        0.291ns (DCD - SCD - CPR)
    Destination Clock Delay (DCD):    -0.627ns
    Source Clock Delay      (SCD):    -0.435ns
    Clock Pessimism Removal (CPR):    -0.484ns
  Clock Uncertainty:      0.194ns  ((TSJ^2 + DJ^2)^1/2) / 2 + PE
    Total System Jitter     (TSJ):    0.071ns
    Discrete Jitter          (DJ):    0.129ns
    Phase Error              (PE):    0.120ns

    Location             Delay type                Incr(ns)  Path(ns)    Netlist Resource(s)
  -------------------------------------------------------------------    -------------------
                         (clock clk_out1_pll rise edge)
                                                      0.000     0.000 r  
    AD12                                              0.000     0.000 r  i_sys_clk_p (IN)
                         net (fo=0)                   0.000     0.000    pll_inst/inst/clk_in1_p
    AD12                 IBUFDS (Prop_ibufds_I_O)     0.388     0.388 r  pll_inst/inst/clkin1_ibufgds/O
                         net (fo=1, routed)           0.503     0.891    pll_inst/inst/clk_in1_pll
    PLLE2_ADV_X1Y1       PLLE2_ADV (Prop_plle2_adv_CLKIN1_CLKOUT0)
                                                     -2.908    -2.017 r  pll_inst/inst/plle2_adv_inst/CLKOUT0
                         net (fo=1, routed)           0.958    -1.059    pll_inst/inst/clk_out1_pll
    BUFGCTRL_X0Y1        BUFG (Prop_bufg_I_O)         0.026    -1.033 r  pll_inst/inst/clkout1_buf/O
                         net (fo=394, routed)         0.598    -0.435    student_top_inst/bridge_inst/counter_inst/cnt_1ms_reg[0]_0
    SLICE_X109Y122       FDRE                                         r  student_top_inst/bridge_inst/counter_inst/perip_rdata_reg[19]/C
  -------------------------------------------------------------------    -------------------
    SLICE_X109Y122       FDRE (Prop_fdre_C_Q)         0.100    -0.335 r  student_top_inst/bridge_inst/counter_inst/perip_rdata_reg[19]/Q
                         net (fo=1, routed)           0.346     0.011    student_top_inst/bridge_inst/counter_inst/cnt_rdata[19]
    SLICE_X109Y123       LUT6 (Prop_lut6_I2_O)        0.028     0.039 r  student_top_inst/bridge_inst/counter_inst/u_RISCV_CORE_i_13/O
                         net (fo=1, routed)           0.133     0.172    student_top_inst/u_RISCV_CORE/INST_MEM_UNIT/mem_wr_buffer_inst/mem_rd_data_i[19]
    SLICE_X108Y123       LUT6 (Prop_lut6_I1_O)        0.028     0.200 r  student_top_inst/u_RISCV_CORE/INST_MEM_UNIT/mem_wr_buffer_inst/rd_data_o[19]_i_2/O
                         net (fo=1, routed)           0.095     0.296    student_top_inst/u_RISCV_CORE/INST_MEM_BUFFER/rd_data_o_reg[19]
    SLICE_X111Y122       LUT6 (Prop_lut6_I5_O)        0.028     0.324 r  student_top_inst/u_RISCV_CORE/INST_MEM_BUFFER/rd_data_o[19]_i_1/O
                         net (fo=1, routed)           0.000     0.324    student_top_inst/u_RISCV_CORE/INST_MEM_UNIT/mem_wr_buffer_inst/D[11]
    SLICE_X111Y122       FDRE                                         r  student_top_inst/u_RISCV_CORE/INST_MEM_UNIT/mem_wr_buffer_inst/rd_data_o_reg[19]/D
  -------------------------------------------------------------------    -------------------

                         (clock clk_out2_pll rise edge)
                                                      0.000     0.000 r  
    AD12                                              0.000     0.000 r  i_sys_clk_p (IN)
                         net (fo=0)                   0.000     0.000    pll_inst/inst/clk_in1_p
    AD12                 IBUFDS (Prop_ibufds_I_O)     0.470     0.470 r  pll_inst/inst/clkin1_ibufgds/O
                         net (fo=1, routed)           0.554     1.024    pll_inst/inst/clk_in1_pll
    PLLE2_ADV_X1Y1       PLLE2_ADV (Prop_plle2_adv_CLKIN1_CLKOUT1)
                                                     -3.524    -2.500 r  pll_inst/inst/plle2_adv_inst/CLKOUT1
                         net (fo=1, routed)           1.027    -1.473    pll_inst/inst/clk_out2_pll
    BUFGCTRL_X0Y0        BUFG (Prop_bufg_I_O)         0.030    -1.443 r  pll_inst/inst/clkout2_buf/O
                         net (fo=2458, routed)        0.816    -0.627    student_top_inst/u_RISCV_CORE/INST_MEM_UNIT/mem_wr_buffer_inst/clk
    SLICE_X111Y122       FDRE                                         r  student_top_inst/u_RISCV_CORE/INST_MEM_UNIT/mem_wr_buffer_inst/rd_data_o_reg[19]/C
                         clock pessimism              0.484    -0.144    
                         clock uncertainty            0.194     0.050    
    SLICE_X111Y122       FDRE (Hold_fdre_C_D)         0.061     0.111    student_top_inst/u_RISCV_CORE/INST_MEM_UNIT/mem_wr_buffer_inst/rd_data_o_reg[19]
  -------------------------------------------------------------------
                         required time                         -0.111    
                         arrival time                           0.324    
  -------------------------------------------------------------------
                         slack                                  0.213    

Slack (MET) :             0.214ns  (arrival time - required time)
  Source:                 student_top_inst/bridge_inst/counter_inst/perip_rdata_reg[24]/C
                            (rising edge-triggered cell FDRE clocked by clk_out1_pll  {rise@0.000ns fall@10.000ns period=20.000ns})
  Destination:            student_top_inst/u_RISCV_CORE/INST_MEM_UNIT/mem_wr_buffer_inst/rd_data_o_reg[24]/D
                            (rising edge-triggered cell FDRE clocked by clk_out2_pll  {rise@0.000ns fall@2.000ns period=4.000ns})
  Path Group:             clk_out2_pll
  Path Type:              Hold (Min at Fast Process Corner)
  Requirement:            0.000ns  (clk_out2_pll rise@0.000ns - clk_out1_pll rise@0.000ns)
  Data Path Delay:        0.763ns  (logic 0.184ns (24.120%)  route 0.579ns (75.880%))
  Logic Levels:           3  (LUT6=3)
  Clock Path Skew:        0.295ns (DCD - SCD - CPR)
    Destination Clock Delay (DCD):    -0.628ns
    Source Clock Delay      (SCD):    -0.440ns
    Clock Pessimism Removal (CPR):    -0.484ns
  Clock Uncertainty:      0.194ns  ((TSJ^2 + DJ^2)^1/2) / 2 + PE
    Total System Jitter     (TSJ):    0.071ns
    Discrete Jitter          (DJ):    0.129ns
    Phase Error              (PE):    0.120ns

    Location             Delay type                Incr(ns)  Path(ns)    Netlist Resource(s)
  -------------------------------------------------------------------    -------------------
                         (clock clk_out1_pll rise edge)
                                                      0.000     0.000 r  
    AD12                                              0.000     0.000 r  i_sys_clk_p (IN)
                         net (fo=0)                   0.000     0.000    pll_inst/inst/clk_in1_p
    AD12                 IBUFDS (Prop_ibufds_I_O)     0.388     0.388 r  pll_inst/inst/clkin1_ibufgds/O
                         net (fo=1, routed)           0.503     0.891    pll_inst/inst/clk_in1_pll
    PLLE2_ADV_X1Y1       PLLE2_ADV (Prop_plle2_adv_CLKIN1_CLKOUT0)
                                                     -2.908    -2.017 r  pll_inst/inst/plle2_adv_inst/CLKOUT0
                         net (fo=1, routed)           0.958    -1.059    pll_inst/inst/clk_out1_pll
    BUFGCTRL_X0Y1        BUFG (Prop_bufg_I_O)         0.026    -1.033 r  pll_inst/inst/clkout1_buf/O
                         net (fo=394, routed)         0.593    -0.440    student_top_inst/bridge_inst/counter_inst/cnt_1ms_reg[0]_0
    SLICE_X68Y144        FDRE                                         r  student_top_inst/bridge_inst/counter_inst/perip_rdata_reg[24]/C
  -------------------------------------------------------------------    -------------------
    SLICE_X68Y144        FDRE (Prop_fdre_C_Q)         0.100    -0.340 r  student_top_inst/bridge_inst/counter_inst/perip_rdata_reg[24]/Q
                         net (fo=1, routed)           0.345     0.006    student_top_inst/bridge_inst/counter_inst/cnt_rdata[24]
    SLICE_X52Y145        LUT6 (Prop_lut6_I2_O)        0.028     0.034 r  student_top_inst/bridge_inst/counter_inst/u_RISCV_CORE_i_8/O
                         net (fo=1, routed)           0.090     0.124    student_top_inst/u_RISCV_CORE/INST_MEM_UNIT/mem_wr_buffer_inst/mem_rd_data_i[24]
    SLICE_X53Y144        LUT6 (Prop_lut6_I1_O)        0.028     0.152 r  student_top_inst/u_RISCV_CORE/INST_MEM_UNIT/mem_wr_buffer_inst/rd_data_o[24]_i_2/O
                         net (fo=1, routed)           0.144     0.295    student_top_inst/u_RISCV_CORE/INST_MEM_BUFFER/rd_data_o_reg[24]
    SLICE_X53Y144        LUT6 (Prop_lut6_I5_O)        0.028     0.323 r  student_top_inst/u_RISCV_CORE/INST_MEM_BUFFER/rd_data_o[24]_i_1/O
                         net (fo=1, routed)           0.000     0.323    student_top_inst/u_RISCV_CORE/INST_MEM_UNIT/mem_wr_buffer_inst/D[16]
    SLICE_X53Y144        FDRE                                         r  student_top_inst/u_RISCV_CORE/INST_MEM_UNIT/mem_wr_buffer_inst/rd_data_o_reg[24]/D
  -------------------------------------------------------------------    -------------------

                         (clock clk_out2_pll rise edge)
                                                      0.000     0.000 r  
    AD12                                              0.000     0.000 r  i_sys_clk_p (IN)
                         net (fo=0)                   0.000     0.000    pll_inst/inst/clk_in1_p
    AD12                 IBUFDS (Prop_ibufds_I_O)     0.470     0.470 r  pll_inst/inst/clkin1_ibufgds/O
                         net (fo=1, routed)           0.554     1.024    pll_inst/inst/clk_in1_pll
    PLLE2_ADV_X1Y1       PLLE2_ADV (Prop_plle2_adv_CLKIN1_CLKOUT1)
                                                     -3.524    -2.500 r  pll_inst/inst/plle2_adv_inst/CLKOUT1
                         net (fo=1, routed)           1.027    -1.473    pll_inst/inst/clk_out2_pll
    BUFGCTRL_X0Y0        BUFG (Prop_bufg_I_O)         0.030    -1.443 r  pll_inst/inst/clkout2_buf/O
                         net (fo=2458, routed)        0.815    -0.628    student_top_inst/u_RISCV_CORE/INST_MEM_UNIT/mem_wr_buffer_inst/clk
    SLICE_X53Y144        FDRE                                         r  student_top_inst/u_RISCV_CORE/INST_MEM_UNIT/mem_wr_buffer_inst/rd_data_o_reg[24]/C
                         clock pessimism              0.484    -0.145    
                         clock uncertainty            0.194     0.049    
    SLICE_X53Y144        FDRE (Hold_fdre_C_D)         0.060     0.109    student_top_inst/u_RISCV_CORE/INST_MEM_UNIT/mem_wr_buffer_inst/rd_data_o_reg[24]
  -------------------------------------------------------------------
                         required time                         -0.109    
                         arrival time                           0.323    
  -------------------------------------------------------------------
                         slack                                  0.214    

Slack (MET) :             0.216ns  (arrival time - required time)
  Source:                 student_top_inst/bridge_inst/counter_inst/perip_rdata_reg[2]/C
                            (rising edge-triggered cell FDRE clocked by clk_out1_pll  {rise@0.000ns fall@10.000ns period=20.000ns})
  Destination:            student_top_inst/u_RISCV_CORE/INST_MEM_UNIT/mem_wr_buffer_inst/rd_data_o_reg[2]/D
                            (rising edge-triggered cell FDRE clocked by clk_out2_pll  {rise@0.000ns fall@2.000ns period=4.000ns})
  Path Group:             clk_out2_pll
  Path Type:              Hold (Min at Fast Process Corner)
  Requirement:            0.000ns  (clk_out2_pll rise@0.000ns - clk_out1_pll rise@0.000ns)
  Data Path Delay:        0.813ns  (logic 0.157ns (19.318%)  route 0.656ns (80.682%))
  Logic Levels:           2  (LUT5=1 LUT6=1)
  Clock Path Skew:        0.328ns (DCD - SCD - CPR)
    Destination Clock Delay (DCD):    -0.594ns
    Source Clock Delay      (SCD):    -0.439ns
    Clock Pessimism Removal (CPR):    -0.484ns
  Clock Uncertainty:      0.194ns  ((TSJ^2 + DJ^2)^1/2) / 2 + PE
    Total System Jitter     (TSJ):    0.071ns
    Discrete Jitter          (DJ):    0.129ns
    Phase Error              (PE):    0.120ns

    Location             Delay type                Incr(ns)  Path(ns)    Netlist Resource(s)
  -------------------------------------------------------------------    -------------------
                         (clock clk_out1_pll rise edge)
                                                      0.000     0.000 r  
    AD12                                              0.000     0.000 r  i_sys_clk_p (IN)
                         net (fo=0)                   0.000     0.000    pll_inst/inst/clk_in1_p
    AD12                 IBUFDS (Prop_ibufds_I_O)     0.388     0.388 r  pll_inst/inst/clkin1_ibufgds/O
                         net (fo=1, routed)           0.503     0.891    pll_inst/inst/clk_in1_pll
    PLLE2_ADV_X1Y1       PLLE2_ADV (Prop_plle2_adv_CLKIN1_CLKOUT0)
                                                     -2.908    -2.017 r  pll_inst/inst/plle2_adv_inst/CLKOUT0
                         net (fo=1, routed)           0.958    -1.059    pll_inst/inst/clk_out1_pll
    BUFGCTRL_X0Y1        BUFG (Prop_bufg_I_O)         0.026    -1.033 r  pll_inst/inst/clkout1_buf/O
                         net (fo=394, routed)         0.594    -0.439    student_top_inst/bridge_inst/counter_inst/cnt_1ms_reg[0]_0
    SLICE_X60Y109        FDRE                                         r  student_top_inst/bridge_inst/counter_inst/perip_rdata_reg[2]/C
  -------------------------------------------------------------------    -------------------
    SLICE_X60Y109        FDRE (Prop_fdre_C_Q)         0.100    -0.339 r  student_top_inst/bridge_inst/counter_inst/perip_rdata_reg[2]/Q
                         net (fo=1, routed)           0.483     0.145    student_top_inst/bridge_inst/counter_inst/cnt_rdata[2]
    SLICE_X45Y103        LUT6 (Prop_lut6_I2_O)        0.028     0.173 r  student_top_inst/bridge_inst/counter_inst/u_RISCV_CORE_i_30/O
                         net (fo=1, routed)           0.173     0.345    student_top_inst/u_RISCV_CORE/INST_MEM_UNIT/mem_wr_buffer_inst/mem_rd_data_i[2]
    SLICE_X44Y103        LUT5 (Prop_lut5_I2_O)        0.029     0.374 r  student_top_inst/u_RISCV_CORE/INST_MEM_UNIT/mem_wr_buffer_inst/rd_data_o[2]_i_1/O
                         net (fo=1, routed)           0.000     0.374    student_top_inst/u_RISCV_CORE/INST_MEM_UNIT/mem_wr_buffer_inst/p_0_in[2]
    SLICE_X44Y103        FDRE                                         r  student_top_inst/u_RISCV_CORE/INST_MEM_UNIT/mem_wr_buffer_inst/rd_data_o_reg[2]/D
  -------------------------------------------------------------------    -------------------

                         (clock clk_out2_pll rise edge)
                                                      0.000     0.000 r  
    AD12                                              0.000     0.000 r  i_sys_clk_p (IN)
                         net (fo=0)                   0.000     0.000    pll_inst/inst/clk_in1_p
    AD12                 IBUFDS (Prop_ibufds_I_O)     0.470     0.470 r  pll_inst/inst/clkin1_ibufgds/O
                         net (fo=1, routed)           0.554     1.024    pll_inst/inst/clk_in1_pll
    PLLE2_ADV_X1Y1       PLLE2_ADV (Prop_plle2_adv_CLKIN1_CLKOUT1)
                                                     -3.524    -2.500 r  pll_inst/inst/plle2_adv_inst/CLKOUT1
                         net (fo=1, routed)           1.027    -1.473    pll_inst/inst/clk_out2_pll
    BUFGCTRL_X0Y0        BUFG (Prop_bufg_I_O)         0.030    -1.443 r  pll_inst/inst/clkout2_buf/O
                         net (fo=2458, routed)        0.849    -0.594    student_top_inst/u_RISCV_CORE/INST_MEM_UNIT/mem_wr_buffer_inst/clk
    SLICE_X44Y103        FDRE                                         r  student_top_inst/u_RISCV_CORE/INST_MEM_UNIT/mem_wr_buffer_inst/rd_data_o_reg[2]/C
                         clock pessimism              0.484    -0.111    
                         clock uncertainty            0.194     0.083    
    SLICE_X44Y103        FDRE (Hold_fdre_C_D)         0.075     0.158    student_top_inst/u_RISCV_CORE/INST_MEM_UNIT/mem_wr_buffer_inst/rd_data_o_reg[2]
  -------------------------------------------------------------------
                         required time                         -0.158    
                         arrival time                           0.374    
  -------------------------------------------------------------------
                         slack                                  0.216    

Slack (MET) :             0.221ns  (arrival time - required time)
  Source:                 student_top_inst/bridge_inst/counter_inst/perip_rdata_reg[14]/C
                            (rising edge-triggered cell FDRE clocked by clk_out1_pll  {rise@0.000ns fall@10.000ns period=20.000ns})
  Destination:            student_top_inst/u_RISCV_CORE/INST_MEM_UNIT/mem_wr_buffer_inst/rd_data_o_reg[14]/D
                            (rising edge-triggered cell FDRE clocked by clk_out2_pll  {rise@0.000ns fall@2.000ns period=4.000ns})
  Path Group:             clk_out2_pll
  Path Type:              Hold (Min at Fast Process Corner)
  Requirement:            0.000ns  (clk_out2_pll rise@0.000ns - clk_out1_pll rise@0.000ns)
  Data Path Delay:        0.766ns  (logic 0.202ns (26.361%)  route 0.564ns (73.639%))
  Logic Levels:           3  (LUT6=3)
  Clock Path Skew:        0.292ns (DCD - SCD - CPR)
    Destination Clock Delay (DCD):    -0.628ns
    Source Clock Delay      (SCD):    -0.437ns
    Clock Pessimism Removal (CPR):    -0.484ns
  Clock Uncertainty:      0.194ns  ((TSJ^2 + DJ^2)^1/2) / 2 + PE
    Total System Jitter     (TSJ):    0.071ns
    Discrete Jitter          (DJ):    0.129ns
    Phase Error              (PE):    0.120ns

    Location             Delay type                Incr(ns)  Path(ns)    Netlist Resource(s)
  -------------------------------------------------------------------    -------------------
                         (clock clk_out1_pll rise edge)
                                                      0.000     0.000 r  
    AD12                                              0.000     0.000 r  i_sys_clk_p (IN)
                         net (fo=0)                   0.000     0.000    pll_inst/inst/clk_in1_p
    AD12                 IBUFDS (Prop_ibufds_I_O)     0.388     0.388 r  pll_inst/inst/clkin1_ibufgds/O
                         net (fo=1, routed)           0.503     0.891    pll_inst/inst/clk_in1_pll
    PLLE2_ADV_X1Y1       PLLE2_ADV (Prop_plle2_adv_CLKIN1_CLKOUT0)
                                                     -2.908    -2.017 r  pll_inst/inst/plle2_adv_inst/CLKOUT0
                         net (fo=1, routed)           0.958    -1.059    pll_inst/inst/clk_out1_pll
    BUFGCTRL_X0Y1        BUFG (Prop_bufg_I_O)         0.026    -1.033 r  pll_inst/inst/clkout1_buf/O
                         net (fo=394, routed)         0.596    -0.437    student_top_inst/bridge_inst/counter_inst/cnt_1ms_reg[0]_0
    SLICE_X110Y125       FDRE                                         r  student_top_inst/bridge_inst/counter_inst/perip_rdata_reg[14]/C
  -------------------------------------------------------------------    -------------------
    SLICE_X110Y125       FDRE (Prop_fdre_C_Q)         0.118    -0.319 r  student_top_inst/bridge_inst/counter_inst/perip_rdata_reg[14]/Q
                         net (fo=1, routed)           0.270    -0.049    student_top_inst/bridge_inst/counter_inst/cnt_rdata[14]
    SLICE_X115Y126       LUT6 (Prop_lut6_I2_O)        0.028    -0.021 r  student_top_inst/bridge_inst/counter_inst/u_RISCV_CORE_i_18/O
                         net (fo=1, routed)           0.166     0.146    student_top_inst/u_RISCV_CORE/INST_MEM_UNIT/mem_wr_buffer_inst/mem_rd_data_i[14]
    SLICE_X115Y126       LUT6 (Prop_lut6_I1_O)        0.028     0.174 r  student_top_inst/u_RISCV_CORE/INST_MEM_UNIT/mem_wr_buffer_inst/rd_data_o[14]_i_2/O
                         net (fo=1, routed)           0.128     0.302    student_top_inst/u_RISCV_CORE/INST_MEM_BUFFER/rd_data_o_reg[14]
    SLICE_X115Y126       LUT6 (Prop_lut6_I5_O)        0.028     0.330 r  student_top_inst/u_RISCV_CORE/INST_MEM_BUFFER/rd_data_o[14]_i_1/O
                         net (fo=1, routed)           0.000     0.330    student_top_inst/u_RISCV_CORE/INST_MEM_UNIT/mem_wr_buffer_inst/D[6]
    SLICE_X115Y126       FDRE                                         r  student_top_inst/u_RISCV_CORE/INST_MEM_UNIT/mem_wr_buffer_inst/rd_data_o_reg[14]/D
  -------------------------------------------------------------------    -------------------

                         (clock clk_out2_pll rise edge)
                                                      0.000     0.000 r  
    AD12                                              0.000     0.000 r  i_sys_clk_p (IN)
                         net (fo=0)                   0.000     0.000    pll_inst/inst/clk_in1_p
    AD12                 IBUFDS (Prop_ibufds_I_O)     0.470     0.470 r  pll_inst/inst/clkin1_ibufgds/O
                         net (fo=1, routed)           0.554     1.024    pll_inst/inst/clk_in1_pll
    PLLE2_ADV_X1Y1       PLLE2_ADV (Prop_plle2_adv_CLKIN1_CLKOUT1)
                                                     -3.524    -2.500 r  pll_inst/inst/plle2_adv_inst/CLKOUT1
                         net (fo=1, routed)           1.027    -1.473    pll_inst/inst/clk_out2_pll
    BUFGCTRL_X0Y0        BUFG (Prop_bufg_I_O)         0.030    -1.443 r  pll_inst/inst/clkout2_buf/O
                         net (fo=2458, routed)        0.815    -0.628    student_top_inst/u_RISCV_CORE/INST_MEM_UNIT/mem_wr_buffer_inst/clk
    SLICE_X115Y126       FDRE                                         r  student_top_inst/u_RISCV_CORE/INST_MEM_UNIT/mem_wr_buffer_inst/rd_data_o_reg[14]/C
                         clock pessimism              0.484    -0.145    
                         clock uncertainty            0.194     0.049    
    SLICE_X115Y126       FDRE (Hold_fdre_C_D)         0.060     0.109    student_top_inst/u_RISCV_CORE/INST_MEM_UNIT/mem_wr_buffer_inst/rd_data_o_reg[14]
  -------------------------------------------------------------------
                         required time                         -0.109    
                         arrival time                           0.330    
  -------------------------------------------------------------------
                         slack                                  0.221    

Slack (MET) :             0.228ns  (arrival time - required time)
  Source:                 student_top_inst/bridge_inst/counter_inst/perip_rdata_reg[3]/C
                            (rising edge-triggered cell FDRE clocked by clk_out1_pll  {rise@0.000ns fall@10.000ns period=20.000ns})
  Destination:            student_top_inst/u_RISCV_CORE/INST_MEM_UNIT/mem_wr_buffer_inst/rd_data_o_reg[3]/D
                            (rising edge-triggered cell FDRE clocked by clk_out2_pll  {rise@0.000ns fall@2.000ns period=4.000ns})
  Path Group:             clk_out2_pll
  Path Type:              Hold (Min at Fast Process Corner)
  Requirement:            0.000ns  (clk_out2_pll rise@0.000ns - clk_out1_pll rise@0.000ns)
  Data Path Delay:        0.807ns  (logic 0.156ns (19.327%)  route 0.651ns (80.673%))
  Logic Levels:           2  (LUT5=1 LUT6=1)
  Clock Path Skew:        0.326ns (DCD - SCD - CPR)
    Destination Clock Delay (DCD):    -0.596ns
    Source Clock Delay      (SCD):    -0.439ns
    Clock Pessimism Removal (CPR):    -0.484ns
  Clock Uncertainty:      0.194ns  ((TSJ^2 + DJ^2)^1/2) / 2 + PE
    Total System Jitter     (TSJ):    0.071ns
    Discrete Jitter          (DJ):    0.129ns
    Phase Error              (PE):    0.120ns

    Location             Delay type                Incr(ns)  Path(ns)    Netlist Resource(s)
  -------------------------------------------------------------------    -------------------
                         (clock clk_out1_pll rise edge)
                                                      0.000     0.000 r  
    AD12                                              0.000     0.000 r  i_sys_clk_p (IN)
                         net (fo=0)                   0.000     0.000    pll_inst/inst/clk_in1_p
    AD12                 IBUFDS (Prop_ibufds_I_O)     0.388     0.388 r  pll_inst/inst/clkin1_ibufgds/O
                         net (fo=1, routed)           0.503     0.891    pll_inst/inst/clk_in1_pll
    PLLE2_ADV_X1Y1       PLLE2_ADV (Prop_plle2_adv_CLKIN1_CLKOUT0)
                                                     -2.908    -2.017 r  pll_inst/inst/plle2_adv_inst/CLKOUT0
                         net (fo=1, routed)           0.958    -1.059    pll_inst/inst/clk_out1_pll
    BUFGCTRL_X0Y1        BUFG (Prop_bufg_I_O)         0.026    -1.033 r  pll_inst/inst/clkout1_buf/O
                         net (fo=394, routed)         0.594    -0.439    student_top_inst/bridge_inst/counter_inst/cnt_1ms_reg[0]_0
    SLICE_X64Y105        FDRE                                         r  student_top_inst/bridge_inst/counter_inst/perip_rdata_reg[3]/C
  -------------------------------------------------------------------    -------------------
    SLICE_X64Y105        FDRE (Prop_fdre_C_Q)         0.100    -0.339 r  student_top_inst/bridge_inst/counter_inst/perip_rdata_reg[3]/Q
                         net (fo=1, routed)           0.524     0.185    student_top_inst/bridge_inst/counter_inst/cnt_rdata[3]
    SLICE_X46Y106        LUT6 (Prop_lut6_I2_O)        0.028     0.213 r  student_top_inst/bridge_inst/counter_inst/u_RISCV_CORE_i_29/O
                         net (fo=1, routed)           0.127     0.341    student_top_inst/u_RISCV_CORE/INST_MEM_UNIT/mem_wr_buffer_inst/mem_rd_data_i[3]
    SLICE_X47Y106        LUT5 (Prop_lut5_I2_O)        0.028     0.369 r  student_top_inst/u_RISCV_CORE/INST_MEM_UNIT/mem_wr_buffer_inst/rd_data_o[3]_i_1/O
                         net (fo=1, routed)           0.000     0.369    student_top_inst/u_RISCV_CORE/INST_MEM_UNIT/mem_wr_buffer_inst/p_0_in[3]
    SLICE_X47Y106        FDRE                                         r  student_top_inst/u_RISCV_CORE/INST_MEM_UNIT/mem_wr_buffer_inst/rd_data_o_reg[3]/D
  -------------------------------------------------------------------    -------------------

                         (clock clk_out2_pll rise edge)
                                                      0.000     0.000 r  
    AD12                                              0.000     0.000 r  i_sys_clk_p (IN)
                         net (fo=0)                   0.000     0.000    pll_inst/inst/clk_in1_p
    AD12                 IBUFDS (Prop_ibufds_I_O)     0.470     0.470 r  pll_inst/inst/clkin1_ibufgds/O
                         net (fo=1, routed)           0.554     1.024    pll_inst/inst/clk_in1_pll
    PLLE2_ADV_X1Y1       PLLE2_ADV (Prop_plle2_adv_CLKIN1_CLKOUT1)
                                                     -3.524    -2.500 r  pll_inst/inst/plle2_adv_inst/CLKOUT1
                         net (fo=1, routed)           1.027    -1.473    pll_inst/inst/clk_out2_pll
    BUFGCTRL_X0Y0        BUFG (Prop_bufg_I_O)         0.030    -1.443 r  pll_inst/inst/clkout2_buf/O
                         net (fo=2458, routed)        0.847    -0.596    student_top_inst/u_RISCV_CORE/INST_MEM_UNIT/mem_wr_buffer_inst/clk
    SLICE_X47Y106        FDRE                                         r  student_top_inst/u_RISCV_CORE/INST_MEM_UNIT/mem_wr_buffer_inst/rd_data_o_reg[3]/C
                         clock pessimism              0.484    -0.113    
                         clock uncertainty            0.194     0.081    
    SLICE_X47Y106        FDRE (Hold_fdre_C_D)         0.060     0.141    student_top_inst/u_RISCV_CORE/INST_MEM_UNIT/mem_wr_buffer_inst/rd_data_o_reg[3]
  -------------------------------------------------------------------
                         required time                         -0.141    
                         arrival time                           0.369    
  -------------------------------------------------------------------
                         slack                                  0.228    





--------------------------------------------------------------------------------------
Path Group:  (none)
From Clock:  clk_out1_pll
  To Clock:  

Max Delay             1 Endpoint
Min Delay             1 Endpoint
--------------------------------------------------------------------------------------


Max Delay Paths
--------------------------------------------------------------------------------------
Slack:                    inf
  Source:                 uart_inst/tx_reg/C
                            (rising edge-triggered cell FDPE clocked by clk_out1_pll  {rise@0.000ns fall@10.000ns period=20.000ns})
  Destination:            o_uart_tx
                            (output port)
  Path Group:             (none)
  Path Type:              Max at Slow Process Corner
  Data Path Delay:        8.592ns  (logic 3.539ns (41.186%)  route 5.054ns (58.814%))
  Logic Levels:           1  (OBUF=1)
  Clock Uncertainty:      0.159ns  ((TSJ^2 + DJ^2)^1/2) / 2 + PE
    Total System Jitter     (TSJ):    0.050ns
    Discrete Jitter          (DJ):    0.129ns
    Phase Error              (PE):    0.090ns

    Location             Delay type                Incr(ns)  Path(ns)    Netlist Resource(s)
  -------------------------------------------------------------------    -------------------
                         (clock clk_out1_pll rise edge)
                                                      0.000     0.000 r  
    AD12                                              0.000     0.000 r  i_sys_clk_p (IN)
                         net (fo=0)                   0.000     0.000    pll_inst/inst/clk_in1_p
    AD12                 IBUFDS (Prop_ibufds_I_O)     0.906     0.906 r  pll_inst/inst/clkin1_ibufgds/O
                         net (fo=1, routed)           1.098     2.004    pll_inst/inst/clk_in1_pll
    PLLE2_ADV_X1Y1       PLLE2_ADV (Prop_plle2_adv_CLKIN1_CLKOUT0)
                                                     -8.058    -6.054 r  pll_inst/inst/plle2_adv_inst/CLKOUT0
                         net (fo=1, routed)           2.128    -3.926    pll_inst/inst/clk_out1_pll
    BUFGCTRL_X0Y1        BUFG (Prop_bufg_I_O)         0.093    -3.833 r  pll_inst/inst/clkout1_buf/O
                         net (fo=394, routed)         1.390    -2.443    uart_inst/clk_out1
    SLICE_X51Y137        FDPE                                         r  uart_inst/tx_reg/C
  -------------------------------------------------------------------    -------------------
    SLICE_X51Y137        FDPE (Prop_fdpe_C_Q)         0.223    -2.220 r  uart_inst/tx_reg/Q
                         net (fo=1, routed)           5.054     2.833    o_uart_tx_OBUF
    D17                  OBUF (Prop_obuf_I_O)         3.316     6.149 r  o_uart_tx_OBUF_inst/O
                         net (fo=0)                   0.000     6.149    o_uart_tx
    D17                                                               r  o_uart_tx (OUT)
  -------------------------------------------------------------------    -------------------





Min Delay Paths
--------------------------------------------------------------------------------------
Slack:                    inf
  Source:                 uart_inst/tx_reg/C
                            (rising edge-triggered cell FDPE clocked by clk_out1_pll  {rise@0.000ns fall@10.000ns period=20.000ns})
  Destination:            o_uart_tx
                            (output port)
  Path Group:             (none)
  Path Type:              Min at Fast Process Corner
  Data Path Delay:        4.137ns  (logic 1.524ns (36.826%)  route 2.614ns (63.174%))
  Logic Levels:           1  (OBUF=1)
  Clock Uncertainty:      0.159ns  ((TSJ^2 + DJ^2)^1/2) / 2 + PE
    Total System Jitter     (TSJ):    0.050ns
    Discrete Jitter          (DJ):    0.129ns
    Phase Error              (PE):    0.090ns

    Location             Delay type                Incr(ns)  Path(ns)    Netlist Resource(s)
  -------------------------------------------------------------------    -------------------
                         (clock clk_out1_pll rise edge)
                                                      0.000     0.000 r  
    AD12                                              0.000     0.000 r  i_sys_clk_p (IN)
                         net (fo=0)                   0.000     0.000    pll_inst/inst/clk_in1_p
    AD12                 IBUFDS (Prop_ibufds_I_O)     0.388     0.388 r  pll_inst/inst/clkin1_ibufgds/O
                         net (fo=1, routed)           0.503     0.891    pll_inst/inst/clk_in1_pll
    PLLE2_ADV_X1Y1       PLLE2_ADV (Prop_plle2_adv_CLKIN1_CLKOUT0)
                                                     -2.908    -2.017 r  pll_inst/inst/plle2_adv_inst/CLKOUT0
                         net (fo=1, routed)           0.958    -1.059    pll_inst/inst/clk_out1_pll
    BUFGCTRL_X0Y1        BUFG (Prop_bufg_I_O)         0.026    -1.033 r  pll_inst/inst/clkout1_buf/O
                         net (fo=394, routed)         0.593    -0.440    uart_inst/clk_out1
    SLICE_X51Y137        FDPE                                         r  uart_inst/tx_reg/C
  -------------------------------------------------------------------    -------------------
    SLICE_X51Y137        FDPE (Prop_fdpe_C_Q)         0.100    -0.340 r  uart_inst/tx_reg/Q
                         net (fo=1, routed)           2.614     2.274    o_uart_tx_OBUF
    D17                  OBUF (Prop_obuf_I_O)         1.424     3.698 r  o_uart_tx_OBUF_inst/O
                         net (fo=0)                   0.000     3.698    o_uart_tx
    D17                                                               r  o_uart_tx (OUT)
  -------------------------------------------------------------------    -------------------





--------------------------------------------------------------------------------------
Path Group:  (none)
From Clock:  clk_out2_pll
  To Clock:  

Max Delay            69 Endpoints
Min Delay            69 Endpoints
--------------------------------------------------------------------------------------


Max Delay Paths
--------------------------------------------------------------------------------------
Slack:                    inf
  Source:                 student_top_inst/bridge_inst/seg_wdata_reg[7]/C
                            (rising edge-triggered cell FDRE clocked by clk_out2_pll  {rise@0.000ns fall@2.000ns period=4.000ns})
  Destination:            virtual_seg[5]
                            (output port)
  Path Group:             (none)
  Path Type:              Max at Slow Process Corner
  Data Path Delay:        10.260ns  (logic 2.750ns (26.803%)  route 7.510ns (73.197%))
  Logic Levels:           3  (LUT3=1 LUT6=1 OBUF=1)
  Clock Uncertainty:      0.143ns  ((TSJ^2 + DJ^2)^1/2) / 2 + PE
    Total System Jitter     (TSJ):    0.050ns
    Discrete Jitter          (DJ):    0.094ns
    Phase Error              (PE):    0.090ns

    Location             Delay type                Incr(ns)  Path(ns)    Netlist Resource(s)
  -------------------------------------------------------------------    -------------------
                         (clock clk_out2_pll rise edge)
                                                      0.000     0.000 r  
    AD12                                              0.000     0.000 r  i_sys_clk_p (IN)
                         net (fo=0)                   0.000     0.000    pll_inst/inst/clk_in1_p
    AD12                 IBUFDS (Prop_ibufds_I_O)     0.906     0.906 r  pll_inst/inst/clkin1_ibufgds/O
                         net (fo=1, routed)           1.098     2.004    pll_inst/inst/clk_in1_pll
    PLLE2_ADV_X1Y1       PLLE2_ADV (Prop_plle2_adv_CLKIN1_CLKOUT1)
                                                     -8.058    -6.054 r  pll_inst/inst/plle2_adv_inst/CLKOUT1
                         net (fo=1, routed)           2.128    -3.926    pll_inst/inst/clk_out2_pll
    BUFGCTRL_X0Y0        BUFG (Prop_bufg_I_O)         0.093    -3.833 r  pll_inst/inst/clkout2_buf/O
                         net (fo=2458, routed)        1.389    -2.444    student_top_inst/bridge_inst/CLK
    SLICE_X69Y137        FDRE                                         r  student_top_inst/bridge_inst/seg_wdata_reg[7]/C
  -------------------------------------------------------------------    -------------------
    SLICE_X69Y137        FDRE (Prop_fdre_C_Q)         0.204    -2.240 r  student_top_inst/bridge_inst/seg_wdata_reg[7]/Q
                         net (fo=2, routed)           1.015    -1.226    student_top_inst/bridge_inst/seg_driver/s[7]
    SLICE_X54Y126        LUT3 (Prop_lut3_I2_O)        0.124    -1.102 r  student_top_inst/bridge_inst/seg_driver/seg1[6]_INST_0_i_1/O
                         net (fo=7, routed)           0.659    -0.442    student_top_inst/bridge_inst/seg_driver/sel0[3]
    SLICE_X51Y128        LUT6 (Prop_lut6_I0_O)        0.043    -0.399 r  student_top_inst/bridge_inst/seg_driver/seg1[5]_INST_0/O
                         net (fo=2, routed)           5.836     5.437    virtual_seg_OBUF[5]
    K15                  OBUF (Prop_obuf_I_O)         2.379     7.816 r  virtual_seg_OBUF[5]_inst/O
                         net (fo=0)                   0.000     7.816    virtual_seg[5]
    K15                                                               r  virtual_seg[5] (OUT)
  -------------------------------------------------------------------    -------------------

Slack:                    inf
  Source:                 student_top_inst/bridge_inst/seg_driver/count_reg[4]/C
                            (rising edge-triggered cell FDCE clocked by clk_out2_pll  {rise@0.000ns fall@2.000ns period=4.000ns})
  Destination:            virtual_seg[15]
                            (output port)
  Path Group:             (none)
  Path Type:              Max at Slow Process Corner
  Data Path Delay:        9.905ns  (logic 2.863ns (28.904%)  route 7.042ns (71.096%))
  Logic Levels:           3  (LUT3=1 LUT6=1 OBUF=1)
  Clock Uncertainty:      0.143ns  ((TSJ^2 + DJ^2)^1/2) / 2 + PE
    Total System Jitter     (TSJ):    0.050ns
    Discrete Jitter          (DJ):    0.094ns
    Phase Error              (PE):    0.090ns

    Location             Delay type                Incr(ns)  Path(ns)    Netlist Resource(s)
  -------------------------------------------------------------------    -------------------
                         (clock clk_out2_pll rise edge)
                                                      0.000     0.000 r  
    AD12                                              0.000     0.000 r  i_sys_clk_p (IN)
                         net (fo=0)                   0.000     0.000    pll_inst/inst/clk_in1_p
    AD12                 IBUFDS (Prop_ibufds_I_O)     0.906     0.906 r  pll_inst/inst/clkin1_ibufgds/O
                         net (fo=1, routed)           1.098     2.004    pll_inst/inst/clk_in1_pll
    PLLE2_ADV_X1Y1       PLLE2_ADV (Prop_plle2_adv_CLKIN1_CLKOUT1)
                                                     -8.058    -6.054 r  pll_inst/inst/plle2_adv_inst/CLKOUT1
                         net (fo=1, routed)           2.128    -3.926    pll_inst/inst/clk_out2_pll
    BUFGCTRL_X0Y0        BUFG (Prop_bufg_I_O)         0.093    -3.833 r  pll_inst/inst/clkout2_buf/O
                         net (fo=2458, routed)        1.376    -2.457    student_top_inst/bridge_inst/seg_driver/clk
    SLICE_X51Y126        FDCE                                         r  student_top_inst/bridge_inst/seg_driver/count_reg[4]/C
  -------------------------------------------------------------------    -------------------
    SLICE_X51Y126        FDCE (Prop_fdce_C_Q)         0.204    -2.253 r  student_top_inst/bridge_inst/seg_driver/count_reg[4]/Q
                         net (fo=50, routed)          0.949    -1.304    student_top_inst/bridge_inst/seg_driver/ans[0]
    SLICE_X56Y132        LUT3 (Prop_lut3_I1_O)        0.127    -1.177 r  student_top_inst/bridge_inst/seg_driver/seg2[6]_INST_0_i_2/O
                         net (fo=7, routed)           0.581    -0.596    student_top_inst/bridge_inst/seg_driver/seg2[6]_INST_0_i_2_n_0
    SLICE_X51Y133        LUT6 (Prop_lut6_I1_O)        0.134    -0.462 r  student_top_inst/bridge_inst/seg_driver/seg2[5]_INST_0/O
                         net (fo=2, routed)           5.512     5.050    virtual_seg_OBUF[15]
    H12                  OBUF (Prop_obuf_I_O)         2.398     7.448 r  virtual_seg_OBUF[15]_inst/O
                         net (fo=0)                   0.000     7.448    virtual_seg[15]
    H12                                                               r  virtual_seg[15] (OUT)
  -------------------------------------------------------------------    -------------------

Slack:                    inf
  Source:                 student_top_inst/bridge_inst/seg_wdata_reg[7]/C
                            (rising edge-triggered cell FDRE clocked by clk_out2_pll  {rise@0.000ns fall@2.000ns period=4.000ns})
  Destination:            virtual_seg[1]
                            (output port)
  Path Group:             (none)
  Path Type:              Max at Slow Process Corner
  Data Path Delay:        9.771ns  (logic 2.744ns (28.082%)  route 7.027ns (71.918%))
  Logic Levels:           3  (LUT3=1 LUT6=1 OBUF=1)
  Clock Uncertainty:      0.143ns  ((TSJ^2 + DJ^2)^1/2) / 2 + PE
    Total System Jitter     (TSJ):    0.050ns
    Discrete Jitter          (DJ):    0.094ns
    Phase Error              (PE):    0.090ns

    Location             Delay type                Incr(ns)  Path(ns)    Netlist Resource(s)
  -------------------------------------------------------------------    -------------------
                         (clock clk_out2_pll rise edge)
                                                      0.000     0.000 r  
    AD12                                              0.000     0.000 r  i_sys_clk_p (IN)
                         net (fo=0)                   0.000     0.000    pll_inst/inst/clk_in1_p
    AD12                 IBUFDS (Prop_ibufds_I_O)     0.906     0.906 r  pll_inst/inst/clkin1_ibufgds/O
                         net (fo=1, routed)           1.098     2.004    pll_inst/inst/clk_in1_pll
    PLLE2_ADV_X1Y1       PLLE2_ADV (Prop_plle2_adv_CLKIN1_CLKOUT1)
                                                     -8.058    -6.054 r  pll_inst/inst/plle2_adv_inst/CLKOUT1
                         net (fo=1, routed)           2.128    -3.926    pll_inst/inst/clk_out2_pll
    BUFGCTRL_X0Y0        BUFG (Prop_bufg_I_O)         0.093    -3.833 r  pll_inst/inst/clkout2_buf/O
                         net (fo=2458, routed)        1.389    -2.444    student_top_inst/bridge_inst/CLK
    SLICE_X69Y137        FDRE                                         r  student_top_inst/bridge_inst/seg_wdata_reg[7]/C
  -------------------------------------------------------------------    -------------------
    SLICE_X69Y137        FDRE (Prop_fdre_C_Q)         0.204    -2.240 r  student_top_inst/bridge_inst/seg_wdata_reg[7]/Q
                         net (fo=2, routed)           1.015    -1.226    student_top_inst/bridge_inst/seg_driver/s[7]
    SLICE_X54Y126        LUT3 (Prop_lut3_I2_O)        0.124    -1.102 r  student_top_inst/bridge_inst/seg_driver/seg1[6]_INST_0_i_1/O
                         net (fo=7, routed)           0.561    -0.540    student_top_inst/bridge_inst/seg_driver/sel0[3]
    SLICE_X52Y128        LUT6 (Prop_lut6_I0_O)        0.043    -0.497 r  student_top_inst/bridge_inst/seg_driver/seg1[1]_INST_0/O
                         net (fo=2, routed)           5.451     4.954    virtual_seg_OBUF[1]
    L15                  OBUF (Prop_obuf_I_O)         2.373     7.327 r  virtual_seg_OBUF[1]_inst/O
                         net (fo=0)                   0.000     7.327    virtual_seg[1]
    L15                                                               r  virtual_seg[1] (OUT)
  -------------------------------------------------------------------    -------------------

Slack:                    inf
  Source:                 student_top_inst/bridge_inst/seg_driver/count_reg[4]/C
                            (rising edge-triggered cell FDCE clocked by clk_out2_pll  {rise@0.000ns fall@2.000ns period=4.000ns})
  Destination:            virtual_seg[14]
                            (output port)
  Path Group:             (none)
  Path Type:              Max at Slow Process Corner
  Data Path Delay:        9.782ns  (logic 2.776ns (28.383%)  route 7.005ns (71.617%))
  Logic Levels:           3  (LUT3=1 LUT6=1 OBUF=1)
  Clock Uncertainty:      0.143ns  ((TSJ^2 + DJ^2)^1/2) / 2 + PE
    Total System Jitter     (TSJ):    0.050ns
    Discrete Jitter          (DJ):    0.094ns
    Phase Error              (PE):    0.090ns

    Location             Delay type                Incr(ns)  Path(ns)    Netlist Resource(s)
  -------------------------------------------------------------------    -------------------
                         (clock clk_out2_pll rise edge)
                                                      0.000     0.000 r  
    AD12                                              0.000     0.000 r  i_sys_clk_p (IN)
                         net (fo=0)                   0.000     0.000    pll_inst/inst/clk_in1_p
    AD12                 IBUFDS (Prop_ibufds_I_O)     0.906     0.906 r  pll_inst/inst/clkin1_ibufgds/O
                         net (fo=1, routed)           1.098     2.004    pll_inst/inst/clk_in1_pll
    PLLE2_ADV_X1Y1       PLLE2_ADV (Prop_plle2_adv_CLKIN1_CLKOUT1)
                                                     -8.058    -6.054 r  pll_inst/inst/plle2_adv_inst/CLKOUT1
                         net (fo=1, routed)           2.128    -3.926    pll_inst/inst/clk_out2_pll
    BUFGCTRL_X0Y0        BUFG (Prop_bufg_I_O)         0.093    -3.833 r  pll_inst/inst/clkout2_buf/O
                         net (fo=2458, routed)        1.376    -2.457    student_top_inst/bridge_inst/seg_driver/clk
    SLICE_X51Y126        FDCE                                         r  student_top_inst/bridge_inst/seg_driver/count_reg[4]/C
  -------------------------------------------------------------------    -------------------
    SLICE_X51Y126        FDCE (Prop_fdce_C_Q)         0.204    -2.253 r  student_top_inst/bridge_inst/seg_driver/count_reg[4]/Q
                         net (fo=50, routed)          0.949    -1.304    student_top_inst/bridge_inst/seg_driver/ans[0]
    SLICE_X56Y132        LUT3 (Prop_lut3_I1_O)        0.123    -1.181 r  student_top_inst/bridge_inst/seg_driver/seg2[6]_INST_0_i_1/O
                         net (fo=7, routed)           0.538    -0.644    student_top_inst/bridge_inst/seg_driver/seg2[6]_INST_0_i_1_n_0
    SLICE_X51Y133        LUT6 (Prop_lut6_I0_O)        0.043    -0.601 r  student_top_inst/bridge_inst/seg_driver/seg2[4]_INST_0/O
                         net (fo=2, routed)           5.519     4.918    virtual_seg_OBUF[14]
    J11                  OBUF (Prop_obuf_I_O)         2.406     7.324 r  virtual_seg_OBUF[14]_inst/O
                         net (fo=0)                   0.000     7.324    virtual_seg[14]
    J11                                                               r  virtual_seg[14] (OUT)
  -------------------------------------------------------------------    -------------------

Slack:                    inf
  Source:                 student_top_inst/bridge_inst/seg_wdata_reg[7]/C
                            (rising edge-triggered cell FDRE clocked by clk_out2_pll  {rise@0.000ns fall@2.000ns period=4.000ns})
  Destination:            virtual_seg[2]
                            (output port)
  Path Group:             (none)
  Path Type:              Max at Slow Process Corner
  Data Path Delay:        9.754ns  (logic 2.752ns (28.216%)  route 7.002ns (71.784%))
  Logic Levels:           3  (LUT3=1 LUT6=1 OBUF=1)
  Clock Uncertainty:      0.143ns  ((TSJ^2 + DJ^2)^1/2) / 2 + PE
    Total System Jitter     (TSJ):    0.050ns
    Discrete Jitter          (DJ):    0.094ns
    Phase Error              (PE):    0.090ns

    Location             Delay type                Incr(ns)  Path(ns)    Netlist Resource(s)
  -------------------------------------------------------------------    -------------------
                         (clock clk_out2_pll rise edge)
                                                      0.000     0.000 r  
    AD12                                              0.000     0.000 r  i_sys_clk_p (IN)
                         net (fo=0)                   0.000     0.000    pll_inst/inst/clk_in1_p
    AD12                 IBUFDS (Prop_ibufds_I_O)     0.906     0.906 r  pll_inst/inst/clkin1_ibufgds/O
                         net (fo=1, routed)           1.098     2.004    pll_inst/inst/clk_in1_pll
    PLLE2_ADV_X1Y1       PLLE2_ADV (Prop_plle2_adv_CLKIN1_CLKOUT1)
                                                     -8.058    -6.054 r  pll_inst/inst/plle2_adv_inst/CLKOUT1
                         net (fo=1, routed)           2.128    -3.926    pll_inst/inst/clk_out2_pll
    BUFGCTRL_X0Y0        BUFG (Prop_bufg_I_O)         0.093    -3.833 r  pll_inst/inst/clkout2_buf/O
                         net (fo=2458, routed)        1.389    -2.444    student_top_inst/bridge_inst/CLK
    SLICE_X69Y137        FDRE                                         r  student_top_inst/bridge_inst/seg_wdata_reg[7]/C
  -------------------------------------------------------------------    -------------------
    SLICE_X69Y137        FDRE (Prop_fdre_C_Q)         0.204    -2.240 r  student_top_inst/bridge_inst/seg_wdata_reg[7]/Q
                         net (fo=2, routed)           1.015    -1.226    student_top_inst/bridge_inst/seg_driver/s[7]
    SLICE_X54Y126        LUT3 (Prop_lut3_I2_O)        0.124    -1.102 r  student_top_inst/bridge_inst/seg_driver/seg1[6]_INST_0_i_1/O
                         net (fo=7, routed)           0.557    -0.545    student_top_inst/bridge_inst/seg_driver/sel0[3]
    SLICE_X51Y128        LUT6 (Prop_lut6_I0_O)        0.043    -0.502 r  student_top_inst/bridge_inst/seg_driver/seg1[2]_INST_0/O
                         net (fo=2, routed)           5.430     4.928    virtual_seg_OBUF[2]
    H16                  OBUF (Prop_obuf_I_O)         2.381     7.310 r  virtual_seg_OBUF[2]_inst/O
                         net (fo=0)                   0.000     7.310    virtual_seg[2]
    H16                                                               r  virtual_seg[2] (OUT)
  -------------------------------------------------------------------    -------------------

Slack:                    inf
  Source:                 student_top_inst/bridge_inst/seg_wdata_reg[7]/C
                            (rising edge-triggered cell FDRE clocked by clk_out2_pll  {rise@0.000ns fall@2.000ns period=4.000ns})
  Destination:            virtual_seg[0]
                            (output port)
  Path Group:             (none)
  Path Type:              Max at Slow Process Corner
  Data Path Delay:        9.527ns  (logic 2.746ns (28.827%)  route 6.781ns (71.173%))
  Logic Levels:           3  (LUT3=1 LUT6=1 OBUF=1)
  Clock Uncertainty:      0.143ns  ((TSJ^2 + DJ^2)^1/2) / 2 + PE
    Total System Jitter     (TSJ):    0.050ns
    Discrete Jitter          (DJ):    0.094ns
    Phase Error              (PE):    0.090ns

    Location             Delay type                Incr(ns)  Path(ns)    Netlist Resource(s)
  -------------------------------------------------------------------    -------------------
                         (clock clk_out2_pll rise edge)
                                                      0.000     0.000 r  
    AD12                                              0.000     0.000 r  i_sys_clk_p (IN)
                         net (fo=0)                   0.000     0.000    pll_inst/inst/clk_in1_p
    AD12                 IBUFDS (Prop_ibufds_I_O)     0.906     0.906 r  pll_inst/inst/clkin1_ibufgds/O
                         net (fo=1, routed)           1.098     2.004    pll_inst/inst/clk_in1_pll
    PLLE2_ADV_X1Y1       PLLE2_ADV (Prop_plle2_adv_CLKIN1_CLKOUT1)
                                                     -8.058    -6.054 r  pll_inst/inst/plle2_adv_inst/CLKOUT1
                         net (fo=1, routed)           2.128    -3.926    pll_inst/inst/clk_out2_pll
    BUFGCTRL_X0Y0        BUFG (Prop_bufg_I_O)         0.093    -3.833 r  pll_inst/inst/clkout2_buf/O
                         net (fo=2458, routed)        1.389    -2.444    student_top_inst/bridge_inst/CLK
    SLICE_X69Y137        FDRE                                         r  student_top_inst/bridge_inst/seg_wdata_reg[7]/C
  -------------------------------------------------------------------    -------------------
    SLICE_X69Y137        FDRE (Prop_fdre_C_Q)         0.204    -2.240 r  student_top_inst/bridge_inst/seg_wdata_reg[7]/Q
                         net (fo=2, routed)           1.015    -1.226    student_top_inst/bridge_inst/seg_driver/s[7]
    SLICE_X54Y126        LUT3 (Prop_lut3_I2_O)        0.124    -1.102 r  student_top_inst/bridge_inst/seg_driver/seg1[6]_INST_0_i_1/O
                         net (fo=7, routed)           0.563    -0.538    student_top_inst/bridge_inst/seg_driver/sel0[3]
    SLICE_X52Y128        LUT6 (Prop_lut6_I0_O)        0.043    -0.495 r  student_top_inst/bridge_inst/seg_driver/seg1[0]_INST_0/O
                         net (fo=2, routed)           5.203     4.707    virtual_seg_OBUF[0]
    K14                  OBUF (Prop_obuf_I_O)         2.375     7.083 r  virtual_seg_OBUF[0]_inst/O
                         net (fo=0)                   0.000     7.083    virtual_seg[0]
    K14                                                               r  virtual_seg[0] (OUT)
  -------------------------------------------------------------------    -------------------

Slack:                    inf
  Source:                 student_top_inst/bridge_inst/seg_driver/count_reg[4]/C
                            (rising edge-triggered cell FDCE clocked by clk_out2_pll  {rise@0.000ns fall@2.000ns period=4.000ns})
  Destination:            virtual_seg[9]
                            (output port)
  Path Group:             (none)
  Path Type:              Max at Slow Process Corner
  Data Path Delay:        9.490ns  (logic 2.853ns (30.058%)  route 6.638ns (69.942%))
  Logic Levels:           3  (LUT1=2 OBUF=1)
  Clock Uncertainty:      0.143ns  ((TSJ^2 + DJ^2)^1/2) / 2 + PE
    Total System Jitter     (TSJ):    0.050ns
    Discrete Jitter          (DJ):    0.094ns
    Phase Error              (PE):    0.090ns

    Location             Delay type                Incr(ns)  Path(ns)    Netlist Resource(s)
  -------------------------------------------------------------------    -------------------
                         (clock clk_out2_pll rise edge)
                                                      0.000     0.000 r  
    AD12                                              0.000     0.000 r  i_sys_clk_p (IN)
                         net (fo=0)                   0.000     0.000    pll_inst/inst/clk_in1_p
    AD12                 IBUFDS (Prop_ibufds_I_O)     0.906     0.906 r  pll_inst/inst/clkin1_ibufgds/O
                         net (fo=1, routed)           1.098     2.004    pll_inst/inst/clk_in1_pll
    PLLE2_ADV_X1Y1       PLLE2_ADV (Prop_plle2_adv_CLKIN1_CLKOUT1)
                                                     -8.058    -6.054 r  pll_inst/inst/plle2_adv_inst/CLKOUT1
                         net (fo=1, routed)           2.128    -3.926    pll_inst/inst/clk_out2_pll
    BUFGCTRL_X0Y0        BUFG (Prop_bufg_I_O)         0.093    -3.833 r  pll_inst/inst/clkout2_buf/O
                         net (fo=2458, routed)        1.376    -2.457    student_top_inst/bridge_inst/seg_driver/clk
    SLICE_X51Y126        FDCE                                         r  student_top_inst/bridge_inst/seg_driver/count_reg[4]/C
  -------------------------------------------------------------------    -------------------
    SLICE_X51Y126        FDCE (Prop_fdce_C_Q)         0.204    -2.253 f  student_top_inst/bridge_inst/seg_driver/count_reg[4]/Q
                         net (fo=50, routed)          0.601    -1.652    student_top_inst/bridge_inst/seg_driver/ans[0]
    SLICE_X48Y126        LUT1 (Prop_lut1_I0_O)        0.131    -1.521 f  student_top_inst/bridge_inst/seg_driver/ans[0]_hold_fix/O
                         net (fo=5, routed)           0.494    -1.028    student_top_inst/bridge_inst/seg_driver/ans[0]_hold_fix_1
    SLICE_X51Y126        LUT1 (Prop_lut1_I0_O)        0.136    -0.892 r  student_top_inst/bridge_inst/seg_driver/ans[1]_INST_0/O
                         net (fo=8, routed)           5.543     4.651    virtual_seg_OBUF[9]
    L16                  OBUF (Prop_obuf_I_O)         2.382     7.033 r  virtual_seg_OBUF[9]_inst/O
                         net (fo=0)                   0.000     7.033    virtual_seg[9]
    L16                                                               r  virtual_seg[9] (OUT)
  -------------------------------------------------------------------    -------------------

Slack:                    inf
  Source:                 student_top_inst/bridge_inst/seg_wdata_reg[7]/C
                            (rising edge-triggered cell FDRE clocked by clk_out2_pll  {rise@0.000ns fall@2.000ns period=4.000ns})
  Destination:            virtual_seg[6]
                            (output port)
  Path Group:             (none)
  Path Type:              Max at Slow Process Corner
  Data Path Delay:        9.449ns  (logic 2.762ns (29.227%)  route 6.687ns (70.773%))
  Logic Levels:           3  (LUT3=1 LUT6=1 OBUF=1)
  Clock Uncertainty:      0.143ns  ((TSJ^2 + DJ^2)^1/2) / 2 + PE
    Total System Jitter     (TSJ):    0.050ns
    Discrete Jitter          (DJ):    0.094ns
    Phase Error              (PE):    0.090ns

    Location             Delay type                Incr(ns)  Path(ns)    Netlist Resource(s)
  -------------------------------------------------------------------    -------------------
                         (clock clk_out2_pll rise edge)
                                                      0.000     0.000 r  
    AD12                                              0.000     0.000 r  i_sys_clk_p (IN)
                         net (fo=0)                   0.000     0.000    pll_inst/inst/clk_in1_p
    AD12                 IBUFDS (Prop_ibufds_I_O)     0.906     0.906 r  pll_inst/inst/clkin1_ibufgds/O
                         net (fo=1, routed)           1.098     2.004    pll_inst/inst/clk_in1_pll
    PLLE2_ADV_X1Y1       PLLE2_ADV (Prop_plle2_adv_CLKIN1_CLKOUT1)
                                                     -8.058    -6.054 r  pll_inst/inst/plle2_adv_inst/CLKOUT1
                         net (fo=1, routed)           2.128    -3.926    pll_inst/inst/clk_out2_pll
    BUFGCTRL_X0Y0        BUFG (Prop_bufg_I_O)         0.093    -3.833 r  pll_inst/inst/clkout2_buf/O
                         net (fo=2458, routed)        1.389    -2.444    student_top_inst/bridge_inst/CLK
    SLICE_X69Y137        FDRE                                         r  student_top_inst/bridge_inst/seg_wdata_reg[7]/C
  -------------------------------------------------------------------    -------------------
    SLICE_X69Y137        FDRE (Prop_fdre_C_Q)         0.204    -2.240 r  student_top_inst/bridge_inst/seg_wdata_reg[7]/Q
                         net (fo=2, routed)           1.015    -1.226    student_top_inst/bridge_inst/seg_driver/s[7]
    SLICE_X54Y126        LUT3 (Prop_lut3_I2_O)        0.124    -1.102 r  student_top_inst/bridge_inst/seg_driver/seg1[6]_INST_0_i_1/O
                         net (fo=7, routed)           0.747    -0.355    student_top_inst/bridge_inst/seg_driver/sel0[3]
    SLICE_X52Y127        LUT6 (Prop_lut6_I0_O)        0.043    -0.312 r  student_top_inst/bridge_inst/seg_driver/seg1[6]_INST_0/O
                         net (fo=2, routed)           4.926     4.614    virtual_seg_OBUF[6]
    L12                  OBUF (Prop_obuf_I_O)         2.391     7.005 r  virtual_seg_OBUF[6]_inst/O
                         net (fo=0)                   0.000     7.005    virtual_seg[6]
    L12                                                               r  virtual_seg[6] (OUT)
  -------------------------------------------------------------------    -------------------

Slack:                    inf
  Source:                 student_top_inst/bridge_inst/seg_wdata_reg[12]/C
                            (rising edge-triggered cell FDRE clocked by clk_out2_pll  {rise@0.000ns fall@2.000ns period=4.000ns})
  Destination:            virtual_seg[13]
                            (output port)
  Path Group:             (none)
  Path Type:              Max at Slow Process Corner
  Data Path Delay:        9.442ns  (logic 2.718ns (28.782%)  route 6.725ns (71.218%))
  Logic Levels:           3  (LUT3=1 LUT6=1 OBUF=1)
  Clock Uncertainty:      0.143ns  ((TSJ^2 + DJ^2)^1/2) / 2 + PE
    Total System Jitter     (TSJ):    0.050ns
    Discrete Jitter          (DJ):    0.094ns
    Phase Error              (PE):    0.090ns

    Location             Delay type                Incr(ns)  Path(ns)    Netlist Resource(s)
  -------------------------------------------------------------------    -------------------
                         (clock clk_out2_pll rise edge)
                                                      0.000     0.000 r  
    AD12                                              0.000     0.000 r  i_sys_clk_p (IN)
                         net (fo=0)                   0.000     0.000    pll_inst/inst/clk_in1_p
    AD12                 IBUFDS (Prop_ibufds_I_O)     0.906     0.906 r  pll_inst/inst/clkin1_ibufgds/O
                         net (fo=1, routed)           1.098     2.004    pll_inst/inst/clk_in1_pll
    PLLE2_ADV_X1Y1       PLLE2_ADV (Prop_plle2_adv_CLKIN1_CLKOUT1)
                                                     -8.058    -6.054 r  pll_inst/inst/plle2_adv_inst/CLKOUT1
                         net (fo=1, routed)           2.128    -3.926    pll_inst/inst/clk_out2_pll
    BUFGCTRL_X0Y0        BUFG (Prop_bufg_I_O)         0.093    -3.833 r  pll_inst/inst/clkout2_buf/O
                         net (fo=2458, routed)        1.388    -2.445    student_top_inst/bridge_inst/CLK
    SLICE_X69Y136        FDRE                                         r  student_top_inst/bridge_inst/seg_wdata_reg[12]/C
  -------------------------------------------------------------------    -------------------
    SLICE_X69Y136        FDRE (Prop_fdre_C_Q)         0.223    -2.222 r  student_top_inst/bridge_inst/seg_wdata_reg[12]/Q
                         net (fo=3, routed)           0.933    -1.289    student_top_inst/bridge_inst/seg_driver/s[12]
    SLICE_X52Y133        LUT3 (Prop_lut3_I2_O)        0.043    -1.246 r  student_top_inst/bridge_inst/seg_driver/seg2[5]_INST_0_i_1/O
                         net (fo=6, routed)           0.556    -0.690    student_top_inst/bridge_inst/seg_driver/seg2[5]_INST_0_i_1_n_0
    SLICE_X51Y132        LUT6 (Prop_lut6_I5_O)        0.043    -0.647 r  student_top_inst/bridge_inst/seg_driver/seg2[3]_INST_0/O
                         net (fo=2, routed)           5.235     4.588    virtual_seg_OBUF[13]
    L11                  OBUF (Prop_obuf_I_O)         2.409     6.997 r  virtual_seg_OBUF[13]_inst/O
                         net (fo=0)                   0.000     6.997    virtual_seg[13]
    L11                                                               r  virtual_seg[13] (OUT)
  -------------------------------------------------------------------    -------------------

Slack:                    inf
  Source:                 student_top_inst/bridge_inst/seg_driver/count_reg[4]/C
                            (rising edge-triggered cell FDCE clocked by clk_out2_pll  {rise@0.000ns fall@2.000ns period=4.000ns})
  Destination:            virtual_seg[16]
                            (output port)
  Path Group:             (none)
  Path Type:              Max at Slow Process Corner
  Data Path Delay:        9.350ns  (logic 2.760ns (29.514%)  route 6.591ns (70.486%))
  Logic Levels:           3  (LUT3=1 LUT6=1 OBUF=1)
  Clock Uncertainty:      0.143ns  ((TSJ^2 + DJ^2)^1/2) / 2 + PE
    Total System Jitter     (TSJ):    0.050ns
    Discrete Jitter          (DJ):    0.094ns
    Phase Error              (PE):    0.090ns

    Location             Delay type                Incr(ns)  Path(ns)    Netlist Resource(s)
  -------------------------------------------------------------------    -------------------
                         (clock clk_out2_pll rise edge)
                                                      0.000     0.000 r  
    AD12                                              0.000     0.000 r  i_sys_clk_p (IN)
                         net (fo=0)                   0.000     0.000    pll_inst/inst/clk_in1_p
    AD12                 IBUFDS (Prop_ibufds_I_O)     0.906     0.906 r  pll_inst/inst/clkin1_ibufgds/O
                         net (fo=1, routed)           1.098     2.004    pll_inst/inst/clk_in1_pll
    PLLE2_ADV_X1Y1       PLLE2_ADV (Prop_plle2_adv_CLKIN1_CLKOUT1)
                                                     -8.058    -6.054 r  pll_inst/inst/plle2_adv_inst/CLKOUT1
                         net (fo=1, routed)           2.128    -3.926    pll_inst/inst/clk_out2_pll
    BUFGCTRL_X0Y0        BUFG (Prop_bufg_I_O)         0.093    -3.833 r  pll_inst/inst/clkout2_buf/O
                         net (fo=2458, routed)        1.376    -2.457    student_top_inst/bridge_inst/seg_driver/clk
    SLICE_X51Y126        FDCE                                         r  student_top_inst/bridge_inst/seg_driver/count_reg[4]/C
  -------------------------------------------------------------------    -------------------
    SLICE_X51Y126        FDCE (Prop_fdce_C_Q)         0.204    -2.253 r  student_top_inst/bridge_inst/seg_driver/count_reg[4]/Q
                         net (fo=50, routed)          0.949    -1.304    student_top_inst/bridge_inst/seg_driver/ans[0]
    SLICE_X56Y132        LUT3 (Prop_lut3_I1_O)        0.123    -1.181 r  student_top_inst/bridge_inst/seg_driver/seg2[6]_INST_0_i_1/O
                         net (fo=7, routed)           0.720    -0.461    student_top_inst/bridge_inst/seg_driver/seg2[6]_INST_0_i_1_n_0
    SLICE_X52Y133        LUT6 (Prop_lut6_I0_O)        0.043    -0.418 r  student_top_inst/bridge_inst/seg_driver/seg2[6]_INST_0/O
                         net (fo=2, routed)           4.921     4.503    virtual_seg_OBUF[16]
    F13                  OBUF (Prop_obuf_I_O)         2.390     6.893 r  virtual_seg_OBUF[16]_inst/O
                         net (fo=0)                   0.000     6.893    virtual_seg[16]
    F13                                                               r  virtual_seg[16] (OUT)
  -------------------------------------------------------------------    -------------------





Min Delay Paths
--------------------------------------------------------------------------------------
Slack:                    inf
  Source:                 student_top_inst/u_RISCV_CORE/INST_MEM_UNIT/mem_wr_buffer_inst/wr_data_buffer_reg[10]/C
                            (rising edge-triggered cell FDRE clocked by clk_out2_pll  {rise@0.000ns fall@2.000ns period=4.000ns})
  Destination:            student_top_inst/bridge_inst/counter_inst/start_reg/PRE
  Path Group:             (none)
  Path Type:              Min at Slow Process Corner
  Data Path Delay:        1.408ns  (logic 0.250ns (17.750%)  route 1.158ns (82.250%))
  Logic Levels:           2  (LUT4=1 LUT6=1)
  Clock Uncertainty:      0.143ns  ((TSJ^2 + DJ^2)^1/2) / 2 + PE
    Total System Jitter     (TSJ):    0.050ns
    Discrete Jitter          (DJ):    0.094ns
    Phase Error              (PE):    0.090ns

    Location             Delay type                Incr(ns)  Path(ns)    Netlist Resource(s)
  -------------------------------------------------------------------    -------------------
                         (clock clk_out2_pll rise edge)
                                                      0.000     0.000 r  
    AD12                                              0.000     0.000 r  i_sys_clk_p (IN)
                         net (fo=0)                   0.000     0.000    pll_inst/inst/clk_in1_p
    AD12                 IBUFDS (Prop_ibufds_I_O)     0.803     0.803 r  pll_inst/inst/clkin1_ibufgds/O
                         net (fo=1, routed)           1.001     1.804    pll_inst/inst/clk_in1_pll
    PLLE2_ADV_X1Y1       PLLE2_ADV (Prop_plle2_adv_CLKIN1_CLKOUT1)
                                                     -7.261    -5.457 r  pll_inst/inst/plle2_adv_inst/CLKOUT1
                         net (fo=1, routed)           2.003    -3.454    pll_inst/inst/clk_out2_pll
    BUFGCTRL_X0Y0        BUFG (Prop_bufg_I_O)         0.083    -3.371 r  pll_inst/inst/clkout2_buf/O
                         net (fo=2458, routed)        1.258    -2.113    student_top_inst/u_RISCV_CORE/INST_MEM_UNIT/mem_wr_buffer_inst/clk
    SLICE_X53Y136        FDRE                                         r  student_top_inst/u_RISCV_CORE/INST_MEM_UNIT/mem_wr_buffer_inst/wr_data_buffer_reg[10]/C
  -------------------------------------------------------------------    -------------------
    SLICE_X53Y136        FDRE (Prop_fdre_C_Q)         0.178    -1.935 r  student_top_inst/u_RISCV_CORE/INST_MEM_UNIT/mem_wr_buffer_inst/wr_data_buffer_reg[10]/Q
                         net (fo=11, routed)          0.314    -1.620    student_top_inst/bridge_inst/counter_inst/D[10]
    SLICE_X54Y137        LUT6 (Prop_lut6_I2_O)        0.036    -1.584 r  student_top_inst/bridge_inst/counter_inst/start_reg_i_6/O
                         net (fo=1, routed)           0.442    -1.143    student_top_inst/bridge_inst/counter_inst/start_reg_i_6_n_0
    SLICE_X59Y136        LUT4 (Prop_lut4_I0_O)        0.036    -1.107 f  student_top_inst/bridge_inst/counter_inst/start_reg_i_2/O
                         net (fo=1, routed)           0.403    -0.704    student_top_inst/bridge_inst/counter_inst/start_reg_i_2_n_0
    SLICE_X59Y136        LDPE                                         f  student_top_inst/bridge_inst/counter_inst/start_reg/PRE
  -------------------------------------------------------------------    -------------------

Slack:                    inf
  Source:                 student_top_inst/bridge_inst/LED_reg[23]_lopt_replica/C
                            (rising edge-triggered cell FDRE clocked by clk_out2_pll  {rise@0.000ns fall@2.000ns period=4.000ns})
  Destination:            virtual_led[23]
                            (output port)
  Path Group:             (none)
  Path Type:              Min at Fast Process Corner
  Data Path Delay:        2.893ns  (logic 1.453ns (50.239%)  route 1.439ns (49.761%))
  Logic Levels:           1  (OBUF=1)
  Clock Uncertainty:      0.143ns  ((TSJ^2 + DJ^2)^1/2) / 2 + PE
    Total System Jitter     (TSJ):    0.050ns
    Discrete Jitter          (DJ):    0.094ns
    Phase Error              (PE):    0.090ns

    Location             Delay type                Incr(ns)  Path(ns)    Netlist Resource(s)
  -------------------------------------------------------------------    -------------------
                         (clock clk_out2_pll rise edge)
                                                      0.000     0.000 r  
    AD12                                              0.000     0.000 r  i_sys_clk_p (IN)
                         net (fo=0)                   0.000     0.000    pll_inst/inst/clk_in1_p
    AD12                 IBUFDS (Prop_ibufds_I_O)     0.388     0.388 r  pll_inst/inst/clkin1_ibufgds/O
                         net (fo=1, routed)           0.503     0.891    pll_inst/inst/clk_in1_pll
    PLLE2_ADV_X1Y1       PLLE2_ADV (Prop_plle2_adv_CLKIN1_CLKOUT1)
                                                     -2.908    -2.017 r  pll_inst/inst/plle2_adv_inst/CLKOUT1
                         net (fo=1, routed)           0.958    -1.059    pll_inst/inst/clk_out2_pll
    BUFGCTRL_X0Y0        BUFG (Prop_bufg_I_O)         0.026    -1.033 r  pll_inst/inst/clkout2_buf/O
                         net (fo=2458, routed)        0.544    -0.489    student_top_inst/bridge_inst/CLK
    SLICE_X51Y156        FDRE                                         r  student_top_inst/bridge_inst/LED_reg[23]_lopt_replica/C
  -------------------------------------------------------------------    -------------------
    SLICE_X51Y156        FDRE (Prop_fdre_C_Q)         0.100    -0.389 r  student_top_inst/bridge_inst/LED_reg[23]_lopt_replica/Q
                         net (fo=1, routed)           1.439     1.051    lopt_15
    E30                  OBUF (Prop_obuf_I_O)         1.353     2.404 r  virtual_led_OBUF[23]_inst/O
                         net (fo=0)                   0.000     2.404    virtual_led[23]
    E30                                                               r  virtual_led[23] (OUT)
  -------------------------------------------------------------------    -------------------

Slack:                    inf
  Source:                 student_top_inst/bridge_inst/LED_reg[8]_lopt_replica/C
                            (rising edge-triggered cell FDRE clocked by clk_out2_pll  {rise@0.000ns fall@2.000ns period=4.000ns})
  Destination:            virtual_led[8]
                            (output port)
  Path Group:             (none)
  Path Type:              Min at Fast Process Corner
  Data Path Delay:        2.900ns  (logic 1.426ns (49.178%)  route 1.474ns (50.822%))
  Logic Levels:           1  (OBUF=1)
  Clock Uncertainty:      0.143ns  ((TSJ^2 + DJ^2)^1/2) / 2 + PE
    Total System Jitter     (TSJ):    0.050ns
    Discrete Jitter          (DJ):    0.094ns
    Phase Error              (PE):    0.090ns

    Location             Delay type                Incr(ns)  Path(ns)    Netlist Resource(s)
  -------------------------------------------------------------------    -------------------
                         (clock clk_out2_pll rise edge)
                                                      0.000     0.000 r  
    AD12                                              0.000     0.000 r  i_sys_clk_p (IN)
                         net (fo=0)                   0.000     0.000    pll_inst/inst/clk_in1_p
    AD12                 IBUFDS (Prop_ibufds_I_O)     0.388     0.388 r  pll_inst/inst/clkin1_ibufgds/O
                         net (fo=1, routed)           0.503     0.891    pll_inst/inst/clk_in1_pll
    PLLE2_ADV_X1Y1       PLLE2_ADV (Prop_plle2_adv_CLKIN1_CLKOUT1)
                                                     -2.908    -2.017 r  pll_inst/inst/plle2_adv_inst/CLKOUT1
                         net (fo=1, routed)           0.958    -1.059    pll_inst/inst/clk_out2_pll
    BUFGCTRL_X0Y0        BUFG (Prop_bufg_I_O)         0.026    -1.033 r  pll_inst/inst/clkout2_buf/O
                         net (fo=2458, routed)        0.543    -0.490    student_top_inst/bridge_inst/CLK
    SLICE_X53Y157        FDRE                                         r  student_top_inst/bridge_inst/LED_reg[8]_lopt_replica/C
  -------------------------------------------------------------------    -------------------
    SLICE_X53Y157        FDRE (Prop_fdre_C_Q)         0.091    -0.399 r  student_top_inst/bridge_inst/LED_reg[8]_lopt_replica/Q
                         net (fo=1, routed)           1.474     1.075    lopt_30
    G23                  OBUF (Prop_obuf_I_O)         1.335     2.410 r  virtual_led_OBUF[8]_inst/O
                         net (fo=0)                   0.000     2.410    virtual_led[8]
    G23                                                               r  virtual_led[8] (OUT)
  -------------------------------------------------------------------    -------------------

Slack:                    inf
  Source:                 student_top_inst/bridge_inst/LED_reg[6]_lopt_replica/C
                            (rising edge-triggered cell FDRE clocked by clk_out2_pll  {rise@0.000ns fall@2.000ns period=4.000ns})
  Destination:            virtual_led[6]
                            (output port)
  Path Group:             (none)
  Path Type:              Min at Fast Process Corner
  Data Path Delay:        2.919ns  (logic 1.449ns (49.635%)  route 1.470ns (50.365%))
  Logic Levels:           1  (OBUF=1)
  Clock Uncertainty:      0.143ns  ((TSJ^2 + DJ^2)^1/2) / 2 + PE
    Total System Jitter     (TSJ):    0.050ns
    Discrete Jitter          (DJ):    0.094ns
    Phase Error              (PE):    0.090ns

    Location             Delay type                Incr(ns)  Path(ns)    Netlist Resource(s)
  -------------------------------------------------------------------    -------------------
                         (clock clk_out2_pll rise edge)
                                                      0.000     0.000 r  
    AD12                                              0.000     0.000 r  i_sys_clk_p (IN)
                         net (fo=0)                   0.000     0.000    pll_inst/inst/clk_in1_p
    AD12                 IBUFDS (Prop_ibufds_I_O)     0.388     0.388 r  pll_inst/inst/clkin1_ibufgds/O
                         net (fo=1, routed)           0.503     0.891    pll_inst/inst/clk_in1_pll
    PLLE2_ADV_X1Y1       PLLE2_ADV (Prop_plle2_adv_CLKIN1_CLKOUT1)
                                                     -2.908    -2.017 r  pll_inst/inst/plle2_adv_inst/CLKOUT1
                         net (fo=1, routed)           0.958    -1.059    pll_inst/inst/clk_out2_pll
    BUFGCTRL_X0Y0        BUFG (Prop_bufg_I_O)         0.026    -1.033 r  pll_inst/inst/clkout2_buf/O
                         net (fo=2458, routed)        0.544    -0.489    student_top_inst/bridge_inst/CLK
    SLICE_X51Y156        FDRE                                         r  student_top_inst/bridge_inst/LED_reg[6]_lopt_replica/C
  -------------------------------------------------------------------    -------------------
    SLICE_X51Y156        FDRE (Prop_fdre_C_Q)         0.100    -0.389 r  student_top_inst/bridge_inst/LED_reg[6]_lopt_replica/Q
                         net (fo=1, routed)           1.470     1.082    lopt_28
    G25                  OBUF (Prop_obuf_I_O)         1.349     2.430 r  virtual_led_OBUF[6]_inst/O
                         net (fo=0)                   0.000     2.430    virtual_led[6]
    G25                                                               r  virtual_led[6] (OUT)
  -------------------------------------------------------------------    -------------------

Slack:                    inf
  Source:                 student_top_inst/bridge_inst/LED_reg[15]_lopt_replica/C
                            (rising edge-triggered cell FDRE clocked by clk_out2_pll  {rise@0.000ns fall@2.000ns period=4.000ns})
  Destination:            virtual_led[15]
                            (output port)
  Path Group:             (none)
  Path Type:              Min at Fast Process Corner
  Data Path Delay:        2.923ns  (logic 1.459ns (49.904%)  route 1.464ns (50.096%))
  Logic Levels:           1  (OBUF=1)
  Clock Uncertainty:      0.143ns  ((TSJ^2 + DJ^2)^1/2) / 2 + PE
    Total System Jitter     (TSJ):    0.050ns
    Discrete Jitter          (DJ):    0.094ns
    Phase Error              (PE):    0.090ns

    Location             Delay type                Incr(ns)  Path(ns)    Netlist Resource(s)
  -------------------------------------------------------------------    -------------------
                         (clock clk_out2_pll rise edge)
                                                      0.000     0.000 r  
    AD12                                              0.000     0.000 r  i_sys_clk_p (IN)
                         net (fo=0)                   0.000     0.000    pll_inst/inst/clk_in1_p
    AD12                 IBUFDS (Prop_ibufds_I_O)     0.388     0.388 r  pll_inst/inst/clkin1_ibufgds/O
                         net (fo=1, routed)           0.503     0.891    pll_inst/inst/clk_in1_pll
    PLLE2_ADV_X1Y1       PLLE2_ADV (Prop_plle2_adv_CLKIN1_CLKOUT1)
                                                     -2.908    -2.017 r  pll_inst/inst/plle2_adv_inst/CLKOUT1
                         net (fo=1, routed)           0.958    -1.059    pll_inst/inst/clk_out2_pll
    BUFGCTRL_X0Y0        BUFG (Prop_bufg_I_O)         0.026    -1.033 r  pll_inst/inst/clkout2_buf/O
                         net (fo=2458, routed)        0.544    -0.489    student_top_inst/bridge_inst/CLK
    SLICE_X50Y156        FDRE                                         r  student_top_inst/bridge_inst/LED_reg[15]_lopt_replica/C
  -------------------------------------------------------------------    -------------------
    SLICE_X50Y156        FDRE (Prop_fdre_C_Q)         0.118    -0.371 r  student_top_inst/bridge_inst/LED_reg[15]_lopt_replica/Q
                         net (fo=1, routed)           1.464     1.094    lopt_6
    G28                  OBUF (Prop_obuf_I_O)         1.341     2.434 r  virtual_led_OBUF[15]_inst/O
                         net (fo=0)                   0.000     2.434    virtual_led[15]
    G28                                                               r  virtual_led[15] (OUT)
  -------------------------------------------------------------------    -------------------

Slack:                    inf
  Source:                 student_top_inst/bridge_inst/LED_reg[22]_lopt_replica/C
                            (rising edge-triggered cell FDRE clocked by clk_out2_pll  {rise@0.000ns fall@2.000ns period=4.000ns})
  Destination:            virtual_led[22]
                            (output port)
  Path Group:             (none)
  Path Type:              Min at Fast Process Corner
  Data Path Delay:        2.996ns  (logic 1.466ns (48.951%)  route 1.529ns (51.049%))
  Logic Levels:           1  (OBUF=1)
  Clock Uncertainty:      0.143ns  ((TSJ^2 + DJ^2)^1/2) / 2 + PE
    Total System Jitter     (TSJ):    0.050ns
    Discrete Jitter          (DJ):    0.094ns
    Phase Error              (PE):    0.090ns

    Location             Delay type                Incr(ns)  Path(ns)    Netlist Resource(s)
  -------------------------------------------------------------------    -------------------
                         (clock clk_out2_pll rise edge)
                                                      0.000     0.000 r  
    AD12                                              0.000     0.000 r  i_sys_clk_p (IN)
                         net (fo=0)                   0.000     0.000    pll_inst/inst/clk_in1_p
    AD12                 IBUFDS (Prop_ibufds_I_O)     0.388     0.388 r  pll_inst/inst/clkin1_ibufgds/O
                         net (fo=1, routed)           0.503     0.891    pll_inst/inst/clk_in1_pll
    PLLE2_ADV_X1Y1       PLLE2_ADV (Prop_plle2_adv_CLKIN1_CLKOUT1)
                                                     -2.908    -2.017 r  pll_inst/inst/plle2_adv_inst/CLKOUT1
                         net (fo=1, routed)           0.958    -1.059    pll_inst/inst/clk_out2_pll
    BUFGCTRL_X0Y0        BUFG (Prop_bufg_I_O)         0.026    -1.033 r  pll_inst/inst/clkout2_buf/O
                         net (fo=2458, routed)        0.544    -0.489    student_top_inst/bridge_inst/CLK
    SLICE_X51Y156        FDRE                                         r  student_top_inst/bridge_inst/LED_reg[22]_lopt_replica/C
  -------------------------------------------------------------------    -------------------
    SLICE_X51Y156        FDRE (Prop_fdre_C_Q)         0.100    -0.389 r  student_top_inst/bridge_inst/LED_reg[22]_lopt_replica/Q
                         net (fo=1, routed)           1.529     1.141    lopt_14
    C30                  OBUF (Prop_obuf_I_O)         1.366     2.507 r  virtual_led_OBUF[22]_inst/O
                         net (fo=0)                   0.000     2.507    virtual_led[22]
    C30                                                               r  virtual_led[22] (OUT)
  -------------------------------------------------------------------    -------------------

Slack:                    inf
  Source:                 student_top_inst/bridge_inst/LED_reg[7]_lopt_replica/C
                            (rising edge-triggered cell FDRE clocked by clk_out2_pll  {rise@0.000ns fall@2.000ns period=4.000ns})
  Destination:            virtual_led[7]
                            (output port)
  Path Group:             (none)
  Path Type:              Min at Fast Process Corner
  Data Path Delay:        3.062ns  (logic 1.505ns (49.145%)  route 1.557ns (50.855%))
  Logic Levels:           1  (OBUF=1)
  Clock Uncertainty:      0.143ns  ((TSJ^2 + DJ^2)^1/2) / 2 + PE
    Total System Jitter     (TSJ):    0.050ns
    Discrete Jitter          (DJ):    0.094ns
    Phase Error              (PE):    0.090ns

    Location             Delay type                Incr(ns)  Path(ns)    Netlist Resource(s)
  -------------------------------------------------------------------    -------------------
                         (clock clk_out2_pll rise edge)
                                                      0.000     0.000 r  
    AD12                                              0.000     0.000 r  i_sys_clk_p (IN)
                         net (fo=0)                   0.000     0.000    pll_inst/inst/clk_in1_p
    AD12                 IBUFDS (Prop_ibufds_I_O)     0.388     0.388 r  pll_inst/inst/clkin1_ibufgds/O
                         net (fo=1, routed)           0.503     0.891    pll_inst/inst/clk_in1_pll
    PLLE2_ADV_X1Y1       PLLE2_ADV (Prop_plle2_adv_CLKIN1_CLKOUT1)
                                                     -2.908    -2.017 r  pll_inst/inst/plle2_adv_inst/CLKOUT1
                         net (fo=1, routed)           0.958    -1.059    pll_inst/inst/clk_out2_pll
    BUFGCTRL_X0Y0        BUFG (Prop_bufg_I_O)         0.026    -1.033 r  pll_inst/inst/clkout2_buf/O
                         net (fo=2458, routed)        0.544    -0.489    student_top_inst/bridge_inst/CLK
    SLICE_X52Y155        FDRE                                         r  student_top_inst/bridge_inst/LED_reg[7]_lopt_replica/C
  -------------------------------------------------------------------    -------------------
    SLICE_X52Y155        FDRE (Prop_fdre_C_Q)         0.107    -0.382 r  student_top_inst/bridge_inst/LED_reg[7]_lopt_replica/Q
                         net (fo=1, routed)           1.557     1.176    lopt_29
    E29                  OBUF (Prop_obuf_I_O)         1.398     2.573 r  virtual_led_OBUF[7]_inst/O
                         net (fo=0)                   0.000     2.573    virtual_led[7]
    E29                                                               r  virtual_led[7] (OUT)
  -------------------------------------------------------------------    -------------------

Slack:                    inf
  Source:                 student_top_inst/bridge_inst/LED_reg[11]_lopt_replica/C
                            (rising edge-triggered cell FDRE clocked by clk_out2_pll  {rise@0.000ns fall@2.000ns period=4.000ns})
  Destination:            virtual_led[11]
                            (output port)
  Path Group:             (none)
  Path Type:              Min at Fast Process Corner
  Data Path Delay:        3.070ns  (logic 1.471ns (47.928%)  route 1.599ns (52.072%))
  Logic Levels:           1  (OBUF=1)
  Clock Uncertainty:      0.143ns  ((TSJ^2 + DJ^2)^1/2) / 2 + PE
    Total System Jitter     (TSJ):    0.050ns
    Discrete Jitter          (DJ):    0.094ns
    Phase Error              (PE):    0.090ns

    Location             Delay type                Incr(ns)  Path(ns)    Netlist Resource(s)
  -------------------------------------------------------------------    -------------------
                         (clock clk_out2_pll rise edge)
                                                      0.000     0.000 r  
    AD12                                              0.000     0.000 r  i_sys_clk_p (IN)
                         net (fo=0)                   0.000     0.000    pll_inst/inst/clk_in1_p
    AD12                 IBUFDS (Prop_ibufds_I_O)     0.388     0.388 r  pll_inst/inst/clkin1_ibufgds/O
                         net (fo=1, routed)           0.503     0.891    pll_inst/inst/clk_in1_pll
    PLLE2_ADV_X1Y1       PLLE2_ADV (Prop_plle2_adv_CLKIN1_CLKOUT1)
                                                     -2.908    -2.017 r  pll_inst/inst/plle2_adv_inst/CLKOUT1
                         net (fo=1, routed)           0.958    -1.059    pll_inst/inst/clk_out2_pll
    BUFGCTRL_X0Y0        BUFG (Prop_bufg_I_O)         0.026    -1.033 r  pll_inst/inst/clkout2_buf/O
                         net (fo=2458, routed)        0.544    -0.489    student_top_inst/bridge_inst/CLK
    SLICE_X52Y156        FDRE                                         r  student_top_inst/bridge_inst/LED_reg[11]_lopt_replica/C
  -------------------------------------------------------------------    -------------------
    SLICE_X52Y156        FDRE (Prop_fdre_C_Q)         0.118    -0.371 r  student_top_inst/bridge_inst/LED_reg[11]_lopt_replica/Q
                         net (fo=1, routed)           1.599     1.228    lopt_2
    C25                  OBUF (Prop_obuf_I_O)         1.353     2.582 r  virtual_led_OBUF[11]_inst/O
                         net (fo=0)                   0.000     2.582    virtual_led[11]
    C25                                                               r  virtual_led[11] (OUT)
  -------------------------------------------------------------------    -------------------

Slack:                    inf
  Source:                 student_top_inst/bridge_inst/LED_reg[14]_lopt_replica/C
                            (rising edge-triggered cell FDRE clocked by clk_out2_pll  {rise@0.000ns fall@2.000ns period=4.000ns})
  Destination:            virtual_led[14]
                            (output port)
  Path Group:             (none)
  Path Type:              Min at Fast Process Corner
  Data Path Delay:        3.100ns  (logic 1.470ns (47.419%)  route 1.630ns (52.581%))
  Logic Levels:           1  (OBUF=1)
  Clock Uncertainty:      0.143ns  ((TSJ^2 + DJ^2)^1/2) / 2 + PE
    Total System Jitter     (TSJ):    0.050ns
    Discrete Jitter          (DJ):    0.094ns
    Phase Error              (PE):    0.090ns

    Location             Delay type                Incr(ns)  Path(ns)    Netlist Resource(s)
  -------------------------------------------------------------------    -------------------
                         (clock clk_out2_pll rise edge)
                                                      0.000     0.000 r  
    AD12                                              0.000     0.000 r  i_sys_clk_p (IN)
                         net (fo=0)                   0.000     0.000    pll_inst/inst/clk_in1_p
    AD12                 IBUFDS (Prop_ibufds_I_O)     0.388     0.388 r  pll_inst/inst/clkin1_ibufgds/O
                         net (fo=1, routed)           0.503     0.891    pll_inst/inst/clk_in1_pll
    PLLE2_ADV_X1Y1       PLLE2_ADV (Prop_plle2_adv_CLKIN1_CLKOUT1)
                                                     -2.908    -2.017 r  pll_inst/inst/plle2_adv_inst/CLKOUT1
                         net (fo=1, routed)           0.958    -1.059    pll_inst/inst/clk_out2_pll
    BUFGCTRL_X0Y0        BUFG (Prop_bufg_I_O)         0.026    -1.033 r  pll_inst/inst/clkout2_buf/O
                         net (fo=2458, routed)        0.544    -0.489    student_top_inst/bridge_inst/CLK
    SLICE_X50Y156        FDRE                                         r  student_top_inst/bridge_inst/LED_reg[14]_lopt_replica/C
  -------------------------------------------------------------------    -------------------
    SLICE_X50Y156        FDRE (Prop_fdre_C_Q)         0.118    -0.371 r  student_top_inst/bridge_inst/LED_reg[14]_lopt_replica/Q
                         net (fo=1, routed)           1.630     1.260    lopt_5
    E28                  OBUF (Prop_obuf_I_O)         1.352     2.612 r  virtual_led_OBUF[14]_inst/O
                         net (fo=0)                   0.000     2.612    virtual_led[14]
    E28                                                               r  virtual_led[14] (OUT)
  -------------------------------------------------------------------    -------------------

Slack:                    inf
  Source:                 student_top_inst/bridge_inst/LED_reg[26]_lopt_replica/C
                            (rising edge-triggered cell FDRE clocked by clk_out2_pll  {rise@0.000ns fall@2.000ns period=4.000ns})
  Destination:            virtual_led[26]
                            (output port)
  Path Group:             (none)
  Path Type:              Min at Fast Process Corner
  Data Path Delay:        3.112ns  (logic 1.455ns (46.746%)  route 1.657ns (53.254%))
  Logic Levels:           1  (OBUF=1)
  Clock Uncertainty:      0.143ns  ((TSJ^2 + DJ^2)^1/2) / 2 + PE
    Total System Jitter     (TSJ):    0.050ns
    Discrete Jitter          (DJ):    0.094ns
    Phase Error              (PE):    0.090ns

    Location             Delay type                Incr(ns)  Path(ns)    Netlist Resource(s)
  -------------------------------------------------------------------    -------------------
                         (clock clk_out2_pll rise edge)
                                                      0.000     0.000 r  
    AD12                                              0.000     0.000 r  i_sys_clk_p (IN)
                         net (fo=0)                   0.000     0.000    pll_inst/inst/clk_in1_p
    AD12                 IBUFDS (Prop_ibufds_I_O)     0.388     0.388 r  pll_inst/inst/clkin1_ibufgds/O
                         net (fo=1, routed)           0.503     0.891    pll_inst/inst/clk_in1_pll
    PLLE2_ADV_X1Y1       PLLE2_ADV (Prop_plle2_adv_CLKIN1_CLKOUT1)
                                                     -2.908    -2.017 r  pll_inst/inst/plle2_adv_inst/CLKOUT1
                         net (fo=1, routed)           0.958    -1.059    pll_inst/inst/clk_out2_pll
    BUFGCTRL_X0Y0        BUFG (Prop_bufg_I_O)         0.026    -1.033 r  pll_inst/inst/clkout2_buf/O
                         net (fo=2458, routed)        0.544    -0.489    student_top_inst/bridge_inst/CLK
    SLICE_X51Y155        FDRE                                         r  student_top_inst/bridge_inst/LED_reg[26]_lopt_replica/C
  -------------------------------------------------------------------    -------------------
    SLICE_X51Y155        FDRE (Prop_fdre_C_Q)         0.100    -0.389 r  student_top_inst/bridge_inst/LED_reg[26]_lopt_replica/Q
                         net (fo=1, routed)           1.657     1.269    lopt_18
    B24                  OBUF (Prop_obuf_I_O)         1.355     2.624 r  virtual_led_OBUF[26]_inst/O
                         net (fo=0)                   0.000     2.624    virtual_led[26]
    B24                                                               r  virtual_led[26] (OUT)
  -------------------------------------------------------------------    -------------------





--------------------------------------------------------------------------------------
Path Group:  (none)
From Clock:  clkfbout_pll
  To Clock:  

Max Delay             1 Endpoint
Min Delay             1 Endpoint
--------------------------------------------------------------------------------------


Max Delay Paths
--------------------------------------------------------------------------------------
Slack:                    inf
  Source:                 pll_inst/inst/plle2_adv_inst/CLKFBOUT
                            (clock source 'clkfbout_pll'  {rise@0.000ns fall@2.500ns period=5.000ns})
  Destination:            pll_inst/inst/plle2_adv_inst/CLKFBIN
  Path Group:             (none)
  Path Type:              Max at Fast Process Corner
  Data Path Delay:        2.022ns  (logic 0.030ns (1.484%)  route 1.992ns (98.516%))
  Logic Levels:           1  (BUFG=1)
  Clock Uncertainty:      0.134ns  ((TSJ^2 + DJ^2)^1/2) / 2 + PE
    Total System Jitter     (TSJ):    0.050ns
    Discrete Jitter          (DJ):    0.072ns
    Phase Error              (PE):    0.090ns

    Location             Delay type                Incr(ns)  Path(ns)    Netlist Resource(s)
  -------------------------------------------------------------------    -------------------
                         (clock clkfbout_pll fall edge)
                                                      2.500     2.500 f  
    AD12                                              0.000     2.500 f  i_sys_clk_p (IN)
                         net (fo=0)                   0.000     2.500    pll_inst/inst/clk_in1_p
    AD12                 IBUFDS (Prop_ibufds_I_O)     0.470     2.970 f  pll_inst/inst/clkin1_ibufgds/O
                         net (fo=1, routed)           0.554     3.524    pll_inst/inst/clk_in1_pll
  -------------------------------------------------------------------    -------------------
    PLLE2_ADV_X1Y1       PLLE2_ADV (Prop_plle2_adv_CLKIN1_CLKFBOUT)
                                                     -3.524    -0.000 f  pll_inst/inst/plle2_adv_inst/CLKFBOUT
                         net (fo=1, routed)           1.027     1.027    pll_inst/inst/clkfbout_pll
    BUFGCTRL_X0Y2        BUFG (Prop_bufg_I_O)         0.030     1.057 f  pll_inst/inst/clkf_buf/O
                         net (fo=1, routed)           0.965     2.022    pll_inst/inst/clkfbout_buf_pll
    PLLE2_ADV_X1Y1       PLLE2_ADV                                    f  pll_inst/inst/plle2_adv_inst/CLKFBIN
  -------------------------------------------------------------------    -------------------





Min Delay Paths
--------------------------------------------------------------------------------------
Slack:                    inf
  Source:                 pll_inst/inst/plle2_adv_inst/CLKFBOUT
                            (clock source 'clkfbout_pll'  {rise@0.000ns fall@2.500ns period=5.000ns})
  Destination:            pll_inst/inst/plle2_adv_inst/CLKFBIN
  Path Group:             (none)
  Path Type:              Min at Slow Process Corner
  Data Path Delay:        3.712ns  (logic 0.083ns (2.236%)  route 3.629ns (97.764%))
  Logic Levels:           1  (BUFG=1)
  Clock Uncertainty:      0.134ns  ((TSJ^2 + DJ^2)^1/2) / 2 + PE
    Total System Jitter     (TSJ):    0.050ns
    Discrete Jitter          (DJ):    0.072ns
    Phase Error              (PE):    0.090ns

    Location             Delay type                Incr(ns)  Path(ns)    Netlist Resource(s)
  -------------------------------------------------------------------    -------------------
                         (clock clkfbout_pll rise edge)
                                                      0.000     0.000 r  
    AD12                                              0.000     0.000 r  i_sys_clk_p (IN)
                         net (fo=0)                   0.000     0.000    pll_inst/inst/clk_in1_p
    AD12                 IBUFDS (Prop_ibufds_I_O)     0.803     0.803 r  pll_inst/inst/clkin1_ibufgds/O
                         net (fo=1, routed)           1.001     1.804    pll_inst/inst/clk_in1_pll
  -------------------------------------------------------------------    -------------------
    PLLE2_ADV_X1Y1       PLLE2_ADV (Prop_plle2_adv_CLKIN1_CLKFBOUT)
                                                     -7.261    -5.457 r  pll_inst/inst/plle2_adv_inst/CLKFBOUT
                         net (fo=1, routed)           2.003    -3.454    pll_inst/inst/clkfbout_pll
    BUFGCTRL_X0Y2        BUFG (Prop_bufg_I_O)         0.083    -3.371 r  pll_inst/inst/clkf_buf/O
                         net (fo=1, routed)           1.626    -1.745    pll_inst/inst/clkfbout_buf_pll
    PLLE2_ADV_X1Y1       PLLE2_ADV                                    r  pll_inst/inst/plle2_adv_inst/CLKFBIN
  -------------------------------------------------------------------    -------------------





--------------------------------------------------------------------------------------
Path Group:  (none)
From Clock:  
  To Clock:  clk_out1_pll

Max Delay            49 Endpoints
Min Delay            49 Endpoints
--------------------------------------------------------------------------------------


Max Delay Paths
--------------------------------------------------------------------------------------
Slack:                    inf
  Source:                 i_uart_rx
                            (input port)
  Destination:            uart_inst/rx_d0_reg/D
                            (rising edge-triggered cell FDPE clocked by clk_out1_pll  {rise@0.000ns fall@10.000ns period=20.000ns})
  Path Group:             (none)
  Path Type:              Setup (Max at Slow Process Corner)
  Data Path Delay:        5.022ns  (logic 1.533ns (30.529%)  route 3.488ns (69.471%))
  Logic Levels:           1  (IBUF=1)
  Clock Path Skew:        -2.060ns (DCD - SCD + CPR)
    Destination Clock Delay (DCD):    -2.060ns
    Source Clock Delay      (SCD):    0.000ns
    Clock Pessimism Removal (CPR):    0.000ns
  Clock Uncertainty:      0.159ns  ((TSJ^2 + DJ^2)^1/2) / 2 + PE
    Total System Jitter     (TSJ):    0.050ns
    Discrete Jitter          (DJ):    0.129ns
    Phase Error              (PE):    0.090ns

    Location             Delay type                Incr(ns)  Path(ns)    Netlist Resource(s)
  -------------------------------------------------------------------    -------------------
    D18                                               0.000     0.000 r  i_uart_rx (IN)
                         net (fo=0)                   0.000     0.000    i_uart_rx
    D18                  IBUF (Prop_ibuf_I_O)         1.533     1.533 r  i_uart_rx_IBUF_inst/O
                         net (fo=1, routed)           3.488     5.022    uart_inst/i_uart_rx_IBUF
    SLICE_X46Y131        FDPE                                         r  uart_inst/rx_d0_reg/D
  -------------------------------------------------------------------    -------------------

                         (clock clk_out1_pll rise edge)
                                                      0.000     0.000 r  
    AD12                                              0.000     0.000 r  i_sys_clk_p (IN)
                         net (fo=0)                   0.000     0.000    pll_inst/inst/clk_in1_p
    AD12                 IBUFDS (Prop_ibufds_I_O)     0.803     0.803 r  pll_inst/inst/clkin1_ibufgds/O
                         net (fo=1, routed)           1.001     1.804    pll_inst/inst/clk_in1_pll
    PLLE2_ADV_X1Y1       PLLE2_ADV (Prop_plle2_adv_CLKIN1_CLKOUT0)
                                                     -7.261    -5.457 r  pll_inst/inst/plle2_adv_inst/CLKOUT0
                         net (fo=1, routed)           2.003    -3.454    pll_inst/inst/clk_out1_pll
    BUFGCTRL_X0Y1        BUFG (Prop_bufg_I_O)         0.083    -3.371 r  pll_inst/inst/clkout1_buf/O
                         net (fo=394, routed)         1.311    -2.060    uart_inst/clk_out1
    SLICE_X46Y131        FDPE                                         r  uart_inst/rx_d0_reg/C

Slack:                    inf
  Source:                 student_top_inst/bridge_inst/counter_inst/start_reg/G
                            (positive level-sensitive latch)
  Destination:            student_top_inst/bridge_inst/counter_inst/cnt_ms_reg[29]/CE
                            (rising edge-triggered cell FDRE clocked by clk_out1_pll  {rise@0.000ns fall@10.000ns period=20.000ns})
  Path Group:             (none)
  Path Type:              Setup (Max at Slow Process Corner)
  Data Path Delay:        2.407ns  (logic 0.336ns (13.961%)  route 2.071ns (86.039%))
  Logic Levels:           2  (LDPE=1 LUT6=1)
  Clock Uncertainty:      0.159ns  ((TSJ^2 + DJ^2)^1/2) / 2 + PE
    Total System Jitter     (TSJ):    0.050ns
    Discrete Jitter          (DJ):    0.129ns
    Phase Error              (PE):    0.090ns

    Location             Delay type                Incr(ns)  Path(ns)    Netlist Resource(s)
  -------------------------------------------------------------------    -------------------
    SLICE_X59Y136        LDPE                         0.000     0.000 r  student_top_inst/bridge_inst/counter_inst/start_reg/G
    SLICE_X59Y136        LDPE (EnToQ_ldpe_G_Q)        0.293     0.293 r  student_top_inst/bridge_inst/counter_inst/start_reg/Q
                         net (fo=2, routed)           1.252     1.545    student_top_inst/bridge_inst/counter_inst/start
    SLICE_X105Y121       LUT6 (Prop_lut6_I0_O)        0.043     1.588 r  student_top_inst/bridge_inst/counter_inst/cnt_ms[31]_i_1/O
                         net (fo=32, routed)          0.818     2.407    student_top_inst/bridge_inst/counter_inst/cnt_ms0
    SLICE_X103Y128       FDRE                                         r  student_top_inst/bridge_inst/counter_inst/cnt_ms_reg[29]/CE
  -------------------------------------------------------------------    -------------------

                         (clock clk_out1_pll rise edge)
                                                      0.000     0.000 r  
    AD12                                              0.000     0.000 r  i_sys_clk_p (IN)
                         net (fo=0)                   0.000     0.000    pll_inst/inst/clk_in1_p
    AD12                 IBUFDS (Prop_ibufds_I_O)     0.803     0.803 r  pll_inst/inst/clkin1_ibufgds/O
                         net (fo=1, routed)           1.001     1.804    pll_inst/inst/clk_in1_pll
    PLLE2_ADV_X1Y1       PLLE2_ADV (Prop_plle2_adv_CLKIN1_CLKOUT0)
                                                     -7.261    -5.457 r  pll_inst/inst/plle2_adv_inst/CLKOUT0
                         net (fo=1, routed)           2.003    -3.454    pll_inst/inst/clk_out1_pll
    BUFGCTRL_X0Y1        BUFG (Prop_bufg_I_O)         0.083    -3.371 r  pll_inst/inst/clkout1_buf/O
                         net (fo=394, routed)         1.265    -2.106    student_top_inst/bridge_inst/counter_inst/cnt_1ms_reg[0]_0
    SLICE_X103Y128       FDRE                                         r  student_top_inst/bridge_inst/counter_inst/cnt_ms_reg[29]/C

Slack:                    inf
  Source:                 student_top_inst/bridge_inst/counter_inst/start_reg/G
                            (positive level-sensitive latch)
  Destination:            student_top_inst/bridge_inst/counter_inst/cnt_ms_reg[30]/CE
                            (rising edge-triggered cell FDRE clocked by clk_out1_pll  {rise@0.000ns fall@10.000ns period=20.000ns})
  Path Group:             (none)
  Path Type:              Setup (Max at Slow Process Corner)
  Data Path Delay:        2.407ns  (logic 0.336ns (13.961%)  route 2.071ns (86.039%))
  Logic Levels:           2  (LDPE=1 LUT6=1)
  Clock Uncertainty:      0.159ns  ((TSJ^2 + DJ^2)^1/2) / 2 + PE
    Total System Jitter     (TSJ):    0.050ns
    Discrete Jitter          (DJ):    0.129ns
    Phase Error              (PE):    0.090ns

    Location             Delay type                Incr(ns)  Path(ns)    Netlist Resource(s)
  -------------------------------------------------------------------    -------------------
    SLICE_X59Y136        LDPE                         0.000     0.000 r  student_top_inst/bridge_inst/counter_inst/start_reg/G
    SLICE_X59Y136        LDPE (EnToQ_ldpe_G_Q)        0.293     0.293 r  student_top_inst/bridge_inst/counter_inst/start_reg/Q
                         net (fo=2, routed)           1.252     1.545    student_top_inst/bridge_inst/counter_inst/start
    SLICE_X105Y121       LUT6 (Prop_lut6_I0_O)        0.043     1.588 r  student_top_inst/bridge_inst/counter_inst/cnt_ms[31]_i_1/O
                         net (fo=32, routed)          0.818     2.407    student_top_inst/bridge_inst/counter_inst/cnt_ms0
    SLICE_X103Y128       FDRE                                         r  student_top_inst/bridge_inst/counter_inst/cnt_ms_reg[30]/CE
  -------------------------------------------------------------------    -------------------

                         (clock clk_out1_pll rise edge)
                                                      0.000     0.000 r  
    AD12                                              0.000     0.000 r  i_sys_clk_p (IN)
                         net (fo=0)                   0.000     0.000    pll_inst/inst/clk_in1_p
    AD12                 IBUFDS (Prop_ibufds_I_O)     0.803     0.803 r  pll_inst/inst/clkin1_ibufgds/O
                         net (fo=1, routed)           1.001     1.804    pll_inst/inst/clk_in1_pll
    PLLE2_ADV_X1Y1       PLLE2_ADV (Prop_plle2_adv_CLKIN1_CLKOUT0)
                                                     -7.261    -5.457 r  pll_inst/inst/plle2_adv_inst/CLKOUT0
                         net (fo=1, routed)           2.003    -3.454    pll_inst/inst/clk_out1_pll
    BUFGCTRL_X0Y1        BUFG (Prop_bufg_I_O)         0.083    -3.371 r  pll_inst/inst/clkout1_buf/O
                         net (fo=394, routed)         1.265    -2.106    student_top_inst/bridge_inst/counter_inst/cnt_1ms_reg[0]_0
    SLICE_X103Y128       FDRE                                         r  student_top_inst/bridge_inst/counter_inst/cnt_ms_reg[30]/C

Slack:                    inf
  Source:                 student_top_inst/bridge_inst/counter_inst/start_reg/G
                            (positive level-sensitive latch)
  Destination:            student_top_inst/bridge_inst/counter_inst/cnt_ms_reg[31]/CE
                            (rising edge-triggered cell FDRE clocked by clk_out1_pll  {rise@0.000ns fall@10.000ns period=20.000ns})
  Path Group:             (none)
  Path Type:              Setup (Max at Slow Process Corner)
  Data Path Delay:        2.407ns  (logic 0.336ns (13.961%)  route 2.071ns (86.039%))
  Logic Levels:           2  (LDPE=1 LUT6=1)
  Clock Uncertainty:      0.159ns  ((TSJ^2 + DJ^2)^1/2) / 2 + PE
    Total System Jitter     (TSJ):    0.050ns
    Discrete Jitter          (DJ):    0.129ns
    Phase Error              (PE):    0.090ns

    Location             Delay type                Incr(ns)  Path(ns)    Netlist Resource(s)
  -------------------------------------------------------------------    -------------------
    SLICE_X59Y136        LDPE                         0.000     0.000 r  student_top_inst/bridge_inst/counter_inst/start_reg/G
    SLICE_X59Y136        LDPE (EnToQ_ldpe_G_Q)        0.293     0.293 r  student_top_inst/bridge_inst/counter_inst/start_reg/Q
                         net (fo=2, routed)           1.252     1.545    student_top_inst/bridge_inst/counter_inst/start
    SLICE_X105Y121       LUT6 (Prop_lut6_I0_O)        0.043     1.588 r  student_top_inst/bridge_inst/counter_inst/cnt_ms[31]_i_1/O
                         net (fo=32, routed)          0.818     2.407    student_top_inst/bridge_inst/counter_inst/cnt_ms0
    SLICE_X103Y128       FDRE                                         r  student_top_inst/bridge_inst/counter_inst/cnt_ms_reg[31]/CE
  -------------------------------------------------------------------    -------------------

                         (clock clk_out1_pll rise edge)
                                                      0.000     0.000 r  
    AD12                                              0.000     0.000 r  i_sys_clk_p (IN)
                         net (fo=0)                   0.000     0.000    pll_inst/inst/clk_in1_p
    AD12                 IBUFDS (Prop_ibufds_I_O)     0.803     0.803 r  pll_inst/inst/clkin1_ibufgds/O
                         net (fo=1, routed)           1.001     1.804    pll_inst/inst/clk_in1_pll
    PLLE2_ADV_X1Y1       PLLE2_ADV (Prop_plle2_adv_CLKIN1_CLKOUT0)
                                                     -7.261    -5.457 r  pll_inst/inst/plle2_adv_inst/CLKOUT0
                         net (fo=1, routed)           2.003    -3.454    pll_inst/inst/clk_out1_pll
    BUFGCTRL_X0Y1        BUFG (Prop_bufg_I_O)         0.083    -3.371 r  pll_inst/inst/clkout1_buf/O
                         net (fo=394, routed)         1.265    -2.106    student_top_inst/bridge_inst/counter_inst/cnt_1ms_reg[0]_0
    SLICE_X103Y128       FDRE                                         r  student_top_inst/bridge_inst/counter_inst/cnt_ms_reg[31]/C

Slack:                    inf
  Source:                 student_top_inst/bridge_inst/counter_inst/start_reg/G
                            (positive level-sensitive latch)
  Destination:            student_top_inst/bridge_inst/counter_inst/cnt_ms_reg[25]/CE
                            (rising edge-triggered cell FDRE clocked by clk_out1_pll  {rise@0.000ns fall@10.000ns period=20.000ns})
  Path Group:             (none)
  Path Type:              Setup (Max at Slow Process Corner)
  Data Path Delay:        2.317ns  (logic 0.336ns (14.498%)  route 1.981ns (85.502%))
  Logic Levels:           2  (LDPE=1 LUT6=1)
  Clock Uncertainty:      0.159ns  ((TSJ^2 + DJ^2)^1/2) / 2 + PE
    Total System Jitter     (TSJ):    0.050ns
    Discrete Jitter          (DJ):    0.129ns
    Phase Error              (PE):    0.090ns

    Location             Delay type                Incr(ns)  Path(ns)    Netlist Resource(s)
  -------------------------------------------------------------------    -------------------
    SLICE_X59Y136        LDPE                         0.000     0.000 r  student_top_inst/bridge_inst/counter_inst/start_reg/G
    SLICE_X59Y136        LDPE (EnToQ_ldpe_G_Q)        0.293     0.293 r  student_top_inst/bridge_inst/counter_inst/start_reg/Q
                         net (fo=2, routed)           1.252     1.545    student_top_inst/bridge_inst/counter_inst/start
    SLICE_X105Y121       LUT6 (Prop_lut6_I0_O)        0.043     1.588 r  student_top_inst/bridge_inst/counter_inst/cnt_ms[31]_i_1/O
                         net (fo=32, routed)          0.729     2.317    student_top_inst/bridge_inst/counter_inst/cnt_ms0
    SLICE_X103Y127       FDRE                                         r  student_top_inst/bridge_inst/counter_inst/cnt_ms_reg[25]/CE
  -------------------------------------------------------------------    -------------------

                         (clock clk_out1_pll rise edge)
                                                      0.000     0.000 r  
    AD12                                              0.000     0.000 r  i_sys_clk_p (IN)
                         net (fo=0)                   0.000     0.000    pll_inst/inst/clk_in1_p
    AD12                 IBUFDS (Prop_ibufds_I_O)     0.803     0.803 r  pll_inst/inst/clkin1_ibufgds/O
                         net (fo=1, routed)           1.001     1.804    pll_inst/inst/clk_in1_pll
    PLLE2_ADV_X1Y1       PLLE2_ADV (Prop_plle2_adv_CLKIN1_CLKOUT0)
                                                     -7.261    -5.457 r  pll_inst/inst/plle2_adv_inst/CLKOUT0
                         net (fo=1, routed)           2.003    -3.454    pll_inst/inst/clk_out1_pll
    BUFGCTRL_X0Y1        BUFG (Prop_bufg_I_O)         0.083    -3.371 r  pll_inst/inst/clkout1_buf/O
                         net (fo=394, routed)         1.264    -2.107    student_top_inst/bridge_inst/counter_inst/cnt_1ms_reg[0]_0
    SLICE_X103Y127       FDRE                                         r  student_top_inst/bridge_inst/counter_inst/cnt_ms_reg[25]/C

Slack:                    inf
  Source:                 student_top_inst/bridge_inst/counter_inst/start_reg/G
                            (positive level-sensitive latch)
  Destination:            student_top_inst/bridge_inst/counter_inst/cnt_ms_reg[26]/CE
                            (rising edge-triggered cell FDRE clocked by clk_out1_pll  {rise@0.000ns fall@10.000ns period=20.000ns})
  Path Group:             (none)
  Path Type:              Setup (Max at Slow Process Corner)
  Data Path Delay:        2.317ns  (logic 0.336ns (14.498%)  route 1.981ns (85.502%))
  Logic Levels:           2  (LDPE=1 LUT6=1)
  Clock Uncertainty:      0.159ns  ((TSJ^2 + DJ^2)^1/2) / 2 + PE
    Total System Jitter     (TSJ):    0.050ns
    Discrete Jitter          (DJ):    0.129ns
    Phase Error              (PE):    0.090ns

    Location             Delay type                Incr(ns)  Path(ns)    Netlist Resource(s)
  -------------------------------------------------------------------    -------------------
    SLICE_X59Y136        LDPE                         0.000     0.000 r  student_top_inst/bridge_inst/counter_inst/start_reg/G
    SLICE_X59Y136        LDPE (EnToQ_ldpe_G_Q)        0.293     0.293 r  student_top_inst/bridge_inst/counter_inst/start_reg/Q
                         net (fo=2, routed)           1.252     1.545    student_top_inst/bridge_inst/counter_inst/start
    SLICE_X105Y121       LUT6 (Prop_lut6_I0_O)        0.043     1.588 r  student_top_inst/bridge_inst/counter_inst/cnt_ms[31]_i_1/O
                         net (fo=32, routed)          0.729     2.317    student_top_inst/bridge_inst/counter_inst/cnt_ms0
    SLICE_X103Y127       FDRE                                         r  student_top_inst/bridge_inst/counter_inst/cnt_ms_reg[26]/CE
  -------------------------------------------------------------------    -------------------

                         (clock clk_out1_pll rise edge)
                                                      0.000     0.000 r  
    AD12                                              0.000     0.000 r  i_sys_clk_p (IN)
                         net (fo=0)                   0.000     0.000    pll_inst/inst/clk_in1_p
    AD12                 IBUFDS (Prop_ibufds_I_O)     0.803     0.803 r  pll_inst/inst/clkin1_ibufgds/O
                         net (fo=1, routed)           1.001     1.804    pll_inst/inst/clk_in1_pll
    PLLE2_ADV_X1Y1       PLLE2_ADV (Prop_plle2_adv_CLKIN1_CLKOUT0)
                                                     -7.261    -5.457 r  pll_inst/inst/plle2_adv_inst/CLKOUT0
                         net (fo=1, routed)           2.003    -3.454    pll_inst/inst/clk_out1_pll
    BUFGCTRL_X0Y1        BUFG (Prop_bufg_I_O)         0.083    -3.371 r  pll_inst/inst/clkout1_buf/O
                         net (fo=394, routed)         1.264    -2.107    student_top_inst/bridge_inst/counter_inst/cnt_1ms_reg[0]_0
    SLICE_X103Y127       FDRE                                         r  student_top_inst/bridge_inst/counter_inst/cnt_ms_reg[26]/C

Slack:                    inf
  Source:                 student_top_inst/bridge_inst/counter_inst/start_reg/G
                            (positive level-sensitive latch)
  Destination:            student_top_inst/bridge_inst/counter_inst/cnt_ms_reg[27]/CE
                            (rising edge-triggered cell FDRE clocked by clk_out1_pll  {rise@0.000ns fall@10.000ns period=20.000ns})
  Path Group:             (none)
  Path Type:              Setup (Max at Slow Process Corner)
  Data Path Delay:        2.317ns  (logic 0.336ns (14.498%)  route 1.981ns (85.502%))
  Logic Levels:           2  (LDPE=1 LUT6=1)
  Clock Uncertainty:      0.159ns  ((TSJ^2 + DJ^2)^1/2) / 2 + PE
    Total System Jitter     (TSJ):    0.050ns
    Discrete Jitter          (DJ):    0.129ns
    Phase Error              (PE):    0.090ns

    Location             Delay type                Incr(ns)  Path(ns)    Netlist Resource(s)
  -------------------------------------------------------------------    -------------------
    SLICE_X59Y136        LDPE                         0.000     0.000 r  student_top_inst/bridge_inst/counter_inst/start_reg/G
    SLICE_X59Y136        LDPE (EnToQ_ldpe_G_Q)        0.293     0.293 r  student_top_inst/bridge_inst/counter_inst/start_reg/Q
                         net (fo=2, routed)           1.252     1.545    student_top_inst/bridge_inst/counter_inst/start
    SLICE_X105Y121       LUT6 (Prop_lut6_I0_O)        0.043     1.588 r  student_top_inst/bridge_inst/counter_inst/cnt_ms[31]_i_1/O
                         net (fo=32, routed)          0.729     2.317    student_top_inst/bridge_inst/counter_inst/cnt_ms0
    SLICE_X103Y127       FDRE                                         r  student_top_inst/bridge_inst/counter_inst/cnt_ms_reg[27]/CE
  -------------------------------------------------------------------    -------------------

                         (clock clk_out1_pll rise edge)
                                                      0.000     0.000 r  
    AD12                                              0.000     0.000 r  i_sys_clk_p (IN)
                         net (fo=0)                   0.000     0.000    pll_inst/inst/clk_in1_p
    AD12                 IBUFDS (Prop_ibufds_I_O)     0.803     0.803 r  pll_inst/inst/clkin1_ibufgds/O
                         net (fo=1, routed)           1.001     1.804    pll_inst/inst/clk_in1_pll
    PLLE2_ADV_X1Y1       PLLE2_ADV (Prop_plle2_adv_CLKIN1_CLKOUT0)
                                                     -7.261    -5.457 r  pll_inst/inst/plle2_adv_inst/CLKOUT0
                         net (fo=1, routed)           2.003    -3.454    pll_inst/inst/clk_out1_pll
    BUFGCTRL_X0Y1        BUFG (Prop_bufg_I_O)         0.083    -3.371 r  pll_inst/inst/clkout1_buf/O
                         net (fo=394, routed)         1.264    -2.107    student_top_inst/bridge_inst/counter_inst/cnt_1ms_reg[0]_0
    SLICE_X103Y127       FDRE                                         r  student_top_inst/bridge_inst/counter_inst/cnt_ms_reg[27]/C

Slack:                    inf
  Source:                 student_top_inst/bridge_inst/counter_inst/start_reg/G
                            (positive level-sensitive latch)
  Destination:            student_top_inst/bridge_inst/counter_inst/cnt_ms_reg[28]/CE
                            (rising edge-triggered cell FDRE clocked by clk_out1_pll  {rise@0.000ns fall@10.000ns period=20.000ns})
  Path Group:             (none)
  Path Type:              Setup (Max at Slow Process Corner)
  Data Path Delay:        2.317ns  (logic 0.336ns (14.498%)  route 1.981ns (85.502%))
  Logic Levels:           2  (LDPE=1 LUT6=1)
  Clock Uncertainty:      0.159ns  ((TSJ^2 + DJ^2)^1/2) / 2 + PE
    Total System Jitter     (TSJ):    0.050ns
    Discrete Jitter          (DJ):    0.129ns
    Phase Error              (PE):    0.090ns

    Location             Delay type                Incr(ns)  Path(ns)    Netlist Resource(s)
  -------------------------------------------------------------------    -------------------
    SLICE_X59Y136        LDPE                         0.000     0.000 r  student_top_inst/bridge_inst/counter_inst/start_reg/G
    SLICE_X59Y136        LDPE (EnToQ_ldpe_G_Q)        0.293     0.293 r  student_top_inst/bridge_inst/counter_inst/start_reg/Q
                         net (fo=2, routed)           1.252     1.545    student_top_inst/bridge_inst/counter_inst/start
    SLICE_X105Y121       LUT6 (Prop_lut6_I0_O)        0.043     1.588 r  student_top_inst/bridge_inst/counter_inst/cnt_ms[31]_i_1/O
                         net (fo=32, routed)          0.729     2.317    student_top_inst/bridge_inst/counter_inst/cnt_ms0
    SLICE_X103Y127       FDRE                                         r  student_top_inst/bridge_inst/counter_inst/cnt_ms_reg[28]/CE
  -------------------------------------------------------------------    -------------------

                         (clock clk_out1_pll rise edge)
                                                      0.000     0.000 r  
    AD12                                              0.000     0.000 r  i_sys_clk_p (IN)
                         net (fo=0)                   0.000     0.000    pll_inst/inst/clk_in1_p
    AD12                 IBUFDS (Prop_ibufds_I_O)     0.803     0.803 r  pll_inst/inst/clkin1_ibufgds/O
                         net (fo=1, routed)           1.001     1.804    pll_inst/inst/clk_in1_pll
    PLLE2_ADV_X1Y1       PLLE2_ADV (Prop_plle2_adv_CLKIN1_CLKOUT0)
                                                     -7.261    -5.457 r  pll_inst/inst/plle2_adv_inst/CLKOUT0
                         net (fo=1, routed)           2.003    -3.454    pll_inst/inst/clk_out1_pll
    BUFGCTRL_X0Y1        BUFG (Prop_bufg_I_O)         0.083    -3.371 r  pll_inst/inst/clkout1_buf/O
                         net (fo=394, routed)         1.264    -2.107    student_top_inst/bridge_inst/counter_inst/cnt_1ms_reg[0]_0
    SLICE_X103Y127       FDRE                                         r  student_top_inst/bridge_inst/counter_inst/cnt_ms_reg[28]/C

Slack:                    inf
  Source:                 student_top_inst/bridge_inst/counter_inst/start_reg/G
                            (positive level-sensitive latch)
  Destination:            student_top_inst/bridge_inst/counter_inst/cnt_ms_reg[21]/CE
                            (rising edge-triggered cell FDRE clocked by clk_out1_pll  {rise@0.000ns fall@10.000ns period=20.000ns})
  Path Group:             (none)
  Path Type:              Setup (Max at Slow Process Corner)
  Data Path Delay:        2.309ns  (logic 0.336ns (14.549%)  route 1.973ns (85.451%))
  Logic Levels:           2  (LDPE=1 LUT6=1)
  Clock Uncertainty:      0.159ns  ((TSJ^2 + DJ^2)^1/2) / 2 + PE
    Total System Jitter     (TSJ):    0.050ns
    Discrete Jitter          (DJ):    0.129ns
    Phase Error              (PE):    0.090ns

    Location             Delay type                Incr(ns)  Path(ns)    Netlist Resource(s)
  -------------------------------------------------------------------    -------------------
    SLICE_X59Y136        LDPE                         0.000     0.000 r  student_top_inst/bridge_inst/counter_inst/start_reg/G
    SLICE_X59Y136        LDPE (EnToQ_ldpe_G_Q)        0.293     0.293 r  student_top_inst/bridge_inst/counter_inst/start_reg/Q
                         net (fo=2, routed)           1.252     1.545    student_top_inst/bridge_inst/counter_inst/start
    SLICE_X105Y121       LUT6 (Prop_lut6_I0_O)        0.043     1.588 r  student_top_inst/bridge_inst/counter_inst/cnt_ms[31]_i_1/O
                         net (fo=32, routed)          0.721     2.309    student_top_inst/bridge_inst/counter_inst/cnt_ms0
    SLICE_X103Y126       FDRE                                         r  student_top_inst/bridge_inst/counter_inst/cnt_ms_reg[21]/CE
  -------------------------------------------------------------------    -------------------

                         (clock clk_out1_pll rise edge)
                                                      0.000     0.000 r  
    AD12                                              0.000     0.000 r  i_sys_clk_p (IN)
                         net (fo=0)                   0.000     0.000    pll_inst/inst/clk_in1_p
    AD12                 IBUFDS (Prop_ibufds_I_O)     0.803     0.803 r  pll_inst/inst/clkin1_ibufgds/O
                         net (fo=1, routed)           1.001     1.804    pll_inst/inst/clk_in1_pll
    PLLE2_ADV_X1Y1       PLLE2_ADV (Prop_plle2_adv_CLKIN1_CLKOUT0)
                                                     -7.261    -5.457 r  pll_inst/inst/plle2_adv_inst/CLKOUT0
                         net (fo=1, routed)           2.003    -3.454    pll_inst/inst/clk_out1_pll
    BUFGCTRL_X0Y1        BUFG (Prop_bufg_I_O)         0.083    -3.371 r  pll_inst/inst/clkout1_buf/O
                         net (fo=394, routed)         1.263    -2.108    student_top_inst/bridge_inst/counter_inst/cnt_1ms_reg[0]_0
    SLICE_X103Y126       FDRE                                         r  student_top_inst/bridge_inst/counter_inst/cnt_ms_reg[21]/C

Slack:                    inf
  Source:                 student_top_inst/bridge_inst/counter_inst/start_reg/G
                            (positive level-sensitive latch)
  Destination:            student_top_inst/bridge_inst/counter_inst/cnt_ms_reg[22]/CE
                            (rising edge-triggered cell FDRE clocked by clk_out1_pll  {rise@0.000ns fall@10.000ns period=20.000ns})
  Path Group:             (none)
  Path Type:              Setup (Max at Slow Process Corner)
  Data Path Delay:        2.309ns  (logic 0.336ns (14.549%)  route 1.973ns (85.451%))
  Logic Levels:           2  (LDPE=1 LUT6=1)
  Clock Uncertainty:      0.159ns  ((TSJ^2 + DJ^2)^1/2) / 2 + PE
    Total System Jitter     (TSJ):    0.050ns
    Discrete Jitter          (DJ):    0.129ns
    Phase Error              (PE):    0.090ns

    Location             Delay type                Incr(ns)  Path(ns)    Netlist Resource(s)
  -------------------------------------------------------------------    -------------------
    SLICE_X59Y136        LDPE                         0.000     0.000 r  student_top_inst/bridge_inst/counter_inst/start_reg/G
    SLICE_X59Y136        LDPE (EnToQ_ldpe_G_Q)        0.293     0.293 r  student_top_inst/bridge_inst/counter_inst/start_reg/Q
                         net (fo=2, routed)           1.252     1.545    student_top_inst/bridge_inst/counter_inst/start
    SLICE_X105Y121       LUT6 (Prop_lut6_I0_O)        0.043     1.588 r  student_top_inst/bridge_inst/counter_inst/cnt_ms[31]_i_1/O
                         net (fo=32, routed)          0.721     2.309    student_top_inst/bridge_inst/counter_inst/cnt_ms0
    SLICE_X103Y126       FDRE                                         r  student_top_inst/bridge_inst/counter_inst/cnt_ms_reg[22]/CE
  -------------------------------------------------------------------    -------------------

                         (clock clk_out1_pll rise edge)
                                                      0.000     0.000 r  
    AD12                                              0.000     0.000 r  i_sys_clk_p (IN)
                         net (fo=0)                   0.000     0.000    pll_inst/inst/clk_in1_p
    AD12                 IBUFDS (Prop_ibufds_I_O)     0.803     0.803 r  pll_inst/inst/clkin1_ibufgds/O
                         net (fo=1, routed)           1.001     1.804    pll_inst/inst/clk_in1_pll
    PLLE2_ADV_X1Y1       PLLE2_ADV (Prop_plle2_adv_CLKIN1_CLKOUT0)
                                                     -7.261    -5.457 r  pll_inst/inst/plle2_adv_inst/CLKOUT0
                         net (fo=1, routed)           2.003    -3.454    pll_inst/inst/clk_out1_pll
    BUFGCTRL_X0Y1        BUFG (Prop_bufg_I_O)         0.083    -3.371 r  pll_inst/inst/clkout1_buf/O
                         net (fo=394, routed)         1.263    -2.108    student_top_inst/bridge_inst/counter_inst/cnt_1ms_reg[0]_0
    SLICE_X103Y126       FDRE                                         r  student_top_inst/bridge_inst/counter_inst/cnt_ms_reg[22]/C





Min Delay Paths
--------------------------------------------------------------------------------------
Slack:                    inf
  Source:                 student_top_inst/bridge_inst/counter_inst/start_reg/G
                            (positive level-sensitive latch)
  Destination:            student_top_inst/bridge_inst/counter_inst/cnt_ms_reg[0]/CE
                            (rising edge-triggered cell FDRE clocked by clk_out1_pll  {rise@0.000ns fall@10.000ns period=20.000ns})
  Path Group:             (none)
  Path Type:              Hold (Min at Fast Process Corner)
  Data Path Delay:        1.010ns  (logic 0.156ns (15.448%)  route 0.854ns (84.552%))
  Logic Levels:           2  (LDPE=1 LUT6=1)
  Clock Uncertainty:      0.159ns  ((TSJ^2 + DJ^2)^1/2) / 2 + PE
    Total System Jitter     (TSJ):    0.050ns
    Discrete Jitter          (DJ):    0.129ns
    Phase Error              (PE):    0.090ns

    Location             Delay type                Incr(ns)  Path(ns)    Netlist Resource(s)
  -------------------------------------------------------------------    -------------------
    SLICE_X59Y136        LDPE                         0.000     0.000 r  student_top_inst/bridge_inst/counter_inst/start_reg/G
    SLICE_X59Y136        LDPE (EnToQ_ldpe_G_Q)        0.128     0.128 r  student_top_inst/bridge_inst/counter_inst/start_reg/Q
                         net (fo=2, routed)           0.688     0.816    student_top_inst/bridge_inst/counter_inst/start
    SLICE_X105Y121       LUT6 (Prop_lut6_I0_O)        0.028     0.844 r  student_top_inst/bridge_inst/counter_inst/cnt_ms[31]_i_1/O
                         net (fo=32, routed)          0.166     1.010    student_top_inst/bridge_inst/counter_inst/cnt_ms0
    SLICE_X102Y121       FDRE                                         r  student_top_inst/bridge_inst/counter_inst/cnt_ms_reg[0]/CE
  -------------------------------------------------------------------    -------------------

                         (clock clk_out1_pll rise edge)
                                                      0.000     0.000 r  
    AD12                                              0.000     0.000 r  i_sys_clk_p (IN)
                         net (fo=0)                   0.000     0.000    pll_inst/inst/clk_in1_p
    AD12                 IBUFDS (Prop_ibufds_I_O)     0.470     0.470 r  pll_inst/inst/clkin1_ibufgds/O
                         net (fo=1, routed)           0.554     1.024    pll_inst/inst/clk_in1_pll
    PLLE2_ADV_X1Y1       PLLE2_ADV (Prop_plle2_adv_CLKIN1_CLKOUT0)
                                                     -3.524    -2.500 r  pll_inst/inst/plle2_adv_inst/CLKOUT0
                         net (fo=1, routed)           1.027    -1.473    pll_inst/inst/clk_out1_pll
    BUFGCTRL_X0Y1        BUFG (Prop_bufg_I_O)         0.030    -1.443 r  pll_inst/inst/clkout1_buf/O
                         net (fo=394, routed)         0.812    -0.631    student_top_inst/bridge_inst/counter_inst/cnt_1ms_reg[0]_0
    SLICE_X102Y121       FDRE                                         r  student_top_inst/bridge_inst/counter_inst/cnt_ms_reg[0]/C

Slack:                    inf
  Source:                 student_top_inst/bridge_inst/counter_inst/start_reg/G
                            (positive level-sensitive latch)
  Destination:            student_top_inst/bridge_inst/counter_inst/cnt_ms_reg[1]/CE
                            (rising edge-triggered cell FDRE clocked by clk_out1_pll  {rise@0.000ns fall@10.000ns period=20.000ns})
  Path Group:             (none)
  Path Type:              Hold (Min at Fast Process Corner)
  Data Path Delay:        1.010ns  (logic 0.156ns (15.448%)  route 0.854ns (84.552%))
  Logic Levels:           2  (LDPE=1 LUT6=1)
  Clock Uncertainty:      0.159ns  ((TSJ^2 + DJ^2)^1/2) / 2 + PE
    Total System Jitter     (TSJ):    0.050ns
    Discrete Jitter          (DJ):    0.129ns
    Phase Error              (PE):    0.090ns

    Location             Delay type                Incr(ns)  Path(ns)    Netlist Resource(s)
  -------------------------------------------------------------------    -------------------
    SLICE_X59Y136        LDPE                         0.000     0.000 r  student_top_inst/bridge_inst/counter_inst/start_reg/G
    SLICE_X59Y136        LDPE (EnToQ_ldpe_G_Q)        0.128     0.128 r  student_top_inst/bridge_inst/counter_inst/start_reg/Q
                         net (fo=2, routed)           0.688     0.816    student_top_inst/bridge_inst/counter_inst/start
    SLICE_X105Y121       LUT6 (Prop_lut6_I0_O)        0.028     0.844 r  student_top_inst/bridge_inst/counter_inst/cnt_ms[31]_i_1/O
                         net (fo=32, routed)          0.166     1.010    student_top_inst/bridge_inst/counter_inst/cnt_ms0
    SLICE_X103Y121       FDRE                                         r  student_top_inst/bridge_inst/counter_inst/cnt_ms_reg[1]/CE
  -------------------------------------------------------------------    -------------------

                         (clock clk_out1_pll rise edge)
                                                      0.000     0.000 r  
    AD12                                              0.000     0.000 r  i_sys_clk_p (IN)
                         net (fo=0)                   0.000     0.000    pll_inst/inst/clk_in1_p
    AD12                 IBUFDS (Prop_ibufds_I_O)     0.470     0.470 r  pll_inst/inst/clkin1_ibufgds/O
                         net (fo=1, routed)           0.554     1.024    pll_inst/inst/clk_in1_pll
    PLLE2_ADV_X1Y1       PLLE2_ADV (Prop_plle2_adv_CLKIN1_CLKOUT0)
                                                     -3.524    -2.500 r  pll_inst/inst/plle2_adv_inst/CLKOUT0
                         net (fo=1, routed)           1.027    -1.473    pll_inst/inst/clk_out1_pll
    BUFGCTRL_X0Y1        BUFG (Prop_bufg_I_O)         0.030    -1.443 r  pll_inst/inst/clkout1_buf/O
                         net (fo=394, routed)         0.812    -0.631    student_top_inst/bridge_inst/counter_inst/cnt_1ms_reg[0]_0
    SLICE_X103Y121       FDRE                                         r  student_top_inst/bridge_inst/counter_inst/cnt_ms_reg[1]/C

Slack:                    inf
  Source:                 student_top_inst/bridge_inst/counter_inst/start_reg/G
                            (positive level-sensitive latch)
  Destination:            student_top_inst/bridge_inst/counter_inst/cnt_ms_reg[2]/CE
                            (rising edge-triggered cell FDRE clocked by clk_out1_pll  {rise@0.000ns fall@10.000ns period=20.000ns})
  Path Group:             (none)
  Path Type:              Hold (Min at Fast Process Corner)
  Data Path Delay:        1.010ns  (logic 0.156ns (15.448%)  route 0.854ns (84.552%))
  Logic Levels:           2  (LDPE=1 LUT6=1)
  Clock Uncertainty:      0.159ns  ((TSJ^2 + DJ^2)^1/2) / 2 + PE
    Total System Jitter     (TSJ):    0.050ns
    Discrete Jitter          (DJ):    0.129ns
    Phase Error              (PE):    0.090ns

    Location             Delay type                Incr(ns)  Path(ns)    Netlist Resource(s)
  -------------------------------------------------------------------    -------------------
    SLICE_X59Y136        LDPE                         0.000     0.000 r  student_top_inst/bridge_inst/counter_inst/start_reg/G
    SLICE_X59Y136        LDPE (EnToQ_ldpe_G_Q)        0.128     0.128 r  student_top_inst/bridge_inst/counter_inst/start_reg/Q
                         net (fo=2, routed)           0.688     0.816    student_top_inst/bridge_inst/counter_inst/start
    SLICE_X105Y121       LUT6 (Prop_lut6_I0_O)        0.028     0.844 r  student_top_inst/bridge_inst/counter_inst/cnt_ms[31]_i_1/O
                         net (fo=32, routed)          0.166     1.010    student_top_inst/bridge_inst/counter_inst/cnt_ms0
    SLICE_X103Y121       FDRE                                         r  student_top_inst/bridge_inst/counter_inst/cnt_ms_reg[2]/CE
  -------------------------------------------------------------------    -------------------

                         (clock clk_out1_pll rise edge)
                                                      0.000     0.000 r  
    AD12                                              0.000     0.000 r  i_sys_clk_p (IN)
                         net (fo=0)                   0.000     0.000    pll_inst/inst/clk_in1_p
    AD12                 IBUFDS (Prop_ibufds_I_O)     0.470     0.470 r  pll_inst/inst/clkin1_ibufgds/O
                         net (fo=1, routed)           0.554     1.024    pll_inst/inst/clk_in1_pll
    PLLE2_ADV_X1Y1       PLLE2_ADV (Prop_plle2_adv_CLKIN1_CLKOUT0)
                                                     -3.524    -2.500 r  pll_inst/inst/plle2_adv_inst/CLKOUT0
                         net (fo=1, routed)           1.027    -1.473    pll_inst/inst/clk_out1_pll
    BUFGCTRL_X0Y1        BUFG (Prop_bufg_I_O)         0.030    -1.443 r  pll_inst/inst/clkout1_buf/O
                         net (fo=394, routed)         0.812    -0.631    student_top_inst/bridge_inst/counter_inst/cnt_1ms_reg[0]_0
    SLICE_X103Y121       FDRE                                         r  student_top_inst/bridge_inst/counter_inst/cnt_ms_reg[2]/C

Slack:                    inf
  Source:                 student_top_inst/bridge_inst/counter_inst/start_reg/G
                            (positive level-sensitive latch)
  Destination:            student_top_inst/bridge_inst/counter_inst/cnt_ms_reg[3]/CE
                            (rising edge-triggered cell FDRE clocked by clk_out1_pll  {rise@0.000ns fall@10.000ns period=20.000ns})
  Path Group:             (none)
  Path Type:              Hold (Min at Fast Process Corner)
  Data Path Delay:        1.010ns  (logic 0.156ns (15.448%)  route 0.854ns (84.552%))
  Logic Levels:           2  (LDPE=1 LUT6=1)
  Clock Uncertainty:      0.159ns  ((TSJ^2 + DJ^2)^1/2) / 2 + PE
    Total System Jitter     (TSJ):    0.050ns
    Discrete Jitter          (DJ):    0.129ns
    Phase Error              (PE):    0.090ns

    Location             Delay type                Incr(ns)  Path(ns)    Netlist Resource(s)
  -------------------------------------------------------------------    -------------------
    SLICE_X59Y136        LDPE                         0.000     0.000 r  student_top_inst/bridge_inst/counter_inst/start_reg/G
    SLICE_X59Y136        LDPE (EnToQ_ldpe_G_Q)        0.128     0.128 r  student_top_inst/bridge_inst/counter_inst/start_reg/Q
                         net (fo=2, routed)           0.688     0.816    student_top_inst/bridge_inst/counter_inst/start
    SLICE_X105Y121       LUT6 (Prop_lut6_I0_O)        0.028     0.844 r  student_top_inst/bridge_inst/counter_inst/cnt_ms[31]_i_1/O
                         net (fo=32, routed)          0.166     1.010    student_top_inst/bridge_inst/counter_inst/cnt_ms0
    SLICE_X103Y121       FDRE                                         r  student_top_inst/bridge_inst/counter_inst/cnt_ms_reg[3]/CE
  -------------------------------------------------------------------    -------------------

                         (clock clk_out1_pll rise edge)
                                                      0.000     0.000 r  
    AD12                                              0.000     0.000 r  i_sys_clk_p (IN)
                         net (fo=0)                   0.000     0.000    pll_inst/inst/clk_in1_p
    AD12                 IBUFDS (Prop_ibufds_I_O)     0.470     0.470 r  pll_inst/inst/clkin1_ibufgds/O
                         net (fo=1, routed)           0.554     1.024    pll_inst/inst/clk_in1_pll
    PLLE2_ADV_X1Y1       PLLE2_ADV (Prop_plle2_adv_CLKIN1_CLKOUT0)
                                                     -3.524    -2.500 r  pll_inst/inst/plle2_adv_inst/CLKOUT0
                         net (fo=1, routed)           1.027    -1.473    pll_inst/inst/clk_out1_pll
    BUFGCTRL_X0Y1        BUFG (Prop_bufg_I_O)         0.030    -1.443 r  pll_inst/inst/clkout1_buf/O
                         net (fo=394, routed)         0.812    -0.631    student_top_inst/bridge_inst/counter_inst/cnt_1ms_reg[0]_0
    SLICE_X103Y121       FDRE                                         r  student_top_inst/bridge_inst/counter_inst/cnt_ms_reg[3]/C

Slack:                    inf
  Source:                 student_top_inst/bridge_inst/counter_inst/start_reg/G
                            (positive level-sensitive latch)
  Destination:            student_top_inst/bridge_inst/counter_inst/cnt_ms_reg[4]/CE
                            (rising edge-triggered cell FDRE clocked by clk_out1_pll  {rise@0.000ns fall@10.000ns period=20.000ns})
  Path Group:             (none)
  Path Type:              Hold (Min at Fast Process Corner)
  Data Path Delay:        1.010ns  (logic 0.156ns (15.448%)  route 0.854ns (84.552%))
  Logic Levels:           2  (LDPE=1 LUT6=1)
  Clock Uncertainty:      0.159ns  ((TSJ^2 + DJ^2)^1/2) / 2 + PE
    Total System Jitter     (TSJ):    0.050ns
    Discrete Jitter          (DJ):    0.129ns
    Phase Error              (PE):    0.090ns

    Location             Delay type                Incr(ns)  Path(ns)    Netlist Resource(s)
  -------------------------------------------------------------------    -------------------
    SLICE_X59Y136        LDPE                         0.000     0.000 r  student_top_inst/bridge_inst/counter_inst/start_reg/G
    SLICE_X59Y136        LDPE (EnToQ_ldpe_G_Q)        0.128     0.128 r  student_top_inst/bridge_inst/counter_inst/start_reg/Q
                         net (fo=2, routed)           0.688     0.816    student_top_inst/bridge_inst/counter_inst/start
    SLICE_X105Y121       LUT6 (Prop_lut6_I0_O)        0.028     0.844 r  student_top_inst/bridge_inst/counter_inst/cnt_ms[31]_i_1/O
                         net (fo=32, routed)          0.166     1.010    student_top_inst/bridge_inst/counter_inst/cnt_ms0
    SLICE_X103Y121       FDRE                                         r  student_top_inst/bridge_inst/counter_inst/cnt_ms_reg[4]/CE
  -------------------------------------------------------------------    -------------------

                         (clock clk_out1_pll rise edge)
                                                      0.000     0.000 r  
    AD12                                              0.000     0.000 r  i_sys_clk_p (IN)
                         net (fo=0)                   0.000     0.000    pll_inst/inst/clk_in1_p
    AD12                 IBUFDS (Prop_ibufds_I_O)     0.470     0.470 r  pll_inst/inst/clkin1_ibufgds/O
                         net (fo=1, routed)           0.554     1.024    pll_inst/inst/clk_in1_pll
    PLLE2_ADV_X1Y1       PLLE2_ADV (Prop_plle2_adv_CLKIN1_CLKOUT0)
                                                     -3.524    -2.500 r  pll_inst/inst/plle2_adv_inst/CLKOUT0
                         net (fo=1, routed)           1.027    -1.473    pll_inst/inst/clk_out1_pll
    BUFGCTRL_X0Y1        BUFG (Prop_bufg_I_O)         0.030    -1.443 r  pll_inst/inst/clkout1_buf/O
                         net (fo=394, routed)         0.812    -0.631    student_top_inst/bridge_inst/counter_inst/cnt_1ms_reg[0]_0
    SLICE_X103Y121       FDRE                                         r  student_top_inst/bridge_inst/counter_inst/cnt_ms_reg[4]/C

Slack:                    inf
  Source:                 student_top_inst/bridge_inst/counter_inst/start_reg/G
                            (positive level-sensitive latch)
  Destination:            student_top_inst/bridge_inst/counter_inst/cnt_ms_reg[5]/CE
                            (rising edge-triggered cell FDRE clocked by clk_out1_pll  {rise@0.000ns fall@10.000ns period=20.000ns})
  Path Group:             (none)
  Path Type:              Hold (Min at Fast Process Corner)
  Data Path Delay:        1.038ns  (logic 0.156ns (15.031%)  route 0.882ns (84.969%))
  Logic Levels:           2  (LDPE=1 LUT6=1)
  Clock Uncertainty:      0.159ns  ((TSJ^2 + DJ^2)^1/2) / 2 + PE
    Total System Jitter     (TSJ):    0.050ns
    Discrete Jitter          (DJ):    0.129ns
    Phase Error              (PE):    0.090ns

    Location             Delay type                Incr(ns)  Path(ns)    Netlist Resource(s)
  -------------------------------------------------------------------    -------------------
    SLICE_X59Y136        LDPE                         0.000     0.000 r  student_top_inst/bridge_inst/counter_inst/start_reg/G
    SLICE_X59Y136        LDPE (EnToQ_ldpe_G_Q)        0.128     0.128 r  student_top_inst/bridge_inst/counter_inst/start_reg/Q
                         net (fo=2, routed)           0.688     0.816    student_top_inst/bridge_inst/counter_inst/start
    SLICE_X105Y121       LUT6 (Prop_lut6_I0_O)        0.028     0.844 r  student_top_inst/bridge_inst/counter_inst/cnt_ms[31]_i_1/O
                         net (fo=32, routed)          0.194     1.038    student_top_inst/bridge_inst/counter_inst/cnt_ms0
    SLICE_X103Y122       FDRE                                         r  student_top_inst/bridge_inst/counter_inst/cnt_ms_reg[5]/CE
  -------------------------------------------------------------------    -------------------

                         (clock clk_out1_pll rise edge)
                                                      0.000     0.000 r  
    AD12                                              0.000     0.000 r  i_sys_clk_p (IN)
                         net (fo=0)                   0.000     0.000    pll_inst/inst/clk_in1_p
    AD12                 IBUFDS (Prop_ibufds_I_O)     0.470     0.470 r  pll_inst/inst/clkin1_ibufgds/O
                         net (fo=1, routed)           0.554     1.024    pll_inst/inst/clk_in1_pll
    PLLE2_ADV_X1Y1       PLLE2_ADV (Prop_plle2_adv_CLKIN1_CLKOUT0)
                                                     -3.524    -2.500 r  pll_inst/inst/plle2_adv_inst/CLKOUT0
                         net (fo=1, routed)           1.027    -1.473    pll_inst/inst/clk_out1_pll
    BUFGCTRL_X0Y1        BUFG (Prop_bufg_I_O)         0.030    -1.443 r  pll_inst/inst/clkout1_buf/O
                         net (fo=394, routed)         0.811    -0.632    student_top_inst/bridge_inst/counter_inst/cnt_1ms_reg[0]_0
    SLICE_X103Y122       FDRE                                         r  student_top_inst/bridge_inst/counter_inst/cnt_ms_reg[5]/C

Slack:                    inf
  Source:                 student_top_inst/bridge_inst/counter_inst/start_reg/G
                            (positive level-sensitive latch)
  Destination:            student_top_inst/bridge_inst/counter_inst/cnt_ms_reg[6]/CE
                            (rising edge-triggered cell FDRE clocked by clk_out1_pll  {rise@0.000ns fall@10.000ns period=20.000ns})
  Path Group:             (none)
  Path Type:              Hold (Min at Fast Process Corner)
  Data Path Delay:        1.038ns  (logic 0.156ns (15.031%)  route 0.882ns (84.969%))
  Logic Levels:           2  (LDPE=1 LUT6=1)
  Clock Uncertainty:      0.159ns  ((TSJ^2 + DJ^2)^1/2) / 2 + PE
    Total System Jitter     (TSJ):    0.050ns
    Discrete Jitter          (DJ):    0.129ns
    Phase Error              (PE):    0.090ns

    Location             Delay type                Incr(ns)  Path(ns)    Netlist Resource(s)
  -------------------------------------------------------------------    -------------------
    SLICE_X59Y136        LDPE                         0.000     0.000 r  student_top_inst/bridge_inst/counter_inst/start_reg/G
    SLICE_X59Y136        LDPE (EnToQ_ldpe_G_Q)        0.128     0.128 r  student_top_inst/bridge_inst/counter_inst/start_reg/Q
                         net (fo=2, routed)           0.688     0.816    student_top_inst/bridge_inst/counter_inst/start
    SLICE_X105Y121       LUT6 (Prop_lut6_I0_O)        0.028     0.844 r  student_top_inst/bridge_inst/counter_inst/cnt_ms[31]_i_1/O
                         net (fo=32, routed)          0.194     1.038    student_top_inst/bridge_inst/counter_inst/cnt_ms0
    SLICE_X103Y122       FDRE                                         r  student_top_inst/bridge_inst/counter_inst/cnt_ms_reg[6]/CE
  -------------------------------------------------------------------    -------------------

                         (clock clk_out1_pll rise edge)
                                                      0.000     0.000 r  
    AD12                                              0.000     0.000 r  i_sys_clk_p (IN)
                         net (fo=0)                   0.000     0.000    pll_inst/inst/clk_in1_p
    AD12                 IBUFDS (Prop_ibufds_I_O)     0.470     0.470 r  pll_inst/inst/clkin1_ibufgds/O
                         net (fo=1, routed)           0.554     1.024    pll_inst/inst/clk_in1_pll
    PLLE2_ADV_X1Y1       PLLE2_ADV (Prop_plle2_adv_CLKIN1_CLKOUT0)
                                                     -3.524    -2.500 r  pll_inst/inst/plle2_adv_inst/CLKOUT0
                         net (fo=1, routed)           1.027    -1.473    pll_inst/inst/clk_out1_pll
    BUFGCTRL_X0Y1        BUFG (Prop_bufg_I_O)         0.030    -1.443 r  pll_inst/inst/clkout1_buf/O
                         net (fo=394, routed)         0.811    -0.632    student_top_inst/bridge_inst/counter_inst/cnt_1ms_reg[0]_0
    SLICE_X103Y122       FDRE                                         r  student_top_inst/bridge_inst/counter_inst/cnt_ms_reg[6]/C

Slack:                    inf
  Source:                 student_top_inst/bridge_inst/counter_inst/start_reg/G
                            (positive level-sensitive latch)
  Destination:            student_top_inst/bridge_inst/counter_inst/cnt_ms_reg[7]/CE
                            (rising edge-triggered cell FDRE clocked by clk_out1_pll  {rise@0.000ns fall@10.000ns period=20.000ns})
  Path Group:             (none)
  Path Type:              Hold (Min at Fast Process Corner)
  Data Path Delay:        1.038ns  (logic 0.156ns (15.031%)  route 0.882ns (84.969%))
  Logic Levels:           2  (LDPE=1 LUT6=1)
  Clock Uncertainty:      0.159ns  ((TSJ^2 + DJ^2)^1/2) / 2 + PE
    Total System Jitter     (TSJ):    0.050ns
    Discrete Jitter          (DJ):    0.129ns
    Phase Error              (PE):    0.090ns

    Location             Delay type                Incr(ns)  Path(ns)    Netlist Resource(s)
  -------------------------------------------------------------------    -------------------
    SLICE_X59Y136        LDPE                         0.000     0.000 r  student_top_inst/bridge_inst/counter_inst/start_reg/G
    SLICE_X59Y136        LDPE (EnToQ_ldpe_G_Q)        0.128     0.128 r  student_top_inst/bridge_inst/counter_inst/start_reg/Q
                         net (fo=2, routed)           0.688     0.816    student_top_inst/bridge_inst/counter_inst/start
    SLICE_X105Y121       LUT6 (Prop_lut6_I0_O)        0.028     0.844 r  student_top_inst/bridge_inst/counter_inst/cnt_ms[31]_i_1/O
                         net (fo=32, routed)          0.194     1.038    student_top_inst/bridge_inst/counter_inst/cnt_ms0
    SLICE_X103Y122       FDRE                                         r  student_top_inst/bridge_inst/counter_inst/cnt_ms_reg[7]/CE
  -------------------------------------------------------------------    -------------------

                         (clock clk_out1_pll rise edge)
                                                      0.000     0.000 r  
    AD12                                              0.000     0.000 r  i_sys_clk_p (IN)
                         net (fo=0)                   0.000     0.000    pll_inst/inst/clk_in1_p
    AD12                 IBUFDS (Prop_ibufds_I_O)     0.470     0.470 r  pll_inst/inst/clkin1_ibufgds/O
                         net (fo=1, routed)           0.554     1.024    pll_inst/inst/clk_in1_pll
    PLLE2_ADV_X1Y1       PLLE2_ADV (Prop_plle2_adv_CLKIN1_CLKOUT0)
                                                     -3.524    -2.500 r  pll_inst/inst/plle2_adv_inst/CLKOUT0
                         net (fo=1, routed)           1.027    -1.473    pll_inst/inst/clk_out1_pll
    BUFGCTRL_X0Y1        BUFG (Prop_bufg_I_O)         0.030    -1.443 r  pll_inst/inst/clkout1_buf/O
                         net (fo=394, routed)         0.811    -0.632    student_top_inst/bridge_inst/counter_inst/cnt_1ms_reg[0]_0
    SLICE_X103Y122       FDRE                                         r  student_top_inst/bridge_inst/counter_inst/cnt_ms_reg[7]/C

Slack:                    inf
  Source:                 student_top_inst/bridge_inst/counter_inst/start_reg/G
                            (positive level-sensitive latch)
  Destination:            student_top_inst/bridge_inst/counter_inst/cnt_ms_reg[8]/CE
                            (rising edge-triggered cell FDRE clocked by clk_out1_pll  {rise@0.000ns fall@10.000ns period=20.000ns})
  Path Group:             (none)
  Path Type:              Hold (Min at Fast Process Corner)
  Data Path Delay:        1.038ns  (logic 0.156ns (15.031%)  route 0.882ns (84.969%))
  Logic Levels:           2  (LDPE=1 LUT6=1)
  Clock Uncertainty:      0.159ns  ((TSJ^2 + DJ^2)^1/2) / 2 + PE
    Total System Jitter     (TSJ):    0.050ns
    Discrete Jitter          (DJ):    0.129ns
    Phase Error              (PE):    0.090ns

    Location             Delay type                Incr(ns)  Path(ns)    Netlist Resource(s)
  -------------------------------------------------------------------    -------------------
    SLICE_X59Y136        LDPE                         0.000     0.000 r  student_top_inst/bridge_inst/counter_inst/start_reg/G
    SLICE_X59Y136        LDPE (EnToQ_ldpe_G_Q)        0.128     0.128 r  student_top_inst/bridge_inst/counter_inst/start_reg/Q
                         net (fo=2, routed)           0.688     0.816    student_top_inst/bridge_inst/counter_inst/start
    SLICE_X105Y121       LUT6 (Prop_lut6_I0_O)        0.028     0.844 r  student_top_inst/bridge_inst/counter_inst/cnt_ms[31]_i_1/O
                         net (fo=32, routed)          0.194     1.038    student_top_inst/bridge_inst/counter_inst/cnt_ms0
    SLICE_X103Y122       FDRE                                         r  student_top_inst/bridge_inst/counter_inst/cnt_ms_reg[8]/CE
  -------------------------------------------------------------------    -------------------

                         (clock clk_out1_pll rise edge)
                                                      0.000     0.000 r  
    AD12                                              0.000     0.000 r  i_sys_clk_p (IN)
                         net (fo=0)                   0.000     0.000    pll_inst/inst/clk_in1_p
    AD12                 IBUFDS (Prop_ibufds_I_O)     0.470     0.470 r  pll_inst/inst/clkin1_ibufgds/O
                         net (fo=1, routed)           0.554     1.024    pll_inst/inst/clk_in1_pll
    PLLE2_ADV_X1Y1       PLLE2_ADV (Prop_plle2_adv_CLKIN1_CLKOUT0)
                                                     -3.524    -2.500 r  pll_inst/inst/plle2_adv_inst/CLKOUT0
                         net (fo=1, routed)           1.027    -1.473    pll_inst/inst/clk_out1_pll
    BUFGCTRL_X0Y1        BUFG (Prop_bufg_I_O)         0.030    -1.443 r  pll_inst/inst/clkout1_buf/O
                         net (fo=394, routed)         0.811    -0.632    student_top_inst/bridge_inst/counter_inst/cnt_1ms_reg[0]_0
    SLICE_X103Y122       FDRE                                         r  student_top_inst/bridge_inst/counter_inst/cnt_ms_reg[8]/C

Slack:                    inf
  Source:                 student_top_inst/bridge_inst/counter_inst/start_reg/G
                            (positive level-sensitive latch)
  Destination:            student_top_inst/bridge_inst/counter_inst/cnt_1ms_reg[0]/R
                            (rising edge-triggered cell FDRE clocked by clk_out1_pll  {rise@0.000ns fall@10.000ns period=20.000ns})
  Path Group:             (none)
  Path Type:              Hold (Min at Fast Process Corner)
  Data Path Delay:        1.041ns  (logic 0.156ns (14.981%)  route 0.885ns (85.019%))
  Logic Levels:           2  (LDPE=1 LUT2=1)
  Clock Uncertainty:      0.159ns  ((TSJ^2 + DJ^2)^1/2) / 2 + PE
    Total System Jitter     (TSJ):    0.050ns
    Discrete Jitter          (DJ):    0.129ns
    Phase Error              (PE):    0.090ns

    Location             Delay type                Incr(ns)  Path(ns)    Netlist Resource(s)
  -------------------------------------------------------------------    -------------------
    SLICE_X59Y136        LDPE                         0.000     0.000 r  student_top_inst/bridge_inst/counter_inst/start_reg/G
    SLICE_X59Y136        LDPE (EnToQ_ldpe_G_Q)        0.128     0.128 f  student_top_inst/bridge_inst/counter_inst/start_reg/Q
                         net (fo=2, routed)           0.737     0.865    student_top_inst/bridge_inst/counter_inst/start
    SLICE_X105Y121       LUT2 (Prop_lut2_I1_O)        0.028     0.893 r  student_top_inst/bridge_inst/counter_inst/cnt_1ms[15]_i_1/O
                         net (fo=16, routed)          0.148     1.041    student_top_inst/bridge_inst/counter_inst/cnt_1ms[15]_i_1_n_0
    SLICE_X106Y121       FDRE                                         r  student_top_inst/bridge_inst/counter_inst/cnt_1ms_reg[0]/R
  -------------------------------------------------------------------    -------------------

                         (clock clk_out1_pll rise edge)
                                                      0.000     0.000 r  
    AD12                                              0.000     0.000 r  i_sys_clk_p (IN)
                         net (fo=0)                   0.000     0.000    pll_inst/inst/clk_in1_p
    AD12                 IBUFDS (Prop_ibufds_I_O)     0.470     0.470 r  pll_inst/inst/clkin1_ibufgds/O
                         net (fo=1, routed)           0.554     1.024    pll_inst/inst/clk_in1_pll
    PLLE2_ADV_X1Y1       PLLE2_ADV (Prop_plle2_adv_CLKIN1_CLKOUT0)
                                                     -3.524    -2.500 r  pll_inst/inst/plle2_adv_inst/CLKOUT0
                         net (fo=1, routed)           1.027    -1.473    pll_inst/inst/clk_out1_pll
    BUFGCTRL_X0Y1        BUFG (Prop_bufg_I_O)         0.030    -1.443 r  pll_inst/inst/clkout1_buf/O
                         net (fo=394, routed)         0.816    -0.627    student_top_inst/bridge_inst/counter_inst/cnt_1ms_reg[0]_0
    SLICE_X106Y121       FDRE                                         r  student_top_inst/bridge_inst/counter_inst/cnt_1ms_reg[0]/C





